date,adj_close,close,high,low,open,volume
2015-01-01,367.77,493.6,495.5,489.23,492.24,2002764
2015-01-02,375.0,503.3,504.76,493.0,493.0,6778320
2015-01-05,371.78,498.98,507.5,494.38,502.48,9937024
2015-01-06,364.01,488.55,496.25,483.52,495.0,9667316
2015-01-07,365.75,490.89,493.69,487.5,491.25,7249916
2015-01-08,367.59,493.36,499.25,487.5,496.4,13564920
2015-01-09,386.41,518.61,527.25,478.26,495.02,44863328
2015-01-12,394.14,528.99,529.8,518.75,523.0,12758888
2015-01-13,389.1,522.22,526.95,518.75,526.95,8801236
2015-01-14,396.5,532.16,533.25,523.15,524.62,9921260
2015-01-15,397.55,533.56,538.2,528.06,533.8,8342452
2015-01-16,394.58,529.58,540.0,528.0,537.0,6690960
2015-01-19,391.63,525.62,533.09,523.65,530.0,4087744
2015-01-20,395.67,531.05,533.25,525.36,526.75,6804504
2015-01-21,404.19,542.47,543.99,529.5,532.88,8494908
2015-01-22,409.13,549.11,550.75,540.33,543.7,9958396
2015-01-23,412.6,553.76,556.25,541.28,550.0,9486328
2015-01-27,397.97,534.12,555.25,532.53,555.25,13739968
2015-01-28,399.46,536.14,538.7,532.58,537.5,13134356
2015-01-29,399.64,536.38,537.47,531.9,536.25,15369424
2015-01-30,398.97,535.47,540.64,531.74,540.38,10833744
2015-02-02,398.03,534.21,538.0,531.51,535.38,8702540
2015-02-03,395.06,530.22,534.99,525.5,534.21,5265956
2015-02-04,399.15,535.71,537.5,531.6,534.97,5160016
2015-02-05,408.64,548.45,555.0,537.0,537.7,11875936
2015-02-06,415.47,557.62,561.95,547.12,551.25,7453728
2015-02-09,418.9,562.22,563.5,550.0,550.0,6536868
2015-02-10,424.38,569.58,574.5,560.25,560.75,8516920
2015-02-11,425.6,571.21,573.3,564.06,570.12,5796972
2015-02-12,430.51,577.8,580.49,568.25,570.75,6287536
2015-02-13,427.69,574.03,581.67,571.5,574.9,5657516
2015-02-16,424.46,569.69,576.72,566.31,570.08,6244276
2015-02-18,427.77,574.12,576.24,564.54,572.64,8613764
2015-02-19,433.02,581.17,583.5,573.01,573.5,9673624
2015-02-20,425.27,570.78,584.0,569.22,582.12,6971628
2015-02-23,422.01,566.4,577.3,562.03,575.0,5090488
2015-02-24,423.35,568.2,573.99,564.4,569.75,6437676
2015-02-25,431.7,579.4,583.7,570.0,572.22,6044972
2015-02-26,420.62,564.53,577.25,561.35,576.88,6445776
2015-02-27,422.04,566.44,570.16,562.88,568.72,7801076
2015-03-02,426.87,572.92,577.12,569.51,575.75,7040992
2015-03-03,428.02,574.46,575.74,569.58,572.5,4905552
2015-03-04,423.7,568.66,578.47,562.97,575.0,4375228
2015-03-05,418.66,561.9,574.69,558.34,566.76,5684916
2015-03-09,407.94,547.51,564.75,544.75,564.75,7984720
2015-03-10,409.42,549.5,551.74,540.05,549.53,6329916
2015-03-11,406.48,545.55,560.0,542.28,548.53,6780912
2015-03-12,413.2,554.58,556.61,544.25,544.75,5688564
2015-03-13,413.59,555.1,557.5,548.1,556.25,6179684
2015-03-16,422.21,566.66,570.5,552.64,552.64,6818632
2015-03-17,417.34,560.12,569.88,554.31,566.66,5539312
2015-03-18,415.29,557.38,565.71,555.64,563.62,4905564
2015-03-19,415.47,557.61,562.25,555.69,558.65,6891740
2015-03-20,420.49,564.36,567.22,558.24,560.25,6430896
2015-03-23,416.02,558.36,568.75,556.38,563.25,5078700
2015-03-24,411.93,552.86,563.35,551.5,558.72,6736532
2015-03-25,413.35,554.78,557.29,550.19,555.72,6170968
2015-03-26,399.8,536.59,553.72,533.0,552.0,15740840
2015-03-27,410.19,550.54,556.17,540.75,541.0,10074220
2015-03-30,415.01,557.0,560.0,548.72,551.4,4623088
2015-03-31,413.21,554.59,568.41,551.09,561.25,8016412
2015-04-01,404.94,543.49,549.88,539.42,549.72,6738488
2015-04-06,405.73,544.55,546.17,540.1,544.75,7741752
2015-04-07,402.25,539.88,545.7,534.5,543.75,8542268
2015-04-08,409.9,550.14,551.22,543.26,545.62,10185576
2015-04-09,412.59,553.75,554.72,546.1,552.85,10581548
2015-04-10,416.12,558.49,559.5,552.55,552.55,7123776
2015-04-13,417.02,559.7,561.0,554.03,559.5,4872336
2015-04-15,412.35,553.42,561.25,548.76,559.12,6237784
2015-04-16,408.8,548.66,557.75,540.12,555.5,9007812
2015-04-17,405.93,544.81,548.74,538.36,545.01,6450316
2015-04-20,397.15,533.04,545.0,528.79,544.0,12825384
2015-04-21,399.1,535.65,538.78,530.03,537.0,8881648
2015-04-22,398.19,534.42,538.75,524.49,537.76,12350984
2015-04-23,395.26,530.5,537.5,528.0,537.17,11891800
2015-04-24,371.65,498.8,537.55,495.0,533.97,43565452
2015-04-27,369.68,496.16,500.5,487.02,500.0,19822640
2015-04-28,365.26,490.23,495.5,488.0,495.5,10393500
2015-04-29,365.3,490.29,493.0,484.49,490.23,8289056
2015-04-30,361.78,485.56,491.25,483.08,490.0,13134260
2015-05-04,371.25,498.27,500.0,487.48,489.88,13361592
2015-05-05,365.6,490.69,500.92,488.01,500.0,9408516
2015-05-06,358.02,480.51,493.75,478.83,493.75,10508408
2015-05-07,362.11,486.0,491.77,477.5,480.5,6779984
2015-05-08,364.71,489.49,491.89,486.31,489.5,5777676
2015-05-11,371.36,498.41,500.0,488.05,491.25,4785512
2015-05-12,362.69,486.77,498.65,485.5,498.41,8284892
2015-05-13,364.47,489.17,491.23,482.12,487.94,7099084
2015-05-14,360.39,483.7,490.2,477.0,490.0,6233844
2015-05-15,365.41,490.44,491.65,483.08,483.75,5189344
2015-05-18,371.24,498.26,499.73,490.4,492.5,6469976
2015-05-19,376.7,505.59,508.92,496.5,496.83,10272076
2015-05-20,381.35,511.83,513.0,508.4,510.0,5882188
2015-05-21,381.56,512.11,515.47,509.31,512.22,10059312
2015-05-22,381.19,511.61,512.89,507.52,511.0,6888824
2015-05-25,375.67,504.2,514.14,501.76,512.62,4675808
2015-05-26,373.9,501.83,507.86,500.54,505.0,3965040
2015-05-27,366.67,492.12,502.25,488.75,501.75,8454708
2015-05-28,375.63,504.15,508.0,493.8,493.8,10980540
2015-05-29,376.85,505.79,514.11,500.25,501.21,18993044
2015-06-01,381.44,511.95,516.0,505.81,508.2,5724892
2015-06-02,374.15,502.16,513.78,501.25,512.03,4673140
2015-06-03,376.43,505.23,509.86,502.0,504.55,5495796
2015-06-04,377.76,507.01,513.75,503.15,507.5,7489464
2015-06-05,374.71,502.91,511.0,502.04,507.5,6125788
2015-06-08,372.55,500.01,506.16,496.75,505.0,6141048
2015-06-09,371.07,498.02,501.91,495.75,500.94,7561740
2015-06-10,377.48,506.62,509.84,496.25,497.5,6385840
2015-06-11,372.1,499.41,511.19,498.76,508.99,9229464
2015-06-12,367.89,493.76,506.39,488.88,501.25,9852924
2015-06-15,374.58,495.23,499.4,484.0,488.48,5236426
2015-06-16,377.94,499.67,501.5,492.5,497.17,5223444
2015-06-17,376.56,497.85,510.5,496.1,505.5,6412068
2015-06-18,378.93,500.98,503.98,497.9,502.8,3474426
2015-06-19,376.43,497.67,505.2,496.55,505.15,6670458
2015-06-22,387.21,511.92,514.38,498.5,502.45,5710868
2015-06-23,378.34,500.2,513.7,499.08,512.5,6952116
2015-06-24,376.33,497.55,507.5,495.6,507.5,7073694
2015-06-25,374.58,495.23,501.75,493.83,499.6,7117466
2015-06-26,380.17,502.62,505.8,499.05,499.5,5320284
2015-06-29,374.46,495.08,499.75,491.25,493.5,5690668
2015-06-30,372.27,492.17,496.73,490.0,495.0,6212530
2015-07-01,377.2,498.7,502.5,493.0,494.5,6880852
2015-07-02,373.65,494.0,500.7,492.52,499.5,4007568
2015-07-03,374.52,495.15,496.5,491.0,494.0,2695306
2015-07-06,371.87,491.65,494.0,487.5,492.5,4305602
2015-07-07,370.81,490.25,495.0,489.5,492.5,3497418
2015-07-08,362.12,478.75,489.5,477.4,489.5,7024178
2015-07-09,354.74,469.0,483.0,467.02,478.75,8587772
2015-07-10,354.55,468.75,476.05,466.33,474.05,7411522
2015-07-13,359.34,475.08,477.5,467.02,470.5,6531768
2015-07-14,367.32,485.62,486.75,472.75,477.5,5367074
2015-07-15,372.14,492.0,492.98,484.0,485.0,4129566
2015-07-16,374.05,494.52,495.75,489.75,493.85,3472938
2015-07-17,378.89,500.92,502.25,494.55,495.5,3447978
2015-07-20,378.66,500.62,505.4,493.7,500.7,4377180
2015-07-21,420.79,556.33,574.5,517.5,517.5,38310112
2015-07-22,417.2,551.58,556.0,538.33,552.5,12665660
2015-07-23,415.25,549.0,558.5,545.0,551.97,7710748
2015-07-24,411.32,543.8,553.22,541.55,547.78,4480302
2015-07-27,402.88,532.65,543.97,530.22,543.45,6752244
2015-07-28,401.96,531.42,538.0,527.12,534.25,8476602
2015-07-29,410.49,542.7,546.0,532.5,537.0,7071334
2015-07-30,404.66,535.0,545.0,529.0,545.0,11956598
2015-07-31,407.33,538.53,540.67,530.0,539.28,7931012
2015-08-03,408.05,539.47,546.0,534.47,539.0,7961012
2015-08-04,399.84,528.62,539.47,525.5,539.0,9099054
2015-08-05,410.84,543.17,545.0,530.97,531.0,4753476
2015-08-06,411.07,543.47,552.75,538.5,547.0,7238252
2015-08-07,414.34,547.8,550.5,539.25,539.75,4988058
2015-08-10,410.71,543.0,553.17,533.5,549.0,3992754
2015-08-11,419.47,554.58,558.45,547.85,549.4,7574406
2015-08-12,432.8,572.2,574.5,555.5,557.5,10168440
2015-08-13,437.94,579.0,583.42,527.78,573.5,9787960
2015-08-14,434.63,574.62,584.35,571.55,582.5,5109066
2015-08-17,431.95,571.08,576.72,561.25,575.0,3107436
2015-08-18,440.34,582.17,588.85,575.0,575.0,4150446
2015-08-19,444.58,587.78,593.1,581.4,585.0,6869518
2015-08-20,429.07,567.28,584.25,564.0,579.5,8369114
2015-08-21,434.88,574.95,580.47,558.75,570.45,10822142
2015-08-24,413.0,546.03,561.5,539.3,554.97,14122684
2015-08-25,410.58,542.83,559.5,522.25,550.0,13735078
2015-08-26,402.62,532.3,548.5,529.5,544.9,11498212
2015-08-27,409.5,541.4,550.05,539.03,544.0,15343392
2015-08-28,420.19,555.53,562.45,550.8,550.8,7208820
2015-08-31,413.89,547.2,567.42,541.25,567.42,9917064
2015-09-01,411.85,544.5,557.3,541.0,545.0,9071550
2015-09-02,415.8,549.72,557.5,545.0,549.0,11171830
2015-09-03,415.76,549.67,556.0,546.25,555.08,8590536
2015-09-04,406.16,536.97,555.5,533.5,551.5,7318888
2015-09-07,400.41,529.38,542.5,527.5,542.47,5180988
2015-09-08,400.43,529.4,537.0,526.15,531.0,5459496
2015-09-09,411.73,544.35,549.8,536.0,543.55,9148664
2015-09-10,408.61,540.22,545.75,530.5,542.45,8363004
2015-09-11,412.51,545.38,553.2,542.75,545.78,9883810
2015-09-14,415.91,549.88,552.0,541.33,549.5,6557076
2015-09-15,415.7,549.6,551.6,544.08,549.7,5291886
2015-09-16,416.63,550.83,554.88,549.15,554.0,7478240
2015-09-18,417.69,552.22,558.95,549.53,555.9,11576876
2015-09-21,417.77,552.33,554.42,546.25,550.0,4351234
2015-09-22,418.82,553.72,567.97,550.55,557.5,9626986
2015-09-23,422.15,558.12,563.17,548.72,553.72,4758254
2015-09-24,431.34,570.28,576.35,555.0,556.75,13399262
2015-09-28,418.11,552.78,571.42,550.5,569.97,9788464
2015-09-29,424.27,560.92,566.7,548.75,551.0,8699370
2015-09-30,439.44,580.97,584.47,562.97,567.2,9495692
2015-10-01,443.63,586.53,598.88,580.0,584.95,10864394
2015-10-05,446.92,590.88,594.67,581.0,586.5,6881760
2015-10-06,436.66,577.3,596.28,574.05,593.53,8711880
2015-10-07,428.56,566.6,584.38,564.22,578.0,9182488
2015-10-08,428.17,566.08,574.8,563.03,568.2,9080874
2015-10-09,441.5,583.7,586.45,568.0,568.0,11782138
2015-10-12,424.67,561.45,609.9,554.5,599.5,30404970
2015-10-13,415.78,549.7,555.5,542.6,553.72,15326862
2015-10-14,415.1,548.8,557.78,543.6,545.72,8865510
2015-10-15,415.0,548.67,552.17,544.55,549.95,8255666
2015-10-16,417.89,547.45,550.7,545.0,549.5,6418992
2015-10-19,424.39,555.97,558.0,550.25,551.0,7347494
2015-10-20,429.74,562.97,565.0,555.3,556.5,8788310
2015-10-21,434.49,569.2,573.42,562.5,562.5,7278098
2015-10-23,438.88,574.95,576.5,562.55,570.9,6033362
2015-10-26,439.74,576.08,579.25,571.58,577.0,3195942
2015-10-27,438.69,574.7,577.5,572.05,575.0,5263748
2015-10-28,440.14,576.6,579.0,569.5,572.25,5255472
2015-10-29,437.03,572.53,577.95,568.03,576.55,5887324
2015-10-30,433.36,567.72,572.5,565.0,572.5,4044676
2015-11-02,431.74,565.6,567.9,557.05,565.0,3544988
2015-11-03,437.2,572.75,575.22,566.7,566.7,3614682
2015-11-04,433.88,568.4,578.8,566.15,575.05,3205572
2015-11-05,428.57,561.45,572.5,559.7,571.47,2345306
2015-11-06,434.45,569.15,571.95,561.45,561.5,3026172
2015-11-09,433.04,567.3,570.0,557.6,560.0,6125676
2015-11-10,421.3,551.92,563.75,550.05,563.75,4680052
2015-11-13,420.14,550.4,553.0,545.0,549.97,3520868
2015-11-16,412.28,540.1,547.0,533.6,541.83,6808334
2015-11-17,405.14,530.75,541.45,526.0,540.0,7184106
2015-11-18,389.3,510.0,522.58,505.62,520.5,10125252
2015-11-19,399.91,523.9,526.0,511.9,515.12,8539622
2015-11-20,401.67,526.2,531.6,521.03,524.0,6082978
2015-11-23,402.16,526.85,531.2,519.0,525.0,5616350
2015-11-24,397.37,520.58,525.4,518.5,525.0,4325802
2015-11-26,401.67,526.2,529.75,520.03,520.47,9853968
2015-11-27,406.99,533.17,535.0,522.5,529.0,5142478
2015-11-30,415.21,543.95,549.15,528.1,535.0,18105534
2015-12-01,411.82,539.5,547.5,536.47,544.0,5898550
2015-12-02,404.83,530.35,539.97,529.5,539.97,6397616
2015-12-03,403.71,528.88,532.4,524.53,530.5,5504726
2015-12-04,400.39,524.53,532.45,520.05,524.5,8375530
2015-12-07,399.32,523.12,529.5,520.0,527.65,4513870
2015-12-08,398.61,522.2,531.38,519.65,522.53,5724372
2015-12-09,392.43,514.1,523.47,511.27,521.5,6818254
2015-12-10,399.74,523.67,525.8,515.15,518.3,5587746
2015-12-11,401.82,526.4,530.95,522.95,527.0,5390198
2015-12-14,408.19,534.75,536.58,524.03,524.75,4816672
2015-12-15,411.26,538.78,539.55,529.4,536.62,5431808
2015-12-16,418.25,547.92,549.0,541.7,541.7,5495852
2015-12-17,422.54,553.55,554.9,544.0,550.0,4958782
2015-12-18,413.4,541.58,551.7,539.72,551.7,7219820
2015-12-21,421.15,551.72,553.7,532.97,538.5,4331012
2015-12-22,413.63,541.88,548.72,540.05,548.72,4109254
2015-12-23,420.16,550.42,551.25,543.53,547.53,2870928
2015-12-24,418.44,548.17,552.22,545.05,551.03,1230054
2015-12-28,421.65,552.38,555.0,545.0,545.0,5526952
2015-12-29,421.63,552.35,555.0,548.65,550.62,3345062
2015-12-30,414.6,543.15,553.3,541.5,550.55,5153970
2015-12-31,421.89,552.7,554.97,543.5,545.08,7943938
2016-01-01,421.84,552.62,554.47,546.6,550.0,1806550
2016-01-04,411.78,539.45,551.22,538.03,549.97,3975362
2016-01-05,409.93,537.03,542.75,531.12,542.75,4949786
2016-01-06,408.13,534.67,537.33,529.45,537.33,5588328
2016-01-07,401.05,525.4,533.95,523.95,530.03,5294088
2016-01-08,405.83,531.65,533.7,527.75,530.75,3156716
2016-01-11,402.92,527.85,534.97,526.05,528.15,5360622
2016-01-12,400.73,524.97,531.47,515.42,531.0,6565212
2016-01-13,413.5,541.7,545.5,524.05,528.5,8751294
2016-01-14,432.43,566.5,577.5,527.17,533.0,30227006
2016-01-15,435.06,569.95,582.0,568.78,574.0,13036614
2016-01-18,432.01,565.95,581.05,564.17,569.95,10066612
2016-01-19,434.97,569.83,579.47,564.28,567.5,7500436
2016-01-20,427.94,560.62,580.0,558.5,567.0,7507998
2016-01-21,433.97,568.53,571.25,561.0,567.5,6743000
2016-01-22,433.67,568.12,576.25,565.5,574.05,6436018
2016-01-25,434.2,568.83,573.42,562.28,570.12,4579262
2016-01-27,434.53,569.25,574.8,567.5,573.22,6971962
2016-01-28,431.13,564.8,571.3,563.1,568.0,7788598
2016-01-29,444.6,582.45,585.0,565.8,569.0,10232108
2016-02-01,447.83,586.67,589.95,580.8,585.0,4251126
2016-02-02,448.67,587.78,595.0,582.0,588.42,7632702
2016-02-03,441.85,578.85,587.95,576.38,583.9,5245966
2016-02-04,450.27,589.88,597.47,580.03,580.03,5549346
2016-02-05,448.34,587.35,593.33,585.92,587.75,3984224
2016-02-08,439.22,575.4,586.1,571.9,581.88,4221044
2016-02-09,422.75,553.83,564.15,546.75,564.15,7579572
2016-02-10,423.1,554.28,563.75,552.5,554.0,5866054
2016-02-11,411.68,539.33,556.5,535.58,555.5,5214378
2016-02-12,413.97,542.33,552.2,533.5,547.35,7408096
2016-02-15,416.68,545.88,550.1,543.3,548.12,5093478
2016-02-16,411.88,539.58,546.38,536.85,543.5,5125448
2016-02-17,419.01,548.92,551.5,538.5,540.88,4164598
2016-02-18,428.76,561.7,563.5,550.0,550.0,4189072
2016-02-19,430.23,563.62,567.1,556.92,559.6,3974018
2016-02-22,430.0,563.33,566.97,557.03,565.5,3857010
2016-02-23,428.95,561.95,566.25,558.03,565.12,2501960
2016-02-24,429.51,562.67,571.88,559.17,559.75,4950714
2016-02-25,423.76,555.15,565.3,550.55,562.7,4484528
2016-02-26,427.9,560.58,566.0,558.0,560.08,4235636
2016-02-29,413.75,542.03,565.2,534.15,564.75,8166076
2016-03-01,429.55,562.72,565.15,547.4,547.4,6386154
2016-03-02,441.21,578.0,581.75,562.5,568.53,7214898
2016-03-03,446.28,584.65,596.42,577.0,584.0,5814304
2016-03-04,446.8,585.33,592.5,579.55,587.8,4281680
2016-03-08,444.05,581.72,595.25,573.7,581.5,7617746
2016-03-09,449.79,589.25,591.88,571.47,572.5,6305782
2016-03-10,436.05,571.25,581.45,569.67,581.45,24381016
2016-03-11,436.24,571.5,577.97,569.1,573.1,4058548
2016-03-14,435.56,570.6,577.12,569.25,573.0,4174262
2016-03-15,432.96,567.2,577.25,564.47,572.0,6720258
2016-03-16,439.85,576.22,577.5,565.78,570.95,5588850
2016-03-17,443.4,580.88,584.88,577.03,578.45,6474622
2016-03-18,455.48,596.7,599.5,581.0,581.4,8477422
2016-03-21,456.05,597.45,599.5,590.03,594.0,5138392
2016-03-22,454.16,594.97,597.0,586.0,595.62,7097950
2016-03-23,460.98,603.9,605.35,591.05,595.0,6333176
2016-03-28,459.87,602.45,618.5,597.88,616.2,10787510
2016-03-29,456.95,598.62,609.45,595.78,599.5,6995356
2016-03-30,460.27,602.97,605.0,597.78,598.8,5756818
2016-03-31,464.98,609.15,614.95,600.15,605.12,17996320
2016-04-01,460.08,602.72,611.1,597.55,608.0,5511428
2016-04-04,474.68,621.85,624.0,606.78,606.78,4577054
2016-04-05,465.56,609.9,621.15,607.0,621.0,4790716
2016-04-06,458.27,600.35,614.0,598.0,614.0,4931354
2016-04-07,450.94,590.75,604.2,587.5,604.2,5657890
2016-04-08,444.93,582.88,588.75,581.03,587.92,4195578
2016-04-11,451.85,591.95,593.38,575.55,582.9,5768678
2016-04-12,451.21,591.1,597.45,589.3,590.25,5842138
2016-04-13,447.58,586.35,597.47,583.17,597.47,12511386
2016-04-18,472.77,619.35,633.95,616.75,625.0,25015990
2016-04-20,474.64,621.8,623.22,612.9,622.0,8072848
2016-04-21,468.04,613.15,625.5,609.05,625.5,5441100
2016-04-22,462.29,605.62,614.25,603.5,613.15,5143938
2016-04-25,464.05,607.92,612.4,600.55,606.03,5364134
2016-04-26,470.27,616.08,619.78,604.3,607.72,5846744
2016-04-27,473.32,620.08,621.17,614.28,614.6,4486208
2016-04-28,461.49,604.58,619.8,603.5,615.5,12165168
2016-04-29,461.09,604.05,611.78,602.5,605.72,5036410
2016-05-02,458.4,600.53,605.58,598.08,605.0,3615250
2016-05-03,449.53,588.9,606.1,585.9,601.38,6824810
2016-05-04,453.74,594.42,596.5,585.33,590.5,5812842
2016-05-05,455.12,596.22,599.5,590.55,597.58,6302668
2016-05-06,450.94,590.75,594.9,588.53,594.9,2596720
2016-05-09,457.64,599.53,600.78,590.3,591.0,5123678
2016-05-10,462.88,606.4,608.33,598.3,601.25,3395704
2016-05-11,458.71,600.92,607.35,596.25,599.25,3709888
2016-05-12,461.82,605.0,606.5,598.4,601.95,3406932
2016-05-13,460.77,603.62,605.0,596.08,603.0,5652064
2016-05-16,463.72,607.5,611.83,602.5,605.1,4533878
2016-05-17,463.44,607.12,612.88,604.08,610.0,3796294
2016-05-18,461.76,604.92,607.0,598.95,599.5,4256596
2016-05-19,460.19,602.88,608.08,600.5,605.47,3954400
2016-05-20,458.61,600.8,609.75,600.0,602.5,3994548
2016-05-23,453.42,594.0,602.58,592.5,601.7,4585946
2016-05-24,453.32,593.88,595.88,588.8,595.53,3485060
2016-05-25,461.3,604.33,606.55,597.05,597.05,3857396
2016-05-26,471.03,617.08,619.9,605.05,605.05,6136436
2016-05-27,476.13,623.75,629.75,615.8,615.8,6180764
2016-05-30,483.8,633.8,636.0,620.75,620.75,5285700
2016-05-31,476.57,624.33,633.38,619.5,632.5,13782038
2016-06-01,480.21,629.1,634.25,623.0,623.03,4840534
2016-06-02,481.49,630.78,637.45,627.0,627.5,5053552
2016-06-03,483.53,633.45,639.65,630.03,630.03,3998380
2016-06-06,483.48,633.38,638.5,630.55,632.45,4225768
2016-06-07,479.91,628.7,636.25,627.55,633.5,5692420
2016-06-08,472.54,619.05,631.97,617.67,631.97,8741370
2016-06-09,457.73,592.75,613.12,590.03,613.12,12740804
2016-06-10,455.84,590.3,595.0,585.05,587.7,6383956
2016-06-13,455.96,590.45,592.45,583.0,588.4,5286722
2016-06-14,453.68,587.5,591.2,583.62,591.2,2940728
2016-06-15,459.45,594.97,596.33,589.53,591.85,6711572
2016-06-16,457.93,593.0,594.75,585.05,594.75,5302564
2016-06-17,455.42,589.75,596.38,587.55,594.5,8515082
2016-06-20,466.71,604.38,605.9,589.85,590.5,6229566
2016-06-21,465.69,603.05,607.4,597.83,605.6,4761724
2016-06-22,463.14,599.75,605.97,594.08,602.0,3031258
2016-06-23,467.81,605.8,607.42,596.67,598.65,3828626
2016-06-24,461.23,597.28,599.5,580.0,594.0,7808348
2016-06-27,450.28,583.1,591.6,580.0,586.03,5583778
2016-06-28,447.56,579.58,586.25,577.55,581.4,7655974
2016-06-29,454.39,588.42,589.95,580.1,584.5,5459150
2016-06-30,452.06,585.4,592.25,583.97,590.25,9346224
2016-07-01,452.68,586.2,590.0,585.05,590.0,3991912
2016-07-04,457.13,591.97,597.3,588.1,588.1,5381322
2016-07-05,453.85,587.72,593.75,585.53,592.5,3596416
2016-07-07,446.83,578.62,585.5,577.5,584.35,5954876
2016-07-08,447.19,579.1,583.5,576.75,581.5,5551648
2016-07-11,453.7,587.53,589.35,580.0,583.7,6668882
2016-07-12,454.28,588.28,590.17,584.0,590.0,6197368
2016-07-13,460.94,596.9,597.9,587.6,590.0,5275420
2016-07-14,454.16,588.12,598.03,582.0,597.5,7413328
2016-07-15,414.12,536.28,594.95,526.0,594.75,61484126
2016-07-18,417.75,540.97,542.45,527.58,538.62,14332824
2016-07-19,419.68,543.47,545.0,537.05,544.3,10404644
2016-07-20,418.2,541.55,544.95,535.0,535.0,9822896
2016-07-21,416.96,539.95,543.6,537.8,539.5,8668002
2016-07-22,414.08,536.22,539.95,533.35,535.0,9386538
2016-07-25,417.33,540.42,541.62,531.5,531.5,8469552
2016-07-26,420.36,544.35,544.95,535.17,535.17,7189610
2016-07-27,419.06,542.67,548.25,539.28,542.35,7431820
2016-07-28,416.03,538.75,543.47,537.03,542.7,11258562
2016-07-29,414.62,536.92,538.38,533.25,536.3,8156784
2016-08-01,419.03,542.62,543.92,534.17,535.75,9096662
2016-08-02,418.47,541.9,542.5,537.5,539.95,6822502
2016-08-03,418.89,542.45,543.25,535.15,542.83,7213460
2016-08-04,413.83,535.9,543.45,535.03,543.2,4237278
2016-08-05,412.37,534.0,536.72,530.0,536.0,5609968
2016-08-08,416.5,539.35,540.5,531.28,534.5,4643064
2016-08-09,418.31,541.7,542.25,535.75,538.5,7192664
2016-08-10,417.91,541.17,543.95,537.6,538.0,5576454
2016-08-11,415.98,538.67,547.5,537.62,540.85,5038552
2016-08-12,410.26,531.28,539.4,530.0,537.53,7449928
2016-08-16,406.11,525.9,529.03,514.0,521.0,16429408
2016-08-17,398.97,516.65,526.33,515.25,524.97,6599316
2016-08-18,395.15,511.7,519.55,510.75,518.25,8434000
2016-08-19,394.33,510.65,519.5,509.23,515.0,5686016
2016-08-22,392.08,507.73,515.0,504.55,509.0,10253518
2016-08-23,401.42,519.83,521.0,510.05,510.05,7406138
2016-08-24,408.27,528.7,531.03,523.5,523.5,6129966
2016-08-25,400.07,518.08,528.8,516.05,527.5,4796562
2016-08-26,393.93,510.12,523.0,508.52,518.0,6881054
2016-08-29,394.91,511.4,515.0,505.5,508.8,5220282
2016-08-30,401.71,520.2,522.5,512.5,516.22,4375438
2016-08-31,399.95,517.92,522.88,513.9,518.55,11139814
2016-09-01,400.61,518.78,520.22,516.0,519.0,2877826
2016-09-02,398.41,515.92,520.0,513.1,519.53,3332592
2016-09-06,403.49,522.5,524.45,517.8,519.12,8215044
2016-09-07,407.1,527.17,529.5,522.0,524.0,7425470
2016-09-08,400.65,518.83,522.5,512.0,522.5,9092774
2016-09-09,399.82,517.75,520.5,513.28,518.5,5053438
2016-09-12,406.96,527.0,529.0,512.62,512.62,6203096
2016-09-14,403.72,522.8,528.9,520.33,526.97,5152418
2016-09-15,402.4,521.1,523.4,517.67,522.8,4701722
2016-09-16,409.33,530.08,532.25,519.05,524.5,9949384
2016-09-19,409.74,530.6,534.45,520.67,523.0,5809154
2016-09-20,405.47,525.08,528.58,522.88,526.65,4214004
2016-09-21,407.64,527.88,530.62,525.53,527.0,4231532
2016-09-22,408.81,529.4,530.5,526.0,529.5,3629514
2016-09-23,402.54,521.28,529.4,520.0,528.5,5205294
2016-09-26,399.97,517.95,522.0,515.5,521.38,6371798
2016-09-27,401.46,519.88,524.95,516.67,517.53,6525660
2016-09-28,401.15,519.47,521.15,516.62,520.0,5434708
2016-09-29,397.38,514.6,522.47,512.0,522.47,8902638
2016-09-30,400.03,518.03,521.95,515.55,515.55,6502354
2016-10-03,400.82,519.05,520.0,513.05,517.75,3656160
2016-10-04,405.11,524.6,525.7,519.15,520.0,5066586
2016-10-05,402.13,520.75,524.92,518.5,524.6,2307574
2016-10-06,396.69,513.7,522.5,512.97,522.5,3721882
2016-10-07,390.96,506.27,516.9,505.05,514.97,6288558
2016-10-10,397.67,514.97,515.88,505.0,508.5,5413170
2016-10-13,406.32,526.17,529.0,510.7,510.7,9778690
2016-10-14,396.59,513.58,541.35,498.12,526.45,33461690
2016-10-17,394.76,511.2,520.9,508.67,517.47,8014858
2016-10-18,401.19,519.53,520.25,513.65,515.0,6388134
2016-10-19,402.25,520.9,522.85,518.0,521.0,3509836
2016-10-20,400.26,518.33,525.35,516.9,522.38,3535490
2016-10-21,405.2,519.15,520.5,511.25,517.5,3863620
2016-10-24,400.83,513.55,521.35,512.75,518.75,2902974
2016-10-25,396.96,508.6,519.45,507.6,518.25,5636014
2016-10-26,395.79,507.1,509.92,504.65,508.5,2775216
2016-10-27,391.62,501.75,508.98,500.55,508.95,7227790
2016-10-28,389.28,498.75,505.0,496.58,502.6,5840706
2016-11-01,386.13,494.73,503.4,493.2,503.4,6332798
2016-11-02,382.86,490.52,493.75,490.0,492.4,5377194
2016-11-03,377.31,483.42,491.0,482.55,490.52,5225108
2016-11-04,378.93,485.5,489.6,480.5,483.5,6005548
2016-11-07,381.65,488.98,493.0,487.5,492.5,4537672
2016-11-08,383.46,491.3,493.88,485.3,493.45,5261108
2016-11-09,373.98,479.15,487.3,450.5,465.0,12764158
2016-11-10,366.6,469.7,481.25,467.5,481.25,7287330
2016-11-11,359.64,460.77,472.5,459.35,470.0,7096782
2016-11-15,360.42,461.77,469.98,454.27,462.0,9235850
2016-11-16,367.19,470.45,478.42,464.27,465.0,12222616
2016-11-17,362.86,464.9,474.5,463.2,467.12,5706730
2016-11-18,359.03,460.0,466.62,458.75,465.0,6040228
2016-11-21,355.56,455.55,463.45,453.48,463.45,7940568
2016-11-22,356.77,457.1,464.33,455.83,458.45,5483126
2016-11-23,359.13,460.12,461.45,456.23,461.05,8251786
2016-11-24,363.05,465.15,469.95,461.65,464.1,16780644
2016-11-25,381.47,488.75,492.5,465.23,465.23,12631380
2016-11-28,382.35,489.88,491.73,485.3,489.65,7365712
2016-11-29,379.56,486.3,492.35,483.55,489.4,6125506
2016-11-30,380.71,487.77,488.5,480.52,486.5,8500918
2016-12-01,380.73,487.8,491.77,483.5,488.0,4611590
2016-12-02,376.4,482.25,484.8,480.55,482.4,4453228
2016-12-05,375.28,480.83,484.3,479.0,482.95,3659576
2016-12-06,377.18,483.25,489.75,480.83,480.9,3562110
2016-12-07,377.14,483.2,486.5,480.1,484.0,3385980
2016-12-08,384.26,492.33,493.05,485.02,485.02,5941662
2016-12-09,386.09,494.67,504.08,490.75,492.5,8648384
2016-12-12,381.41,488.67,491.4,482.6,491.4,5345020
2016-12-13,386.43,495.1,496.42,485.55,490.25,4854282
2016-12-14,390.15,499.88,502.48,492.05,495.5,5382614
2016-12-15,387.27,496.17,509.48,494.5,498.7,7966416
2016-12-16,392.26,502.58,504.85,498.88,501.9,6436742
2016-12-19,392.07,502.33,504.12,497.05,503.05,4124134
2016-12-20,394.99,506.08,509.5,500.65,501.0,7636498
2016-12-21,390.86,500.77,511.0,499.12,508.0,7343976
2016-12-22,384.28,492.35,503.5,484.75,501.25,7060054
2016-12-23,385.74,494.23,503.3,486.8,492.45,7306036
2016-12-26,383.52,491.38,497.0,487.55,494.0,3213828
2016-12-27,389.84,499.48,500.95,490.0,491.38,4912816
2016-12-28,389.67,499.25,504.9,497.5,501.48,5476816
2016-12-29,387.27,496.17,504.0,494.08,501.88,6240124
2016-12-30,394.39,505.3,506.0,496.38,499.0,7267768
2017-01-02,390.68,500.55,506.48,499.67,505.55,2335222
2017-01-03,387.85,496.92,502.45,491.0,502.05,6778482
2017-01-04,389.37,498.88,502.1,496.12,497.52,7073586
2017-01-05,388.75,498.08,504.75,494.38,500.8,8207074
2017-01-06,379.42,486.12,499.42,484.02,497.45,14393448
2017-01-09,378.68,485.17,488.48,482.5,486.12,10545692
2017-01-10,378.76,485.27,490.5,483.98,488.5,11939854
2017-01-11,378.19,484.55,489.23,481.98,487.1,12241574
2017-01-12,390.27,500.02,502.2,488.77,488.77,11855740
2017-01-13,380.81,487.9,520.0,481.35,515.0,31276246
2017-01-16,372.94,477.83,482.73,476.23,482.5,12351372
2017-01-17,372.85,477.7,482.0,476.2,478.12,5560094
2017-01-18,371.05,475.4,480.5,474.9,479.05,5952962
2017-01-19,373.9,479.05,479.8,474.05,475.5,8876480
2017-01-20,370.23,474.35,476.58,473.0,475.0,9124742
2017-01-23,371.79,476.35,479.0,470.0,472.5,7948580
2017-01-24,369.0,472.77,475.0,470.05,475.0,6826010
2017-01-25,365.51,468.3,473.4,467.4,473.05,9978090
2017-01-27,367.68,471.08,473.77,450.58,466.92,10635138
2017-01-30,370.48,474.67,475.75,464.42,468.75,11369208
2017-01-31,362.39,464.3,470.75,452.17,470.75,24068534
2017-02-01,357.76,458.38,461.6,452.58,460.55,11531782
2017-02-02,365.24,467.95,472.5,455.05,458.5,11828268
2017-02-03,365.31,468.05,470.45,460.52,466.9,8423958
2017-02-06,364.98,467.62,471.88,465.27,468.62,6727934
2017-02-07,367.71,471.12,474.9,464.27,466.5,9268002
2017-02-08,365.47,468.25,472.05,466.23,468.0,6319962
2017-02-09,369.18,473.0,475.0,468.27,468.5,11907266
2017-02-10,377.88,484.15,486.0,471.65,473.12,12252452
2017-02-13,384.14,492.17,493.05,481.42,486.42,13724268
2017-02-14,385.45,493.85,494.5,486.17,490.0,9338818
2017-02-15,383.15,490.9,499.4,484.4,494.6,7259486
2017-02-16,394.97,506.05,506.95,495.02,495.5,12815858
2017-02-17,390.29,500.05,506.88,496.35,506.88,4851208
2017-02-20,394.25,505.12,515.5,496.75,498.25,4650662
2017-02-21,395.56,506.8,512.25,500.02,511.05,7613996
2017-02-22,386.41,495.08,507.5,493.2,507.5,6607838
2017-02-23,393.7,504.42,510.0,496.67,499.45,9542656
2017-02-27,395.09,506.2,511.5,503.48,503.65,5328696
2017-02-28,395.09,506.2,511.35,504.62,505.92,5940132
2017-03-01,400.07,512.58,513.5,505.05,506.0,4282448
2017-03-02,399.34,511.65,514.0,508.25,512.2,2948498
2017-03-03,402.43,515.6,517.15,500.2,505.12,5401612
2017-03-06,403.48,516.95,517.97,509.85,510.02,5286386
2017-03-07,397.98,509.9,512.9,507.35,511.0,4644496
2017-03-08,393.29,503.9,508.45,502.23,508.45,6179176
2017-03-09,394.76,505.77,506.5,499.5,503.9,3480630
2017-03-10,398.78,510.92,513.83,506.7,507.5,4550324
2017-03-14,403.83,517.4,520.95,511.4,511.4,7878396
2017-03-15,394.91,505.98,517.45,503.75,517.45,6373978
2017-03-16,401.51,514.42,515.85,506.65,506.65,6702956
2017-03-17,405.98,520.15,521.45,509.62,517.7,9507846
2017-03-20,398.64,510.75,513.28,507.55,513.28,4427388
2017-03-21,403.07,516.42,517.47,509.4,510.45,4869584
2017-03-22,401.06,513.85,519.97,510.2,511.23,3990852
2017-03-23,406.04,520.22,521.5,513.3,514.12,4501662
2017-03-24,402.5,515.7,522.0,513.85,519.0,4883896
2017-03-27,401.51,514.42,520.92,512.25,513.6,7684824
2017-03-28,403.97,517.58,519.5,515.03,515.75,4796796
2017-03-29,402.68,515.92,520.75,512.92,517.15,6981186
2017-03-30,400.2,512.75,517.95,510.12,517.0,12157180
2017-03-31,398.93,511.12,514.65,504.0,511.62,14153854
2017-04-03,393.69,504.4,516.22,503.05,516.08,4315600
2017-04-05,388.67,497.98,502.7,495.5,502.5,7398338
2017-04-06,390.1,499.8,502.9,496.0,499.08,5379008
2017-04-07,383.05,490.77,500.45,489.5,500.45,6404508
2017-04-10,372.07,476.7,494.75,475.05,492.45,9528472
2017-04-11,377.43,483.58,485.85,478.02,478.02,8655466
2017-04-12,378.09,484.42,488.45,480.17,485.0,6696752
2017-04-13,363.48,465.7,495.0,463.33,485.0,30973188
2017-04-17,360.94,462.45,466.05,461.75,465.0,7213434
2017-04-18,360.07,461.33,467.0,459.55,462.38,4647518
2017-04-19,358.72,459.6,465.0,456.33,461.5,10071702
2017-04-20,361.88,463.65,464.85,459.27,460.75,4549000
2017-04-21,360.47,461.85,467.4,460.55,467.4,3577466
2017-04-24,361.59,463.27,464.25,456.5,458.75,5556666
2017-04-25,362.68,464.67,466.5,460.27,462.95,4737060
2017-04-26,356.79,457.12,467.77,455.1,464.98,9084496
2017-04-27,361.08,462.62,464.5,458.0,458.0,7797208
2017-04-28,358.62,459.48,463.7,457.8,463.42,5029702
2017-05-02,360.05,461.3,463.2,457.55,462.0,3231126
2017-05-03,364.61,467.15,469.55,458.83,463.25,4659448
2017-05-04,365.92,468.83,469.83,464.45,468.5,5279806
2017-05-05,363.52,465.75,468.67,460.0,468.0,4432788
2017-05-08,368.98,472.75,474.27,466.0,469.0,4707098
2017-05-09,369.43,473.33,475.98,471.05,475.3,5649372
2017-05-10,368.26,471.83,475.0,468.58,473.58,3364302
2017-05-11,368.44,472.05,474.92,468.77,473.42,3229482
2017-05-12,376.3,482.12,483.0,475.73,476.5,10979996
2017-05-15,371.34,475.77,481.75,474.55,481.75,7297164
2017-05-16,372.69,477.5,480.08,473.48,476.55,6130168
2017-05-17,371.83,476.4,479.23,471.92,475.8,2915508
2017-05-18,375.32,480.88,486.95,471.42,471.5,8057848
2017-05-19,373.84,478.98,481.35,473.92,480.75,4257396
2017-05-22,375.21,480.73,483.45,478.27,479.2,5503052
2017-05-23,373.59,478.65,483.5,477.05,482.33,4039982
2017-05-24,372.61,477.4,482.75,474.8,480.0,5636286
2017-05-25,383.73,491.65,493.3,480.5,480.5,10438514
2017-05-26,388.57,497.85,500.0,490.3,493.5,4988004
2017-05-29,384.46,492.58,498.35,487.85,495.45,6308434
2017-05-30,388.77,498.1,500.0,489.33,491.0,3716910
2017-05-31,381.29,488.52,496.77,487.42,496.77,7763900
2017-06-01,384.9,485.7,489.85,479.27,484.65,5508606
2017-06-02,384.13,484.73,487.73,482.1,486.7,3917966
2017-06-05,379.89,479.38,486.0,478.52,485.0,5462698
2017-06-06,388.05,489.67,493.75,482.2,482.5,7008686
2017-06-07,380.9,480.65,494.45,472.5,492.5,12455046
2017-06-08,378.98,478.23,481.48,474.08,481.48,6195352
2017-06-09,375.87,474.3,475.48,461.5,469.27,14757662
2017-06-12,381.91,481.92,482.6,470.05,471.67,8591676
2017-06-13,379.51,478.9,481.48,475.8,476.75,4937794
2017-06-14,379.83,479.3,480.95,475.6,480.0,7438110
2017-06-15,377.25,476.05,483.98,474.8,479.83,5528062
2017-06-16,372.56,470.12,476.92,468.0,474.55,10948450
2017-06-19,368.44,464.92,470.12,464.0,469.98,6855860
2017-06-20,373.87,471.77,473.45,467.02,467.5,5184396
2017-06-21,373.79,471.67,474.5,468.02,472.5,3735864
2017-06-22,372.52,470.08,484.35,467.55,473.85,9465242
2017-06-23,373.75,471.62,474.58,469.0,472.5,6403018
2017-06-27,367.33,463.52,474.0,461.88,472.5,6904660
2017-06-28,366.4,462.35,466.5,460.5,466.4,5905224
2017-06-29,368.58,465.1,473.98,463.3,465.1,15914040
2017-06-30,370.7,467.77,469.0,464.5,465.4,4216700
2017-07-03,377.17,475.95,477.5,467.3,470.55,5088924
2017-07-04,381.24,481.08,485.0,474.7,476.92,5167726
2017-07-05,376.78,475.45,479.5,472.7,479.5,4226228
2017-07-06,375.23,473.5,478.5,472.1,472.5,3829720
2017-07-07,370.64,467.7,472.73,466.52,471.92,5776886
2017-07-10,379.21,478.52,479.9,470.0,471.6,1464376
2017-07-11,386.47,487.67,494.75,478.33,478.33,11539708
2017-07-12,385.28,486.17,490.75,484.38,487.48,6275976
2017-07-13,387.14,488.52,491.73,482.05,488.62,5170392
2017-07-14,385.16,486.02,503.42,483.02,499.73,22478180
2017-07-17,389.91,492.02,496.0,487.0,487.5,7698250
2017-07-18,390.53,492.8,502.4,490.55,493.02,8260180
2017-07-19,388.25,489.92,494.33,484.55,490.73,5890278
2017-07-20,384.13,484.73,489.92,483.48,489.65,6809740
2017-07-21,388.35,490.05,491.27,485.7,486.5,5980754
2017-07-24,392.49,495.27,497.0,491.3,491.75,6129176
2017-07-25,393.8,496.92,499.5,493.1,495.0,7145614
2017-07-26,393.88,497.02,499.5,495.2,499.05,6870024
2017-07-27,384.76,485.52,502.0,483.4,498.0,12676852
2017-07-28,395.18,498.67,501.5,481.15,488.0,11098428
2017-07-31,400.67,505.6,510.85,493.38,495.95,19158248
2017-08-01,398.43,502.77,508.5,499.17,505.5,7689398
2017-08-02,393.6,496.67,506.38,493.6,503.0,4257584
2017-08-03,389.89,492.0,499.38,490.12,495.5,4640348
2017-08-04,389.79,491.88,494.5,488.02,494.0,5349018
2017-08-07,383.65,484.12,491.88,482.85,491.75,6073744
2017-08-08,381.91,481.92,485.12,477.52,484.25,6004648
2017-08-09,384.09,484.67,486.95,482.27,483.83,3922410
2017-08-10,388.8,490.62,493.75,484.67,484.95,9140684
2017-08-11,391.36,493.85,498.5,484.8,488.0,6544156
2017-08-14,388.88,490.73,494.6,488.58,494.0,3816470
2017-08-16,386.41,487.6,493.05,484.5,491.0,6178080
2017-08-17,404.49,510.42,514.62,499.02,502.5,25784260
2017-08-18,365.82,461.62,508.95,442.1,508.95,164404960
2017-08-21,346.07,436.7,462.0,435.0,462.0,90407176
2017-08-22,346.86,437.7,448.52,430.0,447.6,49242598
2017-08-23,353.76,446.4,451.85,436.95,440.0,61284190
2017-08-24,361.42,456.08,459.12,451.17,455.0,42380524
2017-08-28,372.86,470.5,476.98,469.0,471.98,40712108
2017-08-29,367.49,463.73,471.0,462.77,470.73,13369392
2017-08-30,367.17,463.33,469.5,462.05,468.6,16149664
2017-08-31,362.53,457.48,464.48,456.45,464.4,15022452
2017-09-01,364.51,459.98,462.95,455.0,457.98,8433922
2017-09-04,356.69,450.1,460.55,446.75,460.5,10177108
2017-09-05,357.36,450.95,452.5,448.62,451.0,9783392
2017-09-06,354.87,447.8,450.15,445.0,450.0,7735910
2017-09-07,354.93,447.88,450.25,446.17,450.0,6241192
2017-09-08,350.39,442.15,449.5,441.05,449.5,8604542
2017-09-11,348.17,439.35,445.9,436.83,445.2,13787642
2017-09-12,350.29,442.02,443.88,439.4,441.27,17241354
2017-09-13,350.17,441.88,443.8,440.5,442.75,11478228
2017-09-14,353.6,446.2,448.3,440.8,442.25,13698006
2017-09-15,359.88,454.12,456.62,446.1,446.15,13459460
2017-09-18,360.22,454.55,458.88,453.15,455.0,8475860
2017-09-19,361.46,456.12,458.0,451.75,454.0,6033330
2017-09-20,361.64,456.35,458.5,453.73,458.5,5767830
2017-09-21,360.39,454.77,457.62,454.08,457.5,8204152
2017-09-22,355.94,449.15,455.12,444.0,454.08,17604088
2017-09-25,354.77,447.67,450.98,444.55,450.5,9088700
2017-09-26,358.95,452.95,454.2,447.15,448.5,7366478
2017-09-27,356.53,449.9,453.95,447.55,453.05,6000138
2017-09-28,355.02,448.0,451.95,447.15,448.05,17537266
2017-09-29,356.57,449.95,451.2,447.5,449.0,5705832
2017-10-03,358.02,451.77,456.0,450.8,455.05,4947522
2017-10-04,356.45,449.8,452.7,448.58,451.5,4991492
2017-10-05,357.82,451.52,452.48,449.5,450.0,8611300
2017-10-06,364.59,460.08,461.0,451.98,452.0,8574308
2017-10-09,366.08,461.95,464.5,457.0,460.0,3504832
2017-10-10,370.66,467.73,469.98,464.77,469.98,7143220
2017-10-11,368.77,465.35,469.0,464.0,467.73,5982504
2017-10-12,367.43,463.65,467.17,459.77,465.0,10280972
2017-10-13,368.54,465.05,466.75,463.77,466.4,7180728
2017-10-16,372.06,469.5,471.0,466.5,467.98,5758750
2017-10-17,368.69,465.25,468.4,464.75,468.4,5625102
2017-10-18,366.26,462.17,465.0,461.48,464.45,7231852
2017-10-19,367.29,463.48,466.0,462.6,465.0,1091434
2017-10-23,372.26,469.75,471.0,464.05,465.0,9154096
2017-10-24,367.11,463.25,473.33,460.8,473.0,14529328
2017-10-25,370.6,467.65,472.35,457.62,459.5,13984134
2017-10-26,375.37,473.67,475.9,470.05,471.0,33659258
2017-10-27,374.97,473.17,478.85,472.0,477.5,8524956
2017-10-30,374.08,472.05,477.33,470.52,477.33,12968326
2017-10-31,370.37,460.92,465.0,460.0,462.5,9954988
2017-11-01,372.46,463.52,464.7,461.65,462.5,5633134
2017-11-02,370.79,461.45,463.0,460.0,461.52,4686138
2017-11-03,372.3,463.33,464.95,458.48,458.5,3699086
2017-11-06,373.12,464.35,467.5,461.33,461.58,5066534
2017-11-07,383.89,477.75,480.0,462.92,463.12,13442820
2017-11-08,382.6,476.15,480.92,473.75,480.12,5369994
2017-11-09,383.48,477.25,481.5,474.12,476.5,4723232
2017-11-10,386.52,481.02,482.17,475.0,479.4,6589428
2017-11-13,382.46,475.98,484.7,474.67,481.02,5021216
2017-11-14,381.32,474.55,477.42,471.62,475.98,5733710
2017-11-15,382.4,475.9,476.75,472.25,472.58,7023516
2017-11-16,397.1,494.2,497.95,474.25,475.9,15687502
2017-11-17,390.09,485.48,492.75,482.58,492.75,8057670
2017-11-20,385.92,480.27,485.5,478.62,484.5,5661190
2017-11-21,388.21,483.12,485.75,480.02,480.65,5364656
2017-11-22,388.23,483.15,485.52,481.65,483.3,6084920
2017-11-23,398.25,495.62,497.23,484.5,485.75,11894618
2017-11-24,405.6,504.77,509.65,495.1,495.45,18619912
2017-11-27,401.26,499.38,503.35,496.65,503.35,6017730
2017-11-28,395.62,492.35,499.95,490.65,497.2,4616868
2017-11-29,394.81,491.35,495.98,490.15,493.83,3838070
2017-11-30,392.16,488.05,494.73,484.17,494.73,17266944
2017-12-01,385.21,479.4,491.6,478.52,489.7,4085000
2017-12-04,395.88,492.67,498.4,484.27,490.0,17811606
2017-12-05,395.48,492.17,501.5,489.5,492.67,9976738
2017-12-06,397.87,495.15,497.05,492.0,492.5,7490094
2017-12-07,401.68,499.9,501.45,492.8,494.5,7549544
2017-12-08,402.51,500.92,503.5,497.5,500.5,5983244
2017-12-11,403.89,502.65,503.45,496.98,497.48,5139098
2017-12-12,405.98,505.25,507.0,501.0,501.0,9320434
2017-12-13,403.27,501.88,509.5,498.83,505.45,5362398
2017-12-14,407.03,506.55,507.5,499.65,502.62,6023572
2017-12-15,410.97,511.45,513.2,505.92,506.5,10384134
2017-12-18,408.43,508.3,515.35,502.9,505.95,4035448
2017-12-19,403.35,501.98,508.98,499.77,508.73,7118898
2017-12-20,408.13,507.92,509.3,500.5,502.55,4186326
2017-12-21,410.62,511.02,514.47,499.2,507.4,11059162
2017-12-22,417.57,519.67,522.4,508.0,508.0,12906940
2017-12-26,416.07,517.8,520.75,511.5,515.0,10808906
2017-12-27,415.53,517.12,519.55,513.7,514.0,6970172
2017-12-28,415.12,516.62,520.0,511.9,515.0,8433472
2017-12-29,418.66,521.03,524.4,515.0,515.05,6601768
2018-01-01,415.24,516.78,522.25,515.0,518.85,5431340
2018-01-02,413.7,514.85,521.0,511.5,518.62,6112248
2018-01-03,410.32,510.65,515.8,509.3,514.25,6846552
2018-01-04,407.95,507.7,510.5,504.8,510.5,8947614
2018-01-05,406.59,506.0,513.2,503.0,507.65,11025976
2018-01-08,416.25,518.03,519.5,510.02,512.45,5594690
2018-01-09,418.38,520.67,522.45,514.45,520.0,9948236
2018-01-10,422.76,526.12,528.0,516.53,523.4,9468634
2018-01-11,432.22,537.9,541.7,527.62,527.62,16775298
2018-01-12,433.28,539.22,542.95,535.28,542.9,18016528
2018-01-15,434.37,540.58,546.47,532.55,540.0,10649250
2018-01-16,451.12,561.42,567.4,540.62,540.62,22646966
2018-01-17,462.87,576.05,580.9,561.5,562.42,26154088
2018-01-18,463.11,576.35,582.45,566.05,572.5,13204970
2018-01-19,459.4,571.72,573.95,568.0,572.5,5988278
2018-01-22,462.03,575.0,578.47,566.0,566.08,9650214
2018-01-23,472.92,588.55,594.0,577.5,577.5,15403796
2018-01-24,476.41,592.9,610.53,583.75,587.4,20604718
2018-01-25,472.23,587.7,591.7,581.12,591.0,13548914
2018-01-29,475.25,591.45,598.12,582.6,583.28,10823002
2018-01-30,470.33,585.33,591.55,581.35,589.45,8628312
2018-01-31,462.13,575.12,583.3,571.08,579.58,9213698
2018-02-01,459.86,572.3,578.95,559.28,571.1,13005454
2018-02-02,459.32,571.62,581.45,565.05,567.62,10244486
2018-02-05,457.29,569.1,577.42,567.92,570.0,9860220
2018-02-06,445.06,553.88,564.17,547.58,549.97,10552078
2018-02-07,445.58,554.53,562.4,551.78,558.0,8342056
2018-02-08,455.7,567.12,573.2,558.28,561.4,8807244
2018-02-09,445.62,554.58,560.15,553.0,559.0,4382690
2018-02-12,443.07,551.4,560.3,548.9,557.4,6291972
2018-02-14,441.04,548.88,558.65,545.1,553.0,8345712
2018-02-15,447.75,557.22,564.85,551.5,551.5,7986736
2018-02-16,453.21,564.03,570.83,559.05,562.5,9889222
2018-02-19,454.7,565.88,568.0,560.15,564.2,6461840
2018-02-20,456.79,568.47,574.75,551.88,551.88,7188594
2018-02-21,460.99,573.7,575.95,570.0,573.75,13771358
2018-02-22,466.35,580.38,582.0,570.22,572.78,17859974
2018-02-23,464.3,577.83,583.0,573.38,581.75,9459828
2018-02-26,457.45,569.3,577.53,567.17,575.5,5083608
2018-02-27,462.11,575.1,576.83,562.83,572.47,6616026
2018-02-28,471.11,586.3,594.75,571.28,573.8,17268416
2018-03-01,466.35,580.38,584.8,578.03,584.8,6579852
2018-03-05,464.4,577.95,585.4,571.62,580.38,8101456
2018-03-06,462.57,575.67,582.7,571.8,581.28,6689734
2018-03-07,459.66,572.05,580.0,569.03,577.5,6370416
2018-03-08,464.7,578.33,582.9,574.5,574.5,6093014
2018-03-09,467.41,581.7,583.0,577.78,581.17,4220964
2018-03-12,476.39,592.88,595.92,585.88,588.0,7676970
2018-03-13,475.61,591.9,598.5,587.58,590.1,8581052
2018-03-14,474.4,590.4,595.3,584.55,590.0,4429710
2018-03-15,475.09,591.25,594.2,586.0,590.0,6101500
2018-03-16,470.83,585.95,591.2,584.62,591.0,17954826
2018-03-19,460.72,573.38,590.25,571.33,582.0,7526620
2018-03-20,467.88,582.28,585.0,574.3,574.3,8553766
2018-03-21,469.06,583.75,587.75,581.1,585.0,7692994
2018-03-22,466.57,580.65,588.72,577.65,582.25,6813168
2018-03-23,469.1,583.8,586.9,571.17,573.5,12008084
2018-03-26,464.14,577.62,583.45,572.0,583.45,8930722
2018-03-27,463.64,577.0,580.65,575.05,580.0,3802088
2018-03-28,454.72,565.9,575.38,563.12,575.38,12558322
2018-04-02,456.87,568.58,574.78,560.65,570.5,8072702
2018-04-03,458.19,570.22,571.78,564.05,567.35,4077168
2018-04-04,451.66,562.1,572.28,560.0,572.0,4813302
2018-04-05,461.05,573.78,575.65,564.55,569.78,7763544
2018-04-06,452.79,563.5,573.0,561.05,571.5,5937742
2018-04-09,446.46,555.62,562.9,553.28,562.5,7202882
2018-04-10,447.33,556.7,562.25,552.7,556.0,8926058
2018-04-11,451.68,562.12,565.75,558.25,559.0,9025574
2018-04-12,467.09,581.3,586.38,562.5,564.72,17044366
2018-04-13,470.65,585.72,592.95,575.12,587.0,21227038
2018-04-16,455.28,566.6,570.0,551.0,551.0,24745084
2018-04-17,452.07,562.6,563.7,557.5,563.5,10397940
2018-04-18,452.37,562.97,567.38,556.92,561.42,10430380
2018-04-19,455.14,566.42,569.9,561.55,562.0,8525542
2018-04-20,473.46,589.22,596.85,568.47,569.5,24272692
2018-04-23,477.18,593.85,607.2,577.62,584.0,21830638
2018-04-24,463.84,577.25,598.2,575.05,592.5,8526216
2018-04-25,466.19,580.17,585.5,572.6,576.0,11594178
2018-04-26,472.66,588.22,590.83,580.0,587.0,11302084
2018-04-27,476.17,592.6,595.8,587.1,590.0,7663370
2018-04-30,481.92,599.75,603.97,590.33,590.85,5511678
2018-05-02,480.93,598.53,600.8,590.5,599.45,10295042
2018-05-03,475.11,591.28,602.35,588.05,598.62,5332230
2018-05-04,471.31,586.55,593.0,577.5,592.5,6023368
2018-05-07,475.29,591.5,595.0,587.75,590.62,4638960
2018-05-08,468.28,582.78,588.95,580.53,588.95,5718556
2018-05-09,470.35,585.35,588.45,581.5,583.75,3783504
2018-05-10,469.26,584.0,591.5,581.42,588.0,3182862
2018-05-11,474.38,590.38,591.6,583.03,586.15,3311706
2018-05-14,477.82,594.65,595.75,585.0,592.17,4432094
2018-05-15,479.93,597.28,604.0,594.05,594.05,5611974
2018-05-16,478.08,594.97,599.0,592.25,593.62,6205004
2018-05-17,475.25,591.45,598.72,586.78,598.0,9519598
2018-05-18,475.37,591.6,593.28,586.5,591.5,7139660
2018-05-21,473.88,589.75,594.2,585.0,589.78,8475320
2018-05-22,479.65,596.92,599.0,586.95,587.5,5636804
2018-05-23,476.05,592.45,603.83,590.75,597.5,9538442
2018-05-24,490.56,610.5,613.78,599.0,599.0,9740570
2018-05-25,493.49,614.15,624.33,610.4,615.05,8901438
2018-05-28,487.9,607.2,616.3,603.0,615.5,5739794
2018-05-29,488.83,608.35,613.28,603.1,607.03,3388934
2018-05-30,486.82,605.85,614.38,602.8,608.5,6323066
2018-05-31,494.89,615.9,621.0,605.12,605.85,19720340
2018-06-01,490.47,610.4,623.12,608.6,615.2,4998356
2018-06-04,497.95,619.7,621.5,606.0,610.55,4270156
2018-06-05,490.49,610.42,621.0,608.5,621.0,4710862
2018-06-06,497.16,618.72,620.78,610.03,612.6,4038184
2018-06-07,503.19,626.22,629.0,619.0,619.0,6676226
2018-06-08,506.24,630.03,631.0,623.03,624.0,6459878
2018-06-11,507.19,631.2,635.0,627.53,632.78,5171290
2018-06-12,505.62,629.25,635.62,625.22,632.88,7839820
2018-06-13,512.17,637.4,642.0,633.4,633.4,5766928
2018-06-14,510.28,619.85,626.5,617.05,626.5,7598848
2018-06-15,527.38,640.62,645.75,617.5,618.5,19957760
2018-06-18,521.68,633.7,645.62,631.17,642.0,8214846
2018-06-19,511.06,620.8,631.7,619.03,631.5,7545700
2018-06-20,511.7,621.58,626.17,619.0,624.25,5371802
2018-06-21,513.1,623.28,628.25,618.0,622.97,5798790
2018-06-22,513.63,623.92,627.75,620.6,621.5,4343118
2018-06-25,523.76,636.22,639.4,627.0,628.58,7731178
2018-06-26,525.98,638.92,641.95,633.12,634.5,4483504
2018-06-27,522.75,635.0,646.72,632.8,641.97,6952142
2018-06-28,530.82,644.8,649.0,638.12,638.15,10996818
2018-06-29,538.06,653.6,657.5,641.62,649.03,9966600
2018-07-02,549.38,667.35,670.0,657.0,657.0,4830144
2018-07-03,557.22,676.88,678.95,665.88,665.95,8127452
2018-07-04,553.7,672.6,676.33,669.42,676.03,5025722
2018-07-05,528.51,642.0,673.62,634.05,673.55,17019902
2018-07-06,528.61,642.12,650.92,634.5,645.12,11215356
2018-07-09,534.62,649.42,651.5,639.53,648.5,6644998
2018-07-10,535.67,650.7,657.72,647.15,654.25,5974488
2018-07-11,543.51,660.22,671.05,645.67,658.78,11899832
2018-07-12,532.77,647.17,663.55,642.22,663.05,13272240
2018-07-13,542.26,658.7,665.8,649.17,657.5,19496158
2018-07-16,548.62,666.42,692.2,643.85,658.7,35344680
2018-07-17,546.58,663.95,674.75,656.35,664.85,11161690
2018-07-18,544.38,661.28,671.7,657.0,669.9,6919016
2018-07-19,541.97,658.35,665.95,654.55,661.5,5118864
2018-07-20,554.9,674.05,683.58,660.65,663.0,11705738
2018-07-23,558.13,677.97,684.0,668.12,676.08,7675702
2018-07-24,566.85,688.58,691.2,678.0,687.2,6172246
2018-07-25,569.57,691.88,696.9,682.72,689.5,6936922
2018-07-26,565.25,686.62,695.2,684.6,689.28,7362218
2018-07-27,565.33,686.72,694.5,684.15,686.6,6493232
2018-07-30,556.09,675.5,686.5,674.0,685.0,6409970
2018-07-31,561.89,682.55,685.0,667.78,674.28,7943996
2018-08-01,557.34,677.03,684.22,675.5,681.9,4675706
2018-08-02,557.18,676.83,683.38,675.08,679.8,5940742
2018-08-03,561.48,682.05,683.1,678.0,683.1,3970390
2018-08-06,560.06,680.33,687.5,673.75,683.03,6178930
2018-08-07,563.07,683.97,689.97,680.33,687.0,7351528
2018-08-08,560.93,681.38,686.25,676.65,685.9,3992358
2018-08-09,568.01,689.97,694.72,686.83,686.83,6409524
2018-08-10,570.27,692.72,694.5,686.53,692.9,4779520
2018-08-13,579.86,704.38,704.92,689.35,695.0,9979746
2018-08-14,579.67,704.15,712.28,702.0,706.97,6151320
2018-08-16,588.42,714.78,717.45,705.62,707.47,6626774
2018-08-17,588.75,715.17,718.83,711.5,715.45,6390408
2018-08-20,569.78,692.12,703.97,686.75,694.0,16101876
2018-08-21,569.65,691.97,698.0,686.88,695.0,8361482
2018-08-23,575.19,698.7,700.75,692.67,696.5,7717182
2018-08-24,567.33,689.15,700.95,688.05,698.25,7053000
2018-08-27,582.6,707.7,709.97,690.7,691.5,7012950
2018-08-28,586.42,712.35,719.2,705.75,708.6,6496890
2018-08-29,580.42,705.05,716.8,702.58,716.8,5646496
2018-08-30,582.93,708.1,710.78,698.08,706.4,11507962
2018-08-31,593.18,720.55,727.15,710.55,712.55,10875864
2018-09-03,590.36,717.12,733.95,715.0,724.5,10976328
2018-09-04,606.84,737.15,748.5,716.0,722.0,15370124
2018-09-05,600.87,729.9,744.05,725.4,741.95,8658978
2018-09-06,598.61,727.15,735.5,724.1,732.55,5598659
2018-09-07,603.26,732.8,735.15,723.8,734.35,6510605
2018-09-10,601.65,730.85,747.0,729.4,737.75,5629871
2018-09-11,604.49,734.3,744.75,732.0,735.9,6963561
2018-09-12,611.57,742.9,746.5,736.25,744.4,4636617
2018-09-14,604.0,733.7,745.0,729.05,741.9,7896514
2018-09-17,597.62,725.95,740.0,724.6,735.0,5427054
2018-09-18,591.98,719.1,730.0,717.0,730.0,7729732
2018-09-19,592.52,719.75,727.0,713.2,727.0,4849498
2018-09-21,580.62,705.3,717.4,692.0,713.85,14350769
2018-09-24,591.28,718.25,729.95,706.5,706.5,8637881
2018-09-25,597.83,726.2,736.0,717.0,718.25,9602273
2018-09-26,590.95,717.85,731.85,712.0,731.2,6599606
2018-09-27,596.67,724.8,730.8,717.45,722.0,14592616
2018-09-28,601.0,730.05,734.55,715.2,721.0,7490031
2018-10-01,614.66,746.65,754.9,733.0,737.5,8252398
2018-10-03,599.72,728.5,751.95,726.3,743.8,7792464
2018-10-04,582.19,707.2,729.75,702.5,728.5,6173037
2018-10-05,596.51,724.6,731.5,709.3,713.0,8543578
2018-10-08,588.15,714.45,728.7,709.25,725.05,7259306
2018-10-09,590.87,717.75,722.4,702.65,717.1,6777212
2018-10-10,576.63,700.45,719.9,695.4,719.9,8866251
2018-10-11,554.32,673.35,692.9,663.3,685.0,10985897
2018-10-12,558.81,678.8,684.05,661.5,676.4,8909221
2018-10-15,575.27,698.8,705.0,681.5,688.6,6222176
2018-10-16,572.35,695.25,713.9,689.4,710.0,11588963
2018-10-17,580.66,705.35,721.8,701.35,710.0,20360697
2018-10-19,562.72,683.55,687.7,678.0,687.0,10421001
2018-10-22,559.75,679.95,695.05,673.8,688.7,6672840
2018-10-23,541.35,657.6,682.0,653.3,675.95,9041701
2018-10-24,534.93,649.8,666.5,647.15,663.0,7058164
2018-10-25,539.88,648.75,656.35,636.25,643.0,8270469
2018-10-26,527.28,633.6,648.7,629.9,645.3,5464141
2018-10-29,536.55,644.75,650.55,631.5,633.7,7137446
2018-10-30,548.91,659.6,663.8,637.45,641.1,8793411
2018-10-31,571.22,686.4,692.95,663.05,663.9,11947995
2018-11-01,554.82,666.7,689.7,659.6,689.7,5860244
2018-11-02,551.12,662.25,675.8,660.1,665.95,6654067
2018-11-05,554.24,666.0,668.6,657.0,663.5,5799426
2018-11-06,554.61,666.45,675.0,660.65,667.9,6975525
2018-11-07,562.14,675.5,677.5,672.0,673.0,758956
2018-11-09,548.83,659.5,679.0,655.5,679.0,9694143
2018-11-12,552.74,664.2,676.4,662.3,666.0,7118080
2018-11-13,553.99,665.7,667.75,656.3,663.5,4137808
2018-11-14,543.59,653.2,665.7,640.5,665.7,7323026
2018-11-15,546.25,656.4,666.0,646.7,654.0,5513390
2018-11-16,541.63,650.85,662.5,644.2,659.9,8583785
2018-11-19,542.34,651.7,662.0,649.25,659.0,6018930
2018-11-20,533.77,641.4,656.0,640.1,651.7,5384830
2018-11-21,515.21,619.1,640.05,612.1,640.0,14359086
2018-11-22,516.58,620.75,628.15,616.75,622.25,6632975
2018-11-26,517.16,621.45,628.0,599.85,621.0,15075209
2018-11-27,531.69,638.9,641.0,625.3,625.5,12285851
2018-11-28,554.57,666.4,668.7,640.0,640.95,17719890
2018-11-29,550.12,661.05,674.9,658.8,671.0,13399070
2018-11-30,555.45,667.45,672.0,660.95,661.0,10445773
2018-12-03,557.86,670.35,679.0,665.95,673.15,8260890
2018-12-04,570.26,685.25,688.25,671.3,672.55,7827923
2018-12-05,567.05,681.4,683.65,672.5,683.0,5177288
2018-12-06,556.32,668.5,685.45,664.55,676.1,8039771
2018-12-07,568.22,682.8,685.75,665.6,672.0,5553948
2018-12-10,556.9,669.2,683.8,665.2,669.9,5121196
2018-12-11,561.31,674.5,681.9,660.6,669.2,7120933
2018-12-12,564.64,678.5,680.65,670.6,677.1,6926183
2018-12-13,580.66,697.75,700.0,680.0,682.0,7521474
2018-12-14,587.57,706.05,713.7,694.4,697.45,9560576
2018-12-17,577.87,694.4,711.85,692.75,711.85,4778465
2018-12-18,563.06,676.6,686.5,674.55,686.5,8021298
2018-12-19,553.28,664.85,671.55,661.1,671.55,8295459
2018-12-20,555.11,667.05,671.55,656.4,660.0,11705260
2018-12-21,537.76,646.2,659.5,643.45,659.5,12802132
2018-12-24,540.09,649.0,658.8,647.6,657.0,8379825
2018-12-26,535.97,644.05,647.0,637.35,647.0,6178552
2018-12-27,546.58,656.8,663.25,649.0,652.75,15333902
2018-12-28,546.71,656.95,663.5,653.3,663.35,4736598
2018-12-31,548.37,658.95,662.0,655.8,660.0,3373319
2019-01-01,553.45,665.05,666.3,654.15,660.95,2943390
2019-01-02,556.78,669.05,674.0,662.05,666.0,7416655
2019-01-03,556.86,669.15,677.0,663.1,672.0,6827249
2019-01-04,550.12,661.05,673.9,651.0,671.75,7889310
2019-01-07,558.98,671.7,673.6,661.5,665.0,8046340
2019-01-08,557.61,670.05,677.45,668.55,674.95,8621545
2019-01-09,562.64,676.1,689.8,664.0,686.2,18130292
2019-01-10,565.64,679.7,682.0,672.55,681.6,9572493
2019-01-11,568.8,683.5,685.5,672.5,680.2,12281903
2019-01-14,584.11,701.9,710.2,695.95,707.0,19312937
2019-01-15,604.67,726.6,730.0,707.2,707.2,19671304
2019-01-16,613.16,736.8,737.8,728.5,729.9,9658944
2019-01-17,610.29,733.35,739.0,729.1,735.8,6903771
2019-01-18,608.29,730.95,736.2,726.3,730.0,5902151
2019-01-21,619.98,745.0,751.0,734.0,738.2,8129422
2019-01-22,620.27,745.35,749.0,734.0,741.25,6723375
2019-01-23,608.87,731.65,742.6,729.2,742.35,7212099
2019-01-24,612.51,732.0,736.1,721.0,728.1,7429783
2019-01-25,611.13,730.35,737.9,724.25,728.0,5543112
2019-01-28,609.12,727.95,732.6,719.0,731.0,7944693
2019-01-29,609.08,727.9,732.85,716.5,725.5,6760819
2019-01-30,607.41,725.9,734.8,721.1,727.9,5763026
2019-01-31,627.2,749.55,751.3,726.0,726.0,13825233
2019-02-01,633.47,757.05,762.5,744.5,751.35,6276585
2019-02-04,632.51,755.9,762.5,749.2,757.0,3945391
2019-02-05,631.63,754.85,759.95,747.0,747.0,4694366
2019-02-06,638.7,763.3,766.95,754.35,755.55,5880482
2019-02-07,639.29,764.0,769.45,761.0,763.05,3961797
2019-02-08,636.69,760.9,772.25,754.9,760.0,5915169
2019-02-11,638.28,762.8,768.75,759.0,766.9,5500216
2019-02-12,627.95,750.45,760.35,741.0,760.35,7310690
2019-02-14,619.25,740.05,753.0,737.25,751.0,4610535
2019-02-15,620.84,741.95,746.5,732.6,742.3,5586389
2019-02-18,620.09,741.05,747.65,736.0,742.35,5346825
2019-02-19,606.07,724.3,740.55,721.3,739.1,9401334
2019-02-20,619.79,740.7,743.0,726.05,727.0,5210675
2019-02-21,613.73,733.45,738.0,727.1,738.0,7202786
2019-02-22,614.98,734.95,738.2,728.0,732.5,3750833
2019-02-25,631.67,754.9,758.0,735.55,735.55,6547552
2019-02-26,621.3,742.5,752.6,740.15,748.6,8319610
2019-02-27,615.23,735.25,746.4,732.75,745.0,5936354
2019-02-28,614.44,734.3,742.4,732.3,738.7,8559921
2019-03-01,620.8,741.9,743.4,735.5,735.5,3998826
2019-03-05,612.93,732.5,742.5,730.25,740.5,4826505
2019-03-06,612.93,732.5,736.1,727.0,736.1,6076668
2019-03-07,604.94,722.95,734.5,720.55,734.0,5951551
2019-03-08,596.07,712.35,722.95,710.65,722.95,7193994
2019-03-11,595.15,711.25,718.5,709.4,713.3,9932198
2019-03-12,591.55,706.95,714.95,705.6,709.0,11997387
2019-03-13,592.81,708.45,718.6,706.3,710.0,11348867
2019-03-14,592.72,708.35,714.9,706.2,714.0,6415187
2019-03-15,601.26,718.55,723.75,709.6,712.0,14638664
2019-03-18,594.27,710.2,723.7,705.35,721.55,8065544
2019-03-19,604.35,722.25,726.5,707.4,712.8,8917337
2019-03-20,618.33,738.95,742.3,727.15,727.25,13471173
2019-03-22,621.8,743.1,746.35,732.3,745.0,8883260
2019-03-25,615.23,735.25,742.4,730.55,742.4,7644966
2019-03-26,608.96,727.75,735.25,719.1,735.25,9406261
2019-03-27,610.59,729.7,732.3,727.15,730.0,7387487
2019-03-28,617.37,737.8,745.0,730.0,730.0,9277241
2019-04-01,631.84,755.1,760.0,742.0,742.0,6584982
2019-04-02,635.44,759.4,765.8,754.6,759.0,7283600
2019-04-03,630.34,753.3,758.5,746.8,756.0,6897127
2019-04-04,625.82,747.9,753.8,745.1,751.4,7688525
2019-04-05,635.36,759.3,760.95,748.0,750.9,6276040
2019-04-08,642.01,767.25,770.0,755.4,763.05,4919911
2019-04-09,636.44,760.6,773.0,758.2,770.0,6730692
2019-04-10,629.83,752.7,766.7,751.3,764.0,7031088
2019-04-11,621.47,742.7,751.75,740.05,751.75,8200995
2019-04-12,625.69,747.75,751.55,740.6,743.1,7043212
2019-04-15,608.75,727.5,731.35,712.6,724.7,31574803
2019-04-16,605.9,724.1,727.9,714.1,727.9,12524411
2019-04-18,600.0,717.05,722.5,712.75,722.5,13801105
2019-04-22,603.35,721.05,725.75,715.0,717.05,6455426
2019-04-23,609.33,728.2,730.0,718.4,723.9,5516668
2019-04-24,616.24,736.45,737.9,724.0,728.2,8285120
2019-04-25,609.63,728.55,737.65,727.05,736.45,8005235
2019-04-26,617.53,738.0,739.8,729.0,731.0,6895168
2019-04-30,628.7,751.35,753.8,738.0,738.0,9920046
2019-05-02,611.51,730.8,748.4,729.5,747.0,6351352
2019-05-03,605.48,723.6,731.0,718.2,722.9,6348116
2019-05-06,601.13,718.4,721.8,710.65,715.0,8858265
2019-05-07,606.28,724.55,727.9,718.7,720.4,5747536
2019-05-08,601.93,719.35,726.0,716.5,721.0,6247642
2019-05-09,603.35,721.05,730.3,715.8,719.15,7396525
2019-05-10,599.84,716.85,726.0,715.0,720.8,8352335
2019-05-13,602.22,719.7,726.45,712.1,716.55,6808993
2019-05-14,597.33,713.85,717.75,703.6,716.5,10513001
2019-05-15,599.21,716.1,725.2,712.6,714.9,6668929
2019-05-16,613.43,733.1,737.0,719.1,720.0,6468556
2019-05-17,605.73,723.9,735.8,720.1,733.15,8155948
2019-05-20,604.48,722.4,726.4,706.0,719.7,11213708
2019-05-21,593.52,709.3,722.65,707.7,722.65,8645535
2019-05-22,593.89,709.75,718.25,707.0,710.0,5795713
2019-05-23,586.61,701.05,716.7,697.45,715.0,7233736
2019-05-24,593.43,709.2,711.75,700.45,703.8,7016424
2019-05-27,592.51,708.1,713.8,705.5,707.4,10247544
2019-05-28,609.25,728.1,733.45,709.8,712.0,23860490
2019-05-29,609.0,727.8,733.65,723.65,725.5,10293077
2019-05-30,613.81,733.55,737.25,722.55,727.0,15089296
2019-05-31,617.32,737.75,742.95,733.2,736.5,8290306
2019-06-03,623.1,744.65,750.9,729.0,729.8,7744761
2019-06-04,615.27,735.3,739.45,733.15,737.25,11733702
2019-06-06,615.52,735.6,744.65,733.65,736.5,7563925
2019-06-07,618.45,739.1,743.95,735.85,735.85,3218358
2019-06-10,630.5,753.5,754.1,740.1,740.1,4435148
2019-06-11,631.67,754.9,759.0,750.5,755.0,5733127
2019-06-12,630.75,753.8,756.95,745.0,756.95,8738342
2019-06-13,630.2,742.65,747.2,740.0,740.0,4808577
2019-06-14,628.34,740.45,745.5,738.25,743.85,5556353
2019-06-17,628.42,740.55,744.5,737.8,743.0,3085588
2019-06-18,636.57,750.15,752.45,740.2,740.2,6202838
2019-06-19,638.05,751.9,755.4,748.6,752.5,4596253
2019-06-20,640.6,754.9,756.9,735.9,737.8,7148684
2019-06-21,636.61,750.2,755.0,747.15,755.0,13200318
2019-06-24,632.62,745.5,751.9,742.65,751.9,4758178
2019-06-25,634.83,748.1,750.9,737.3,744.0,3677911
2019-06-26,627.27,739.2,751.45,738.0,743.0,5447130
2019-06-27,619.93,730.55,744.7,728.15,742.0,11122346
2019-06-28,621.16,732.0,739.5,728.5,735.5,5919494
2019-07-01,620.57,731.3,737.5,729.85,735.0,3224968
2019-07-02,627.95,740.0,741.65,730.1,734.0,4837606
2019-07-03,620.57,731.3,743.2,730.0,741.0,5958379
2019-07-04,622.69,733.8,736.4,728.6,729.0,3274064
2019-07-05,609.28,718.0,736.4,713.5,735.0,4926289
2019-07-08,608.95,717.6,724.95,712.3,716.45,7177092
2019-07-09,607.16,715.5,719.85,709.05,718.0,5022638
2019-07-10,608.65,717.25,722.7,706.5,709.0,7573816
2019-07-11,612.25,721.5,723.5,709.6,719.45,6252688
2019-07-12,616.71,726.75,730.6,719.6,722.5,7874441
2019-07-15,661.35,779.35,781.65,754.2,763.0,31064152
2019-07-16,666.01,784.85,787.8,776.0,777.0,9924322
2019-07-17,673.9,794.15,795.0,776.75,783.9,6754348
2019-07-18,672.67,792.7,798.5,786.2,789.05,6534471
2019-07-19,666.48,785.4,794.5,781.25,788.7,6812754
2019-07-22,665.63,784.4,792.0,782.05,785.95,7107151
2019-07-23,670.43,790.05,804.0,785.55,787.0,10782564
2019-07-24,667.24,786.3,793.75,783.6,788.0,5745146
2019-07-25,674.2,794.5,800.2,787.65,788.25,9773568
2019-07-26,667.84,787.0,795.0,782.2,792.3,4941763
2019-07-29,671.61,791.45,796.95,786.2,789.5,6244316
2019-07-30,672.67,792.7,797.8,788.55,791.9,8673253
2019-07-31,673.48,793.65,799.8,781.6,790.85,7350584
2019-08-01,652.44,768.85,788.4,764.4,786.45,10066407
2019-08-02,658.16,775.6,779.9,762.25,765.05,10838336
2019-08-05,659.1,776.7,785.9,768.65,772.6,9976238
2019-08-06,657.19,774.45,783.7,769.8,778.8,9331718
2019-08-07,658.59,776.1,783.45,772.35,778.9,5130457
2019-08-08,669.32,788.75,792.75,781.25,782.7,8009009
2019-08-09,670.26,789.85,796.75,784.8,792.0,4362520
2019-08-13,648.96,764.75,786.0,760.15,784.15,7517099
2019-08-14,657.48,774.8,778.25,768.0,775.1,5940968
2019-08-16,657.27,774.55,780.05,762.5,780.0,5128088
2019-08-19,659.9,777.65,783.0,773.35,775.6,3881451
2019-08-20,672.72,792.75,798.0,783.85,785.2,8435344
2019-08-21,678.4,799.45,803.75,793.0,793.0,5926896
2019-08-22,675.22,795.7,801.3,792.35,799.9,5222488
2019-08-23,680.74,802.2,809.95,795.8,796.45,6895015
2019-08-26,681.03,802.55,806.8,786.9,795.9,5412074
2019-08-27,665.84,784.65,794.95,781.1,791.0,16061642
2019-08-28,680.99,802.5,805.0,786.3,787.4,5881134
2019-08-29,684.77,806.95,809.7,795.5,795.5,7830413
2019-08-30,691.51,814.9,817.35,802.0,810.0,8174186
2019-09-03,690.96,814.25,822.4,812.05,815.0,5647088
2019-09-04,696.94,821.3,822.45,810.25,810.75,6199015
2019-09-05,707.76,834.05,837.5,826.65,830.1,7926895
2019-09-06,712.94,840.15,847.0,835.05,843.3,6106841
2019-09-09,703.56,829.1,840.3,827.55,836.8,4377870
2019-09-11,695.93,820.1,828.55,814.15,822.3,7981036
2019-09-12,692.79,816.4,819.85,810.85,816.4,4400017
2019-09-13,703.73,829.3,831.05,817.5,818.1,4832021
2019-09-16,702.37,827.7,837.95,820.55,832.05,4846496
2019-09-17,705.39,831.25,835.0,820.55,831.5,5540901
2019-09-18,704.2,829.85,832.95,824.0,829.9,3199389
2019-09-19,696.43,820.7,827.0,815.2,824.85,6601607
2019-09-20,683.11,805.0,835.0,802.0,822.9,22462366
2019-09-23,648.62,764.35,806.9,741.9,806.9,17279260
2019-09-24,673.82,794.05,798.65,765.0,765.0,13717998
2019-09-25,672.63,792.65,801.0,781.65,787.7,9313576
2019-09-26,664.06,782.55,797.0,778.1,787.75,18442824
2019-09-27,663.76,782.2,794.25,780.1,787.05,5087642
2019-09-30,683.66,805.65,808.0,784.15,785.1,8178091
2019-10-01,673.4,793.55,807.55,791.55,807.0,5881438
2019-10-03,666.65,785.6,797.85,784.15,792.55,5497672
2019-10-04,673.31,793.45,797.6,787.05,790.0,8201713
2019-10-07,670.0,789.55,802.0,786.1,794.85,3679845
2019-10-09,664.99,783.65,795.9,778.8,795.45,6335025
2019-10-10,664.49,783.05,794.7,776.6,785.4,10402917
2019-10-11,691.43,814.8,823.8,776.6,781.5,20636344
2019-10-14,667.07,786.1,797.0,780.0,786.75,15150858
2019-10-15,651.97,768.3,775.95,765.0,773.1,13762133
2019-10-16,654.64,771.45,775.95,761.55,765.25,10767032
2019-10-17,652.99,769.5,770.55,765.1,767.0,9860495
2019-10-18,651.59,767.85,773.8,760.0,763.8,10037200
2019-10-22,546.11,643.55,691.1,638.35,691.1,90152532
2019-10-23,559.04,650.6,656.65,615.1,630.0,60516887
2019-10-24,545.94,635.35,653.2,632.0,650.0,25666433
2019-10-25,547.74,637.45,652.5,636.0,647.0,16549337
2019-10-27,557.54,648.85,652.5,645.55,651.1,2945281
2019-10-29,559.08,650.65,653.75,647.0,651.0,16709764
2019-10-30,567.63,660.6,671.4,656.2,660.4,22879467
2019-10-31,589.11,685.6,695.45,666.1,668.4,27405901
2019-11-01,591.09,687.9,694.0,682.6,690.0,9713519
2019-11-04,609.22,709.0,732.5,678.15,681.8,29381982
2019-11-05,598.14,696.1,708.75,691.5,708.75,12897805
2019-11-06,612.06,712.3,721.5,692.0,695.8,21372589
2019-11-07,618.76,720.1,724.35,712.1,717.0,13733737
2019-11-08,608.49,708.15,724.25,705.5,722.0,8585630
2019-11-11,605.27,704.4,707.2,698.0,698.9,6951494
2019-11-13,594.05,691.35,700.0,687.75,696.5,9973690
2019-11-14,606.04,705.3,709.8,696.35,696.35,10539902
2019-11-15,604.84,703.9,712.95,702.3,709.05,7362623
2019-11-18,605.96,705.2,710.0,699.3,705.0,7490916
2019-11-19,612.53,712.85,714.0,705.0,709.9,6495885
2019-11-20,612.66,713.0,715.0,705.0,712.8,6142171
2019-11-21,612.87,713.25,721.45,710.5,715.5,9692973
2019-11-22,595.64,693.2,712.0,685.1,711.75,14415826
2019-11-25,599.85,698.1,705.15,693.2,693.35,7334511
2019-11-26,593.41,690.6,707.25,686.0,705.0,27253106
2019-11-27,597.84,695.75,697.65,690.1,694.25,3861635
2019-11-28,603.08,701.85,703.35,694.05,699.1,4837683
2019-11-29,598.35,696.35,702.3,691.55,700.9,4262379
2019-12-02,595.21,692.7,704.0,690.3,703.1,9383736
2019-12-03,600.07,698.35,699.7,688.55,692.7,5239013
2019-12-04,609.09,708.85,710.5,693.35,697.0,7427886
2019-12-05,614.25,714.85,715.9,703.8,706.45,4814422
2019-12-06,614.46,715.1,720.0,709.6,715.95,5226096
2019-12-09,616.31,717.25,722.35,714.25,716.0,6435865
2019-12-10,613.99,714.55,718.5,710.0,713.0,4457939
2019-12-11,619.57,721.05,722.7,713.0,716.6,6043554
2019-12-12,603.29,702.1,720.7,699.55,718.5,11112042
2019-12-13,611.2,711.3,712.9,700.35,700.35,10302412
2019-12-16,613.52,714.0,720.2,710.2,712.3,5616324
2019-12-17,627.01,729.7,731.25,715.0,719.7,10525565
2019-12-18,629.37,732.45,737.3,722.75,731.0,12215295
2019-12-19,628.0,730.85,735.95,724.6,733.5,7199210
2019-12-20,628.6,731.55,735.0,728.25,731.0,7794167
2019-12-23,632.42,736.0,737.3,731.65,732.15,4975608
2019-12-24,630.19,733.4,736.95,728.3,736.95,2890759
2019-12-26,626.36,728.95,734.55,726.55,732.0,3821806
2019-12-27,633.24,736.95,737.5,728.85,729.75,3399094
2019-12-30,629.76,732.9,737.95,727.25,736.1,5368416
2019-12-31,628.25,731.15,737.75,725.45,729.7,6927885
2020-01-01,633.15,736.85,740.0,732.55,735.0,2112415
2020-01-02,631.3,734.7,740.8,730.9,738.9,5658200
2020-01-03,641.01,746.0,748.0,733.9,733.9,7882938
2020-01-06,634.87,738.85,753.8,736.5,746.1,6519403
2020-01-07,625.46,727.9,742.6,725.1,738.0,7899363
2020-01-08,617.13,718.2,729.0,708.3,724.95,8639443
2020-01-09,625.16,727.55,731.5,714.3,721.7,13521186
2020-01-10,634.27,738.15,742.9,730.5,740.45,9341405
2020-01-13,664.69,773.55,777.5,755.0,760.0,36952038
2020-01-14,666.49,775.65,776.95,767.2,769.95,11414418
2020-01-15,659.53,767.55,773.85,762.15,773.85,6047430
2020-01-16,659.06,767.0,772.5,760.25,770.7,5740586
2020-01-17,659.79,767.85,772.9,762.25,770.7,3762957
2020-01-20,660.3,768.45,774.4,762.95,771.6,3887680
2020-01-21,655.19,762.5,770.5,760.75,768.45,4448374
2020-01-22,661.81,770.2,778.0,766.0,768.45,9733935
2020-01-23,673.97,784.35,785.5,776.7,777.1,12528017
2020-01-24,672.59,782.75,786.5,773.6,775.75,7540490
2020-01-27,668.6,778.1,784.8,774.4,779.05,3741610
2020-01-28,668.51,778.0,781.8,772.0,781.0,5121009
2020-01-29,678.56,789.7,792.8,784.25,786.6,6832757
2020-01-30,670.83,780.7,789.7,778.0,789.7,3859680
2020-01-31,666.75,775.95,784.95,771.6,780.55,6092028
2020-02-03,659.4,767.4,790.95,764.5,782.0,6416745
2020-02-04,676.97,787.85,789.9,770.1,770.1,5771311
2020-02-05,674.14,784.55,786.0,774.4,781.0,6310409
2020-02-06,662.8,771.35,786.8,770.0,784.35,7341622
2020-02-07,667.91,777.3,778.85,771.0,775.95,2853344
2020-02-10,664.39,773.2,778.0,769.75,774.0,3827682
2020-02-11,664.69,773.55,779.1,769.2,779.0,4312817
2020-02-12,671.13,781.05,783.25,775.1,775.8,2948825
2020-02-13,680.75,792.25,794.0,782.2,785.0,4387430
2020-02-14,675.77,786.45,799.2,784.6,794.5,5321680
2020-02-17,678.35,789.45,793.45,783.3,790.3,2929629
2020-02-18,685.39,797.65,799.05,783.65,785.0,5083346
2020-02-19,687.8,800.45,804.85,796.15,800.0,3985192
2020-02-20,684.84,797.0,806.1,793.85,803.25,4564569
2020-02-24,683.85,795.85,811.6,792.15,800.1,6627536
2020-02-25,686.04,798.4,806.0,795.4,799.0,6996695
2020-02-26,672.59,782.75,801.45,780.5,793.95,8760569
2020-02-27,668.38,777.85,780.75,772.2,778.0,5223386
2020-02-28,628.73,731.7,756.8,722.05,750.0,14123957
2020-03-02,636.76,741.05,765.9,733.75,737.0,9821523
2020-03-03,641.87,747.0,759.0,741.25,755.0,7826587
2020-03-04,651.97,758.75,761.5,745.55,753.9,11013444
2020-03-05,648.4,754.6,773.55,751.75,763.75,7755293
2020-03-06,634.96,738.95,744.0,729.1,741.0,9216022
2020-03-09,605.31,704.45,725.85,697.0,724.5,10308654
2020-03-11,589.46,686.0,695.95,669.05,690.65,16165009
2020-03-12,542.37,631.2,670.0,627.5,668.0,13965574
2020-03-13,551.95,642.35,667.0,570.0,592.0,16903113
2020-03-16,501.08,583.15,622.15,580.0,622.0,19140152
2020-03-17,476.85,554.95,592.0,550.0,588.1,16059887
2020-03-18,459.11,534.3,578.0,528.0,568.0,15390183
2020-03-19,468.77,545.55,558.0,509.25,509.25,16583991
2020-03-20,502.84,585.2,617.45,548.0,549.5,21354894
2020-03-23,452.36,526.45,560.95,515.9,540.0,17146150
2020-03-24,506.8,589.8,601.15,522.0,522.0,20027097
2020-03-25,520.89,606.2,635.0,565.7,597.0,18339548
2020-03-26,552.51,643.0,650.85,612.1,615.0,14843813
2020-03-27,560.84,652.7,674.9,642.25,665.05,13495283
2020-03-30,538.5,626.7,663.5,621.1,625.1,14624804
2020-03-31,551.22,641.5,662.0,633.7,650.0,15175521
2020-04-01,517.97,602.8,637.5,594.0,634.35,13083824
2020-04-03,503.27,585.7,606.0,582.15,603.5,10221655
2020-04-07,549.07,639.0,644.25,612.9,615.0,15145605
2020-04-08,542.71,631.6,655.65,626.35,630.0,11806896
2020-04-09,546.71,636.25,652.8,632.1,646.8,11931114
2020-04-13,547.7,637.4,651.7,626.05,629.0,8330276
2020-04-15,549.11,639.05,653.3,635.6,651.4,11963447
2020-04-16,536.05,623.85,634.9,603.5,619.95,17783287
2020-04-17,540.26,628.75,646.0,626.0,644.0,8878320
2020-04-20,561.36,653.3,661.0,639.0,640.0,13322913
2020-04-21,544.09,633.2,646.5,627.8,627.8,11660575
2020-04-22,551.52,641.85,645.0,628.05,633.2,8266728
2020-04-23,583.7,679.3,683.65,638.1,647.05,14451289
2020-04-24,565.4,658.0,675.0,654.8,668.55,7319940
2020-04-27,571.07,664.6,681.0,661.05,661.05,7183306
2020-04-28,567.72,660.7,677.0,653.05,673.0,7296571
2020-04-29,581.34,676.55,682.0,658.0,666.0,8639056
2020-04-30,614.81,715.5,720.0,698.1,700.0,16253821
2020-05-04,578.89,673.7,701.2,670.35,689.8,9122740
2020-05-05,578.89,673.7,685.6,670.0,681.75,6393053
2020-05-06,572.19,665.9,681.45,664.05,676.9,7934250
2020-05-07,571.37,664.95,674.35,662.45,665.55,4779548
2020-05-08,579.32,674.2,680.9,668.5,672.25,8400321
2020-05-11,586.79,682.9,698.55,678.0,682.5,7370186
2020-05-12,590.88,687.65,691.0,675.5,678.5,7356039
2020-05-13,596.46,694.15,699.9,683.75,694.8,8287101
2020-05-14,565.53,658.15,671.75,652.6,659.0,16888262
2020-05-15,560.5,652.3,664.8,646.7,664.8,9255353
2020-05-18,570.47,663.9,670.55,653.0,659.85,10435442
2020-05-19,574.51,668.6,674.8,655.0,664.0,5902208
2020-05-20,575.32,669.55,673.0,659.65,668.5,5794636
2020-05-21,577.6,672.2,679.45,665.4,666.5,7213225
2020-05-22,594.91,692.35,695.85,673.5,675.0,11867731
2020-05-26,584.77,680.55,699.45,679.0,693.0,7099606
2020-05-27,606.17,705.45,709.2,675.0,686.05,8774636
2020-05-28,607.85,707.4,710.0,690.0,707.0,9440091
2020-05-29,601.84,691.0,700.8,674.95,692.5,28290128
2020-06-01,609.28,699.55,706.65,691.5,698.75,12276438
2020-06-02,616.73,708.1,711.65,697.55,700.5,7059304
2020-06-03,611.02,701.55,711.9,696.0,710.7,11378568
2020-06-04,616.42,707.75,709.45,697.5,702.0,10782424
2020-06-05,612.77,703.55,711.7,700.6,707.0,7718679
2020-06-08,627.83,720.85,725.8,704.0,707.65,10719105
2020-06-09,625.0,717.6,729.6,715.05,720.0,10078029
2020-06-10,623.48,715.85,719.45,709.2,715.0,7263049
2020-06-11,613.12,703.95,713.4,700.25,712.0,8825715
2020-06-12,602.75,692.05,695.15,675.5,675.8,9795316
2020-06-15,598.83,687.55,704.4,685.25,693.0,7857344
2020-06-16,610.72,701.2,712.0,699.15,702.0,10131760
2020-06-17,612.85,703.65,710.3,698.0,699.9,7291916
2020-06-18,621.78,713.9,716.6,706.0,708.2,6670195
2020-06-19,614.51,705.55,711.9,701.0,709.0,22438862
2020-06-22,612.9,703.7,708.7,700.0,707.1,7804096
2020-06-23,627.66,720.65,724.5,692.1,695.7,12157390
2020-06-24,622.0,714.15,726.8,709.4,716.9,10220838
2020-06-25,610.11,700.5,705.6,693.5,704.85,14945284
2020-06-26,651.66,748.2,751.6,710.0,710.2,26030458
2020-06-29,637.33,731.75,744.7,730.1,735.4,8954428
2020-06-30,640.99,735.95,738.95,724.25,732.8,10411290
2020-07-01,637.46,731.9,742.3,729.75,737.25,5477468
2020-07-02,658.97,756.6,765.45,735.4,737.35,17263756
2020-07-03,664.28,762.7,764.0,752.5,755.0,7796572
2020-07-06,665.42,764.0,775.0,761.5,765.2,8810958
2020-07-07,691.68,794.15,796.95,765.55,769.4,19362533
2020-07-08,674.74,774.7,784.9,772.2,784.9,8476642
2020-07-09,680.83,781.7,790.0,775.0,780.0,6854166
2020-07-10,680.96,781.85,789.9,773.5,773.5,5206452
2020-07-13,694.2,797.05,805.35,786.05,788.0,10804688
2020-07-14,682.18,783.25,806.4,781.35,792.95,8961822
2020-07-15,723.73,830.95,848.45,794.8,799.0,30060599
2020-07-16,793.45,911.0,955.5,894.25,900.1,90432109
2020-07-17,786.61,903.15,919.9,892.15,911.0,31682878
2020-07-20,813.74,934.3,945.0,906.75,908.5,18421053
2020-07-21,815.88,936.75,949.7,929.2,945.0,12877784
2020-07-22,799.46,917.9,939.0,910.0,938.95,14354201
2020-07-23,790.79,907.95,915.8,900.65,915.65,13051307
2020-07-24,803.77,922.85,925.75,903.25,903.25,18209580
2020-07-27,826.07,948.45,952.8,918.65,921.55,16827870
2020-07-28,838.61,962.85,967.55,941.2,946.0,15818463
2020-07-29,831.03,954.15,960.0,943.6,953.25,11152710
2020-07-30,837.39,961.45,972.65,958.75,962.0,12492320
2020-07-31,841.35,966.0,986.45,953.3,969.25,12704346
2020-08-03,833.43,956.9,965.4,947.45,960.0,8479792
2020-08-04,827.29,949.85,970.7,940.55,960.45,11133170
2020-08-05,822.8,944.7,960.95,938.3,952.0,9614176
2020-08-06,845.58,970.85,974.4,942.5,953.5,10976491
2020-08-07,828.2,950.9,969.45,949.0,969.45,8010948
2020-08-10,828.59,951.35,956.8,945.3,948.9,5716319
2020-08-11,826.07,948.45,962.0,946.1,949.9,6802442
2020-08-12,831.73,954.95,958.8,942.2,948.0,6908726
2020-08-13,828.46,951.2,968.5,948.25,954.8,5097703
2020-08-14,830.55,953.6,963.0,952.05,955.85,4663873
2020-08-17,833.95,957.5,972.45,954.1,954.1,9008210
2020-08-18,842.7,967.55,969.2,958.7,963.9,6141761
2020-08-19,835.52,959.3,971.55,957.45,970.9,6622744
2020-08-20,831.9,955.15,965.5,951.3,958.9,5656501
2020-08-21,826.37,948.8,963.45,946.55,963.05,6513773
2020-08-24,825.15,947.4,952.0,939.2,947.0,5798574
2020-08-25,817.05,938.1,948.65,933.6,947.5,6233918
2020-08-26,828.11,950.8,954.25,938.4,941.25,5153601
2020-08-27,824.85,947.05,960.95,945.2,960.0,6154280
2020-08-28,814.57,935.25,952.5,933.05,951.45,7593610
2020-08-31,808.78,928.6,950.5,914.6,935.25,12808355
2020-09-01,796.19,914.15,935.0,912.1,926.25,6907773
2020-09-02,804.77,924.0,926.4,913.5,915.0,5678118
2020-09-03,814.83,935.55,949.4,924.0,926.5,8827948
2020-09-04,800.55,919.15,929.5,914.45,915.0,8650342
2020-09-07,805.69,925.05,927.55,913.05,918.9,6700385
2020-09-08,818.1,939.3,952.0,925.55,929.95,12891964
2020-09-09,808.04,927.75,946.0,926.0,935.0,5528947
2020-09-10,818.75,940.05,942.0,924.8,935.3,5171884
2020-09-11,823.67,945.7,954.15,931.0,934.9,6671903
2020-09-14,852.15,978.4,991.05,948.3,957.0,21871587
2020-09-15,855.68,982.45,994.0,971.65,979.5,11608203
2020-09-16,872.49,1001.75,1005.65,982.0,986.0,10059251
2020-09-17,880.54,1011.0,1021.0,995.0,995.0,15628241
2020-09-18,872.84,1002.15,1018.8,999.1,1011.0,12897633
2020-09-21,879.59,1009.9,1031.0,1000.5,1001.0,14140637
2020-09-22,877.5,1007.5,1022.5,991.2,1009.0,12625762
2020-09-23,888.17,1019.75,1037.0,1008.1,1020.15,13486204
2020-09-24,849.54,975.4,1009.0,970.0,1003.0,14427432
2020-09-25,880.94,1011.45,1014.9,975.0,975.8,13311078
2020-09-28,880.02,1010.4,1016.15,998.5,1014.8,8554526
2020-09-29,878.8,1009.0,1028.0,1004.1,1018.0,8708463
2020-09-30,878.15,1008.25,1023.95,1005.0,1009.0,8048817
2020-10-01,886.34,1017.65,1026.5,1011.75,1020.6,5563358
2020-10-05,913.38,1048.7,1054.9,1018.05,1018.05,14212509
2020-10-06,919.52,1055.75,1060.0,1031.35,1055.0,9090819
2020-10-07,928.93,1066.55,1072.0,1035.5,1044.9,9284008
2020-10-08,952.57,1093.7,1124.0,1088.4,1090.0,21482613
2020-10-09,963.98,1106.8,1113.3,1088.45,1095.1,10567867
2020-10-12,986.02,1132.1,1140.0,1112.1,1123.0,14633537
2020-10-13,1008.4,1157.8,1166.05,1135.55,1135.55,17523825
2020-10-14,990.29,1137.0,1164.9,1131.1,1162.0,16649573
2020-10-15,965.25,1108.25,1186.0,1092.5,1180.0,44288251
2020-10-16,982.01,1127.5,1135.95,1096.9,1113.85,18365685
2020-10-19,980.62,1125.9,1139.0,1115.3,1135.0,12902123
2020-10-20,990.72,1137.5,1144.7,1110.0,1118.9,10448776
2020-10-21,1000.17,1148.35,1154.35,1135.0,1141.15,19811433
2020-10-22,983.36,1129.05,1158.0,1123.8,1142.0,11271335
2020-10-23,988.16,1122.5,1135.0,1120.15,1133.0,9069862
2020-10-26,979.31,1112.45,1129.6,1103.15,1122.25,6309368
2020-10-27,960.3,1090.85,1109.7,1077.15,1105.7,10172479
2020-10-28,947.71,1076.55,1104.75,1070.05,1095.5,7608392
2020-10-29,946.21,1074.85,1082.0,1060.1,1070.0,6935616
2020-10-30,933.67,1060.6,1083.6,1052.35,1072.0,8800386
2020-11-02,943.97,1072.3,1079.95,1051.1,1065.0,7183119
2020-11-03,935.38,1062.55,1079.4,1057.5,1072.0,7204782
2020-11-04,963.03,1093.95,1116.0,1066.8,1068.0,15702690
2020-11-05,971.87,1104.0,1123.0,1099.0,1109.9,9568890
2020-11-06,979.58,1112.75,1121.1,1091.7,1108.0,8807127
2020-11-09,1000.53,1136.55,1146.0,1121.15,1129.3,10160320
2020-11-10,960.47,1091.05,1113.85,1078.0,1113.85,15622869
2020-11-11,988.16,1122.5,1126.35,1087.0,1096.0,12514800
2020-11-12,983.98,1117.75,1142.0,1113.75,1128.1,9180976
2020-11-13,989.66,1124.2,1133.0,1117.0,1120.0,6363212
2020-11-14,997.8,1133.45,1139.65,1131.1,1137.0,1136144
2020-11-17,989.22,1123.7,1145.0,1112.65,1144.75,12813968
2020-11-18,977.64,1110.55,1132.7,1101.45,1128.5,9839468
2020-11-19,965.49,1096.75,1114.7,1093.8,1100.0,10092343
2020-11-20,971.3,1103.35,1109.0,1091.1,1106.0,8063554
2020-11-23,1003.43,1139.85,1144.8,1101.95,1105.0,10546363
2020-11-24,1003.61,1140.05,1154.9,1133.35,1145.0,8515426
2020-11-25,982.13,1115.65,1143.5,1111.25,1137.0,8958701
2020-11-26,979.97,1113.2,1119.95,1098.3,1119.95,10962256
2020-11-27,968.35,1100.0,1121.0,1091.0,1118.0,25306145
2020-12-01,1001.67,1137.85,1140.25,1105.05,1105.05,8933802
2020-12-02,1004.36,1140.9,1147.45,1121.0,1134.0,6741637
2020-12-03,991.64,1126.45,1147.0,1122.7,1147.0,16212632
2020-12-04,998.86,1134.65,1137.0,1115.0,1125.0,10564055
2020-12-07,1006.65,1143.5,1153.0,1136.0,1147.3,7792141
2020-12-08,1015.32,1153.35,1167.0,1145.0,1145.0,12308330
2020-12-09,1034.55,1175.2,1179.5,1157.0,1168.05,10039346
2020-12-10,1027.99,1167.75,1171.65,1150.0,1157.4,9488782
2020-12-11,1023.99,1163.2,1171.95,1155.25,1159.7,10574009
2020-12-14,1025.18,1164.55,1172.6,1148.2,1169.4,6728187
2020-12-15,1016.42,1154.6,1163.7,1152.0,1156.0,6905926
2020-12-16,1026.19,1165.7,1168.9,1153.6,1160.0,7788404
2020-12-17,1020.47,1159.2,1168.9,1156.2,1165.9,6658153
2020-12-18,1047.41,1189.8,1195.0,1175.6,1182.85,15995676
2020-12-21,1036.4,1177.3,1209.75,1152.05,1188.0,10858352
2020-12-22,1074.43,1220.5,1223.85,1176.1,1182.0,10901851
2020-12-23,1103.09,1253.05,1258.85,1230.55,1238.0,15878346
2020-12-24,1088.12,1236.05,1249.9,1226.0,1249.9,7313885
2020-12-28,1091.86,1240.3,1248.0,1236.0,1238.45,4607051
2020-12-29,1100.66,1250.3,1254.45,1235.0,1235.0,6878105
2020-12-30,1097.58,1246.8,1253.3,1238.15,1253.0,5194690
2020-12-31,1105.51,1255.8,1258.4,1239.0,1243.0,7430470
2021-01-01,1109.6,1260.45,1265.5,1255.8,1257.9,4253550
2021-01-04,1134.07,1288.25,1290.0,1261.15,1269.0,7208454
2021-01-05,1138.96,1293.8,1299.0,1275.05,1282.0,8145280
2021-01-06,1128.66,1282.1,1302.0,1268.05,1300.0,7161715
2021-01-07,1111.1,1262.15,1297.65,1255.5,1296.0,10954918
2021-01-08,1155.07,1312.1,1316.8,1278.25,1278.25,13186251
2021-01-11,1211.5,1376.2,1383.35,1340.0,1342.1,20528626
2021-01-12,1207.58,1371.75,1378.0,1360.0,1378.0,8309868
2021-01-13,1221.14,1387.15,1392.8,1360.0,1373.85,14442997
2021-01-14,1206.48,1370.5,1384.0,1318.45,1360.0,27521697
2021-01-15,1183.99,1344.95,1364.45,1340.0,1360.0,15018441
2021-01-18,1155.02,1312.05,1340.0,1306.0,1338.0,8861765
2021-01-19,1159.07,1316.65,1331.0,1312.0,1320.0,5585744
2021-01-20,1179.15,1339.45,1348.4,1320.55,1320.55,8225838
2021-01-21,1179.36,1339.7,1361.05,1335.0,1350.0,6142421
2021-01-22,1180.38,1340.85,1356.0,1326.55,1327.0,9646591
2021-01-25,1166.51,1325.1,1347.9,1313.0,1345.0,6542611
2021-01-27,1145.3,1301.0,1327.55,1285.1,1319.6,8133665
2021-01-28,1123.46,1276.2,1296.45,1272.55,1291.8,4660690
2021-01-29,1090.76,1239.05,1291.15,1231.0,1286.25,12183519
2021-02-01,1110.0,1260.9,1277.95,1241.0,1250.55,8880279
2021-02-02,1119.11,1271.25,1294.4,1263.6,1280.0,6892490
2021-02-03,1130.9,1284.65,1304.0,1273.0,1277.65,8182968
2021-02-04,1126.24,1279.35,1293.4,1272.05,1285.0,5032240
2021-02-05,1119.86,1272.1,1288.75,1262.0,1286.4,5477481
2021-02-08,1147.54,1303.55,1310.0,1275.5,1285.5,6921922
2021-02-09,1149.3,1305.55,1332.0,1297.85,1306.9,7965949
2021-02-10,1141.34,1296.5,1304.35,1283.6,1295.8,5951207
2021-02-11,1137.95,1292.65,1296.0,1283.05,1289.0,4673317
2021-02-12,1153.04,1309.8,1323.75,1301.55,1305.0,5797875
2021-02-15,1152.91,1309.65,1328.4,1307.1,1320.0,4363513
2021-02-16,1135.97,1290.4,1319.75,1286.0,1314.0,6896421
2021-02-17,1127.95,1281.3,1294.5,1275.0,1290.4,4575741
2021-02-18,1137.77,1292.45,1306.0,1275.0,1276.0,6437551
2021-02-19,1136.76,1291.3,1299.5,1276.8,1296.1,5389696
2021-02-22,1113.78,1265.2,1308.55,1260.0,1295.0,7371303
2021-02-23,1114.79,1266.35,1291.0,1257.55,1271.15,6612942
2021-02-24,1121.79,1274.3,1276.6,1252.0,1260.05,4537258
2021-02-25,1122.01,1274.55,1299.75,1272.0,1288.45,8788221
2021-02-26,1103.31,1253.3,1274.3,1244.75,1269.0,15132388
2021-03-01,1115.37,1267.0,1284.5,1259.0,1263.3,5756286
2021-03-02,1148.38,1304.5,1310.0,1279.2,1282.25,10461434
2021-03-03,1182.75,1343.55,1347.0,1308.0,1319.2,9056399
2021-03-04,1171.13,1330.35,1363.85,1325.9,1335.0,12041941
2021-03-05,1159.12,1316.7,1340.0,1305.05,1328.5,6486176
2021-03-08,1175.89,1335.75,1346.1,1317.2,1324.8,5119392
2021-03-09,1184.51,1345.55,1350.45,1318.75,1329.5,6518173
2021-03-10,1204.41,1368.15,1374.0,1355.0,1356.9,7925984
2021-03-12,1210.31,1374.85,1391.7,1370.05,1373.0,9462061
2021-03-15,1209.21,1373.6,1379.9,1358.5,1370.0,6658635
2021-03-16,1218.36,1384.0,1406.0,1380.5,1386.05,9352771
2021-03-17,1221.0,1387.0,1400.0,1382.0,1392.25,7626744
2021-03-18,1177.08,1337.1,1393.75,1313.5,1393.75,10961755
2021-03-19,1183.55,1344.45,1355.2,1318.0,1330.0,12767112
2021-03-22,1206.74,1370.8,1376.0,1336.1,1350.1,4862758
2021-03-23,1207.4,1371.55,1383.25,1359.6,1372.45,7165335
2021-03-24,1191.73,1353.75,1370.45,1346.25,1357.85,6134303
2021-03-25,1174.17,1333.8,1352.5,1327.6,1346.75,8749994
2021-03-26,1176.28,1336.2,1356.7,1332.0,1344.7,4922071
2021-03-30,1219.51,1385.3,1400.0,1336.15,1346.9,10546381
2021-03-31,1204.32,1368.05,1388.0,1363.3,1382.0,8220987
2021-04-01,1219.42,1385.2,1391.6,1371.0,1380.0,5675155
2021-04-05,1241.16,1409.9,1425.0,1387.0,1391.0,9479572
2021-04-06,1242.18,1411.05,1426.0,1406.45,1423.0,5793571
2021-04-07,1259.03,1430.2,1434.95,1406.6,1410.25,5879234
2021-04-08,1267.53,1439.85,1451.7,1421.0,1430.0,5654434
2021-04-09,1268.59,1441.05,1455.0,1430.05,1455.0,6052712
2021-04-12,1255.12,1425.75,1477.55,1415.0,1474.0,20384532
2021-04-13,1229.94,1397.15,1435.25,1375.0,1433.0,14855206
2021-04-15,1197.9,1360.75,1366.4,1320.0,1332.3,25342491
2021-04-16,1191.73,1353.75,1370.85,1346.6,1365.0,10879878
2021-04-19,1199.48,1362.55,1379.7,1332.35,1340.0,12508028
2021-04-20,1189.62,1351.35,1379.0,1342.4,1379.0,8560766
2021-04-22,1189.4,1351.1,1364.8,1345.15,1355.55,6622446
2021-04-23,1174.17,1333.8,1348.4,1331.0,1343.0,7316262
2021-04-26,1182.75,1343.55,1351.3,1321.0,1332.25,7088606
2021-04-27,1187.11,1348.5,1353.0,1340.15,1346.0,3636115
2021-04-28,1193.71,1356.0,1359.5,1344.6,1358.0,4879234
2021-04-29,1194.02,1356.35,1369.0,1351.4,1368.0,5412357
2021-04-30,1192.26,1354.35,1373.9,1345.9,1346.3,8354677
2021-05-03,1190.24,1352.05,1361.0,1338.0,1340.8,4560337
2021-05-04,1170.3,1329.4,1354.95,1324.1,1354.0,4887060
2021-05-05,1180.95,1341.5,1343.9,1327.8,1341.1,3939788
2021-05-06,1198.64,1361.6,1364.7,1337.4,1345.0,4810090
2021-05-07,1190.68,1352.55,1373.05,1348.5,1365.3,4991435
2021-05-10,1179.23,1339.55,1352.9,1335.05,1349.85,7195348
2021-05-11,1171.4,1330.65,1341.0,1325.1,1336.9,6420988
2021-05-12,1168.18,1327.0,1330.0,1314.5,1330.0,5241898
2021-05-14,1158.85,1316.4,1326.85,1311.3,1326.85,4824609
2021-05-17,1170.3,1329.4,1334.95,1320.3,1320.3,5017129
2021-05-18,1179.63,1340.0,1344.6,1329.5,1338.0,5620150
2021-05-19,1176.99,1337.0,1357.45,1333.25,1342.0,4435878
2021-05-20,1179.01,1339.3,1349.1,1335.0,1348.4,4490092
2021-05-21,1192.39,1354.5,1357.5,1346.35,1347.5,4969733
2021-05-24,1186.72,1348.05,1363.0,1345.1,1356.65,4225371
2021-05-25,1198.64,1361.6,1368.0,1354.45,1358.0,4099340
2021-05-26,1230.03,1397.25,1400.0,1362.05,1367.9,6850024
2021-05-27,1234.43,1402.25,1416.25,1391.7,1404.2,15365391
2021-05-28,1236.89,1405.05,1414.0,1396.1,1409.75,4261312
2021-05-31,1240.19,1393.75,1401.5,1383.0,1401.5,4429904
2021-06-01,1234.36,1387.2,1401.0,1378.65,1400.0,4791325
2021-06-02,1226.75,1378.65,1391.95,1365.0,1380.75,9272276
2021-06-03,1236.54,1389.65,1399.0,1377.05,1388.1,5115645
2021-06-04,1232.98,1385.65,1396.9,1377.65,1393.95,4194328
2021-06-07,1236.54,1389.65,1392.0,1377.3,1391.0,5154576
2021-06-08,1257.27,1412.95,1421.75,1395.55,1396.0,7360630
2021-06-09,1259.36,1415.3,1425.0,1404.6,1413.4,5394317
2021-06-10,1267.37,1424.3,1429.0,1419.0,1424.0,3496575
2021-06-11,1287.48,1446.9,1451.6,1429.45,1430.1,6140828
2021-06-14,1300.74,1461.8,1477.0,1453.45,1471.0,7132294
2021-06-15,1311.51,1473.9,1476.0,1463.0,1464.0,5403104
2021-06-16,1317.47,1480.6,1489.45,1467.5,1472.7,7661710
2021-06-17,1330.55,1495.3,1502.65,1475.1,1475.1,7677951
2021-06-18,1337.67,1503.3,1515.8,1487.4,1509.0,13533974
2021-06-21,1335.0,1500.3,1505.8,1484.2,1493.0,5454052
2021-06-22,1345.27,1511.85,1521.45,1502.1,1509.7,6427862
2021-06-23,1337.53,1503.15,1525.0,1498.65,1525.0,5529809
2021-06-24,1387.41,1559.2,1568.75,1511.2,1517.0,10785137
2021-06-25,1400.75,1574.2,1578.0,1543.0,1572.0,9780240
2021-06-28,1398.62,1571.8,1580.15,1560.6,1572.9,5019178
2021-06-29,1390.83,1563.05,1573.65,1559.2,1561.0,5913567
2021-06-30,1406.63,1580.8,1591.0,1572.05,1572.05,6058722
2021-07-01,1388.47,1560.4,1576.85,1559.05,1576.85,4814317
2021-07-02,1395.06,1567.8,1569.45,1542.6,1558.95,5166064
2021-07-05,1404.98,1578.95,1585.0,1561.05,1569.15,4058338
2021-07-06,1390.08,1562.2,1586.75,1557.1,1573.7,4089574
2021-07-07,1392.21,1564.6,1570.55,1544.65,1566.05,4797120
2021-07-08,1388.79,1560.75,1576.0,1549.0,1568.0,3326813
2021-07-09,1390.7,1562.9,1569.9,1551.0,1556.0,3436594
2021-07-12,1377.31,1547.85,1578.0,1533.75,1570.55,4588982
2021-07-13,1374.73,1544.95,1556.4,1536.3,1556.4,4456160
2021-07-14,1403.16,1576.9,1582.8,1538.1,1554.0,5657716
2021-07-15,1406.63,1580.8,1596.85,1556.0,1557.9,10021355
2021-07-16,1384.07,1555.45,1574.65,1549.6,1573.75,6265593
2021-07-19,1371.84,1541.7,1552.9,1537.55,1544.7,5669162
2021-07-20,1379.27,1550.05,1557.7,1538.0,1538.3,5069939
2021-07-22,1414.99,1590.2,1592.85,1561.4,1561.4,7854575
2021-07-23,1415.21,1590.45,1598.5,1585.05,1588.55,4179719
2021-07-26,1427.18,1603.9,1611.65,1594.1,1594.1,4586710
2021-07-27,1425.98,1602.55,1609.3,1597.9,1605.0,5892859
2021-07-28,1428.69,1605.6,1607.6,1585.5,1605.1,4686788
2021-07-29,1438.84,1617.0,1620.0,1600.1,1600.1,4660873
2021-07-30,1433.05,1610.5,1623.4,1606.15,1610.0,6234257
2021-08-02,1451.79,1631.55,1634.75,1619.2,1627.45,5553389
2021-08-03,1472.83,1655.2,1658.65,1635.6,1647.0,5513668
2021-08-04,1467.54,1649.25,1679.9,1639.05,1669.1,6740391
2021-08-05,1471.36,1653.55,1666.0,1647.05,1649.5,5420536
2021-08-06,1468.38,1650.2,1660.65,1644.0,1657.0,3754855
2021-08-09,1480.04,1663.3,1667.45,1646.4,1661.0,5018477
2021-08-10,1492.45,1677.25,1680.0,1661.05,1668.0,6846517
2021-08-11,1492.72,1677.55,1684.0,1668.0,1674.8,4899639
2021-08-12,1503.44,1689.6,1696.5,1674.0,1679.15,5659579
2021-08-13,1523.55,1712.2,1722.5,1691.3,1697.0,5612790
2021-08-16,1516.61,1704.4,1719.95,1690.1,1707.7,4564109
2021-08-17,1549.75,1741.65,1748.9,1686.55,1703.9,9510390
2021-08-18,1542.46,1733.45,1755.5,1727.0,1729.0,6686090
2021-08-20,1542.01,1732.95,1745.0,1716.1,1716.1,6206972
2021-08-23,1547.17,1738.75,1753.15,1732.0,1735.75,6189051
2021-08-24,1531.25,1720.85,1757.0,1712.7,1750.0,7602939
2021-08-25,1544.33,1735.55,1746.9,1718.0,1718.0,6153253
2021-08-26,1537.34,1727.7,1746.0,1720.0,1734.0,5302248
2021-08-27,1520.52,1708.8,1727.7,1705.2,1725.0,6698514
2021-08-30,1510.96,1698.05,1718.65,1690.4,1703.05,6559667
2021-08-31,1518.43,1706.45,1715.0,1685.85,1700.15,12255438
2021-09-01,1492.9,1677.75,1709.5,1673.15,1709.5,7801974
2021-09-02,1502.99,1689.1,1694.3,1662.65,1677.35,6830050
2021-09-03,1513.27,1700.65,1705.95,1684.4,1696.05,5339139
2021-09-06,1539.74,1730.4,1732.0,1699.35,1705.15,4876026
2021-09-07,1518.61,1706.65,1734.9,1704.0,1730.0,3520341
2021-09-08,1506.69,1693.25,1700.85,1682.95,1700.85,4584896
2021-09-09,1505.22,1691.6,1694.9,1682.15,1685.9,3331674
2021-09-13,1505.49,1691.9,1701.5,1675.2,1683.0,4662374
2021-09-14,1500.37,1686.15,1695.95,1678.6,1695.95,4945167
2021-09-15,1522.88,1711.45,1715.1,1690.2,1693.25,4062344
2021-09-16,1514.7,1702.25,1719.25,1691.45,1715.2,3246568
2021-09-17,1504.95,1691.3,1718.0,1684.45,1697.0,7454864
2021-09-20,1501.88,1687.85,1707.7,1677.95,1685.0,5660743
2021-09-21,1529.11,1718.45,1726.75,1684.65,1700.0,4672222
2021-09-22,1527.73,1716.9,1738.9,1713.05,1717.0,4553892
2021-09-23,1550.56,1742.55,1745.0,1721.1,1732.0,3826090
2021-09-24,1569.51,1763.85,1788.0,1752.45,1758.0,8280446
2021-09-27,1531.51,1721.15,1769.0,1718.1,1768.75,5045337
2021-09-28,1501.22,1687.1,1710.0,1675.0,1710.0,6557197
2021-09-29,1505.8,1692.25,1701.4,1655.0,1659.25,7792548
2021-09-30,1490.63,1675.2,1703.0,1670.1,1703.0,6914031
2021-10-01,1481.68,1665.15,1678.95,1661.25,1665.1,5733906
2021-10-04,1493.79,1678.75,1688.0,1665.4,1672.5,2947154
2021-10-05,1506.29,1692.8,1702.95,1663.0,1671.0,4373310
2021-10-06,1489.16,1673.55,1709.0,1670.0,1702.1,4271698
2021-10-07,1504.69,1691.0,1704.2,1676.65,1687.0,5476108
2021-10-08,1533.92,1723.85,1731.5,1698.4,1705.25,4738376
2021-10-11,1504.64,1690.95,1730.0,1663.7,1682.0,8840633
2021-10-12,1499.48,1685.15,1689.0,1662.0,1677.0,7439300
2021-10-13,1520.88,1709.2,1713.65,1680.05,1695.95,7104171
2021-10-14,1526.71,1715.75,1783.6,1698.2,1754.0,19655776
2021-10-18,1594.69,1792.15,1799.0,1740.0,1740.0,13438109
2021-10-19,1621.39,1822.15,1834.5,1782.3,1814.0,10324260
2021-10-20,1603.77,1802.35,1848.0,1794.05,1829.4,5876115
2021-10-21,1560.43,1753.65,1814.0,1746.85,1814.0,8779629
2021-10-22,1530.31,1719.8,1763.2,1707.0,1749.9,7369809
2021-10-25,1519.41,1707.55,1729.75,1687.2,1722.05,5905209
2021-10-26,1529.42,1703.7,1726.6,1695.9,1710.05,5871709
2021-10-27,1552.09,1728.95,1734.15,1701.15,1709.1,5090259
2021-10-28,1529.6,1703.9,1724.75,1692.05,1719.35,5329972
2021-10-29,1497.15,1667.75,1712.6,1661.05,1699.0,5875091
2021-11-01,1526.14,1700.05,1707.2,1676.0,1677.5,3636806
2021-11-02,1524.21,1697.9,1706.45,1686.35,1695.0,3471772
2021-11-03,1528.34,1702.5,1717.45,1699.0,1709.0,3530713
2021-11-04,1533.91,1708.7,1717.0,1705.0,1715.0,483407
2021-11-08,1559.76,1737.5,1741.0,1703.0,1730.0,5245903
2021-11-09,1564.25,1742.5,1750.0,1726.0,1734.75,4016134
2021-11-10,1562.14,1740.15,1750.95,1721.95,1726.0,4780368
2021-11-11,1555.99,1733.3,1739.75,1709.0,1732.95,4731349
2021-11-12,1598.1,1780.2,1782.85,1738.05,1743.0,5069009
2021-11-15,1604.34,1787.15,1800.0,1775.5,1782.1,4354074
2021-11-16,1608.96,1792.3,1808.95,1777.0,1790.0,6034233
2021-11-17,1604.6,1787.45,1802.0,1780.7,1792.55,4732492
2021-11-18,1597.38,1779.4,1789.45,1759.0,1781.6,4326924
2021-11-22,1579.42,1759.4,1785.4,1751.15,1784.0,6621839
2021-11-23,1559.23,1736.9,1747.25,1710.0,1735.1,8436160
2021-11-24,1522.51,1696.0,1740.5,1688.0,1740.0,7333061
2021-11-25,1546.21,1722.4,1726.2,1696.95,1700.0,4476260
2021-11-26,1518.6,1691.65,1718.35,1684.0,1702.55,4494181
2021-11-29,1522.82,1696.35,1712.0,1669.15,1691.0,3942776
2021-11-30,1537.46,1712.65,1729.9,1700.05,1704.55,14808963
2021-12-01,1539.48,1714.9,1741.9,1713.0,1715.0,5193264
2021-12-02,1569.41,1748.25,1750.5,1711.35,1715.0,5559574
2021-12-03,1558.01,1735.55,1786.65,1732.55,1771.1,6754012
2021-12-06,1521.88,1695.3,1733.95,1691.5,1730.0,3991449
2021-12-07,1536.56,1711.65,1724.9,1694.0,1701.1,4202122
2021-12-08,1573.99,1753.35,1759.8,1732.6,1733.0,3029169
2021-12-09,1583.06,1763.45,1769.4,1742.0,1759.0,2082171
2021-12-10,1579.29,1759.25,1763.75,1746.0,1760.0,1823469
2021-12-13,1566.18,1744.65,1771.35,1738.8,1767.05,4040584
2021-12-14,1572.92,1752.15,1763.0,1710.35,1730.9,4768144
2021-12-15,1556.8,1734.2,1747.95,1721.2,1745.0,3053149
2021-12-16,1590.38,1771.6,1777.6,1758.0,1762.65,4481031
2021-12-17,1634.59,1820.85,1842.0,1806.75,1820.0,18887243
2021-12-20,1614.88,1798.9,1829.65,1787.3,1801.7,5773891
2021-12-21,1626.28,1811.6,1838.0,1801.0,1801.0,5353584
2021-12-22,1638.04,1824.7,1829.15,1812.35,1825.0,4156428
2021-12-23,1667.58,1857.6,1861.6,1827.0,1831.25,4112933
2021-12-24,1672.87,1863.5,1875.75,1854.0,1872.95,3780347
2021-12-27,1675.25,1866.15,1874.5,1845.05,1860.0,2647733
2021-12-28,1694.87,1888.0,1895.9,1878.4,1880.7,3340933
2021-12-29,1692.67,1885.55,1893.8,1876.4,1883.5,3236635
2021-12-30,1699.22,1892.85,1909.8,1874.35,1884.5,4584738
2021-12-31,1694.64,1887.75,1898.35,1871.65,1890.0,4619420
2022-01-03,1704.25,1898.45,1914.05,1887.75,1887.75,3329616
2022-01-04,1704.88,1899.15,1906.65,1878.0,1898.45,3921999
2022-01-05,1655.95,1844.65,1902.9,1840.0,1900.0,6995719
2022-01-06,1631.85,1817.8,1828.0,1800.0,1828.0,6449205
2022-01-07,1628.71,1814.3,1836.0,1806.8,1815.45,4834389
2022-01-10,1661.43,1850.75,1869.9,1813.0,1815.0,7857560
2022-01-11,1665.78,1855.6,1870.0,1850.15,1855.0,5142287
2022-01-12,1685.4,1877.45,1889.0,1860.0,1868.9,5362535
2022-01-13,1702.77,1896.8,1912.5,1866.35,1905.0,14277630
2022-01-14,1731.99,1929.35,1933.0,1881.0,1882.0,7688506
2022-01-17,1741.1,1939.5,1953.9,1930.5,1938.55,5262464
2022-01-18,1724.27,1920.75,1945.0,1911.45,1922.1,3690315
2022-01-19,1676.06,1867.05,1916.0,1862.85,1916.0,5747770
2022-01-20,1637.15,1823.7,1848.0,1815.5,1844.0,5533463
2022-01-21,1603.03,1785.7,1808.0,1776.0,1795.0,8252758
2022-01-24,1559.14,1736.8,1768.65,1728.0,1765.0,7116712
2022-01-25,1545.98,1722.15,1740.0,1700.5,1726.6,9137653
2022-01-27,1506.89,1678.6,1709.7,1665.0,1702.0,11231734
2022-01-28,1513.71,1686.2,1727.55,1679.5,1681.0,10998502
2022-01-31,1558.6,1736.2,1749.5,1715.35,1718.0,8788872
2022-02-01,1590.78,1772.05,1780.0,1734.7,1766.1,5119935
2022-02-02,1604.29,1787.1,1792.8,1772.0,1789.0,4253717
2022-02-03,1560.71,1738.55,1779.0,1734.0,1779.0,3832922
2022-02-04,1563.0,1741.1,1753.95,1710.15,1732.0,4700077
2022-02-07,1539.57,1715.0,1732.0,1695.4,1722.2,4310209
2022-02-08,1541.63,1717.3,1725.0,1696.0,1710.0,6053401
2022-02-09,1559.58,1737.3,1743.0,1725.0,1735.0,3867244
2022-02-10,1588.58,1769.6,1773.9,1748.75,1755.65,4334630
2022-02-11,1545.27,1721.35,1745.95,1713.0,1740.0,7551371
2022-02-14,1510.12,1682.2,1718.55,1678.25,1690.0,7459637
2022-02-15,1560.44,1738.25,1746.75,1690.45,1699.0,4669915
2022-02-16,1555.99,1733.3,1755.45,1726.85,1738.25,5350642
2022-02-17,1548.36,1724.8,1749.0,1720.3,1744.0,3937950
2022-02-18,1532.34,1706.95,1722.5,1703.5,1710.0,5602215
2022-02-21,1553.66,1730.7,1737.3,1691.5,1701.0,5120890
2022-02-22,1556.94,1734.35,1751.0,1691.05,1699.9,8878515
2022-02-23,1564.57,1742.85,1758.25,1733.4,1750.0,5478811
2022-02-24,1506.48,1678.15,1714.95,1670.5,1690.1,13592379
2022-02-25,1521.25,1694.6,1728.15,1677.0,1715.0,9737281
2022-02-28,1540.1,1715.6,1728.05,1665.0,1682.2,15076542
2022-03-02,1528.61,1702.8,1714.4,1691.0,1710.0,6771489
2022-03-03,1544.82,1720.85,1733.9,1705.55,1720.2,7344147
2022-03-04,1547.02,1723.3,1736.0,1681.0,1695.25,9074499
2022-03-07,1561.87,1739.85,1751.0,1696.0,1697.0,9742588
2022-03-08,1596.3,1778.2,1800.0,1718.45,1718.45,10984500
2022-03-09,1627.85,1813.35,1831.6,1791.0,1791.0,10193515
2022-03-10,1639.12,1825.9,1844.75,1810.2,1844.75,6547182
2022-03-11,1635.62,1822.0,1831.4,1811.0,1814.0,4758657
2022-03-14,1697.29,1890.7,1895.0,1831.55,1831.55,10289724
2022-03-15,1651.15,1839.3,1888.35,1830.0,1888.35,7140443
2022-03-16,1696.13,1889.4,1893.95,1849.0,1865.0,5233979
2022-03-17,1664.89,1854.6,1923.3,1833.05,1923.3,17731459
2022-03-21,1663.49,1853.05,1886.9,1841.1,1861.0,8362085
2022-03-22,1694.33,1887.4,1890.0,1839.0,1850.0,5709382
2022-03-23,1680.86,1872.4,1900.0,1857.0,1897.0,6192824
2022-03-24,1693.7,1886.7,1894.6,1856.15,1856.15,3784303
2022-03-25,1684.59,1876.55,1894.0,1858.0,1892.0,3438588
2022-03-28,1682.21,1873.9,1880.9,1852.65,1866.0,4008555
2022-03-29,1693.07,1886.0,1889.4,1860.55,1873.9,3917785
2022-03-30,1709.19,1903.95,1919.0,1895.0,1910.0,7795839
2022-03-31,1711.79,1906.85,1913.0,1894.2,1900.0,5399145
2022-04-01,1708.83,1903.55,1910.3,1878.3,1886.85,6171518
2022-04-04,1690.34,1882.95,1893.0,1873.0,1889.75,7364074
2022-04-05,1670.72,1861.1,1889.6,1857.15,1883.8,5472024
2022-04-06,1641.77,1828.85,1857.5,1822.15,1855.0,5407453
2022-04-07,1625.74,1811.0,1828.15,1807.55,1821.05,5797544
2022-04-08,1628.98,1814.6,1838.0,1808.0,1823.0,5131446
2022-04-11,1585.84,1766.55,1814.0,1762.55,1814.0,8248407
2022-04-12,1564.21,1742.45,1757.5,1727.75,1757.5,6456184
2022-04-13,1569.68,1748.55,1757.5,1732.0,1754.95,6257693
2022-04-18,1455.54,1621.4,1650.0,1590.0,1605.5,30523965
2022-04-19,1402.22,1562.0,1636.65,1550.0,1636.65,17044923
2022-04-20,1425.29,1587.7,1596.3,1563.0,1575.0,10678747
2022-04-21,1453.21,1618.8,1627.2,1589.25,1595.0,7766514
2022-04-22,1423.27,1585.45,1610.7,1582.4,1604.35,8134245
2022-04-25,1401.41,1561.1,1572.8,1554.1,1572.8,7000570
2022-04-26,1419.27,1581.0,1592.0,1566.55,1577.2,5345435
2022-04-27,1393.96,1552.8,1572.75,1550.35,1572.75,8819356
2022-04-28,1420.71,1582.6,1601.8,1557.45,1570.0,9245177
2022-04-29,1407.2,1567.55,1597.3,1560.8,1590.0,9831395
2022-05-02,1383.36,1541.0,1552.75,1531.0,1550.9,7072627
2022-05-04,1378.47,1535.55,1570.0,1530.15,1547.25,6220959
2022-05-05,1423.0,1585.15,1589.4,1557.45,1560.05,6144870
2022-05-06,1385.03,1542.85,1561.85,1535.05,1550.0,6171472
2022-05-09,1409.71,1570.35,1586.8,1522.15,1540.0,6832202
2022-05-10,1394.14,1553.0,1569.15,1546.05,1558.0,6212545
2022-05-11,1370.57,1526.75,1549.95,1511.6,1549.95,7846080
2022-05-12,1354.46,1508.8,1527.5,1504.3,1514.0,7034979
2022-05-13,1350.51,1504.4,1529.25,1498.1,1519.3,6723761
2022-05-16,1336.77,1489.1,1511.85,1478.65,1510.0,6145331
2022-05-17,1363.12,1518.45,1525.0,1480.9,1494.9,6516378
2022-05-18,1354.82,1509.2,1549.7,1505.3,1522.0,6594126
2022-05-19,1281.16,1427.15,1484.7,1417.65,1481.0,16561140
2022-05-20,1306.3,1455.15,1466.75,1446.7,1453.0,10488908
2022-05-23,1318.19,1468.4,1488.0,1450.05,1455.1,5887569
2022-05-24,1293.59,1441.0,1469.55,1435.25,1468.6,5693167
2022-05-25,1266.17,1410.45,1442.5,1399.25,1435.0,9630092
2022-05-26,1278.29,1423.95,1430.0,1407.05,1418.0,13040065
2022-05-27,1311.86,1461.35,1467.0,1437.4,1443.95,8284860
2022-05-30,1370.62,1526.8,1530.0,1485.0,1487.0,10904213
2022-05-31,1364.09,1503.6,1518.0,1488.15,1510.7,16033857
2022-06-01,1341.36,1478.55,1514.75,1472.1,1513.0,8738508
2022-06-02,1368.08,1508.0,1513.85,1475.6,1484.0,7205840
2022-06-03,1380.51,1521.7,1555.0,1518.0,1524.9,9395707
2022-06-06,1388.08,1530.05,1536.6,1493.0,1516.0,6624883
2022-06-07,1366.9,1506.7,1519.85,1502.6,1519.85,4904592
2022-06-08,1360.82,1500.0,1520.2,1492.0,1520.2,4697608
2022-06-09,1374.43,1515.0,1516.95,1481.5,1485.0,4361061
2022-06-10,1339.77,1476.8,1493.95,1473.6,1486.1,6516436
2022-06-13,1292.32,1424.5,1443.6,1411.7,1443.6,6987685
2022-06-14,1306.89,1440.55,1448.9,1403.15,1410.0,6090247
2022-06-15,1290.24,1422.2,1446.4,1418.85,1440.2,4651958
2022-06-16,1267.56,1397.2,1443.75,1392.0,1438.0,6641772
2022-06-17,1258.58,1387.3,1396.95,1367.15,1391.05,9692047
2022-06-20,1282.94,1414.15,1422.35,1382.0,1390.05,4595194
2022-06-21,1315.37,1449.9,1456.0,1422.75,1424.0,6270787
2022-06-22,1303.89,1437.25,1459.6,1435.0,1436.05,6253366
2022-06-23,1317.68,1452.45,1458.0,1433.0,1439.8,6254281
2022-06-24,1307.38,1441.1,1467.5,1428.9,1458.0,6114340
2022-06-27,1337.78,1474.6,1484.0,1465.15,1468.05,4511097
2022-06-28,1342.81,1480.15,1488.25,1453.0,1469.0,4412178
2022-06-29,1327.48,1463.25,1477.0,1457.0,1464.7,5060038
2022-06-30,1326.25,1461.9,1482.0,1455.0,1465.05,9165177
2022-07-01,1342.13,1479.4,1485.0,1442.35,1454.0,4651635
2022-07-04,1349.93,1488.0,1492.25,1462.0,1480.25,4800224
2022-07-05,1339.0,1475.95,1509.95,1472.0,1498.8,7379669
2022-07-06,1353.24,1491.65,1500.0,1470.0,1482.2,5209162
2022-07-07,1359.64,1498.7,1513.95,1495.7,1503.05,3323472
2022-07-08,1373.93,1514.45,1516.95,1499.95,1515.0,3652582
2022-07-11,1336.46,1473.15,1499.9,1466.4,1495.0,4702638
2022-07-12,1305.12,1438.6,1468.6,1436.0,1461.8,4710356
2022-07-13,1310.42,1444.45,1460.0,1438.6,1450.0,5264025
2022-07-14,1296.27,1428.85,1452.95,1414.0,1451.0,6157606
2022-07-15,1297.63,1430.35,1446.0,1410.65,1446.0,5620018
2022-07-18,1351.66,1489.9,1493.6,1448.05,1450.0,5835171
2022-07-19,1346.44,1484.15,1486.85,1470.1,1471.55,3418540
2022-07-20,1374.7,1515.3,1525.8,1500.0,1501.25,5079392
2022-07-21,1390.67,1532.9,1535.45,1503.1,1517.0,5008061
2022-07-22,1366.53,1506.3,1540.0,1492.15,1534.0,7020642
2022-07-25,1364.09,1503.6,1517.15,1480.1,1480.1,7859626
2022-07-26,1316.5,1451.15,1496.65,1445.0,1496.65,7268273
2022-07-27,1334.56,1471.05,1473.0,1445.0,1451.0,4517285
2022-07-28,1376.6,1517.4,1524.45,1489.85,1496.4,6636841
2022-07-29,1405.91,1549.7,1555.7,1528.0,1532.8,7009465
2022-08-01,1407.13,1551.05,1564.0,1537.9,1564.0,2983249
2022-08-02,1400.37,1543.6,1547.0,1528.35,1546.55,4374635
2022-08-03,1420.79,1566.1,1570.0,1539.9,1549.0,6011955
2022-08-04,1451.45,1599.9,1603.85,1574.95,1587.5,7402209
2022-08-05,1466.65,1616.65,1625.7,1602.3,1608.4,5361971
2022-08-08,1469.14,1619.4,1622.0,1596.0,1617.0,3763409
2022-08-10,1453.76,1602.45,1621.2,1588.1,1621.2,4423829
2022-08-11,1469.64,1619.95,1631.35,1616.0,1630.0,3462090
2022-08-12,1446.19,1594.1,1614.0,1590.15,1613.3,3562286
2022-08-16,1448.32,1596.45,1609.0,1591.1,1609.0,3004430
2022-08-17,1457.21,1606.25,1612.0,1585.0,1596.45,4067324
2022-08-18,1436.07,1582.95,1598.2,1574.0,1594.1,4635706
2022-08-19,1448.91,1597.1,1604.9,1585.1,1585.3,4739884
2022-08-22,1429.45,1575.65,1599.0,1574.0,1586.0,3950555
2022-08-23,1399.29,1542.4,1554.5,1533.0,1548.0,5551574
2022-08-24,1394.84,1537.5,1546.0,1531.0,1535.0,2888426
2022-08-25,1377.29,1518.15,1548.7,1513.75,1548.0,4331088
2022-08-26,1380.37,1521.55,1544.95,1517.45,1535.15,3079136
2022-08-29,1326.12,1461.75,1468.55,1450.0,1468.55,8079050
2022-08-30,1354.42,1492.95,1496.1,1466.0,1473.1,6725875
2022-09-01,1328.34,1464.2,1468.1,1451.05,1460.05,8140604
2022-09-02,1318.18,1453.0,1478.0,1448.0,1478.0,5175653
2022-09-05,1325.71,1461.3,1467.0,1446.35,1451.0,3669352
2022-09-06,1320.09,1455.1,1470.0,1445.45,1461.3,3428442
2022-09-07,1322.4,1457.65,1465.75,1438.05,1440.0,3600574
2022-09-08,1338.96,1475.9,1481.1,1463.6,1475.0,4061475
2022-09-09,1371.39,1511.65,1520.0,1480.0,1488.0,4816910
2022-09-12,1393.66,1536.2,1545.9,1521.15,1525.8,5494819
2022-09-13,1401.6,1544.95,1553.0,1541.3,1551.9,4947158
2022-09-14,1338.5,1475.4,1498.95,1472.0,1497.0,14332197
2022-09-15,1299.85,1432.8,1475.2,1429.05,1475.0,12784100
2022-09-16,1249.28,1377.05,1425.0,1368.35,1425.0,20464045
2022-09-19,1261.3,1390.3,1406.0,1380.6,1392.0,6595241
2022-09-20,1259.71,1388.55,1413.55,1385.1,1407.95,7219797
2022-09-21,1249.46,1377.25,1388.8,1368.4,1379.9,7917054
2022-09-22,1241.02,1367.95,1383.95,1360.0,1366.35,9168498
2022-09-23,1238.75,1365.45,1394.8,1362.0,1367.5,10426200
2022-09-26,1252.18,1380.25,1399.45,1355.0,1360.0,9414587
2022-09-27,1264.25,1393.55,1406.5,1378.0,1393.45,8561254
2022-09-28,1265.29,1394.7,1405.85,1377.0,1379.0,7022098
2022-09-29,1268.87,1398.65,1409.85,1393.0,1404.9,6119965
2022-09-30,1282.3,1413.45,1419.3,1376.0,1388.95,8120130
2022-10-03,1264.43,1393.75,1412.0,1386.0,1412.0,4943169
2022-10-04,1296.77,1429.4,1432.25,1414.0,1419.7,6631341
2022-10-06,1320.13,1455.15,1459.8,1444.1,1445.0,6180672
2022-10-07,1316.55,1451.2,1457.85,1440.15,1446.35,3994466
2022-10-10,1326.94,1462.65,1465.0,1426.35,1426.35,5274677
2022-10-11,1291.69,1423.8,1479.65,1420.1,1462.65,12824774
2022-10-12,1296.13,1428.7,1441.1,1413.55,1437.0,5481467
2022-10-13,1288.15,1419.9,1437.95,1415.0,1431.0,4821514
2022-10-14,1337.46,1474.25,1494.0,1467.25,1485.0,14990688
2022-10-17,1351.7,1489.95,1495.0,1475.5,1476.9,4286396
2022-10-18,1364.18,1503.7,1510.95,1497.25,1510.0,4692004
2022-10-19,1347.62,1485.45,1504.95,1481.3,1504.0,3553171
2022-10-20,1361.64,1500.9,1504.0,1474.2,1475.0,4583939
2022-10-21,1361.27,1500.5,1506.0,1491.35,1500.3,3594485
2022-10-24,1377.01,1517.85,1521.8,1511.0,1518.5,982837
2022-10-25,1384.68,1526.3,1532.9,1521.05,1528.1,3914341
2022-10-27,1397.66,1523.95,1534.9,1512.5,1530.8,6760137
2022-10-28,1387.84,1513.25,1527.95,1507.0,1526.0,3053981
2022-10-31,1410.22,1537.65,1546.4,1530.25,1530.25,4542336
2022-11-01,1442.64,1573.0,1575.0,1547.1,1553.05,4542692
2022-11-02,1424.57,1553.3,1572.75,1545.0,1572.0,2938906
2022-11-03,1403.89,1530.75,1543.9,1521.65,1538.75,3174027
2022-11-04,1388.53,1514.0,1520.45,1501.15,1520.45,4509682
2022-11-07,1382.52,1507.45,1527.9,1491.1,1521.4,4898592
2022-11-09,1385.96,1511.2,1529.0,1501.1,1529.0,3334755
2022-11-10,1377.48,1501.95,1512.0,1485.0,1485.0,3435763
2022-11-11,1439.98,1570.1,1573.5,1546.65,1546.65,7214098
2022-11-14,1453.92,1585.3,1591.4,1568.45,1575.15,4908813
2022-11-15,1461.9,1594.0,1597.85,1572.75,1577.85,3497614
2022-11-16,1469.97,1602.8,1609.0,1593.5,1597.15,4497697
2022-11-17,1455.85,1587.4,1602.8,1582.95,1597.2,3469515
2022-11-18,1461.35,1593.4,1598.0,1575.5,1591.7,3126064
2022-11-21,1438.24,1568.2,1587.85,1564.05,1582.1,3071764
2022-11-22,1453.69,1585.05,1588.0,1562.0,1569.0,3399329
2022-11-23,1451.95,1583.15,1592.0,1579.3,1588.9,3245067
2022-11-24,1494.73,1629.8,1636.0,1584.75,1589.0,5282215
2022-11-25,1500.1,1635.65,1644.0,1613.8,1631.4,4563255
2022-11-28,1488.86,1623.4,1653.5,1620.0,1628.0,3825766
2022-11-29,1494.05,1629.05,1638.75,1615.05,1621.2,3131710
2022-11-30,1499.46,1634.95,1645.75,1613.15,1619.95,11868134
2022-12-01,1519.77,1657.1,1672.6,1652.3,1656.2,5407928
2022-12-02,1502.16,1637.9,1661.8,1633.95,1656.0,4283343
2022-12-05,1503.86,1639.75,1644.85,1623.3,1638.0,3824966
2022-12-06,1479.23,1612.9,1626.0,1607.55,1625.0,4822398
2022-12-07,1472.45,1605.5,1623.8,1596.7,1608.0,4898087
2022-12-08,1485.88,1620.15,1623.9,1598.5,1605.5,4206837
2022-12-09,1439.25,1569.3,1628.0,1561.1,1628.0,8880658
2022-12-12,1418.98,1547.2,1565.95,1530.05,1550.0,8037679
2022-12-13,1441.86,1572.15,1577.5,1541.15,1547.2,6135067
2022-12-14,1448.51,1579.4,1588.5,1573.0,1582.0,4976020
2022-12-15,1412.83,1540.5,1570.0,1535.25,1569.3,6443866
2022-12-16,1396.05,1522.2,1549.5,1512.05,1525.0,9630453
2022-12-19,1382.43,1507.35,1516.9,1495.05,1507.95,6222740
2022-12-20,1382.39,1507.3,1516.0,1482.45,1501.0,7396259
2022-12-21,1384.45,1509.55,1521.0,1502.35,1515.0,6236361
2022-12-22,1395.91,1522.05,1529.95,1511.75,1521.5,6302640
2022-12-23,1373.03,1497.1,1509.9,1493.0,1508.7,6283822
2022-12-26,1377.89,1502.4,1509.9,1496.35,1500.5,4115459
2022-12-27,1389.31,1514.85,1521.45,1497.5,1509.95,4860076
2022-12-28,1385.0,1510.15,1524.95,1498.5,1505.1,5029860
2022-12-29,1391.79,1517.55,1521.3,1501.0,1504.0,4624745
2022-12-30,1383.21,1508.2,1530.4,1504.05,1528.0,5060544
2023-01-02,1397.7,1524.0,1526.5,1504.05,1514.0,3801140
2023-01-03,1396.37,1522.55,1532.65,1515.1,1519.85,4551130
2023-01-04,1370.92,1494.8,1521.0,1491.1,1521.0,7059590
2023-01-05,1352.95,1475.2,1505.9,1469.25,1505.9,9868404
2023-01-06,1328.46,1448.5,1475.0,1446.5,1470.0,6443714
2023-01-09,1361.43,1484.45,1489.35,1448.2,1448.2,11498717
2023-01-10,1347.95,1469.75,1483.9,1454.05,1482.0,7158624
2023-01-11,1349.32,1471.25,1494.0,1464.0,1470.0,6173092
2023-01-12,1357.9,1480.6,1485.0,1455.0,1481.95,6591385
2023-01-13,1379.04,1503.65,1519.4,1468.0,1483.5,11610426
2023-01-16,1399.08,1525.5,1528.0,1502.3,1510.0,6073063
2023-01-17,1411.92,1539.5,1542.2,1524.0,1527.0,5922644
2023-01-18,1417.33,1545.4,1551.85,1539.6,1544.75,5843098
2023-01-19,1411.37,1538.9,1549.55,1526.15,1539.9,6165284
2023-01-20,1399.12,1525.55,1545.0,1524.0,1538.0,6496429
2023-01-23,1419.71,1548.0,1553.3,1528.1,1535.0,4855020
2023-01-24,1423.29,1551.9,1568.8,1549.75,1560.0,5200802
2023-01-25,1415.13,1543.0,1556.0,1538.75,1547.0,4158617
2023-01-27,1393.25,1519.15,1550.95,1507.4,1546.0,6209955
2023-01-30,1411.28,1538.8,1544.0,1520.0,1528.8,6964719
2023-01-31,1406.64,1533.75,1548.9,1513.0,1548.9,9448126
2023-02-01,1422.56,1551.1,1555.05,1528.05,1542.2,6194199
2023-02-02,1452.5,1583.75,1586.95,1552.0,1552.0,6916834
2023-02-03,1466.85,1599.4,1604.65,1573.0,1597.5,7040194
2023-02-06,1439.75,1569.85,1598.0,1561.6,1598.0,4570612
2023-02-07,1432.92,1562.4,1576.05,1555.1,1569.0,4336238
2023-02-08,1458.69,1590.5,1603.0,1565.5,1565.5,7983338
2023-02-09,1482.99,1617.0,1619.75,1586.05,1596.2,6904911
2023-02-10,1475.25,1608.55,1616.3,1596.45,1612.95,4786762
2023-02-13,1437.55,1567.45,1597.0,1566.0,1597.0,4001199
2023-02-14,1461.21,1593.25,1596.0,1578.15,1584.7,5043736
2023-02-15,1464.7,1597.05,1599.0,1576.0,1584.0,3465747
2023-02-16,1469.05,1601.8,1614.45,1597.85,1600.0,4290289
2023-02-17,1452.55,1583.8,1595.0,1575.5,1594.0,2857734
2023-02-20,1460.48,1592.45,1603.0,1582.5,1584.95,2417716
2023-02-21,1448.6,1579.5,1601.65,1576.0,1598.7,2723288
2023-02-22,1432.37,1561.8,1575.0,1555.3,1563.0,3656244
2023-02-23,1422.19,1550.7,1569.85,1548.15,1569.85,4766854
2023-02-24,1422.14,1550.65,1569.0,1545.0,1560.0,2790986
2023-02-27,1384.22,1509.3,1540.0,1502.0,1540.0,4920268
2023-02-28,1364.27,1487.55,1524.0,1481.3,1515.6,9679811
2023-03-01,1372.07,1496.05,1500.85,1481.5,1492.4,5125043
2023-03-02,1350.15,1472.15,1488.6,1467.3,1485.0,4644499
2023-03-03,1356.71,1479.3,1489.8,1473.0,1486.75,4615015
2023-03-06,1382.52,1507.45,1520.4,1493.15,1494.55,6561742
2023-03-08,1369.0,1492.7,1496.0,1481.1,1490.55,4137080
2023-03-09,1357.72,1480.4,1498.35,1474.6,1495.0,5104656
2023-03-10,1349.6,1471.55,1474.3,1457.65,1460.0,3699580
2023-03-13,1316.17,1435.1,1478.3,1428.0,1464.2,8798403
2023-03-14,1302.32,1420.0,1448.35,1411.0,1441.0,7402784
2023-03-15,1302.0,1419.65,1442.85,1416.85,1438.0,7556182
2023-03-16,1287.74,1404.1,1417.8,1398.7,1417.8,7323117
2023-03-17,1302.96,1420.7,1442.9,1411.4,1430.0,9090018
2023-03-20,1287.33,1403.65,1419.7,1384.85,1419.7,8221829
2023-03-21,1275.45,1390.7,1405.0,1390.0,1399.0,8536755
2023-03-22,1274.12,1389.25,1407.25,1382.15,1403.0,8356487
2023-03-23,1260.64,1374.55,1383.95,1370.0,1383.95,7607718
2023-03-24,1266.23,1380.65,1398.95,1377.5,1388.0,7559127
2023-03-27,1273.84,1388.95,1395.75,1374.1,1386.25,4170193
2023-03-28,1263.43,1377.6,1398.0,1375.85,1392.1,6633366
2023-03-29,1268.89,1383.55,1389.9,1364.55,1379.0,8813966
2023-03-31,1309.61,1427.95,1429.95,1393.9,1404.0,8711975
2023-04-03,1293.93,1410.85,1435.0,1405.15,1435.0,5242764
2023-04-05,1305.58,1423.55,1427.5,1400.0,1400.0,7506334
2023-04-06,1304.06,1421.9,1428.4,1410.35,1416.0,6948465
2023-04-10,1309.29,1427.6,1434.0,1415.0,1423.95,4993788
2023-04-11,1289.62,1406.15,1433.35,1389.0,1428.9,6942255
2023-04-12,1309.93,1428.3,1431.5,1400.0,1413.05,5831169
2023-04-13,1274.07,1389.2,1411.05,1383.0,1409.75,11267238
2023-04-17,1154.02,1258.3,1261.15,1185.3,1250.3,53171705
2023-04-18,1154.98,1259.35,1269.95,1253.1,1269.95,12430884
2023-04-19,1130.08,1232.2,1254.35,1229.4,1254.35,11307230
2023-04-20,1122.01,1223.4,1237.85,1221.4,1230.7,8621249
2023-04-21,1125.64,1227.35,1233.25,1220.0,1228.1,8691352
2023-04-24,1124.67,1226.3,1230.0,1218.0,1228.0,8313774
2023-04-25,1123.39,1224.9,1235.5,1215.0,1225.95,6808576
2023-04-26,1125.82,1227.55,1233.0,1220.55,1228.0,5680192
2023-04-27,1142.97,1246.25,1247.8,1225.4,1230.0,8020704
2023-04-28,1148.93,1252.75,1259.0,1244.95,1255.7,10118277
2023-05-02,1171.58,1277.45,1279.75,1254.55,1254.55,8886401
2023-05-03,1163.97,1269.15,1272.5,1262.1,1266.0,5549783
2023-05-04,1168.01,1273.55,1275.8,1262.5,1268.95,4505401
2023-05-05,1154.76,1259.1,1279.0,1254.25,1279.0,5373791
2023-05-08,1160.72,1265.6,1270.3,1255.2,1262.45,5260842
2023-05-09,1165.39,1270.7,1272.0,1260.7,1266.0,4969897
2023-05-10,1158.56,1263.25,1276.4,1259.15,1276.4,6515734
2023-05-11,1152.0,1256.1,1275.9,1253.05,1270.25,6888461
2023-05-12,1142.01,1245.2,1256.0,1239.05,1253.35,8292212
2023-05-15,1154.07,1258.35,1268.9,1245.65,1249.9,5534710
2023-05-16,1159.52,1264.3,1273.95,1262.75,1265.0,5236469
2023-05-17,1143.57,1246.9,1260.95,1242.45,1260.6,10465667
2023-05-18,1142.74,1246.0,1259.65,1242.45,1258.6,6948732
2023-05-19,1163.74,1268.9,1273.3,1252.8,1256.05,11094136
2023-05-22,1185.66,1292.8,1295.6,1270.25,1272.95,7625947
2023-05-23,1192.31,1300.05,1314.15,1297.05,1299.2,7436031
2023-05-24,1191.03,1298.65,1305.0,1291.3,1296.3,4824077
2023-05-25,1196.26,1304.35,1307.0,1289.25,1294.5,4334121
2023-05-26,1208.27,1317.45,1323.45,1306.0,1306.0,5521606
2023-05-29,1205.47,1314.4,1332.7,1309.85,1332.7,4419365
2023-05-30,1214.14,1323.85,1326.4,1309.15,1315.0,6274719
2023-05-31,1209.05,1318.3,1331.1,1314.15,1319.85,17800782
2023-06-01,1210.15,1319.5,1329.5,1318.1,1322.55,4277841
2023-06-02,1207.36,1299.0,1312.9,1296.05,1309.0,10909311
2023-06-05,1212.47,1304.5,1309.45,1297.3,1304.0,5002553
2023-06-06,1188.77,1279.0,1288.6,1273.0,1288.6,10008100
2023-06-07,1198.02,1288.95,1294.0,1282.5,1290.5,5397578
2023-06-08,1192.3,1282.8,1292.0,1281.1,1286.2,5034942
2023-06-09,1176.64,1265.95,1282.5,1264.0,1282.5,5339073
2023-06-12,1200.81,1291.95,1295.7,1273.0,1273.5,4785588
2023-06-13,1212.8,1304.85,1306.5,1297.05,1299.9,4846587
2023-06-14,1208.66,1300.4,1306.7,1293.2,1306.35,3457981
2023-06-15,1196.02,1286.8,1293.95,1282.65,1293.95,6161155
2023-06-16,1200.53,1291.65,1301.5,1281.05,1287.0,8536287
2023-06-19,1202.71,1294.0,1299.5,1287.05,1294.0,4451787
2023-06-20,1211.45,1303.4,1305.0,1291.1,1294.0,4009180
2023-06-21,1207.69,1299.35,1303.8,1295.0,1299.95,4041529
2023-06-22,1191.14,1281.55,1289.4,1273.5,1289.4,6676607
2023-06-23,1175.76,1265.0,1279.35,1263.35,1276.45,7239467
2023-06-26,1180.73,1270.35,1274.0,1262.25,1270.25,3403244
2023-06-27,1188.91,1279.15,1282.0,1274.2,1280.0,3240024
2023-06-28,1202.11,1293.35,1296.7,1281.4,1290.0,5662358
2023-06-30,1241.29,1335.5,1338.9,1304.45,1308.2,12821692
2023-07-03,1239.61,1333.7,1346.0,1328.45,1330.0,7732412
2023-07-04,1250.26,1345.15,1346.0,1331.4,1344.3,5797775
2023-07-05,1252.25,1347.3,1357.95,1341.0,1357.85,5414936
2023-07-06,1249.09,1343.9,1347.45,1337.15,1342.55,5963897
2023-07-07,1236.36,1330.2,1345.8,1325.35,1334.0,6295647
2023-07-10,1235.38,1329.15,1341.9,1319.3,1336.55,3940315
2023-07-11,1253.46,1348.6,1350.9,1327.0,1333.45,6126128
2023-07-12,1239.24,1333.3,1351.9,1327.0,1351.0,8102770
2023-07-13,1268.8,1365.1,1376.8,1330.85,1334.9,9977644
2023-07-14,1325.36,1425.95,1430.0,1380.65,1380.65,12833381
2023-07-17,1322.57,1422.95,1458.95,1414.3,1425.95,11569884
2023-07-18,1371.13,1475.2,1477.95,1429.0,1434.0,16743977
2023-07-19,1370.9,1474.95,1498.8,1460.7,1486.0,13687062
2023-07-20,1347.24,1449.5,1471.0,1440.7,1471.0,8347221
2023-07-21,1237.66,1331.6,1350.0,1305.0,1320.2,45548305
2023-07-24,1242.31,1336.6,1349.9,1334.25,1341.0,8859789
2023-07-25,1240.45,1334.6,1342.85,1324.25,1337.0,6801982
2023-07-26,1253.69,1348.85,1350.0,1339.4,1343.0,5528885
2023-07-27,1257.69,1353.15,1363.8,1347.05,1358.6,9191861
2023-07-28,1245.93,1340.5,1363.85,1336.0,1353.85,6122735
2023-07-31,1260.06,1355.7,1357.5,1333.25,1348.75,7902180
2023-08-01,1268.89,1365.2,1369.0,1357.0,1362.0,6064652
2023-08-02,1261.13,1356.85,1371.95,1348.45,1369.3,7419145
2023-08-03,1268.05,1364.3,1366.55,1349.0,1350.0,6503741
2023-08-04,1281.11,1378.35,1385.9,1362.0,1368.9,5712345
2023-08-07,1294.73,1393.0,1395.0,1377.0,1387.9,3729093
2023-08-08,1292.13,1390.2,1393.55,1384.4,1392.85,4161877
2023-08-09,1296.03,1394.4,1396.0,1382.5,1384.0,4090828
2023-08-10,1291.1,1389.1,1395.8,1385.6,1391.6,3873025
2023-08-11,1275.07,1371.85,1396.85,1367.05,1392.0,5783517
2023-08-14,1295.24,1393.55,1395.0,1365.6,1371.85,4304135
2023-08-16,1318.43,1418.5,1419.95,1405.4,1410.8,7735313
2023-08-17,1311.97,1411.55,1420.0,1406.0,1420.0,5618346
2023-08-18,1290.83,1388.8,1408.7,1386.15,1403.7,5134103
2023-08-21,1306.26,1405.4,1407.0,1387.15,1389.75,3032722
2023-08-22,1304.72,1403.75,1406.05,1396.65,1404.7,2890714
2023-08-23,1308.63,1407.95,1416.6,1405.65,1416.0,2559125
2023-08-24,1323.17,1423.6,1425.05,1414.45,1421.5,5171963
2023-08-25,1319.92,1420.1,1422.5,1411.4,1413.0,4307172
2023-08-28,1315.78,1415.65,1424.8,1411.4,1420.1,3133464
2023-08-29,1317.64,1417.65,1424.4,1415.3,1424.0,3074444
2023-08-30,1333.91,1435.15,1436.65,1424.0,1427.0,3070887
2023-08-31,1334.19,1435.45,1444.9,1428.65,1435.15,9792735
2023-09-01,1341.99,1443.85,1446.0,1428.2,1430.95,3582133
2023-09-04,1361.74,1465.1,1470.0,1434.7,1443.0,4609014
2023-09-05,1374.57,1478.9,1480.05,1456.5,1465.0,5496840
2023-09-06,1373.22,1477.45,1482.9,1463.3,1481.9,5075786
2023-09-07,1362.77,1466.2,1473.4,1462.05,1470.6,4411743
2023-09-08,1365.93,1469.6,1474.75,1460.2,1463.5,3125838
2023-09-11,1372.29,1476.45,1478.05,1464.5,1469.6,4182226
2023-09-12,1395.2,1501.1,1504.0,1477.1,1482.5,6793161
2023-09-13,1392.65,1498.35,1505.0,1488.65,1505.0,4804686
2023-09-14,1400.64,1506.95,1512.55,1499.15,1505.0,6444213
2023-09-15,1404.96,1511.6,1518.4,1509.0,1518.0,8657816
2023-09-18,1386.56,1491.8,1504.9,1488.0,1504.9,3991916
2023-09-20,1385.12,1490.25,1495.1,1476.2,1476.2,4169337
2023-09-21,1395.81,1501.75,1504.55,1476.0,1486.55,6779195
2023-09-22,1390.6,1496.15,1506.95,1485.2,1491.9,5455613
2023-09-25,1370.16,1474.15,1489.85,1471.55,1489.85,4217863
2023-09-26,1357.61,1460.65,1479.9,1459.0,1479.15,3996528
2023-09-27,1363.51,1467.0,1469.6,1450.05,1456.0,3863586
2023-09-28,1337.9,1439.45,1472.6,1435.0,1467.9,5814602
2023-09-29,1334.19,1435.45,1446.8,1416.0,1432.1,6068968
2023-10-03,1332.84,1434.0,1437.0,1420.3,1436.05,4181867
2023-10-04,1342.46,1444.35,1449.95,1418.2,1425.0,4510406
2023-10-05,1360.21,1463.45,1475.65,1450.2,1452.0,7384621
2023-10-06,1374.38,1478.7,1484.5,1463.3,1469.5,3598672
2023-10-09,1371.36,1475.45,1491.0,1462.2,1464.9,3567552
2023-10-10,1389.67,1495.15,1497.0,1469.1,1483.9,5688951
2023-10-11,1388.98,1494.4,1518.25,1481.45,1497.0,7220129
2023-10-12,1362.12,1465.5,1504.4,1452.0,1491.9,11081662
2023-10-13,1330.19,1431.15,1438.0,1400.0,1405.0,17973439
2023-10-16,1332.98,1434.15,1443.6,1430.0,1432.1,4850745
2023-10-17,1340.69,1442.45,1453.35,1438.05,1440.25,3923764
2023-10-18,1338.93,1440.55,1454.0,1438.35,1442.0,4264837
2023-10-19,1332.51,1433.65,1439.65,1426.1,1426.1,6795691
2023-10-20,1326.56,1427.25,1438.5,1425.25,1430.0,3928622
2023-10-23,1309.28,1408.65,1432.35,1405.25,1425.6,2636516
2023-10-25,1289.88,1370.05,1402.55,1361.3,1399.0,6940777
2023-10-26,1279.9,1359.45,1374.0,1353.1,1355.05,6357656
2023-10-27,1299.58,1380.35,1385.0,1363.65,1363.65,4634358
2023-10-30,1296.47,1377.05,1380.35,1363.1,1380.35,2667696
2023-10-31,1288.33,1368.4,1381.15,1363.0,1379.95,3451595
2023-11-01,1274.91,1354.15,1377.45,1351.65,1373.05,3090672
2023-11-02,1289.98,1370.15,1376.3,1361.65,1370.0,3758060
2023-11-03,1307.77,1389.05,1392.0,1377.75,1380.05,3349045
2023-11-06,1321.19,1403.3,1407.25,1390.8,1393.9,2736381
2023-11-07,1322.13,1404.3,1405.9,1394.85,1400.0,2272209
2023-11-08,1309.61,1391.0,1405.0,1386.45,1405.0,3550635
2023-11-09,1294.35,1374.8,1397.5,1370.05,1395.9,5498051
2023-11-10,1288.75,1368.85,1373.15,1361.0,1369.95,2943649
2023-11-13,1293.18,1373.55,1382.45,1370.85,1379.85,3462092
2023-11-15,1327.96,1410.5,1414.0,1393.0,1399.0,8551860
2023-11-16,1360.35,1444.9,1453.4,1410.6,1416.1,6673907
2023-11-17,1353.43,1437.55,1451.0,1435.05,1441.05,4901251
2023-11-20,1352.54,1436.6,1452.0,1433.65,1442.0,3584210
2023-11-21,1354.8,1439.0,1450.0,1436.75,1442.0,3793135
2023-11-22,1372.5,1457.8,1458.95,1436.2,1436.2,3108786
2023-11-23,1364.45,1449.25,1467.9,1447.7,1467.9,3186928
2023-11-24,1353.29,1437.4,1452.65,1433.85,1445.55,2973195
2023-11-28,1358.28,1442.7,1445.0,1427.05,1444.0,3755373
2023-11-29,1374.19,1459.6,1460.7,1449.8,1451.1,3875778
2023-11-30,1370.0,1455.15,1460.65,1449.55,1453.25,10120867
2023-12-01,1367.32,1452.3,1459.9,1446.15,1459.9,3489187
2023-12-04,1378.66,1464.35,1471.9,1449.3,1460.45,5511948
2023-12-05,1368.87,1453.95,1466.9,1442.0,1465.8,5123039
2023-12-06,1388.03,1474.3,1477.0,1451.05,1456.75,5269178
2023-12-07,1380.12,1465.9,1472.85,1461.8,1472.85,4424453
2023-12-08,1403.9,1491.15,1494.7,1466.25,1470.4,6323433
2023-12-11,1401.4,1488.5,1498.0,1482.0,1490.0,3862018
2023-12-12,1389.68,1476.05,1490.0,1467.65,1477.5,6103494
2023-12-13,1364.21,1449.0,1476.05,1433.15,1476.0,8549258
2023-12-14,1413.59,1501.45,1511.0,1461.35,1463.4,12489858
2023-12-15,1486.04,1578.4,1588.55,1521.0,1523.05,18395389
2023-12-18,1472.81,1564.35,1593.0,1560.3,1567.95,6467243
2023-12-19,1467.12,1558.3,1573.95,1543.25,1570.1,4221721
2023-12-20,1446.5,1536.4,1583.5,1530.0,1565.05,6592367
2023-12-21,1446.12,1536.0,1546.65,1521.25,1521.25,5319038
2023-12-22,1471.45,1562.9,1566.0,1523.0,1534.95,6741060
2023-12-26,1453.61,1543.95,1548.0,1523.0,1535.0,6878067
2023-12-27,1475.4,1567.1,1570.0,1544.0,1544.0,4225849
2023-12-28,1471.21,1562.65,1568.95,1555.0,1568.95,5702253
2023-12-29,1452.62,1542.9,1559.45,1540.0,1541.05,4388990
2024-01-01,1460.57,1551.35,1557.0,1535.25,1539.0,2808451
2024-01-02,1444.61,1534.4,1549.15,1523.0,1546.0,5396313
2024-01-03,1402.81,1490.0,1519.95,1488.0,1519.95,7550363
2024-01-04,1424.18,1512.7,1519.75,1492.9,1504.95,7056038
2024-01-05,1442.87,1532.55,1539.7,1506.25,1506.75,8895403
2024-01-08,1433.69,1522.8,1536.0,1513.25,1528.95,4440136
2024-01-09,1439.81,1529.3,1553.0,1525.85,1541.9,4412074
2024-01-10,1430.96,1519.9,1535.45,1505.0,1524.95,4096845
2024-01-11,1406.77,1494.2,1525.0,1486.6,1524.9,11296088
2024-01-12,1518.38,1612.75,1618.0,1555.4,1562.0,26754401
2024-01-15,1555.43,1652.1,1664.95,1636.0,1644.95,13228305
2024-01-16,1536.08,1631.55,1648.5,1625.0,1644.8,6500917
2024-01-17,1544.22,1640.2,1647.5,1620.25,1620.25,9209876
2024-01-18,1546.48,1642.6,1649.0,1628.25,1642.65,6375464
2024-01-19,1562.11,1659.2,1665.5,1644.15,1651.6,4522736
2024-01-23,1546.06,1642.15,1674.7,1637.7,1650.1,9401255
2024-01-24,1577.36,1675.4,1680.0,1645.0,1659.9,8999681
2024-01-25,1571.43,1669.1,1680.55,1658.0,1672.95,8865304
2024-01-29,1559.66,1656.6,1679.35,1647.6,1665.15,4253785
2024-01-30,1554.82,1651.45,1690.0,1648.25,1662.45,4995943
2024-01-31,1563.71,1660.9,1667.25,1638.1,1648.25,6763779
2024-02-01,1560.09,1657.05,1677.0,1650.35,1659.55,5760011
2024-02-02,1594.26,1693.35,1718.5,1665.0,1666.05,7858483
2024-02-05,1588.47,1687.2,1700.75,1681.85,1694.75,3634135
2024-02-06,1628.25,1729.45,1733.0,1673.95,1686.75,7694265
2024-02-07,1594.64,1693.75,1729.0,1686.85,1729.0,4613877
2024-02-08,1593.09,1692.1,1706.35,1682.8,1698.0,5919715
2024-02-09,1571.67,1669.35,1692.9,1659.8,1684.7,4600004
2024-02-12,1581.79,1680.1,1692.95,1670.35,1670.35,3555808
2024-02-13,1585.98,1684.55,1689.1,1663.5,1683.0,2696481
2024-02-14,1568.7,1666.2,1669.45,1635.5,1660.2,3768579
2024-02-15,1578.26,1676.35,1687.75,1661.6,1677.0,4834391
2024-02-16,1602.08,1701.65,1709.0,1687.95,1689.0,4880654
2024-02-19,1600.29,1699.75,1711.5,1687.7,1705.0,3690993
2024-02-20,1586.64,1685.25,1694.25,1668.75,1685.0,3706389
2024-02-21,1558.68,1655.55,1674.0,1645.3,1674.0,4300508
2024-02-22,1582.97,1681.35,1684.6,1644.4,1665.0,5841277
2024-02-23,1578.73,1676.85,1698.45,1671.9,1697.0,5373072
2024-02-26,1563.01,1660.15,1674.95,1645.0,1674.95,2782438
2024-02-27,1566.25,1663.6,1671.1,1652.8,1661.0,5159088
2024-02-28,1573.46,1671.25,1687.8,1662.05,1670.0,3188916
2024-02-29,1575.95,1673.9,1682.25,1653.3,1665.0,7814722
2024-03-01,1557.87,1654.7,1671.95,1651.0,1669.0,6387291
2024-03-04,1541.4,1637.2,1664.45,1633.65,1657.85,4445156
2024-03-05,1512.5,1606.5,1637.35,1602.0,1634.0,4596579
2024-03-06,1522.9,1617.55,1620.15,1576.0,1602.8,6420684
2024-03-07,1521.86,1616.45,1628.45,1604.2,1616.6,6348359
2024-03-11,1506.94,1600.6,1613.8,1588.0,1608.15,6752895
2024-03-12,1518.57,1612.95,1625.0,1597.65,1600.0,4614222
2024-03-13,1517.11,1611.4,1624.5,1598.55,1612.9,5688997
2024-03-14,1556.56,1653.3,1657.75,1608.0,1614.4,8803799
2024-03-15,1538.39,1634.0,1645.8,1618.35,1641.1,11809997
2024-03-18,1508.87,1602.65,1632.65,1598.85,1630.0,4958904
2024-03-19,1470.08,1561.45,1599.0,1558.0,1592.35,6870411
2024-03-20,1463.96,1554.95,1574.95,1552.35,1563.0,4759059
2024-03-21,1463.73,1554.7,1576.95,1543.4,1564.0,11062497
2024-03-22,1420.56,1508.85,1528.9,1498.2,1521.0,14673890
2024-03-26,1405.31,1492.65,1507.45,1487.9,1492.0,8351081
2024-03-27,1397.02,1483.85,1499.0,1481.55,1496.0,6857402
2024-03-28,1410.39,1498.05,1511.8,1487.15,1487.15,12499530
2024-04-01,1407.94,1495.45,1529.95,1492.8,1525.0,6580002
2024-04-02,1396.08,1482.85,1493.15,1480.85,1484.85,7279400
2024-04-03,1394.01,1480.65,1495.1,1475.0,1479.0,8736248
2024-04-04,1399.71,1486.7,1495.65,1468.0,1490.55,11186915
2024-04-05,1392.55,1479.1,1486.7,1476.05,1480.05,5072482
2024-04-08,1390.29,1476.7,1490.95,1474.1,1483.0,6610887
2024-04-09,1407.38,1494.85,1513.8,1487.3,1490.0,9423230
2024-04-10,1418.63,1506.8,1509.85,1484.55,1500.35,6744595
2024-04-12,1397.87,1484.75,1506.8,1479.5,1504.0,12275616
2024-04-15,1382.24,1468.15,1491.95,1461.05,1480.0,8531224
2024-04-16,1331.68,1414.45,1455.15,1413.05,1451.0,16173541
2024-04-18,1336.2,1419.25,1444.7,1407.5,1421.1,22107945
2024-04-19,1328.67,1411.25,1426.85,1378.75,1385.0,20603621
2024-04-22,1348.91,1432.75,1436.85,1413.05,1419.9,5859087
2024-04-23,1358.0,1442.4,1446.85,1433.0,1443.0,4856174
2024-04-24,1347.03,1430.75,1444.3,1427.05,1444.3,4268213
2024-04-25,1354.28,1438.45,1444.9,1420.0,1420.0,9089398
2024-04-26,1346.56,1430.25,1445.4,1427.0,1439.7,8062444
2024-04-29,1350.8,1434.75,1439.8,1428.25,1429.95,5055957
2024-04-30,1337.43,1420.55,1436.55,1417.55,1434.7,6936588
2024-05-02,1331.68,1414.45,1424.0,1411.85,1413.0,10076354
2024-05-03,1333.43,1416.3,1424.8,1403.2,1422.1,8842345
2024-05-06,1342.46,1425.9,1445.7,1417.1,1420.0,6445422
2024-05-07,1356.63,1440.95,1443.35,1415.6,1424.95,6080661
2024-05-08,1343.78,1427.3,1439.75,1425.6,1435.25,6234983
2024-05-09,1355.31,1439.55,1449.95,1424.85,1427.55,6088406
2024-05-10,1341.52,1424.9,1435.95,1413.0,1435.05,8777481
2024-05-13,1340.16,1423.45,1425.0,1411.2,1425.0,3735954
2024-05-14,1341.33,1424.7,1433.75,1418.05,1426.4,3463230
2024-05-15,1336.86,1419.95,1431.8,1418.55,1426.0,4327544
2024-05-16,1368.31,1453.35,1455.75,1427.0,1433.95,9249145
2024-05-17,1359.79,1444.3,1457.0,1439.25,1457.0,7542860
2024-05-21,1350.23,1434.15,1444.7,1428.4,1430.0,6752663
2024-05-22,1369.67,1454.8,1459.95,1428.0,1428.75,7173285
2024-05-23,1386.24,1472.4,1478.15,1450.0,1454.7,8641428
2024-05-24,1379.37,1465.1,1475.5,1460.0,1468.25,5277938
2024-05-27,1385.25,1471.35,1479.6,1460.25,1471.85,5821844
2024-05-28,1381.21,1467.05,1476.0,1460.3,1475.5,6186922
2024-05-29,1366.05,1450.95,1465.5,1450.0,1465.4,7401634
2024-05-30,1343.92,1427.45,1449.85,1421.55,1442.8,9663150
2024-05-31,1351.08,1406.9,1436.75,1400.0,1409.8,37113815
2024-06-03,1350.12,1405.9,1440.0,1404.0,1440.0,10589244
2024-06-04,1338.35,1393.65,1415.0,1358.35,1409.0,13736134
2024-06-05,1373.36,1430.1,1438.0,1400.15,1400.15,9233424
2024-06-06,1413.83,1472.25,1474.3,1437.5,1444.95,12660930
2024-06-07,1472.75,1533.6,1539.7,1477.25,1481.0,24075302
2024-06-10,1440.24,1499.75,1529.8,1497.3,1525.3,6810606
2024-06-11,1436.4,1495.75,1506.45,1493.95,1500.05,4853054
2024-06-12,1426.27,1485.2,1508.75,1482.75,1507.0,9564320
2024-06-13,1434.67,1493.95,1505.0,1489.35,1495.0,7307565
2024-06-14,1429.82,1488.9,1503.7,1486.05,1503.7,4237727
2024-06-18,1438.75,1498.2,1507.0,1495.4,1497.0,5420939
2024-06-19,1451.38,1511.35,1515.65,1496.7,1505.0,5493456
2024-06-20,1455.27,1515.4,1517.5,1499.1,1516.3,7927010
2024-06-21,1471.89,1532.7,1557.75,1523.7,1545.0,17301941
2024-06-24,1466.56,1527.15,1529.1,1515.4,1524.55,5564989
2024-06-25,1480.77,1541.95,1543.9,1520.35,1526.0,4551525
2024-06-26,1479.57,1540.7,1548.85,1535.0,1541.0,4851004
2024-06-27,1510.92,1573.35,1578.4,1532.05,1538.45,14757754
2024-06-28,1504.58,1566.75,1588.5,1564.25,1572.55,8197544
2024-07-01,1527.68,1590.8,1599.9,1559.5,1559.5,6801771
2024-07-02,1556.73,1621.05,1633.8,1586.5,1596.2,10493173
2024-07-03,1562.83,1627.4,1636.0,1606.0,1625.0,7269965
2024-07-04,1585.16,1650.65,1660.0,1628.0,1628.2,8008311
2024-07-05,1582.08,1647.45,1665.85,1633.35,1651.45,7065022
2024-07-08,1595.72,1661.65,1666.0,1640.0,1643.1,5880533
2024-07-09,1591.4,1657.15,1666.75,1651.0,1659.9,5191182
2024-07-10,1582.85,1648.25,1674.0,1637.55,1657.0,9852770
2024-07-11,1587.12,1652.7,1665.0,1642.05,1656.0,8857679
2024-07-12,1643.83,1711.75,1719.75,1666.65,1680.0,17078316
2024-07-15,1639.32,1707.05,1728.0,1702.65,1726.2,6942230
2024-07-16,1657.56,1726.05,1737.9,1700.0,1718.6,6886281
2024-07-18,1688.29,1758.05,1765.4,1719.0,1719.0,11248896
2024-07-19,1721.81,1792.95,1844.0,1786.45,1844.0,29819116
2024-07-22,1739.0,1810.85,1823.0,1792.95,1800.15,8462126
2024-07-23,1764.02,1836.9,1839.95,1783.25,1810.0,7113056
2024-07-24,1761.18,1833.95,1842.35,1819.6,1837.5,6002845
2024-07-25,1752.44,1824.85,1830.9,1812.0,1820.0,5815599
2024-07-26,1804.35,1878.9,1883.0,1825.35,1825.35,11369047
2024-07-29,1796.86,1871.1,1903.0,1864.0,1893.6,4635931
2024-07-30,1802.67,1877.15,1879.95,1860.0,1871.1,2721265
2024-07-31,1794.12,1868.25,1885.15,1865.05,1877.0,5004209
2024-08-01,1779.09,1852.6,1867.9,1845.1,1856.1,7475014
2024-08-02,1748.94,1821.2,1859.5,1816.15,1843.0,7400938
2024-08-05,1682.39,1751.9,1797.5,1718.55,1784.95,10736703
2024-08-06,1681.62,1751.1,1796.95,1744.85,1760.2,7690163
2024-08-07,1720.56,1791.65,1797.9,1762.1,1796.0,5094329
2024-08-08,1673.99,1743.15,1779.95,1727.1,1779.95,6227910
2024-08-09,1700.49,1770.75,1780.75,1756.0,1771.25,4258524
2024-08-12,1726.08,1797.4,1803.5,1768.1,1773.05,4315329
2024-08-13,1726.13,1797.45,1810.0,1789.05,1810.0,4176918
2024-08-14,1750.91,1823.25,1825.0,1797.45,1802.0,7450718
2024-08-16,1785.19,1858.95,1861.85,1829.5,1850.0,7335657
2024-08-19,1790.81,1864.8,1867.55,1849.2,1860.0,2585989
2024-08-20,1797.91,1872.2,1885.7,1868.2,1880.0,3870333
2024-08-21,1798.39,1872.7,1879.0,1867.1,1875.1,1966902
2024-08-22,1805.65,1880.25,1893.65,1869.7,1884.0,4300287
2024-08-23,1788.22,1862.1,1882.6,1857.0,1878.2,5015935
2024-08-26,1801.71,1876.15,1888.75,1864.0,1870.0,3728589
2024-08-27,1824.71,1900.1,1902.75,1873.9,1876.15,3830679
2024-08-28,1862.16,1939.1,1951.0,1897.4,1906.9,6514531
2024-08-29,1856.64,1933.35,1950.5,1920.9,1933.0,7228284
2024-08-30,1866.58,1943.7,1950.0,1928.0,1938.0,13466759
2024-09-02,1886.55,1964.5,1975.75,1942.8,1943.35,5573739
2024-09-03,1864.23,1941.25,1967.0,1936.45,1967.0,4694322
2024-09-04,1846.17,1922.45,1927.2,1900.05,1921.1,4778310
2024-09-05,1856.45,1933.15,1940.0,1909.6,1926.25,4081810
2024-09-06,1826.39,1901.85,1936.5,1896.85,1922.0,5848106
2024-09-09,1819.47,1894.65,1920.85,1889.0,1890.0,4772612
2024-09-10,1836.42,1912.3,1935.0,1896.0,1904.9,6909600
2024-09-11,1834.36,1910.15,1926.0,1905.0,1914.7,5312946
2024-09-12,1873.06,1950.45,1956.4,1910.8,1925.0,8555092
2024-09-13,1866.96,1944.1,1958.6,1935.65,1950.45,3843127
2024-09-16,1872.87,1950.25,1952.0,1933.05,1945.75,1570181
2024-09-17,1875.08,1952.55,1958.45,1942.15,1947.75,2793127
2024-09-18,1817.07,1892.15,1938.75,1881.3,1938.75,6385468
2024-09-19,1819.04,1894.2,1924.9,1878.8,1910.6,7976570
2024-09-20,1830.13,1905.75,1915.0,1867.4,1905.0,15242974
2024-09-23,1821.2,1896.45,1918.9,1878.45,1909.0,3636672
2024-09-24,1823.27,1898.6,1910.9,1871.4,1888.0,7277616
2024-09-25,1820.1,1895.3,1901.6,1876.8,1886.35,4268341
2024-09-26,1824.85,1900.25,1917.95,1893.0,1897.8,8952803
2024-09-27,1831.09,1906.75,1974.6,1903.3,1932.1,14908931
2024-09-30,1801.18,1875.6,1901.25,1870.5,1880.0,6986955
2024-10-01,1828.79,1904.35,1908.95,1875.0,1875.0,4029072
2024-10-03,1818.27,1893.4,1911.85,1881.0,1889.5,7503887
2024-10-04,1842.04,1918.15,1954.1,1886.0,1889.55,10001483
2024-10-07,1857.55,1934.3,1942.0,1916.05,1923.2,6112575
2024-10-08,1871.24,1948.55,1957.95,1906.35,1937.9,5637391
2024-10-09,1875.27,1952.75,1977.0,1945.1,1952.55,4857163
2024-10-10,1842.86,1919.0,1964.0,1914.1,1957.9,4782119
2024-10-11,1858.32,1935.1,1947.0,1910.1,1918.0,4709431
2024-10-14,1881.17,1958.9,1969.5,1931.1,1932.15,3751378
2024-10-15,1881.56,1959.3,1991.45,1951.75,1960.0,5353705
2024-10-16,1843.91,1920.1,1959.55,1916.35,1955.0,3111512
2024-10-17,1890.01,1968.1,1978.0,1930.15,1935.2,8162822
2024-10-18,1805.02,1879.6,1936.85,1869.25,1893.8,10526196
2024-10-21,1779.24,1852.75,1898.8,1838.0,1891.1,4654601
2024-10-22,1778.13,1851.6,1877.8,1846.95,1858.2,4125240
2024-10-23,1799.07,1873.4,1886.0,1844.0,1845.25,4311910
2024-10-24,1789.42,1863.35,1884.0,1860.0,1861.4,2906475
2024-10-25,1788.17,1862.05,1876.35,1846.4,1863.45,4689120
2024-10-28,1791.34,1865.35,1881.9,1857.0,1859.7,7018940
2024-10-29,1786.43,1839.3,1851.6,1829.0,1846.0,4621252
2024-10-30,1750.3,1802.1,1839.0,1796.35,1832.0,5919715
2024-10-31,1706.74,1757.25,1787.9,1746.5,1787.9,7395236
2024-11-01,1710.24,1760.85,1766.0,1752.05,1764.5,371966
2024-11-04,1712.96,1763.65,1767.0,1718.0,1724.5,7336722
2024-11-05,1703.78,1754.2,1768.45,1745.0,1760.0,3160880
2024-11-06,1771.28,1823.7,1827.2,1762.65,1764.0,10421494
2024-11-07,1751.22,1803.05,1825.7,1787.0,1812.95,4550965
2024-11-08,1777.35,1829.95,1840.6,1813.15,1818.0,4210960
2024-11-11,1806.63,1860.1,1868.0,1822.55,1829.0,3804234
2024-11-12,1815.08,1868.8,1881.0,1861.0,1871.1,5012450
2024-11-13,1814.7,1868.4,1873.2,1856.3,1861.1,4257495
2024-11-14,1810.96,1864.55,1876.0,1856.0,1865.6,4311431
2024-11-18,1759.38,1811.45,1849.2,1795.0,1849.2,4839244
2024-11-19,1772.3,1824.75,1859.7,1820.55,1825.5,4669769
2024-11-21,1781.33,1834.05,1867.0,1820.6,1842.0,5436504
2024-11-22,1847.57,1902.25,1914.05,1834.0,1854.1,6301486
2024-11-25,1835.38,1889.7,1919.3,1882.0,1916.0,12764638
2024-11-26,1868.84,1924.15,1938.6,1897.3,1904.95,6850495
2024-11-27,1869.18,1924.5,1941.4,1911.75,1930.1,4447143
2024-11-28,1803.28,1856.65,1914.9,1851.65,1914.9,8468790
2024-11-29,1804.45,1857.85,1877.0,1845.0,1851.1,5244346
2024-12-02,1825.77,1879.8,1882.8,1835.2,1859.0,2868263
2024-12-03,1837.71,1892.1,1899.75,1871.15,1887.0,4715792
2024-12-04,1834.95,1889.25,1913.95,1875.0,1884.0,4705573
2024-12-05,1879.24,1934.85,1949.9,1888.95,1900.0,9050038
2024-12-06,1867.14,1922.4,1937.95,1912.4,1932.8,3573331
2024-12-09,1868.36,1923.65,1930.2,1897.2,1924.2,4274645
2024-12-10,1892.54,1948.55,1965.6,1932.0,1939.0,6174921
2024-12-11,1917.41,1974.15,1978.0,1952.0,1955.0,5025612
2024-12-12,1929.89,1987.0,1998.8,1970.55,1975.2,6462130
2024-12-13,1942.22,1999.7,2006.45,1953.8,1969.75,5362693
2024-12-16,1923.14,1980.05,1999.6,1977.6,1995.45,3119221
2024-12-17,1919.79,1976.6,1982.0,1958.0,1968.0,5811050
2024-12-18,1922.26,1979.15,1984.95,1961.6,1966.8,3064095
2024-12-19,1890.26,1946.2,1959.75,1920.0,1934.0,5323592
2024-12-20,1866.9,1922.15,1979.95,1911.25,1975.15,11056720
2024-12-23,1868.99,1924.3,1940.0,1909.0,1930.05,2781793
2024-12-24,1854.18,1909.05,1942.0,1840.0,1927.05,2360544
2024-12-26,1852.57,1907.4,1919.75,1902.3,1909.05,3623321
2024-12-27,1861.66,1916.75,1924.15,1903.9,1909.4,3937500
2024-12-30,1851.21,1906.0,1916.0,1886.5,1915.7,7789055
2024-12-31,1825.96,1880.0,1897.0,1845.05,1892.3,3613063
2025-01-01,1828.39,1882.5,1892.95,1874.0,1874.0,1838368
2025-01-02,1901.57,1957.85,1962.65,1885.3,1887.0,7083645
2025-01-03,1883.02,1938.75,1952.95,1922.0,1952.95,6218003
2025-01-06,1882.15,1937.85,1973.0,1928.0,1952.0,7164403
2025-01-07,1875.35,1930.85,1958.55,1923.65,1945.0,4294832
2025-01-08,1877.58,1933.15,1938.6,1888.75,1930.0,5482050
2025-01-09,1862.19,1917.3,1951.85,1910.55,1934.05,6833503
2025-01-10,1910.41,1966.95,1977.8,1932.25,1937.0,8036913
2025-01-13,1905.8,1962.2,1982.8,1949.0,1956.0,5804152
2025-01-14,1884.29,1940.05,1971.8,1931.1,1968.85,5792162
2025-01-15,1893.61,1949.65,1958.05,1937.1,1947.0,2985439
2025-01-16,1873.02,1928.45,1966.95,1916.85,1965.95,7533579
2025-01-17,1763.27,1815.45,1858.0,1812.0,1851.0,16409953
2025-01-20,1761.18,1813.3,1827.95,1793.15,1822.95,4333011
2025-01-21,1748.94,1800.7,1831.65,1793.05,1819.05,7169109
2025-01-22,1803.09,1856.45,1865.8,1805.15,1807.4,8373913
2025-01-23,1811.83,1865.45,1879.55,1852.7,1858.0,5907471
2025-01-24,1821.54,1875.45,1894.9,1864.25,1865.5,4887027
2025-01-27,1769.63,1822.0,1863.0,1812.0,1848.75,7652371
2025-01-28,1777.16,1829.75,1863.5,1824.9,1830.0,6999495
2025-01-29,1827.18,1881.25,1888.65,1840.5,1845.0,5145155
2025-01-30,1806.49,1859.95,1887.2,1844.0,1873.15,7336056
2025-01-31,1825.77,1879.8,1897.45,1871.0,1871.0,5820470
2025-02-01,1798.14,1851.35,1890.6,1846.0,1880.3,1701402
2025-02-03,1809.74,1863.3,1876.55,1832.4,1836.0,4823228
2025-02-04,1844.22,1898.8,1911.2,1875.0,1889.0,7334787
2025-02-05,1842.52,1897.05,1919.7,1894.3,1906.0,4996744
2025-02-06,1860.59,1915.65,1924.0,1900.0,1917.0,4765255
2025-02-07,1848.93,1903.65,1923.7,1889.45,1919.3,4126260
2025-02-10,1826.25,1880.3,1905.0,1878.6,1905.0,3828734
2025-02-11,1821.74,1875.65,1903.0,1870.0,1883.1,4411601
2025-02-12,1809.6,1863.15,1894.6,1847.0,1885.0,5633947
2025-02-13,1790.27,1843.25,1873.5,1835.65,1868.5,5237744
2025-02-14,1803.04,1856.4,1859.3,1828.35,1854.0,5292961
2025-02-17,1789.35,1842.3,1852.75,1822.15,1838.55,4428956
2025-02-18,1798.72,1851.95,1861.65,1837.6,1842.3,4365260
2025-02-19,1758.75,1810.8,1849.2,1805.9,1847.4,4611411
2025-02-20,1772.69,1825.15,1831.0,1805.55,1805.55,2218020
2025-02-21,1762.83,1815.0,1829.85,1806.2,1821.8,3379879
2025-02-24,1713.39,1764.1,1808.0,1750.25,1800.05,7594720
2025-02-25,1716.89,1767.7,1778.45,1745.15,1745.15,5092963
2025-02-27,1713.59,1764.3,1775.85,1751.1,1755.2,5757079
2025-02-28,1639.19,1687.7,1755.1,1682.45,1755.05,12182167
2025-03-03,1659.49,1708.6,1728.6,1692.3,1692.3,7504969
2025-03-04,1639.77,1688.3,1699.0,1670.0,1695.0,6759673
2025-03-05,1662.31,1711.5,1732.95,1692.45,1692.45,8180782
2025-03-06,1666.53,1715.85,1722.3,1691.1,1715.0,10610547
2025-03-07,1637.54,1686.0,1705.0,1675.5,1703.1,8019331
2025-03-10,1652.54,1701.45,1719.0,1676.2,1686.0,7558981
2025-03-11,1613.84,1661.6,1680.0,1637.05,1680.0,12671234
2025-03-12,1545.12,1590.85,1636.9,1563.8,1636.9,14870008
2025-03-13,1534.44,1579.85,1606.05,1570.3,1599.25,7822888
2025-03-17,1544.35,1590.05,1594.0,1545.15,1545.15,7526032
2025-03-18,1544.35,1590.05,1590.05,1590.05,1590.05,0
2025-03-19,1540.95,1586.55,1603.0,1572.8,1603.0,7387068
2025-03-20,1569.11,1615.55,1631.9,1592.0,1592.0,7186750
2025-03-21,1546.77,1592.55,1603.9,1563.65,1577.95,10074677
2025-03-24,1546.97,1592.75,1607.1,1572.7,1597.95,8857726
2025-03-25,1581.64,1628.45,1636.15,1605.0,1605.0,9890140
2025-03-26,1553.48,1599.45,1637.75,1595.0,1626.0,6651302
2025-03-27,1557.46,1603.55,1619.95,1586.0,1595.55,9426573
2025-03-28,1525.5,1570.65,1598.45,1560.0,1590.0,6799047
2025-04-01,1482.62,1526.5,1547.4,1517.85,1539.25,12680733
2025-04-02,1505.59,1550.15,1555.65,1535.2,1535.2,6193478
2025-04-03,1453.48,1496.5,1534.65,1485.05,1534.65,10459504
2025-04-04,1409.92,1451.65,1472.0,1448.0,1460.5,9590254
2025-04-07,1356.6,1396.75,1405.9,1307.0,1352.0,21715252
2025-04-08,1387.73,1428.8,1456.5,1415.0,1431.0,12805001
2025-04-09,1363.35,1403.7,1409.45,1381.9,1405.05,8546854
2025-04-11,1368.94,1409.45,1438.8,1397.05,1411.25,12567440
2025-04-15,1385.01,1426.0,1447.7,1409.0,1445.6,10178530
2025-04-16,1372.48,1413.1,1427.5,1396.8,1425.0,12022740
2025-04-17,1378.7,1419.5,1429.8,1378.3,1398.0,14264227
2025-04-21,1409.29,1451.0,1471.8,1410.0,1410.0,15648970
2025-04-22,1381.9,1422.8,1440.0,1419.3,1440.0,9399738
2025-04-23,1432.51,1474.9,1487.8,1439.6,1446.0,11136642
2025-04-24,1429.11,1471.4,1482.9,1461.5,1469.9,7114292
2025-04-25,1437.65,1480.2,1501.7,1463.5,1475.5,8329979
2025-04-28,1439.5,1482.1,1489.6,1465.3,1480.2,5886253
2025-04-29,1454.46,1497.5,1509.8,1474.1,1482.0,8056743
2025-04-30,1456.98,1500.1,1508.8,1482.6,1496.8,7704183
2025-05-02,1463.59,1506.9,1523.2,1496.2,1499.7,7402310
2025-05-05,1465.24,1508.6,1523.0,1502.8,1515.0,4282493
2025-05-06,1468.05,1511.5,1515.6,1499.1,1506.0,4270530
2025-05-07,1464.95,1508.3,1518.8,1496.6,1500.0,5691799
2025-05-08,1467.96,1511.4,1516.5,1501.2,1508.0,8424409
2025-05-09,1464.27,1507.6,1511.4,1494.1,1500.7,4478653
2025-05-12,1580.14,1626.9,1632.0,1532.0,1537.0,11372857
2025-05-13,1523.51,1568.6,1612.2,1564.6,1609.0,12846210
2025-05-14,1546.63,1592.4,1595.0,1569.5,1574.0,4870057
2025-05-15,1566.64,1613.0,1618.6,1571.0,1589.8,11151167
2025-05-16,1544.2,1589.9,1612.6,1581.5,1612.6,4576751
2025-05-19,1514.97,1559.8,1585.0,1555.7,1576.5,8855798
2025-05-20,1515.74,1560.6,1583.5,1558.0,1570.0,7143998
2025-05-21,1523.42,1568.5,1571.0,1552.1,1567.9,4157309
2025-05-22,1503.02,1547.5,1560.8,1540.0,1555.5,6158990
2025-05-23,1519.82,1564.8,1587.2,1550.0,1550.0,5038421
2025-05-26,1535.07,1580.5,1583.8,1562.7,1566.6,3170102
2025-05-27,1524.97,1570.1,1582.9,1556.4,1579.9,7775714
2025-05-28,1526.62,1571.8,1587.7,1570.0,1581.0,3623370
2025-05-29,1540.02,1585.6,1608.9,1576.6,1589.0,8609500
2025-05-30,1539.14,1562.7,1572.0,1555.1,1571.0,13148092
2025-06-02,1530.37,1553.8,1560.0,1539.0,1560.0,4374509
2025-06-03,1519.73,1543.0,1567.3,1535.6,1559.0,6853403
2025-06-04,1527.81,1551.2,1557.3,1541.4,1543.0,4548307
2025-06-05,1530.86,1554.3,1567.7,1541.6,1547.9,6948539
2025-06-06,1540.22,1563.8,1568.9,1543.1,1554.7,3960020
2025-06-09,1549.18,1572.9,1588.0,1571.0,1578.0,2903202
2025-06-10,1571.94,1596.0,1607.5,1577.5,1584.0,8591925
2025-06-11,1606.51,1631.1,1634.6,1590.1,1590.1,10597410
2025-06-12,1584.35,1608.6,1628.0,1598.1,1617.0,10483574
2025-06-13,1577.84,1602.0,1609.0,1570.2,1576.0,6968315
2025-06-16,1599.32,1623.8,1634.8,1597.1,1600.0,5591842
2025-06-17,1615.17,1639.9,1647.4,1615.6,1620.7,7622083
2025-06-18,1608.28,1632.9,1644.7,1621.0,1621.0,5629707
2025-06-19,1594.0,1618.4,1630.0,1611.5,1623.9,5147760
2025-06-20,1598.43,1622.9,1630.7,1608.9,1619.0,9202821
2025-06-23,1560.12,1584.0,1601.0,1575.4,1601.0,7943676
2025-06-24,1557.75,1581.6,1609.0,1576.6,1601.0,8083992
2025-06-25,1590.55,1614.9,1619.9,1585.1,1590.0,7813533
2025-06-26,1591.63,1616.0,1624.0,1606.6,1608.8,6519233
2025-06-27,1583.75,1608.0,1629.6,1602.4,1619.0,8912268
2025-06-30,1577.65,1601.8,1615.0,1594.1,1615.0,6294505
2025-07-01,1582.57,1606.8,1617.7,1600.5,1609.0,4178937
2025-07-02,1586.22,1610.5,1649.0,1603.4,1618.0,8653641
2025-07-03,1594.29,1618.7,1632.4,1615.0,1618.5,5259695
2025-07-04,1615.96,1640.7,1643.4,1612.3,1625.0,4411273
2025-07-07,1602.47,1627.0,1644.0,1623.0,1640.0,3294523
2025-07-08,1613.99,1638.7,1646.2,1621.5,1628.0,4590681
2025-07-09,1609.07,1633.7,1638.0,1623.6,1637.8,4580828
2025-07-10,1591.44,1615.8,1638.9,1607.1,1638.9,5330179
2025-07-11,1570.85,1594.9,1607.1,1563.0,1579.1,11391755
2025-07-14,1546.62,1570.3,1591.8,1559.8,1591.8,9173426
2025-07-15,1561.69,1585.6,1603.6,1564.0,1565.1,7614807
2025-07-16,1583.66,1607.9,1612.0,1578.5,1579.0,6223491
2025-07-17,1559.62,1583.5,1610.0,1580.1,1598.0,7374814
2025-07-18,1562.18,1586.1,1599.3,1580.0,1592.1,5161833
2025-07-21,1560.41,1584.3,1589.0,1566.8,1580.0,3682661
2025-07-22,1547.21,1570.9,1585.8,1565.0,1565.0,8473741
2025-07-23,1550.76,1574.5,1591.9,1550.0,1576.3,8035026
2025-07-24,1529.09,1552.5,1582.0,1548.2,1580.0,14169664
2025-07-25,1492.85,1515.7,1549.5,1511.3,1543.4,10851259
2025-07-28,1493.14,1516.0,1519.3,1482.5,1513.9,6439855
2025-07-29,1490.88,1513.7,1517.2,1496.1,1512.9,7070448
2025-07-30,1496.1,1519.0,1521.7,1506.0,1519.9,5719051
2025-07-31,1486.25,1509.0,1527.1,1497.0,1509.7,6851407
2025-08-01,1447.44,1469.6,1498.7,1465.5,1493.9,8702978
2025-08-04,1458.18,1480.5,1482.8,1451.0,1461.5,8610216
2025-08-05,1438.28,1460.3,1478.7,1455.0,1478.7,10213323
2025-08-06,1415.04,1436.7,1456.1,1430.3,1452.0,10566934
2025-08-07,1415.23,1436.9,1442.0,1414.2,1430.0,9892020
2025-08-08,1401.64,1423.1,1433.2,1417.1,1425.0,10048009
2025-08-11,1406.67,1428.2,1433.4,1414.0,1419.9,6625368
2025-08-12,1402.63,1424.1,1441.0,1421.0,1428.2,9899184
2025-08-13,1405.09,1426.6,1434.0,1422.4,1425.0,10318063
2025-08-14,1425.87,1447.7,1470.0,1426.2,1426.2,12902347
2025-08-18,1414.15,1435.8,1464.7,1429.6,1464.7,7254561
2025-08-19,1418.29,1440.0,1449.4,1432.7,1432.7,3986094
2025-08-20,1473.64,1496.2,1499.0,1440.7,1440.7,10413061
2025-08-21,1473.84,1496.4,1508.0,1484.3,1508.0,6565539
2025-08-22,1465.07,1487.5,1504.3,1486.1,1498.1,5543397
2025-08-25,1509.0,1532.1,1539.0,1506.7,1506.7,10694531
2025-08-26,1506.54,1529.6,1538.4,1518.6,1523.0,15994798
2025-08-28,1477.48,1500.1,1529.6,1498.0,1529.6,5443364
2025-08-29,1447.44,1469.6,1501.9,1467.7,1501.9,8169075
2025-09-01,1476.79,1499.4,1503.4,1476.2,1476.7,4546057
2025-09-02,1476.1,1498.7,1512.8,1486.3,1499.4,5218763
2025-09-03,1456.8,1479.1,1501.9,1473.0,1500.0,4623483
2025-09-04,1440.94,1463.0,1484.0,1460.1,1484.0,5787724
2025-09-05,1422.82,1444.6,1472.7,1433.0,1470.0,5466487
2025-09-08,1411.29,1432.9,1458.0,1428.3,1451.0,3811567
2025-09-09,1481.62,1504.3,1507.2,1472.5,1481.0,13072640
2025-09-10,1509.49,1532.6,1534.9,1509.3,1510.1,7281071
2025-09-11,1486.94,1509.7,1527.5,1506.5,1523.9,8003662
2025-09-12,1502.6,1525.6,1542.9,1521.1,1537.0,12856963
2025-09-15,1485.66,1508.4,1527.5,1501.2,1525.6,6167414
2025-09-16,1488.51,1511.3,1514.0,1503.5,1508.4,8923112
2025-09-17,1499.45,1522.4,1526.7,1514.0,1516.9,4795698
2025-09-18,1517.37,1540.6,1555.0,1538.5,1550.0,9331945
2025-09-19,1516.98,1540.2,1551.3,1520.1,1544.6,12988129
2025-09-22,1476.89,1499.5,1514.7,1482.0,1482.7,15655204
2025-09-23,1474.92,1497.5,1513.0,1493.0,1493.0,9832164
2025-09-24,1472.06,1494.6,1496.7,1482.7,1487.2,4937004
2025-09-25,1462.41,1484.8,1502.7,1476.5,1489.0,9491867
2025-09-26,1427.05,1448.9,1478.7,1441.2,1475.0,8597058
2025-09-29,1420.06,1441.8,1465.0,1436.5,1460.0,10513117
2025-09-30,1420.06,1441.8,1452.2,1438.1,1443.0,7556305
2025-10-01,1424.0,1445.8,1449.5,1427.4,1446.0,6250692
2025-10-03,1424.79,1446.6,1448.3,1433.2,1439.0,6877533
2025-10-06,1453.74,1476.0,1478.8,1442.3,1446.6,4630590
2025-10-07,1436.51,1458.5,1482.9,1454.0,1477.7,5570320
2025-10-08,1472.46,1495.0,1498.0,1455.0,1457.0,4657192
2025-10-09,1486.54,1509.3,1514.0,1487.0,1502.0,7028753
2025-10-10,1492.06,1514.9,1521.7,1498.8,1510.0,3738353
2025-10-13,1470.69,1493.2,1504.7,1483.4,1497.0,5859355
2025-10-14,1467.44,1489.9,1514.4,1486.5,1499.0,5600789
2025-10-15,1452.17,1474.4,1488.6,1467.5,1483.9,6986098
2025-10-16,1449.31,1471.5,1474.5,1460.5,1473.9,8005748
2025-10-17,1419.37,1441.1,1458.4,1434.0,1454.9,16959378
2025-10-20,1438.87,1460.9,1467.0,1450.0,1453.7,6994246
2025-10-21,1450.2,1472.4,1486.0,1470.0,1478.0,1698704
2025-10-23,1505.45,1528.5,1546.0,1506.0,1510.0,20358624
2025-10-24,1502.4,1525.4,1543.0,1518.0,1539.5,8652257
2025-10-27,1504.5,1504.5,1515.3,1498.1,1510.0,7273211
2025-10-28,1500.2,1500.2,1506.5,1490.5,1499.7,8211019
2025-10-29,1510.4,1510.4,1520.2,1496.9,1500.2,4884976
2025-10-30,1493.8,1493.8,1508.2,1489.1,1507.0,5608867
2025-10-31,1482.3,1482.3,1497.1,1480.7,1490.0,4819814
2025-11-03,1485.5,1485.5,1491.4,1474.2,1482.3,5470600
2025-11-04,1467.9,1467.9,1481.9,1462.9,1479.7,8691330
2025-11-05,1467.9,1467.9,1467.9,1467.9,1467.9,0
2025-11-06,1466.7,1466.7,1483.0,1461.9,1478.6,7944752
2025-11-07,1476.8,1476.8,1480.9,1449.1,1470.0,8765759
2025-11-10,1513.5,1513.5,1520.0,1490.0,1490.1,9787975
2025-11-11,1530.3,1530.3,1533.4,1511.1,1525.0,13692989
2025-11-12,1551.7,1551.7,1559.2,1538.1,1540.0,14635417
2025-11-13,1541.8,1541.8,1557.5,1530.3,1557.1,19655689
2025-11-14,1502.8,1502.8,1530.0,1488.8,1520.0,9739549
2025-11-17,1507.6,1507.6,1510.2,1492.5,1496.0,7910354
2025-11-18,1486.4,1486.4,1506.0,1483.2,1506.0,7525119
2025-11-19,1541.1,1541.1,1543.0,1490.5,1490.5,10981126
2025-11-20,1536.5,1536.5,1555.0,1534.0,1555.0,7387584
2025-11-21,1545.0,1545.0,1551.5,1526.3,1531.0,9186302
2025-11-24,1548.0,1548.0,1585.0,1541.0,1563.6,19270381
2025-11-25,1530.6,1530.6,1550.6,1525.9,1549.0,8107952
2025-11-26,1557.9,1557.9,1560.3,1532.1,1532.1,7575038
2025-11-27,1566.4,1566.4,1574.3,1552.2,1564.0,7552252
2025-11-28,1560.1,1560.1,1568.4,1557.0,1565.0,4453221
2025-12-01,1564.0,1564.0,1574.0,1556.0,1562.5,5341800
2025-12-02,1561.0,1561.0,1579.9,1556.1,1567.0,6335969
2025-12-03,1578.7,1578.7,1586.0,1554.1,1555.1,12895312
2025-12-04,1597.6,1597.6,1599.0,1568.0,1568.0,12609619
2025-12-05,1616.2,1616.2,1631.8,1600.0,1610.0,10344725
2025-12-08,1610.8,1610.8,1630.0,1600.2,1617.1,7550413
2025-12-09,1599.0,1599.0,1606.9,1582.4,1601.2,6957599
2025-12-10,1584.8,1584.8,1608.0,1582.8,1608.0,5116140
2025-12-11,1598.0,1598.0,1607.4,1580.5,1598.0,5159319
2025-12-12,1598.2,1598.2,1601.8,1582.6,1601.4,4633912
