date,adj_close,close,high,low,open,volume
2015-01-01,190.0,202.96,203.9,201.99,202.59,2963643
2015-01-02,189.5,202.42,204.82,202.14,203.0,7331366
2015-01-05,187.42,200.2,203.64,199.8,202.3,10103941
2015-01-06,178.92,191.12,199.55,190.18,198.87,18627980
2015-01-07,182.81,195.28,196.31,191.32,191.35,20720312
2015-01-08,180.19,192.48,197.24,192.04,196.6,19872227
2015-01-09,184.09,196.65,197.04,193.15,193.93,13392787
2015-01-12,181.95,194.36,196.81,192.38,196.7,10100113
2015-01-13,180.42,192.73,195.43,192.12,194.98,9948711
2015-01-14,178.67,190.86,193.61,190.0,192.7,11380041
2015-01-15,184.94,197.55,199.12,192.01,192.01,16927085
2015-01-16,186.11,198.8,200.01,194.76,196.58,19136963
2015-01-19,188.23,201.07,202.52,196.3,198.91,13339962
2015-01-20,193.24,206.42,206.99,200.89,201.5,13361320
2015-01-21,194.03,207.27,208.33,203.91,206.87,17084297
2015-01-22,189.11,202.01,207.37,201.04,206.9,23721627
2015-01-23,189.79,202.73,205.22,200.47,203.44,18080494
2015-01-27,190.25,203.22,204.97,201.27,204.1,17939876
2015-01-28,194.05,207.29,207.96,202.55,202.55,19298126
2015-01-29,198.88,212.45,213.61,207.3,207.35,36117653
2015-01-30,195.85,209.21,212.87,207.78,212.58,21746801
2015-02-02,194.31,207.56,210.27,207.03,209.39,19302710
2015-02-03,200.64,214.32,215.06,208.74,208.74,17092333
2015-02-04,198.75,212.31,215.74,211.65,214.66,14072894
2015-02-05,197.66,211.14,214.85,209.75,213.95,12365643
2015-02-06,194.71,207.99,212.58,206.41,211.23,9045844
2015-02-09,191.88,204.97,209.84,203.9,206.0,8839692
2015-02-10,188.74,201.61,206.75,196.88,205.27,13651008
2015-02-11,192.74,205.88,206.81,201.84,202.52,9781008
2015-02-12,194.55,207.82,208.91,202.81,207.55,8709626
2015-02-13,196.33,209.73,210.48,207.79,208.93,7393680
2015-02-16,193.19,206.36,211.26,205.72,210.0,12266698
2015-02-18,192.94,206.1,207.55,204.44,205.72,9835036
2015-02-19,193.03,206.19,207.46,202.88,207.31,9550637
2015-02-20,186.83,199.58,204.81,199.16,204.64,18717199
2015-02-23,182.2,194.63,200.41,193.63,198.86,14104463
2015-02-24,180.06,192.34,195.85,191.32,195.27,19946218
2015-02-25,180.42,192.73,195.78,192.25,194.02,15274116
2015-02-26,180.18,192.47,194.3,191.23,193.4,21459750
2015-02-27,183.08,195.56,196.81,193.06,193.74,18659378
2015-03-02,184.94,197.55,200.12,195.56,198.64,14579511
2015-03-03,192.76,205.91,207.2,198.27,198.64,20636925
2015-03-04,189.99,202.95,207.93,201.16,207.1,14476047
2015-03-05,189.37,202.28,205.44,200.73,204.01,10716702
2015-03-09,186.09,198.79,203.84,197.53,202.32,14065391
2015-03-10,183.85,196.39,200.19,195.53,198.63,15234060
2015-03-11,183.16,195.66,198.78,194.84,196.8,11635873
2015-03-12,184.84,197.45,198.27,195.58,196.12,11782380
2015-03-13,181.91,194.32,198.78,193.61,198.64,12936157
2015-03-16,180.2,192.49,195.2,192.08,194.64,13839990
2015-03-17,183.36,195.86,196.56,192.24,194.42,19070082
2015-03-18,185.88,198.56,199.38,195.37,195.9,9269885
2015-03-19,183.21,195.7,200.4,195.23,200.14,13934612
2015-03-20,182.77,195.23,196.84,193.98,196.1,10405717
2015-03-23,180.17,192.46,197.5,191.58,195.78,13251683
2015-03-24,181.45,193.83,195.28,192.49,192.49,9238431
2015-03-25,180.8,193.13,194.18,192.24,194.07,10264941
2015-03-26,177.46,189.56,194.12,188.38,192.26,20621346
2015-03-27,173.69,185.54,190.87,183.2,190.62,23326922
2015-03-30,173.49,185.32,186.91,182.06,186.66,17330588
2015-03-31,176.75,188.81,190.39,186.98,186.98,20235395
2015-04-01,178.9,191.11,191.78,185.86,188.56,14588531
2015-04-06,176.47,188.5,191.55,187.76,191.1,12334096
2015-04-07,178.22,190.38,191.12,188.82,188.82,21275454
2015-04-08,185.29,197.93,198.75,190.39,190.52,24821205
2015-04-09,191.54,204.6,205.5,196.31,197.84,27276420
2015-04-10,193.52,206.72,207.74,203.23,204.57,25323219
2015-04-13,197.4,210.87,211.38,205.44,207.28,20177342
2015-04-15,197.65,211.13,214.78,207.37,210.53,22231264
2015-04-16,198.66,212.21,214.41,210.07,211.33,20177302
2015-04-17,198.33,211.86,215.85,210.89,213.74,23958678
2015-04-20,189.52,202.44,214.29,200.81,214.25,37628162
2015-04-21,187.55,200.34,204.7,199.43,203.47,17707007
2015-04-22,188.26,201.1,202.7,198.18,201.59,14761313
2015-04-23,187.68,200.48,203.3,198.65,202.03,13337818
2015-04-24,188.07,200.9,202.17,198.56,200.47,12709854
2015-04-27,187.3,200.08,202.87,199.2,201.16,11042925
2015-04-28,185.14,197.77,201.61,196.25,199.94,14687371
2015-04-29,181.89,194.3,198.99,193.7,197.04,16387960
2015-04-30,184.53,197.12,197.93,193.83,194.3,34802149
2015-05-04,190.65,203.66,204.33,196.7,198.0,15078502
2015-05-05,190.91,203.93,206.14,202.32,204.28,17846755
2015-05-06,188.36,201.21,204.98,199.32,203.44,22438208
2015-05-07,186.33,199.04,200.8,196.58,200.01,16735535
2015-05-08,192.78,203.37,204.3,196.83,199.1,17104443
2015-05-11,194.14,204.8,205.6,201.93,204.09,14214007
2015-05-12,188.23,198.57,204.56,197.76,204.56,16650201
2015-05-13,191.79,202.32,203.13,195.94,199.63,16701434
2015-05-14,190.29,200.74,202.57,198.94,202.52,12329713
2015-05-15,189.37,199.77,202.74,198.89,201.59,8331715
2015-05-18,193.18,203.79,204.35,199.37,199.99,9847540
2015-05-19,194.05,204.71,206.81,202.66,203.72,14513036
2015-05-20,196.93,207.75,208.24,205.2,205.82,8708891
2015-05-21,194.31,204.98,209.25,204.38,208.3,10759523
2015-05-22,195.85,206.6,207.0,205.04,205.04,8349048
2015-05-25,193.82,204.47,207.55,203.98,205.72,6617337
2015-05-26,191.68,202.2,204.81,201.77,204.58,9510249
2015-05-27,191.83,202.36,203.64,201.2,202.52,8078236
2015-05-28,189.77,200.19,204.41,199.32,202.49,26538868
2015-05-29,190.03,200.47,202.63,199.58,201.13,29277517
2015-06-01,195.5,206.24,206.84,200.7,201.15,19594976
2015-06-02,194.72,205.42,210.02,203.77,207.04,20178960
2015-06-03,194.22,204.89,208.11,203.1,205.5,15546279
2015-06-04,197.77,208.63,209.43,204.02,206.68,15931395
2015-06-05,196.69,207.5,209.6,206.74,207.99,13066337
2015-06-08,191.86,202.4,208.01,201.86,207.28,10846953
2015-06-09,191.48,202.0,203.59,200.55,201.96,9153355
2015-06-10,196.27,207.05,207.99,202.3,202.52,13509379
2015-06-11,190.06,200.5,207.9,199.7,207.1,14676438
2015-06-12,192.82,203.4,204.06,200.75,200.92,21543824
2015-06-15,195.39,206.12,206.87,203.44,204.56,12858570
2015-06-16,195.87,206.63,206.87,204.17,205.5,13929305
2015-06-17,201.78,212.86,215.41,204.35,206.88,26232634
2015-06-18,212.12,223.77,224.47,213.15,213.17,49366799
2015-06-19,215.96,227.82,230.05,224.58,224.58,45710935
2015-06-22,214.89,226.69,230.57,225.5,227.89,19394187
2015-06-23,215.6,227.44,229.2,226.53,226.9,16007498
2015-06-24,214.71,226.5,230.06,225.53,227.44,18603004
2015-06-25,217.67,229.62,230.64,225.15,225.61,27175118
2015-06-26,216.84,228.74,231.81,227.53,228.56,20966796
2015-06-29,214.7,226.49,227.18,222.18,225.82,20168946
2015-06-30,216.71,228.61,229.23,225.84,226.27,23184864
2015-07-01,217.91,229.87,230.97,228.81,228.81,14824266
2015-07-02,219.03,231.06,233.1,230.21,230.64,15931202
2015-07-03,218.24,230.23,231.74,229.28,230.81,13831096
2015-07-06,220.05,232.14,232.9,227.49,227.69,12237733
2015-07-07,217.39,229.33,232.38,228.58,231.1,11294999
2015-07-08,215.95,227.81,230.57,226.67,227.63,15190654
2015-07-09,213.95,225.7,228.81,224.73,227.67,16245867
2015-07-10,217.07,228.99,229.5,226.35,226.55,16110573
2015-07-13,218.2,230.18,231.44,227.47,228.99,9860248
2015-07-14,216.21,228.08,231.21,227.49,230.62,9942927
2015-07-15,219.1,231.13,231.87,228.48,228.53,13532911
2015-07-16,221.82,234.0,234.94,231.13,231.33,14854295
2015-07-17,221.39,233.54,235.7,232.7,234.35,10195142
2015-07-20,222.05,234.24,235.43,232.67,234.94,6348354
2015-07-21,218.37,230.37,235.09,229.21,234.98,7923338
2015-07-22,227.6,240.1,240.92,229.63,229.73,17309440
2015-07-23,226.5,238.94,244.09,238.0,240.81,18642915
2015-07-24,222.11,234.31,239.93,233.41,239.56,13099664
2015-07-27,217.84,229.81,235.42,228.98,234.27,20118553
2015-07-28,218.9,230.93,232.4,228.61,230.48,13382878
2015-07-29,215.82,227.67,231.49,226.78,230.75,14790821
2015-07-30,216.72,228.62,230.41,226.82,228.61,11701228
2015-07-31,217.08,229.01,230.39,226.3,228.58,16634259
2015-08-03,217.21,229.14,231.75,228.45,228.81,9887787
2015-08-04,214.08,225.84,229.87,224.01,229.36,12006872
2015-08-05,214.03,225.78,228.77,224.95,225.9,14345010
2015-08-06,212.12,223.77,226.75,223.44,226.53,8708037
2015-08-07,213.29,225.01,227.21,223.36,223.78,8608888
2015-08-10,209.95,221.47,226.02,220.47,225.04,9288894
2015-08-11,209.32,220.81,222.56,218.98,221.95,8762464
2015-08-12,204.31,215.53,220.81,214.99,220.26,9650325
2015-08-13,202.24,213.35,218.06,212.45,216.47,9340350
2015-08-14,209.52,221.03,222.18,213.57,214.93,12739366
2015-08-17,206.0,217.31,220.81,216.25,220.81,10857430
2015-08-18,204.57,215.81,218.53,215.37,218.53,6630334
2015-08-19,206.85,218.21,219.67,214.74,215.78,8877298
2015-08-20,198.55,209.45,219.43,208.87,219.43,19008087
2015-08-21,196.74,207.54,208.45,205.04,208.01,20050521
2015-08-24,179.75,189.62,201.15,186.98,201.15,35635706
2015-08-25,183.78,193.87,196.73,188.17,192.2,49504268
2015-08-26,184.92,195.07,199.96,192.01,193.79,18955515
2015-08-27,188.33,198.67,201.44,195.91,198.14,26997546
2015-08-28,189.04,199.42,201.84,197.98,200.01,10770215
2015-08-31,185.46,195.64,199.52,195.16,199.52,20708942
2015-09-01,181.98,191.98,195.19,190.89,195.19,21645696
2015-09-02,184.08,194.19,195.92,192.6,194.3,19652369
2015-09-03,185.02,195.18,196.75,193.02,195.22,11659978
2015-09-04,181.13,191.07,194.23,188.6,194.23,16199949
2015-09-07,180.54,190.46,192.92,189.2,191.61,10234633
2015-09-08,183.88,193.98,194.97,188.6,191.1,12900468
2015-09-09,189.39,199.79,200.86,194.41,196.81,17340694
2015-09-10,187.86,198.18,198.98,195.55,196.81,11074406
2015-09-11,186.55,196.8,200.26,195.71,199.32,10634833
2015-09-14,187.18,197.46,197.88,194.73,196.98,7964072
2015-09-15,187.86,198.18,198.87,195.58,197.04,11509788
2015-09-16,189.07,199.45,200.55,197.77,199.35,13424811
2015-09-18,194.02,204.67,205.61,200.5,200.8,34261453
2015-09-21,190.27,200.72,203.03,200.25,201.15,12732187
2015-09-22,183.73,193.82,202.27,193.04,201.15,15745524
2015-09-23,184.26,194.38,195.85,192.01,192.7,15221260
2015-09-24,181.44,191.4,193.84,190.81,193.84,29076982
2015-09-28,180.77,190.7,192.22,189.43,191.96,11624639
2015-09-29,182.18,192.18,194.35,188.83,189.72,15853471
2015-09-30,186.85,197.11,197.68,191.67,194.52,17292020
2015-10-01,187.37,197.66,199.77,196.26,199.77,8663393
2015-10-05,192.42,202.98,203.44,197.0,197.22,16015412
2015-10-06,194.59,205.28,205.84,202.47,204.73,12330294
2015-10-07,198.01,208.88,209.85,203.67,204.51,11515191
2015-10-08,192.65,203.23,209.13,202.58,209.13,10753149
2015-10-09,192.27,202.83,206.97,201.5,204.36,9327873
2015-10-12,193.23,203.84,206.09,202.98,202.98,6212395
2015-10-13,193.63,204.26,204.88,201.82,202.31,6162561
2015-10-14,195.65,206.4,206.87,204.34,204.76,8002587
2015-10-15,195.82,206.57,208.24,205.75,207.48,9048478
2015-10-16,198.22,209.11,209.11,206.57,206.75,15246935
2015-10-19,208.77,220.24,220.7,215.1,215.1,33505855
2015-10-20,207.3,218.69,220.97,217.84,220.58,18091895
2015-10-21,206.93,218.3,222.82,217.84,218.41,14404450
2015-10-23,207.07,218.45,222.42,215.13,220.34,12153422
2015-10-26,204.3,215.52,220.13,215.17,219.87,10938775
2015-10-27,203.59,214.77,216.75,214.27,214.59,11601798
2015-10-28,203.02,214.17,215.99,212.56,214.16,11958727
2015-10-29,203.9,215.1,216.01,213.71,213.95,13280382
2015-10-30,205.35,216.63,218.5,214.89,215.35,13366359
2015-11-02,207.97,219.39,219.78,216.06,216.93,7222044
2015-11-03,209.58,221.09,221.83,219.73,220.18,11373522
2015-11-04,206.13,217.45,222.87,216.29,221.27,10033187
2015-11-05,202.95,214.09,217.38,213.27,216.93,10767454
2015-11-06,206.37,217.7,218.24,214.39,214.74,8367190
2015-11-09,208.29,219.73,220.58,211.09,213.38,17031699
2015-11-10,199.95,210.93,219.33,209.45,218.75,11486238
2015-11-13,202.18,213.28,214.54,209.04,209.17,13682323
2015-11-16,202.45,213.57,215.33,211.38,211.67,15346549
2015-11-17,201.03,212.07,214.62,211.71,214.42,8588142
2015-11-18,197.62,208.47,212.88,208.0,212.03,11249222
2015-11-19,202.55,213.67,214.57,209.67,210.05,12183206
2015-11-20,205.17,216.43,217.79,211.57,213.5,11304265
2015-11-23,206.66,218.01,218.96,216.29,217.15,10499517
2015-11-24,209.69,221.2,222.09,217.39,217.84,14806176
2015-11-26,214.22,225.99,226.74,221.33,221.95,23805828
2015-11-27,212.14,223.79,226.87,222.66,226.07,10891864
2015-11-30,209.56,221.06,225.02,219.97,223.67,29919205
2015-12-01,209.29,220.79,223.74,219.73,220.35,12981379
2015-12-02,211.91,223.54,223.94,220.47,220.87,7573628
2015-12-03,211.74,223.37,226.06,222.66,222.85,11361395
2015-12-04,209.2,220.69,223.14,219.76,222.25,13443688
2015-12-07,206.29,217.62,222.41,217.1,220.69,14483909
2015-12-08,203.88,215.07,217.98,213.98,216.9,7532164
2015-12-09,198.46,209.36,215.66,208.66,214.0,9174419
2015-12-10,205.93,217.23,218.02,210.3,210.87,18592203
2015-12-11,206.49,217.83,219.21,215.53,217.55,18155513
2015-12-14,206.95,218.32,220.24,216.24,216.61,10563900
2015-12-15,211.46,223.07,223.54,217.99,218.75,15718833
2015-12-16,212.06,223.7,225.74,222.53,223.07,12097338
2015-12-17,218.79,230.8,232.01,223.55,224.02,19369032
2015-12-18,214.93,226.73,230.64,226.3,229.45,16016139
2015-12-21,214.97,226.78,228.35,225.01,225.82,12331769
2015-12-22,213.93,225.68,229.18,224.93,226.94,11579277
2015-12-23,217.51,229.45,230.16,226.3,226.71,12919467
2015-12-24,216.8,228.71,230.23,227.74,229.47,11901877
2015-12-28,218.94,230.96,231.73,228.58,228.72,12885935
2015-12-29,220.02,232.1,232.86,230.22,230.96,14913870
2015-12-30,217.66,229.61,232.24,229.04,232.01,8151610
2015-12-31,219.85,231.92,233.09,228.38,229.36,18483713
2016-01-01,220.01,232.09,232.9,230.46,230.82,5416562
2016-01-04,215.67,227.51,231.74,225.54,229.73,30170947
2016-01-05,217.8,229.76,230.87,227.9,228.65,14946239
2016-01-06,223.66,235.94,237.36,228.67,230.32,26759864
2016-01-07,219.56,231.61,234.98,230.42,233.39,19739943
2016-01-08,222.26,234.47,236.1,232.4,233.15,21313199
2016-01-11,227.86,240.38,242.48,231.1,232.23,29016443
2016-01-12,226.53,238.97,243.53,237.98,241.16,23373377
2016-01-13,233.34,246.15,249.1,239.37,240.72,71802356
2016-01-14,230.04,242.68,247.1,240.71,243.18,27823189
2016-01-15,232.57,245.34,249.04,243.58,244.53,28767318
2016-01-18,220.34,232.43,247.77,230.43,245.73,27254669
2016-01-19,226.13,238.55,239.97,231.81,235.21,21489315
2016-01-20,217.67,229.62,236.56,226.3,236.56,45114225
2016-01-21,213.26,224.97,234.47,223.26,232.59,31768619
2016-01-22,217.58,229.53,231.1,227.22,227.22,23682648
2016-01-25,217.54,229.49,232.87,228.58,230.87,13099564
2016-01-27,216.54,228.43,230.87,227.89,230.43,17251028
2016-01-28,220.35,232.45,233.57,227.92,228.81,23074633
2016-01-29,224.35,236.68,237.73,232.7,232.91,19177163
2016-02-01,223.25,235.51,238.14,234.42,237.72,9918809
2016-02-02,216.93,228.85,236.08,226.41,235.51,14771279
2016-02-03,212.65,224.33,227.21,222.87,225.84,15691478
2016-02-04,210.84,222.42,228.81,220.74,225.84,18203784
2016-02-05,210.38,221.93,224.47,219.76,223.81,20998404
2016-02-08,208.24,219.68,225.11,218.97,221.98,12078110
2016-02-09,207.47,218.87,221.45,217.15,217.82,19603494
2016-02-10,208.59,220.05,222.41,216.85,217.54,16883350
2016-02-11,200.34,211.34,220.8,209.27,220.09,17114833
2016-02-12,196.43,207.22,213.47,203.0,213.47,29319458
2016-02-15,205.15,216.41,217.46,209.84,209.84,19283523
2016-02-16,201.64,212.71,218.98,211.9,217.41,13024856
2016-02-17,206.41,217.75,218.86,209.47,213.75,15442221
2016-02-18,203.7,214.89,221.43,213.95,220.11,14433087
2016-02-19,204.63,215.86,217.78,214.26,214.87,10235503
2016-02-22,208.51,219.97,221.34,215.81,215.81,12770834
2016-02-23,205.77,217.07,221.09,215.5,220.15,18989787
2016-02-24,206.42,217.76,219.11,215.33,215.99,15186204
2016-02-25,204.57,215.81,218.65,215.06,218.11,24826958
2016-02-26,205.93,217.23,219.15,215.85,217.84,8349402
2016-02-29,209.46,220.96,227.35,213.73,217.45,31032353
2016-03-01,212.63,224.31,225.17,220.5,220.51,16453192
2016-03-02,217.01,228.93,229.9,225.67,226.96,20105967
2016-03-03,219.47,231.52,232.7,228.01,230.87,15880459
2016-03-04,218.07,230.05,232.01,229.38,231.78,8987660
2016-03-08,222.53,234.75,235.65,230.3,230.3,13222993
2016-03-09,225.72,238.12,238.62,232.83,233.15,11854901
2016-03-10,219.23,231.27,239.08,230.64,238.2,20706353
2016-03-11,219.83,231.9,235.34,231.01,231.99,15319044
2016-03-14,220.96,233.1,234.62,231.54,232.95,11880095
2016-03-15,221.13,233.27,234.95,232.03,234.07,10487788
2016-03-16,221.4,233.55,234.48,229.83,233.38,11064129
2016-03-17,222.63,232.24,237.02,231.33,234.75,16832997
2016-03-18,225.08,234.8,235.47,232.17,232.75,14030979
2016-03-21,227.3,237.11,238.07,233.78,234.97,12708074
2016-03-22,229.61,239.52,240.53,236.73,237.04,15333442
2016-03-23,225.52,235.26,239.3,233.7,239.3,16806372
2016-03-28,223.59,233.25,235.83,232.16,235.44,18070240
2016-03-29,227.07,236.87,238.18,233.2,234.02,15871250
2016-03-30,229.43,239.34,240.41,238.34,238.34,14453294
2016-03-31,229.03,238.92,241.38,236.06,237.96,30833349
2016-04-01,226.67,236.46,239.17,234.3,237.52,12381116
2016-04-04,226.8,236.6,238.23,234.37,237.73,8632568
2016-04-05,225.03,234.74,238.28,233.66,235.75,10259495
2016-04-06,226.52,236.3,236.97,233.75,235.92,6990781
2016-04-07,227.29,237.1,239.56,233.63,236.56,8789163
2016-04-08,227.09,236.89,241.03,235.71,236.79,13411752
2016-04-11,227.95,237.8,238.98,236.13,237.04,10308361
2016-04-12,229.51,239.42,241.72,237.28,237.8,11164859
2016-04-13,233.6,243.68,244.56,240.6,240.6,16038542
2016-04-18,233.31,243.38,243.85,241.25,243.62,19065716
2016-04-20,227.3,237.11,244.4,236.77,244.4,21687934
2016-04-21,228.14,237.99,240.47,236.58,238.05,11380697
2016-04-22,227.66,237.49,239.44,235.28,237.5,11705087
2016-04-25,222.83,232.45,238.74,231.39,238.74,61157544
2016-04-26,222.84,232.46,234.05,230.3,232.1,26429236
2016-04-27,223.37,233.02,234.51,232.24,232.67,14502641
2016-04-28,218.4,227.83,232.97,226.51,231.78,61949033
2016-04-29,215.33,224.63,228.25,223.75,227.09,23479680
2016-05-02,216.26,225.6,226.85,223.55,223.78,10620873
2016-05-03,213.82,223.05,227.43,222.35,225.84,17571826
2016-05-04,214.32,223.58,224.86,222.41,222.65,13546285
2016-05-05,213.7,222.93,224.8,221.93,224.01,21665684
2016-05-06,212.32,221.49,223.28,221.04,222.41,14748329
2016-05-09,215.42,224.72,225.38,222.37,222.87,15347096
2016-05-10,215.3,224.59,225.09,223.55,224.72,7248302
2016-05-11,213.73,222.96,224.18,221.73,222.14,12339923
2016-05-12,217.55,226.94,227.26,222.88,223.1,12786216
2016-05-13,214.34,223.59,226.42,222.87,226.06,14648291
2016-05-16,213.85,223.09,224.58,221.98,223.33,9327335
2016-05-17,212.36,221.53,224.72,220.89,224.07,12157600
2016-05-18,212.67,221.85,222.3,220.38,220.79,8228838
2016-05-19,208.43,217.43,222.16,216.15,222.11,9134784
2016-05-20,204.71,213.54,218.18,212.89,217.61,18544619
2016-05-23,203.78,212.58,215.03,211.59,214.26,18365734
2016-05-24,206.07,214.97,215.78,212.14,212.14,12283217
2016-05-25,208.43,217.43,217.79,215.13,217.12,9240115
2016-05-26,207.48,216.43,217.7,215.81,217.15,14190024
2016-05-27,213.58,222.8,223.3,216.87,216.94,13401594
2016-05-30,212.27,221.43,224.35,220.58,223.19,9633652
2016-05-31,209.89,218.95,222.41,218.64,221.5,23332727
2016-06-01,208.96,217.98,220.83,217.57,218.97,9042808
2016-06-02,209.54,218.58,218.79,216.03,218.18,10253825
2016-06-03,210.28,219.36,220.1,218.49,219.44,8643295
2016-06-06,209.22,218.25,220.13,217.74,219.67,8672842
2016-06-07,209.27,218.31,219.66,217.52,218.81,18954268
2016-06-08,209.07,218.09,218.98,216.96,218.98,12135516
2016-06-09,212.8,221.99,223.2,218.57,219.44,15643495
2016-06-10,214.02,223.26,225.02,221.34,222.64,16316760
2016-06-13,214.98,224.26,224.8,220.14,221.7,10214469
2016-06-14,213.92,223.15,225.25,221.57,224.23,10923848
2016-06-15,215.75,225.06,225.5,222.58,224.01,11129082
2016-06-16,213.93,223.17,224.85,221.05,224.24,9372207
2016-06-17,213.62,222.85,223.7,221.75,223.33,10534878
2016-06-20,216.98,226.34,226.89,221.27,222.22,10758608
2016-06-21,216.3,225.63,227.25,223.94,227.23,13933068
2016-06-22,214.85,224.13,225.36,223.35,225.15,12788710
2016-06-23,214.84,224.11,224.47,221.73,224.0,9837526
2016-06-24,208.49,217.49,220.56,213.36,220.56,24985097
2016-06-27,209.41,218.45,219.07,214.98,214.98,9163399
2016-06-28,209.88,218.94,219.79,218.3,218.62,7604977
2016-06-29,211.87,221.02,221.49,219.44,219.9,7523987
2016-06-30,212.36,221.53,223.44,221.05,222.18,12758283
2016-07-01,213.31,222.51,223.28,221.73,222.35,6610193
2016-07-04,216.21,225.54,227.12,222.98,222.98,7803505
2016-07-05,217.61,227.01,229.25,224.08,225.41,11359882
2016-07-07,216.47,225.82,228.7,225.42,226.87,12029091
2016-07-08,214.39,223.65,226.07,223.18,225.61,7140617
2016-07-11,217.48,226.87,227.43,225.27,226.53,8266601
2016-07-12,219.87,229.36,229.73,226.53,227.5,9767494
2016-07-13,221.04,230.58,232.4,229.53,229.77,14915296
2016-07-14,220.2,229.7,231.81,228.18,230.43,10758372
2016-07-15,221.8,231.37,233.38,229.38,230.64,13992989
2016-07-18,220.49,230.01,237.44,228.98,234.98,32106850
2016-07-19,223.02,232.65,233.83,227.51,229.95,16649300
2016-07-20,224.16,233.84,235.05,232.37,233.14,12265316
2016-07-21,220.52,230.03,234.3,229.73,234.07,6711097
2016-07-22,222.38,231.98,232.65,229.75,229.95,6899519
2016-07-25,224.11,233.78,234.01,230.26,231.78,8241568
2016-07-26,224.39,234.08,236.54,232.06,233.84,10516399
2016-07-27,221.99,231.58,234.53,230.63,233.85,11030767
2016-07-28,224.9,234.61,235.55,231.57,232.0,15610838
2016-07-29,222.39,231.99,234.27,231.33,234.07,9629597
2016-08-01,221.21,230.75,233.22,229.74,232.7,7978251
2016-08-02,221.93,231.51,233.15,230.02,230.41,7710138
2016-08-03,217.8,227.2,231.87,226.64,231.87,11872282
2016-08-04,217.59,226.98,228.58,224.79,228.35,10187608
2016-08-05,222.68,232.3,232.93,227.91,228.13,12109001
2016-08-08,225.53,235.27,236.36,232.85,233.13,13556347
2016-08-09,225.85,235.6,236.47,233.38,234.75,13290768
2016-08-10,219.92,229.42,236.48,229.04,235.73,13471958
2016-08-11,222.21,231.81,233.81,228.49,229.03,14169454
2016-08-12,226.97,236.77,238.39,232.47,232.47,16365425
2016-08-16,224.58,234.27,238.82,232.13,236.87,13367575
2016-08-17,222.04,231.62,235.17,230.23,234.09,15486572
2016-08-18,223.08,232.71,233.99,232.24,232.24,7749690
2016-08-19,222.39,231.99,233.61,230.21,232.7,8177802
2016-08-22,221.72,231.29,233.09,230.23,231.33,6684236
2016-08-23,221.41,230.97,232.01,229.73,231.33,7320433
2016-08-24,223.62,233.27,233.6,231.1,231.26,8719596
2016-08-25,221.91,231.49,235.21,230.64,233.43,14960746
2016-08-26,225.24,234.96,235.62,231.92,232.67,9639663
2016-08-29,231.71,241.72,242.24,234.55,234.81,16193208
2016-08-30,233.67,243.76,244.24,240.7,242.76,18170724
2016-08-31,232.27,242.3,245.5,239.33,243.42,23295502
2016-09-01,225.52,235.26,245.21,234.46,240.7,42621045
2016-09-02,222.05,231.63,236.02,229.11,235.69,28124615
2016-09-06,223.48,233.13,234.3,232.01,233.13,11510431
2016-09-07,222.99,232.62,234.77,231.57,233.61,12927438
2016-09-08,226.44,236.22,236.8,233.2,233.85,12206479
2016-09-09,228.89,238.77,239.99,235.44,236.58,15269894
2016-09-12,229.31,239.21,241.38,235.25,235.53,33684893
2016-09-14,228.93,238.81,242.07,237.93,239.56,18604842
2016-09-15,233.37,243.44,244.63,239.33,239.33,31371009
2016-09-16,235.68,245.85,250.04,242.09,243.9,39324529
2016-09-19,237.18,247.42,248.7,244.81,245.17,16678060
2016-09-20,235.38,245.54,247.96,244.37,247.78,11531268
2016-09-21,234.96,245.1,247.99,244.36,245.5,10943394
2016-09-22,238.61,248.92,250.48,246.64,247.56,18761415
2016-09-23,241.65,252.08,253.6,248.93,248.93,31085948
2016-09-26,242.61,253.09,258.2,251.5,252.22,38213411
2016-09-27,243.34,253.84,257.37,252.95,255.33,19374535
2016-09-28,238.99,249.3,253.27,248.31,253.25,24820234
2016-09-29,235.0,245.14,253.9,243.99,250.3,21260295
2016-09-30,237.46,247.72,250.2,243.74,244.13,11199883
2016-10-03,239.0,249.32,253.26,246.01,248.47,18125170
2016-10-04,240.24,250.61,253.34,249.61,249.85,13113580
2016-10-05,238.71,249.02,252.93,248.2,252.36,10789932
2016-10-06,243.4,253.91,257.44,249.61,249.61,21111045
2016-10-07,243.01,253.5,256.71,252.93,254.64,15280380
2016-10-10,240.24,250.61,256.47,250.07,254.64,11553662
2016-10-13,231.65,241.65,248.94,240.47,248.93,21938040
2016-10-14,236.14,246.33,247.33,242.68,242.98,15265659
2016-10-17,232.41,242.45,247.05,242.01,246.87,9826781
2016-10-18,236.89,247.12,247.5,242.77,243.67,11073137
2016-10-19,238.26,248.55,250.23,247.19,247.89,17073242
2016-10-20,238.31,248.6,250.98,247.8,250.06,10125508
2016-10-21,233.19,243.26,250.76,241.93,250.76,43608816
2016-10-24,232.99,243.05,245.5,242.45,244.58,10513017
2016-10-25,232.46,242.49,243.5,240.97,243.44,7658966
2016-10-26,230.97,240.94,242.17,240.49,241.4,10945927
2016-10-27,229.79,239.72,240.9,238.5,240.26,12842476
2016-10-28,231.16,241.14,241.84,238.6,240.01,8127969
2016-11-01,230.3,240.24,241.37,239.42,240.31,10223897
2016-11-02,224.33,234.01,238.38,233.38,237.96,7039997
2016-11-03,224.37,234.06,236.53,233.29,234.03,7311872
2016-11-04,220.34,229.85,234.73,228.58,233.21,11535892
2016-11-07,219.38,228.85,232.37,228.37,231.78,9506040
2016-11-08,219.89,229.38,229.89,228.19,229.89,13432073
2016-11-09,220.13,229.63,230.64,212.58,217.15,21640144
2016-11-10,221.4,230.96,235.2,230.18,232.83,9764091
2016-11-11,219.51,228.98,232.58,227.46,228.09,14775330
2016-11-15,215.92,225.25,228.58,223.91,227.78,14487470
2016-11-16,216.18,225.51,227.85,224.17,227.44,16550762
2016-11-17,214.25,223.5,228.16,222.73,225.38,12628378
2016-11-18,216.38,225.73,226.91,224.47,225.15,18163751
2016-11-21,217.26,226.64,227.11,224.74,225.74,13232434
2016-11-22,219.44,228.91,230.37,227.05,228.06,17646355
2016-11-23,221.1,230.64,230.98,228.48,229.73,13107911
2016-11-24,216.35,225.69,229.85,224.51,229.85,18913793
2016-11-25,217.74,227.14,227.65,225.01,226.3,10454964
2016-11-28,216.2,225.53,228.72,224.95,226.98,8312777
2016-11-29,218.62,228.06,229.57,225.85,226.07,9885281
2016-11-30,216.94,226.31,228.57,225.53,228.57,27596098
2016-12-01,218.63,228.07,232.01,227.44,228.58,12627845
2016-12-02,217.97,227.38,229.73,226.71,227.65,12481430
2016-12-05,217.78,227.18,228.51,225.5,227.44,3987213
2016-12-06,220.26,229.77,230.08,227.35,227.67,6726369
2016-12-07,218.94,228.39,230.32,227.75,229.5,4930865
2016-12-08,223.52,233.17,233.57,229.58,229.74,8750556
2016-12-09,225.47,235.2,235.86,233.22,233.61,8239158
2016-12-12,225.08,234.8,238.12,233.27,233.27,9023848
2016-12-13,227.84,237.68,237.96,234.88,234.98,10365823
2016-12-14,232.16,242.18,243.32,237.32,237.68,24139260
2016-12-15,230.73,240.69,244.04,239.7,240.56,19331986
2016-12-16,231.65,241.65,242.76,240.47,240.47,14942206
2016-12-19,232.83,242.88,243.89,241.01,241.16,15009634
2016-12-20,231.81,241.82,242.53,240.73,241.09,11688169
2016-12-21,232.98,243.04,243.97,241.66,242.32,20367894
2016-12-22,230.81,240.78,242.9,240.23,241.84,28892834
2016-12-23,231.68,241.68,244.34,240.47,240.47,10265033
2016-12-26,229.52,239.43,243.67,238.79,241.01,15321770
2016-12-27,233.3,243.37,243.92,239.33,239.52,17442849
2016-12-28,230.01,239.94,244.48,239.35,244.1,9637310
2016-12-29,233.47,243.54,244.31,239.9,240.01,8772325
2016-12-30,237.18,247.42,248.01,243.01,243.4,15711974
2017-01-02,237.77,248.04,249.16,245.12,247.78,7097888
2017-01-03,238.71,249.02,250.76,247.12,249.12,6434204
2017-01-04,233.84,243.93,249.84,243.28,249.82,10392483
2017-01-05,236.08,246.28,246.85,244.3,244.81,8734164
2017-01-06,235.55,245.72,248.01,245.29,245.54,7845839
2017-01-09,236.15,246.34,248.24,244.81,246.18,5228980
2017-01-10,238.81,249.12,250.16,246.87,246.87,11349916
2017-01-11,237.98,248.25,250.46,247.78,250.3,11475958
2017-01-12,237.38,247.62,249.24,246.82,248.47,4371992
2017-01-13,238.93,249.25,250.87,247.91,247.91,7234429
2017-01-16,235.83,246.01,250.06,245.49,249.14,12013154
2017-01-17,228.16,238.01,244.13,237.38,243.44,39234251
2017-01-18,226.26,236.02,239.56,235.15,238.32,15867619
2017-01-19,226.51,236.29,238.94,235.67,236.62,15284274
2017-01-20,224.78,234.48,237.14,234.05,236.34,8784907
2017-01-23,222.61,232.22,235.67,231.51,233.57,13708502
2017-01-24,225.11,234.82,235.17,232.47,232.47,9419288
2017-01-25,222.91,232.54,236.06,232.27,235.9,23856654
2017-01-27,224.62,234.32,235.19,232.93,233.21,21861796
2017-01-30,228.94,238.82,239.2,234.25,234.29,15678126
2017-01-31,229.03,238.92,240.88,237.8,239.29,15125194
2017-02-01,230.0,239.93,240.22,236.63,239.12,11312284
2017-02-02,228.66,238.53,240.2,237.33,240.01,9099129
2017-02-03,226.5,236.28,240.12,235.46,239.1,13219481
2017-02-06,228.25,238.1,238.85,235.91,237.04,9991907
2017-02-07,225.89,235.65,238.26,234.8,238.18,9905562
2017-02-08,224.63,234.33,237.33,233.61,235.65,16230826
2017-02-09,226.3,236.07,236.36,234.71,234.98,9861688
2017-02-10,225.73,235.47,236.71,234.42,236.58,12518554
2017-02-13,225.66,235.41,236.36,233.61,236.13,8565757
2017-02-14,230.04,239.97,240.68,235.42,236.58,18244623
2017-02-15,230.36,240.31,241.73,238.93,240.68,15236663
2017-02-16,233.91,244.01,244.46,240.6,240.6,19655195
2017-02-17,235.67,245.84,246.46,241.94,243.78,14847356
2017-02-20,235.65,245.82,246.61,243.78,244.71,11650581
2017-02-21,238.45,248.74,249.37,245.28,245.77,14186476
2017-02-22,264.59,276.01,276.96,249.61,249.84,127323130
2017-02-23,259.17,270.36,279.33,269.58,277.41,62249698
2017-02-27,271.47,283.19,287.28,272.09,272.13,83422197
2017-02-28,271.29,283.0,285.27,280.81,281.61,36111716
2017-03-01,270.51,282.19,284.45,281.16,283.47,24385665
2017-03-02,271.0,282.7,286.8,280.48,282.96,18063590
2017-03-03,275.78,287.68,294.37,283.8,283.8,84305639
2017-03-06,286.03,298.38,299.9,289.21,290.07,66724743
2017-03-07,285.95,298.29,303.33,296.28,301.47,42071555
2017-03-08,282.93,295.15,298.92,293.98,298.92,43336972
2017-03-09,281.96,294.13,296.7,292.93,294.87,31094457
2017-03-10,280.84,292.96,296.24,288.29,294.93,24785585
2017-03-14,282.56,294.76,301.5,293.79,301.44,27765035
2017-03-15,285.95,298.29,300.88,294.96,295.11,24107889
2017-03-16,284.35,296.62,299.54,295.7,299.44,15924023
2017-03-17,285.01,297.32,301.72,296.71,298.99,22727289
2017-03-20,280.65,292.77,298.59,292.21,298.53,12869337
2017-03-21,276.93,288.88,293.48,287.85,293.09,22596181
2017-03-22,276.03,287.95,289.36,284.94,286.19,20291685
2017-03-23,279.01,291.05,292.03,287.56,288.73,11807911
2017-03-24,281.96,294.13,295.33,289.95,291.24,16282523
2017-03-27,274.15,285.98,292.3,285.09,290.55,32452615
2017-03-28,272.97,284.76,288.93,283.92,287.56,21707345
2017-03-29,275.36,287.25,288.01,281.92,286.12,18924345
2017-03-30,278.43,290.45,291.39,286.41,286.87,27862325
2017-03-31,289.44,301.94,305.76,289.39,289.39,45390562
2017-04-03,301.22,314.22,315.56,305.63,306.76,44886623
2017-04-05,310.06,323.45,324.13,315.47,318.92,40323877
2017-04-06,315.21,328.82,331.19,320.52,322.07,50620850
2017-04-07,308.22,321.53,327.79,320.6,324.89,31875272
2017-04-10,302.69,315.75,325.71,314.83,322.3,30768410
2017-04-11,300.71,313.7,320.12,313.18,317.24,32249647
2017-04-12,296.69,309.5,316.92,308.85,316.08,27448279
2017-04-13,299.06,311.97,313.94,307.98,309.5,12713918
2017-04-17,304.99,318.15,319.0,312.02,312.02,11837502
2017-04-18,300.24,313.2,322.3,312.47,320.01,16016414
2017-04-19,299.94,312.88,316.03,310.31,312.93,11572557
2017-04-20,300.1,313.06,317.0,311.81,315.22,8393496
2017-04-21,307.32,320.59,324.82,315.11,315.56,30230907
2017-04-24,310.59,323.99,328.02,320.06,322.09,25512511
2017-04-25,313.96,327.51,335.5,325.98,333.73,36764315
2017-04-26,310.38,323.78,329.17,320.61,328.02,16763153
2017-04-27,308.85,322.19,325.54,320.52,323.9,12571594
2017-04-28,305.72,318.92,324.66,317.96,322.25,11848658
2017-05-02,300.32,313.28,320.47,312.31,320.47,18591411
2017-05-03,300.22,313.18,315.62,312.02,314.74,9500038
2017-05-04,297.56,310.4,315.35,309.51,314.3,14365934
2017-05-05,291.05,303.62,312.55,302.87,311.24,15598448
2017-05-08,289.55,302.05,306.19,301.35,304.02,16066733
2017-05-09,291.51,304.1,304.85,301.79,302.64,21106150
2017-05-10,297.81,310.67,311.7,304.16,305.11,22906024
2017-05-11,297.91,310.77,313.1,308.96,311.81,13783848
2017-05-12,295.92,308.69,311.79,307.23,310.88,7523427
2017-05-15,294.52,307.24,310.05,304.82,310.05,6738085
2017-05-16,297.2,310.03,314.74,306.53,307.68,12655992
2017-05-17,296.5,309.3,312.23,308.07,309.27,9844573
2017-05-18,290.85,303.41,308.59,302.67,306.36,9790379
2017-05-19,288.99,301.47,305.32,299.44,304.7,12813204
2017-05-22,290.15,302.68,304.84,300.63,303.22,8801430
2017-05-23,286.08,298.43,303.98,297.62,303.03,9223001
2017-05-24,284.36,296.63,300.29,296.04,298.87,14326531
2017-05-25,285.4,297.72,299.99,296.35,297.16,25922008
2017-05-26,293.03,305.68,307.31,297.16,298.06,21430443
2017-05-29,297.33,310.16,312.12,305.3,305.62,24022633
2017-05-30,297.87,310.72,311.95,308.24,309.94,9658309
2017-05-31,293.78,306.46,312.69,305.34,312.47,16423338
2017-06-01,291.05,303.62,306.3,302.42,304.63,9534069
2017-06-02,290.28,302.82,306.0,301.04,305.16,11495005
2017-06-05,291.29,303.87,306.53,300.78,303.16,10835031
2017-06-06,287.67,300.08,304.92,299.67,304.92,9591064
2017-06-07,293.41,306.07,306.76,299.22,299.72,11199223
2017-06-08,291.81,304.4,307.4,303.57,306.3,7903123
2017-06-09,292.68,305.32,309.26,304.24,307.47,13836547
2017-06-12,289.12,301.6,303.96,301.04,303.23,8432435
2017-06-13,288.01,300.44,303.33,299.67,301.87,6025338
2017-06-14,297.46,310.3,310.87,300.79,300.79,52939271
2017-06-15,303.26,316.35,318.87,310.67,310.87,28290813
2017-06-16,304.32,317.46,319.06,313.0,317.52,32710880
2017-06-19,308.8,322.13,323.63,317.78,317.78,15236956
2017-06-20,309.48,322.84,325.07,321.72,322.07,10142474
2017-06-21,311.59,325.05,326.42,320.99,321.8,19992472
2017-06-22,313.93,327.48,330.39,326.35,326.75,22118609
2017-06-23,314.63,328.21,329.62,327.01,328.25,31143289
2017-06-27,314.91,328.51,329.85,325.73,327.33,32591540
2017-06-28,306.44,319.67,329.15,319.0,329.15,15567803
2017-06-29,305.17,318.35,322.3,317.75,320.02,12898245
2017-06-30,302.39,315.44,318.28,314.31,318.19,7814271
2017-07-03,302.62,315.68,318.8,313.39,317.32,9195278
2017-07-04,311.58,325.03,326.21,317.5,317.73,18816782
2017-07-05,316.12,329.77,330.86,325.5,326.75,27209010
2017-07-06,316.1,329.74,331.45,328.7,331.15,13590313
2017-07-07,326.75,340.85,342.36,329.16,329.85,35845310
2017-07-10,327.12,341.24,343.08,340.38,341.75,3504540
2017-07-11,327.45,341.58,343.88,339.9,343.1,20995547
2017-07-12,331.12,345.41,348.59,342.3,342.74,17104482
2017-07-13,336.18,347.93,348.59,344.28,344.87,23010262
2017-07-14,338.75,350.59,351.1,346.43,347.45,20530867
2017-07-17,342.73,354.7,356.5,351.33,351.33,18749450
2017-07-18,335.69,347.42,354.72,345.39,353.57,19640167
2017-07-19,338.58,350.41,351.56,345.75,345.75,11790198
2017-07-20,337.68,349.48,354.3,348.29,351.96,13626050
2017-07-21,350.07,362.3,363.84,353.15,354.3,97142371
2017-07-24,356.75,369.22,371.42,362.3,365.73,43429394
2017-07-25,353.86,366.22,371.44,365.18,371.38,20063064
2017-07-26,358.41,370.93,372.57,365.98,366.69,21954323
2017-07-27,352.24,364.54,372.93,363.07,372.13,18409364
2017-07-28,352.16,364.46,367.09,360.7,363.73,14331863
2017-07-31,356.74,369.21,370.03,364.82,366.18,16567422
2017-08-01,354.18,366.56,370.93,363.79,370.93,12311920
2017-08-02,359.83,372.41,373.89,367.58,368.02,20786240
2017-08-03,364.45,377.19,380.57,369.63,371.87,19707381
2017-08-04,358.28,370.8,380.13,369.18,380.13,18579866
2017-08-07,357.0,369.47,372.96,368.6,372.96,9537088
2017-08-08,353.95,366.32,370.54,362.72,369.85,10961296
2017-08-09,353.12,365.46,370.3,362.3,366.08,10436651
2017-08-10,349.93,362.16,367.25,360.69,364.14,10188164
2017-08-11,341.51,353.45,361.16,350.42,354.52,16996281
2017-08-14,347.43,359.57,362.19,356.82,356.82,13440617
2017-08-16,345.9,357.98,360.25,354.35,359.33,13576650
2017-08-17,346.12,358.21,365.2,356.85,358.65,15828719
2017-08-18,347.95,360.11,360.66,355.02,357.5,7935890
2017-08-21,345.52,357.6,362.11,356.65,360.48,7573558
2017-08-22,344.56,356.6,361.14,355.69,359.33,9533641
2017-08-23,349.42,361.63,362.66,355.02,357.7,8320052
2017-08-24,346.33,358.43,364.16,357.62,363.45,12654347
2017-08-28,346.0,358.09,361.61,356.86,360.94,12316426
2017-08-29,338.4,350.22,358.3,349.73,357.01,15164812
2017-08-30,345.46,357.53,358.6,352.3,353.74,10334911
2017-08-31,352.17,364.48,365.15,359.79,360.02,25104625
2017-09-01,355.62,368.04,369.53,365.5,365.7,15431918
2017-09-04,356.33,368.78,374.0,364.78,369.28,21560532
2017-09-05,360.59,373.18,373.7,370.54,372.59,25216776
2017-09-06,363.41,376.11,377.73,370.94,371.77,48745984
2017-09-07,361.38,374.01,380.59,372.59,376.25,16205339
2017-09-08,360.85,373.46,376.36,371.26,374.88,13248413
2017-09-11,361.29,373.92,378.01,373.3,375.47,12690592
2017-09-12,363.88,376.59,377.16,373.5,376.13,6500191
2017-09-13,375.03,388.13,393.12,375.79,376.71,29377106
2017-09-14,372.75,385.78,393.85,384.93,391.24,11867640
2017-09-15,371.85,384.84,389.89,381.62,384.93,28595395
2017-09-18,373.51,386.56,389.07,385.44,388.59,5061995
2017-09-19,370.44,383.38,388.02,382.65,388.0,7718697
2017-09-20,374.21,387.29,398.88,386.35,391.38,24942703
2017-09-21,371.65,384.64,389.37,382.31,387.22,12950541
2017-09-22,361.07,373.69,383.97,371.77,383.97,12294087
2017-09-25,362.9,375.59,378.51,368.11,372.59,14229631
2017-09-26,362.26,374.92,378.1,371.31,375.65,10564143
2017-09-27,353.01,365.34,377.48,363.68,377.44,18448855
2017-09-28,347.4,359.54,367.06,356.68,365.57,29547622
2017-09-29,344.95,357.0,362.72,356.18,361.96,16666208
2017-10-03,352.66,364.98,367.49,359.04,363.45,18345748
2017-10-04,361.71,374.35,377.14,363.72,365.37,18907611
2017-10-05,364.05,376.77,378.74,374.26,377.16,10631751
2017-10-06,369.75,382.67,383.72,376.07,376.71,12997688
2017-10-09,366.92,379.75,383.93,378.53,383.56,8850408
2017-10-10,372.47,385.48,387.36,379.91,379.91,14732024
2017-10-11,371.12,384.09,392.43,382.19,386.44,15420644
2017-10-12,385.52,398.99,400.84,384.98,384.98,18642942
2017-10-13,387.16,400.68,407.2,399.27,401.99,21509701
2017-10-16,387.31,400.84,407.79,393.76,401.85,32009221
2017-10-17,386.23,399.72,404.14,396.45,401.39,13898844
2017-10-18,403.96,418.08,419.63,400.02,401.12,36671941
2017-10-19,401.93,415.98,421.46,412.82,418.67,8014767
2017-10-23,415.12,429.62,431.89,415.61,417.35,27455320
2017-10-24,412.69,427.11,433.26,424.34,433.26,13857773
2017-10-25,415.18,429.69,432.43,424.94,429.78,10011782
2017-10-26,418.5,433.12,437.87,425.62,429.74,16840049
2017-10-27,410.74,425.1,437.37,423.2,434.31,11498547
2017-10-30,416.33,430.88,432.27,425.44,426.99,7823263
2017-10-31,415.6,430.12,432.37,426.17,432.0,9504986
2017-11-01,420.77,435.47,437.87,432.37,433.28,17571371
2017-11-02,418.14,432.75,437.28,431.68,435.59,10277678
2017-11-03,417.57,432.16,437.03,429.8,437.03,4798537
2017-11-06,411.91,426.31,430.88,424.71,430.88,9757496
2017-11-07,400.52,414.51,427.45,412.84,426.7,20447574
2017-11-08,392.17,405.87,414.19,404.18,412.59,17752793
2017-11-09,397.78,411.68,415.98,407.82,409.05,15007224
2017-11-10,390.42,404.07,411.88,401.94,411.88,13923102
2017-11-13,386.63,400.13,407.75,399.33,404.59,9088619
2017-11-14,391.68,405.37,409.16,399.11,400.02,12481463
2017-11-15,390.36,404.0,407.15,401.37,404.36,15272059
2017-11-16,399.26,413.21,414.19,404.82,404.82,15160866
2017-11-17,402.81,416.89,422.83,415.34,420.11,12219276
2017-11-20,406.77,420.98,422.58,413.74,414.28,9231195
2017-11-21,411.94,426.33,429.58,423.11,423.7,13082246
2017-11-22,411.14,425.51,429.12,422.17,428.57,11058315
2017-11-23,418.32,432.94,434.26,423.63,425.62,16031638
2017-11-24,420.13,434.81,438.65,433.12,434.31,13987125
2017-11-27,420.24,434.93,437.74,431.57,433.05,10237135
2017-11-28,416.71,431.27,434.93,428.87,434.24,10153618
2017-11-29,417.88,432.48,434.31,430.19,430.58,8038351
2017-11-30,407.08,421.3,430.4,420.36,430.4,20637767
2017-12-01,402.02,416.07,425.74,414.97,422.63,11114967
2017-12-04,398.26,412.18,417.76,410.24,417.62,10103208
2017-12-05,403.61,417.71,420.94,409.37,411.93,18306627
2017-12-06,409.33,423.63,425.3,415.47,416.02,24078081
2017-12-07,411.49,425.87,427.91,421.96,425.19,12095301
2017-12-08,406.83,421.05,428.34,420.16,426.92,12224184
2017-12-11,404.69,418.83,423.34,417.64,421.71,10792248
2017-12-12,404.45,418.58,424.71,415.11,418.74,15782031
2017-12-13,404.03,418.15,422.86,416.34,419.18,9147866
2017-12-14,407.06,421.28,422.83,415.45,420.14,10983157
2017-12-15,406.28,420.48,426.51,419.54,425.62,24408414
2017-12-18,406.83,421.05,426.38,394.37,416.91,18581421
2017-12-19,409.02,423.31,423.79,420.59,422.24,8891691
2017-12-20,405.58,419.75,423.98,419.22,423.29,10443493
2017-12-21,403.28,417.37,422.4,416.02,419.88,9071450
2017-12-22,406.57,420.78,421.69,415.7,418.15,10658428
2017-12-26,410.72,425.07,429.23,419.75,422.81,11596338
2017-12-27,408.05,422.31,428.59,420.14,426.54,9520350
2017-12-28,408.25,422.51,427.18,420.18,422.99,15511891
2017-12-29,406.86,421.07,426.22,419.91,423.56,11089700
2018-01-01,401.86,415.91,421.83,414.88,421.83,9453202
2018-01-02,402.48,416.55,420.39,414.38,417.39,9499419
2018-01-03,404.1,418.22,423.34,417.42,422.88,13507800
2018-01-04,406.53,420.73,421.42,418.63,419.75,9008932
2018-01-05,407.83,422.08,423.75,420.71,421.42,7441284
2018-01-08,410.17,424.5,425.62,422.19,423.38,8827020
2018-01-09,415.65,430.17,431.52,422.42,424.32,14294571
2018-01-10,416.27,430.81,433.12,427.68,431.11,11727682
2018-01-11,414.23,428.71,430.95,427.45,430.56,7849171
2018-01-12,419.2,433.85,435.59,428.94,431.11,15071161
2018-01-15,419.27,433.92,438.19,432.11,434.31,11120925
2018-01-16,407.7,421.94,433.26,420.59,433.26,10825151
2018-01-17,408.38,422.65,424.71,414.65,423.34,13204016
2018-01-18,406.26,420.46,424.98,418.35,424.71,9381821
2018-01-19,411.38,425.76,427.18,421.55,421.96,9973533
2018-01-22,429.14,444.14,445.42,429.74,433.39,45700733
2018-01-23,434.33,449.51,453.03,445.74,445.74,22526810
2018-01-24,426.87,441.78,448.82,440.09,448.82,14289485
2018-01-25,426.67,441.58,444.37,437.12,442.49,13669901
2018-01-29,426.05,440.94,446.79,438.56,441.71,9897064
2018-01-30,419.82,434.49,441.53,433.85,441.53,9182956
2018-01-31,424.64,439.47,440.94,430.44,434.31,12551686
2018-02-01,416.93,431.5,444.64,428.18,440.37,16524809
2018-02-02,399.48,413.44,431.54,411.91,427.45,28965593
2018-02-05,398.51,412.43,417.16,403.13,408.71,19191099
2018-02-06,394.07,407.84,410.54,398.19,400.93,24062503
2018-02-07,395.08,408.89,413.92,406.88,412.62,15532284
2018-02-08,399.57,413.53,416.32,407.95,410.49,13825894
2018-02-09,396.61,410.47,412.36,405.05,406.42,11580639
2018-02-12,404.4,418.54,419.77,412.39,412.82,11877059
2018-02-14,412.42,426.83,430.88,421.05,421.96,22247829
2018-02-15,413.31,427.75,432.37,424.32,428.66,13363743
2018-02-16,406.97,421.19,430.93,419.72,429.55,9628162
2018-02-19,409.48,423.79,426.08,417.64,421.05,8941900
2018-02-20,406.88,421.1,424.96,420.04,424.71,8458450
2018-02-21,410.52,424.87,426.31,421.58,425.16,11917390
2018-02-22,408.31,422.58,425.62,420.59,421.51,11196908
2018-02-23,412.69,427.11,428.82,421.85,423.06,10610664
2018-02-26,414.65,429.14,431.98,428.18,429.28,8435611
2018-02-27,419.87,434.54,436.96,428.98,429.28,14021366
2018-02-28,421.65,436.39,437.55,431.2,432.46,56650480
2018-03-01,418.94,433.58,438.83,432.46,434.19,8956590
2018-03-05,408.2,422.47,434.38,421.32,431.11,12325694
2018-03-06,402.35,416.41,428.0,413.78,424.71,16019726
2018-03-07,393.03,406.76,415.68,405.99,415.68,15853546
2018-03-08,402.62,416.68,418.08,408.39,410.38,13283967
2018-03-09,403.34,417.44,420.3,416.5,418.26,10638527
2018-03-12,410.94,425.3,426.58,419.47,420.59,8315150
2018-03-13,411.63,426.01,427.91,421.21,426.03,11148731
2018-03-14,410.39,424.73,426.1,420.23,424.62,14724464
2018-03-15,402.77,416.84,424.91,416.02,422.88,12711836
2018-03-16,397.58,411.47,415.88,405.07,415.56,30814962
2018-03-19,395.57,409.39,414.6,407.79,411.91,12630833
2018-03-20,393.05,406.79,413.28,405.53,408.39,15192983
2018-03-21,396.19,410.03,412.52,408.39,409.1,14715126
2018-03-22,401.16,415.18,416.91,409.51,409.62,22129723
2018-03-23,394.86,408.66,411.45,406.47,407.15,23469999
2018-03-26,398.04,411.95,413.42,408.02,408.68,13227705
2018-03-27,397.47,411.36,416.36,410.08,414.74,15179544
2018-03-28,389.92,403.54,409.55,402.31,409.53,19160609
2018-04-02,394.44,408.23,411.88,405.28,408.25,12494499
2018-04-03,397.36,411.24,412.23,404.71,407.34,13922126
2018-04-04,395.31,409.12,416.84,407.82,413.6,14214534
2018-04-05,401.18,415.2,416.02,413.05,413.78,8527915
2018-04-06,402.42,416.48,419.91,413.74,415.11,9664888
2018-04-09,404.63,418.76,420.14,417.19,417.19,7813897
2018-04-10,405.09,419.24,422.38,417.92,419.86,8455132
2018-04-11,411.19,425.55,426.42,418.79,421.42,13140816
2018-04-12,410.24,424.57,428.2,422.51,425.1,10822592
2018-04-13,414.72,429.21,430.51,424.57,426.4,12616816
2018-04-16,413.92,428.39,429.74,424.48,427.2,8934275
2018-04-17,417.1,431.68,433.03,427.91,429.74,9599816
2018-04-18,414.34,428.82,433.49,427.47,432.14,7360987
2018-04-19,416.24,430.79,432.02,427.45,429.32,9802587
2018-04-20,409.88,424.2,430.58,421.14,428.82,7326696
2018-04-23,413.46,427.91,431.73,424.48,425.16,7674482
2018-04-24,428.5,443.47,446.06,427.45,427.82,19921115
2018-04-25,428.7,443.68,448.85,440.5,445.12,14079382
2018-04-26,430.84,445.9,451.68,439.91,444.82,34096999
2018-04-27,440.1,455.47,462.2,450.54,452.5,25518647
2018-04-30,425.52,440.39,453.78,438.88,448.94,19406069
2018-05-02,429.67,444.69,447.66,441.19,442.08,13381914
2018-05-03,424.77,439.61,447.06,438.54,447.06,8634812
2018-05-04,421.39,436.11,441.03,434.31,440.18,8302649
2018-05-07,428.92,443.91,444.94,437.21,438.35,7683268
2018-05-08,427.2,442.13,448.94,441.26,446.88,10792648
2018-05-09,431.44,446.51,449.99,439.91,441.58,9831044
2018-05-10,433.4,448.55,450.13,445.39,448.02,8781584
2018-05-11,436.98,452.25,453.19,446.99,448.59,8774740
2018-05-14,435.81,451.04,453.49,446.51,453.49,5642499
2018-05-15,432.43,447.54,457.17,446.49,449.42,10501479
2018-05-16,422.36,437.12,445.28,435.43,445.28,18840763
2018-05-17,417.59,432.18,438.88,430.42,438.58,10353948
2018-05-18,412.51,426.92,435.91,426.08,432.3,11440117
2018-05-21,411.41,425.78,427.77,421.55,425.51,14491208
2018-05-22,409.37,423.68,426.99,422.88,426.6,11310073
2018-05-23,402.97,417.05,423.34,415.63,423.34,9991028
2018-05-24,404.56,418.7,421.05,416.09,417.85,11632489
2018-05-25,406.75,420.96,422.15,418.06,418.76,17782410
2018-05-28,406.57,420.78,423.79,419.72,422.83,11369679
2018-05-29,405.27,419.43,424.25,418.03,421.28,17878384
2018-05-30,404.67,418.81,422.06,414.47,418.24,13105124
2018-05-31,406.99,421.21,421.64,418.1,421.05,37080158
2018-06-01,411.05,425.42,427.79,419.88,420.59,19174278
2018-06-04,415.6,430.12,431.57,425.42,426.72,12250151
2018-06-05,418.61,433.23,436.59,430.19,431.02,17436812
2018-06-06,421.59,436.32,437.05,430.95,432.94,9164022
2018-06-07,429.08,444.07,446.19,436.34,436.55,14999572
2018-06-08,434.82,450.01,451.02,439.15,441.78,14289325
2018-06-11,434.07,449.23,457.14,447.59,451.27,15018718
2018-06-12,440.47,455.86,457.17,448.16,449.58,16285583
2018-06-13,442.84,458.31,459.86,452.37,457.17,12962502
2018-06-14,445.24,460.8,462.56,451.41,456.0,11997529
2018-06-15,448.0,463.66,467.91,456.82,459.91,24705890
2018-06-18,448.6,464.28,466.52,460.37,461.19,12363932
2018-06-19,439.99,455.36,463.93,454.26,463.52,13881382
2018-06-20,450.23,465.97,467.64,454.81,455.34,15735681
2018-06-21,455.84,471.77,473.62,466.9,467.89,22988909
2018-06-22,447.25,462.88,470.52,461.03,470.15,35370008
2018-06-25,443.7,459.2,464.71,458.22,462.38,11369371
2018-06-26,432.43,447.54,459.91,445.85,459.91,17649122
2018-06-27,429.5,441.55,450.49,440.11,447.34,19595831
2018-06-28,420.2,432.0,442.77,429.87,439.79,18770484
2018-06-29,432.43,444.57,445.97,433.85,433.9,17425606
2018-07-02,427.16,439.15,444.53,437.51,444.53,14570004
2018-07-03,431.92,444.05,447.31,439.04,441.17,11084063
2018-07-04,440.28,452.64,453.51,443.91,444.27,10938521
2018-07-05,428.9,440.94,461.01,438.24,455.79,40946479
2018-07-06,434.7,446.9,449.39,440.94,441.05,20039239
2018-07-09,443.39,455.84,457.17,449.62,451.27,11309207
2018-07-10,456.11,468.92,470.2,457.17,458.42,22846197
2018-07-11,461.94,474.9,475.86,465.33,468.6,18953870
2018-07-12,481.3,494.81,502.43,476.64,477.44,52736376
2018-07-13,489.06,502.79,507.0,493.74,493.97,39301408
2018-07-16,478.57,492.0,506.95,490.56,502.79,14427529
2018-07-17,485.75,499.39,501.03,488.99,492.96,14150770
2018-07-18,485.84,499.48,504.99,492.51,502.15,10241565
2018-07-19,491.31,505.1,509.74,496.64,499.82,11885426
2018-07-20,501.89,515.98,520.48,508.32,509.01,17538801
2018-07-23,498.18,512.16,516.51,508.87,516.51,12779803
2018-07-24,494.02,507.89,515.11,506.27,512.94,9775749
2018-07-25,495.89,509.81,513.4,504.8,507.45,13014255
2018-07-26,493.89,507.75,512.71,506.45,507.5,14053674
2018-07-27,502.43,516.53,519.98,508.44,511.8,14610585
2018-07-30,512.01,526.38,529.08,515.68,516.6,30344461
2018-07-31,527.4,542.2,544.21,524.44,526.2,30350826
2018-08-01,530.22,545.1,549.93,541.92,544.21,21227054
2018-08-02,519.55,534.13,544.71,533.03,544.71,13668930
2018-08-03,523.37,538.06,541.06,534.68,537.17,14536058
2018-08-06,530.33,545.22,546.77,537.33,537.95,8785462
2018-08-07,526.59,541.38,549.24,538.08,546.27,8879612
2018-08-08,541.49,556.69,558.89,541.74,541.74,17307566
2018-08-09,541.6,556.81,563.09,554.09,558.43,14976885
2018-08-10,535.49,550.52,555.46,549.65,553.63,7833494
2018-08-13,528.15,542.98,548.58,540.69,547.48,10211072
2018-08-14,538.33,553.45,556.46,541.42,544.03,11592139
2018-08-16,533.98,548.97,555.91,546.54,550.09,13086024
2018-08-17,535.29,550.31,555.64,548.62,552.71,8379864
2018-08-20,549.14,564.55,565.42,552.1,552.21,16639535
2018-08-21,554.61,570.18,572.14,560.94,565.63,15923396
2018-08-23,564.5,580.35,582.43,566.15,569.77,17429373
2018-08-24,568.08,584.03,585.15,576.05,578.43,14550512
2018-08-27,574.31,590.43,592.42,584.6,584.9,12188510
2018-08-28,586.54,603.0,604.83,592.03,592.49,19018790
2018-08-29,575.51,591.66,607.57,589.84,601.77,24230135
2018-08-30,566.73,582.64,593.01,580.81,591.39,21545859
2018-08-31,552.14,567.64,580.6,565.33,580.6,33479841
2018-09-03,546.58,561.93,575.07,560.51,569.17,26686176
2018-09-04,552.28,567.78,573.65,561.86,564.67,19333815
2018-09-05,545.63,560.94,572.67,552.49,568.03,22584608
2018-09-06,560.92,576.67,578.64,560.19,562.38,24487897
2018-09-07,568.57,584.53,585.79,573.52,578.27,23389269
2018-09-10,558.46,574.13,583.8,571.5,582.89,15440786
2018-09-11,550.39,565.83,579.87,564.26,575.57,23787332
2018-09-12,556.97,572.6,575.44,561.79,572.28,17642490
2018-09-14,557.26,572.9,583.16,570.38,575.76,17233514
2018-09-17,545.14,560.44,571.8,558.47,571.8,14773803
2018-09-18,541.25,556.44,566.61,555.16,560.49,16660044
2018-09-19,538.4,553.51,559.57,549.06,559.57,24642640
2018-09-21,541.4,556.6,565.7,541.06,557.29,41713856
2018-09-24,547.87,563.25,566.84,550.66,555.21,22098277
2018-09-25,547.23,562.59,569.17,546.31,564.83,21250513
2018-09-26,556.48,572.1,573.26,561.01,566.43,13992341
2018-09-27,557.52,573.17,577.4,565.74,573.74,23642923
2018-09-28,559.39,575.09,581.38,570.22,575.98,24220992
2018-10-01,547.72,563.09,574.98,550.43,574.98,16039441
2018-10-03,535.89,550.93,566.7,548.62,562.09,16135428
2018-10-04,499.05,513.05,544.21,505.63,543.8,50774608
2018-10-05,466.41,479.5,509.88,474.61,502.65,47998260
2018-10-08,493.33,507.18,510.65,468.85,480.02,53983473
2018-10-09,484.73,498.33,513.53,494.29,512.78,24042005
2018-10-10,490.09,503.84,510.13,495.71,500.09,20784941
2018-10-11,483.73,497.31,509.63,476.82,486.43,28926389
2018-10-12,500.96,515.02,516.14,503.75,505.15,19814528
2018-10-15,506.83,521.06,524.32,511.18,516.55,19406012
2018-10-16,517.52,532.05,533.7,521.17,523.91,16358598
2018-10-17,511.96,526.34,539.16,521.17,539.0,27967162
2018-10-19,489.73,503.48,507.91,489.28,502.88,55606079
2018-10-22,472.54,485.81,509.65,483.38,507.45,28798142
2018-10-23,469.01,482.17,486.75,477.12,481.28,23128845
2018-10-24,465.03,478.08,491.89,471.52,491.41,29869514
2018-10-25,458.38,471.25,475.75,464.66,473.62,30833933
2018-10-26,464.65,477.69,483.22,467.22,472.21,20085933
2018-10-29,483.73,497.31,500.07,478.2,478.2,16781215
2018-10-30,470.03,483.22,496.25,480.98,496.25,19263668
2018-10-31,471.92,485.17,487.27,478.65,484.14,35999348
2018-11-01,469.7,482.88,488.21,480.02,488.21,20552752
2018-11-02,477.99,491.41,494.2,486.04,487.8,36739798
2018-11-05,484.84,498.45,499.55,486.88,490.75,16585905
2018-11-06,490.98,504.76,508.37,499.04,500.14,18886485
2018-11-07,493.91,507.77,509.74,505.95,509.74,2808599
2018-11-09,486.24,499.89,509.19,496.03,505.74,23712291
2018-11-12,480.26,493.74,502.33,491.25,501.83,12690610
2018-11-13,488.91,502.63,504.25,489.19,491.0,14899604
2018-11-14,488.24,501.95,508.67,496.25,505.19,17034346
2018-11-15,487.75,501.44,504.25,496.71,501.49,14943663
2018-11-16,501.34,515.41,516.58,501.56,501.95,24131016
2018-11-19,511.39,525.74,526.52,517.06,517.92,15987574
2018-11-20,505.78,519.98,528.44,516.6,523.46,12511640
2018-11-21,494.89,508.78,523.68,506.11,520.03,16422494
2018-11-22,490.42,504.19,514.47,502.93,509.51,12670591
2018-11-26,493.49,507.34,510.88,501.69,507.0,13969873
2018-11-27,501.69,515.78,516.6,505.37,506.49,14896607
2018-11-28,512.56,526.95,529.28,514.91,517.72,17507771
2018-11-29,519.61,534.2,539.41,530.31,530.77,27640198
2018-11-30,519.19,533.76,542.2,531.36,535.94,23443212
2018-12-03,514.25,528.69,537.12,525.06,537.12,12182825
2018-12-04,512.41,526.79,529.4,522.18,529.4,11358720
2018-12-05,513.68,528.1,529.76,520.85,522.88,12729759
2018-12-06,499.67,513.7,525.28,511.23,525.28,12831451
2018-12-07,504.18,518.34,519.78,506.7,516.35,15779984
2018-12-10,484.82,498.43,509.42,495.16,507.45,20521072
2018-12-11,488.06,501.76,503.84,482.31,487.34,29518062
2018-12-12,493.82,507.68,509.05,497.28,502.43,27572962
2018-12-13,492.29,506.11,515.68,500.62,515.68,20337275
2018-12-14,494.58,508.46,509.69,499.13,504.3,15795834
2018-12-17,502.45,516.55,517.97,508.14,510.17,11077711
2018-12-18,505.34,519.52,520.71,512.25,513.53,12841994
2018-12-19,505.52,519.71,524.51,518.06,521.86,16118419
2018-12-20,501.8,515.89,517.74,510.27,512.48,12609700
2018-12-21,489.24,502.97,517.17,501.05,514.31,18115814
2018-12-24,484.33,497.92,504.35,496.73,503.29,9065704
2018-12-26,488.42,502.13,502.88,487.18,496.39,15771193
2018-12-27,498.13,512.12,515.23,504.71,506.17,27294221
2018-12-28,500.51,514.56,519.0,512.57,514.54,16768547
2018-12-31,498.6,512.6,518.36,510.29,517.03,15799099
2019-01-01,498.49,512.48,515.36,507.5,514.43,9746670
2019-01-02,492.0,505.81,515.23,503.34,509.51,15628818
2019-01-03,485.93,499.57,509.56,498.36,506.31,16288287
2019-01-04,488.55,502.27,504.92,494.24,501.69,18516544
2019-01-07,491.26,505.05,511.32,503.34,506.08,12060290
2019-01-08,491.22,505.01,507.43,501.05,505.21,12304389
2019-01-09,493.93,507.8,510.65,502.29,508.37,12614237
2019-01-10,492.49,506.31,507.91,504.25,506.43,8925160
2019-01-11,488.29,501.99,509.19,497.67,506.36,14139060
2019-01-14,487.73,501.42,503.11,496.67,500.6,8994060
2019-01-15,502.34,516.44,517.51,505.17,505.17,22011407
2019-01-16,505.12,519.3,523.46,516.76,518.88,13961606
2019-01-17,504.47,518.63,524.78,516.6,523.2,16379077
2019-01-18,526.66,541.44,543.98,519.0,525.19,56181172
2019-01-21,550.39,565.83,566.86,543.41,545.86,48206814
2019-01-22,549.25,564.67,570.06,557.56,563.62,36207430
2019-01-23,545.32,560.62,568.81,558.66,563.82,19313542
2019-01-24,554.72,570.29,572.92,557.79,560.03,28775487
2019-01-25,554.08,569.63,578.18,564.78,571.66,18703992
2019-01-28,546.76,562.11,574.18,558.84,571.69,18744303
2019-01-29,538.36,553.47,563.07,549.22,562.77,20405845
2019-01-30,531.71,546.63,560.03,544.53,555.46,17164298
2019-01-31,545.69,561.01,562.18,549.06,549.51,22279301
2019-02-01,555.83,571.44,573.74,560.97,564.14,20187323
2019-02-04,574.04,590.16,592.92,567.82,570.09,25528059
2019-02-05,574.33,590.45,596.33,584.53,590.66,20479210
2019-02-06,582.65,599.0,602.39,591.69,592.6,20586783
2019-02-07,573.82,589.93,604.01,587.96,599.0,20150710
2019-02-08,568.17,584.12,594.54,581.63,587.37,14230054
2019-02-11,557.3,572.94,583.34,571.92,583.3,16457901
2019-02-12,558.7,574.38,581.68,572.14,572.14,13998153
2019-02-14,544.38,559.66,567.34,556.83,567.34,14496604
2019-02-15,553.39,568.92,571.41,555.0,562.2,20994460
2019-02-18,542.56,557.79,572.6,555.46,571.46,21106139
2019-02-19,540.78,555.96,566.75,553.72,556.83,13658461
2019-02-20,548.9,564.3,566.89,557.29,559.5,13776558
2019-02-21,554.48,570.04,575.02,562.02,565.06,23142949
2019-02-22,548.01,563.39,569.31,560.49,568.99,19152470
2019-02-25,547.98,563.37,568.26,558.04,565.06,17176522
2019-02-26,542.63,557.86,564.51,551.34,552.94,22160532
2019-02-27,544.07,559.34,569.13,552.71,561.42,24308835
2019-02-28,547.43,562.79,566.82,560.74,564.03,24688859
2019-03-01,545.2,560.51,567.96,558.77,565.51,17329606
2019-03-05,550.36,565.81,566.79,557.1,559.3,15577500
2019-03-06,562.44,578.22,582.02,564.65,566.79,26332276
2019-03-07,564.86,580.72,585.08,575.18,577.86,17738092
2019-03-08,563.46,579.28,582.64,576.94,578.8,13211934
2019-03-11,579.91,596.19,599.8,579.69,580.62,21258869
2019-03-12,592.03,608.65,609.86,600.83,602.04,24561597
2019-03-13,599.12,615.94,621.75,607.16,611.23,24577591
2019-03-14,596.57,613.31,622.66,610.82,617.06,22753310
2019-03-15,587.72,604.21,621.2,599.44,614.89,34764353
2019-03-18,600.35,617.2,620.81,607.57,608.49,22104063
2019-03-19,612.13,629.31,630.89,614.02,621.75,21448030
2019-03-20,611.64,628.81,634.55,623.57,629.88,21639437
2019-03-22,596.65,613.4,631.3,611.09,627.46,25078643
2019-03-25,588.96,605.49,611.16,601.95,608.31,17394088
2019-03-26,607.99,625.06,627.05,608.03,608.17,20734876
2019-03-27,599.99,616.83,629.95,614.55,629.95,22079870
2019-03-28,604.77,621.75,626.23,613.88,617.29,22930248
2019-04-01,618.93,636.31,643.14,622.91,626.32,22088854
2019-04-02,617.98,635.32,641.45,630.94,639.12,17526740
2019-04-03,611.53,628.7,641.4,627.23,636.72,17169813
2019-04-04,601.68,618.57,632.58,615.92,630.43,18320845
2019-04-05,602.06,618.96,623.53,613.97,622.18,14717266
2019-04-08,591.1,607.69,620.6,605.15,619.92,19081843
2019-04-09,593.41,610.07,612.92,603.92,607.53,20774977
2019-04-10,592.05,608.67,616.26,606.43,611.67,16651949
2019-04-11,598.9,615.71,618.55,607.57,609.38,12558520
2019-04-12,597.25,614.02,620.33,611.07,617.17,12948769
2019-04-15,595.94,612.67,616.69,610.32,614.89,9285737
2019-04-16,597.54,614.32,621.75,612.6,614.89,17360317
2019-04-18,616.31,633.61,635.35,624.03,628.6,39286534
2019-04-22,598.26,615.05,624.95,613.2,621.75,23607922
2019-04-23,606.48,623.51,627.69,615.35,616.26,19807450
2019-04-24,617.89,635.23,637.66,624.6,626.46,16101112
2019-04-25,610.28,627.42,645.7,622.93,635.05,30469914
2019-04-26,619.36,636.74,638.18,626.64,628.6,15069884
2019-04-30,619.36,636.74,638.39,624.85,638.39,22348580
2019-05-02,624.8,642.34,646.39,631.85,636.38,18992003
2019-05-03,626.49,644.08,648.03,641.24,643.67,14240262
2019-05-06,615.84,633.13,641.31,630.02,639.12,15832114
2019-05-07,597.43,614.2,637.75,612.69,637.66,19417647
2019-05-08,577.84,594.06,612.6,590.75,612.6,31958919
2019-05-09,558.72,574.41,589.2,572.26,589.2,42670173
2019-05-10,556.37,571.98,584.12,569.17,578.32,24557430
2019-05-13,547.87,563.25,576.4,561.17,570.5,17603659
2019-05-14,560.5,576.24,580.3,563.0,565.29,28438234
2019-05-15,558.92,574.61,584.26,571.73,581.97,24419559
2019-05-16,562.68,578.48,581.47,575.16,576.01,14451308
2019-05-17,563.59,579.41,583.78,572.37,579.23,17276949
2019-05-20,589.61,606.16,611.55,595.92,600.53,26979100
2019-05-21,595.79,612.51,624.95,608.05,609.04,30343560
2019-05-22,596.05,612.79,621.61,610.36,615.19,24689918
2019-05-23,593.16,609.81,636.38,605.75,627.23,38766006
2019-05-24,594.48,611.16,618.91,601.86,616.26,22269265
2019-05-27,582.82,599.19,611.46,597.52,611.28,16076686
2019-05-28,588.65,605.17,610.23,600.42,603.37,42594251
2019-05-29,583.89,600.28,609.54,596.21,603.92,15558515
2019-05-30,591.32,607.92,613.52,601.75,601.75,23494381
2019-05-31,591.5,608.1,613.47,603.55,611.64,25724066
2019-06-03,604.86,621.84,625.06,604.01,610.32,18556942
2019-06-04,601.06,617.93,628.26,616.31,620.58,15442761
2019-06-06,590.25,606.82,622.61,603.96,622.61,16764835
2019-06-07,584.71,601.13,606.77,596.88,606.18,14722419
2019-06-10,586.6,603.07,606.66,598.93,603.87,11768468
2019-06-11,591.05,607.64,610.09,602.55,604.31,11492074
2019-06-12,592.39,609.01,611.87,605.75,610.18,10297599
2019-06-13,590.21,606.77,610.18,598.27,608.03,15686169
2019-06-14,585.89,602.34,605.75,598.61,604.33,14942768
2019-06-17,570.22,586.22,603.46,584.49,603.46,14908257
2019-06-18,569.64,585.63,588.81,580.19,584.67,16797371
2019-06-19,568.02,583.96,595.23,577.22,588.33,14492763
2019-06-20,576.64,592.83,594.32,584.26,585.17,10748848
2019-06-21,568.97,584.94,592.49,583.14,592.46,23236832
2019-06-24,561.37,577.13,583.55,574.7,581.58,11267228
2019-06-25,576.24,592.42,593.4,573.4,575.53,14966899
2019-06-26,575.49,591.64,596.42,588.08,590.2,11593027
2019-06-27,566.59,582.5,592.9,581.06,591.18,24905533
2019-06-28,557.23,572.88,586.48,570.84,583.85,18942165
2019-07-01,564.24,580.08,581.81,569.84,575.14,13478857
2019-07-02,568.53,584.49,585.63,577.54,582.41,10146746
2019-07-03,570.33,586.34,588.14,582.91,586.5,8806492
2019-07-04,570.97,587.0,590.2,585.17,585.81,9351405
2019-07-05,561.79,577.56,589.97,576.03,587.5,10926753
2019-07-08,556.77,572.4,579.73,570.64,575.12,14009219
2019-07-09,569.24,585.22,586.77,569.4,570.98,17535754
2019-07-10,568.68,584.65,589.45,580.01,585.2,12018196
2019-07-11,569.88,585.88,589.65,584.85,588.37,8608376
2019-07-12,569.42,585.4,594.32,584.28,586.54,15692436
2019-07-15,567.46,583.39,589.52,580.76,587.46,10659498
2019-07-16,574.98,591.12,591.98,583.82,585.15,10070773
2019-07-17,570.02,586.02,592.94,585.17,591.71,9482233
2019-07-18,561.12,576.88,588.1,575.12,586.09,11942908
2019-07-19,555.41,571.0,581.95,568.12,579.78,16336536
2019-07-22,569.42,585.4,587.23,561.08,571.92,29092589
2019-07-23,566.33,582.22,591.53,576.21,587.46,20316348
2019-07-24,559.9,575.62,584.62,573.08,582.2,15189179
2019-07-25,547.63,563.0,580.17,560.94,577.86,21805071
2019-07-26,539.76,554.91,568.03,553.17,563.0,20387504
2019-07-29,538.49,553.61,558.66,550.93,556.33,17626045
2019-07-30,525.13,539.87,557.74,537.6,554.98,20853117
2019-07-31,518.61,533.17,541.74,531.41,537.51,21229950
2019-08-01,524.84,539.57,543.21,525.9,531.87,22628222
2019-08-02,529.82,541.44,547.8,531.27,537.49,23766807
2019-08-05,511.48,522.7,533.51,515.68,533.51,30399133
2019-08-06,504.75,515.82,525.56,512.94,518.77,29067994
2019-08-07,496.29,507.18,520.51,504.3,515.0,25349369
2019-08-08,515.51,526.82,529.4,500.73,506.7,31198568
2019-08-09,519.87,531.27,537.4,526.79,531.16,21970009
2019-08-13,570.26,582.77,595.6,560.49,563.75,104827144
2019-08-14,576.3,588.94,596.35,585.33,596.14,31688983
2019-08-16,571.72,584.26,590.57,581.97,590.29,21977767
2019-08-19,578.25,590.93,592.85,585.17,585.65,16317602
2019-08-20,570.8,583.32,590.93,581.79,589.65,14969299
2019-08-21,568.56,581.04,584.56,579.0,583.18,10677848
2019-08-22,557.74,569.97,581.06,566.38,581.04,14031953
2019-08-23,570.76,583.28,587.0,560.71,566.43,21307915
2019-08-26,566.71,579.14,591.57,575.57,591.57,19202504
2019-08-27,570.31,582.82,587.46,576.58,587.46,28401906
2019-08-28,565.14,577.54,585.63,574.22,582.32,11605488
2019-08-29,555.5,567.69,576.14,564.74,574.41,18890222
2019-08-30,558.54,570.8,573.47,558.2,569.4,24735240
2019-09-03,539.69,551.53,568.26,548.6,567.91,18730619
2019-09-04,537.34,549.13,551.0,542.22,548.85,32949395
2019-09-05,536.2,547.96,554.63,545.54,551.71,22995486
2019-09-06,546.89,558.89,561.86,546.43,549.97,23186819
2019-09-09,546.75,558.75,563.69,554.61,558.04,11747929
2019-09-11,552.21,564.33,566.89,558.89,558.89,12127900
2019-09-12,541.45,553.33,567.09,551.21,564.6,11880005
2019-09-13,548.28,560.3,561.63,551.75,554.09,12947715
2019-09-16,541.63,553.51,557.33,542.24,543.57,20547730
2019-09-17,535.68,547.43,553.63,545.63,553.63,15640772
2019-09-18,539.37,551.21,556.05,547.32,550.86,14933909
2019-09-19,527.45,539.02,553.03,536.1,552.19,13766222
2019-09-20,561.14,573.45,580.56,536.85,543.09,48165560
2019-09-23,554.36,566.52,585.63,564.6,582.5,21610844
2019-09-24,572.03,584.58,593.77,568.14,568.53,34958974
2019-09-25,572.41,584.97,592.03,580.08,587.0,18192270
2019-09-26,580.13,592.85,593.77,586.77,590.66,18350457
2019-09-27,585.61,598.45,601.17,587.0,590.89,19058663
2019-09-30,595.99,609.06,610.66,596.85,598.89,25263770
2019-10-01,583.75,596.56,613.52,591.25,611.23,17920384
2019-10-03,586.5,599.37,601.04,585.77,587.92,13524851
2019-10-04,585.18,598.02,607.39,596.08,603.41,14992253
2019-10-07,586.08,598.93,603.83,595.09,598.02,10061584
2019-10-09,592.63,605.63,608.01,590.89,598.29,17588647
2019-10-10,609.63,623.0,625.86,603.92,605.75,35006390
2019-10-11,605.09,618.36,624.31,611.03,623.44,16597126
2019-10-14,607.51,620.83,624.01,617.56,624.01,13394275
2019-10-15,610.26,623.64,626.32,619.14,622.89,9672791
2019-10-16,613.93,627.39,630.73,623.44,626.27,19403660
2019-10-17,624.73,638.43,639.58,627.23,628.6,16038940
2019-10-18,633.61,647.51,652.79,639.44,641.86,28121951
2019-10-22,632.62,646.5,656.88,641.56,651.46,27786502
2019-10-23,622.89,636.56,651.9,632.33,647.48,18446160
2019-10-24,642.6,656.7,658.96,633.88,640.49,22642488
2019-10-25,640.25,654.3,658.98,645.18,658.82,13539957
2019-10-27,641.62,655.69,660.61,653.75,658.78,3014841
2019-10-29,656.29,670.69,676.61,659.28,660.83,25768505
2019-10-30,661.68,676.19,678.69,667.6,676.61,16341366
2019-10-31,655.08,669.45,681.02,668.24,678.43,19463741
2019-11-01,651.75,666.05,668.29,658.78,665.18,13904301
2019-11-04,652.08,666.39,672.49,660.65,670.16,14063434
2019-11-05,647.45,661.66,671.55,658.78,668.88,12685356
2019-11-06,641.91,655.99,661.27,653.06,659.55,14625505
2019-11-07,652.51,666.82,668.83,654.75,656.03,14084039
2019-11-08,646.65,660.83,667.3,658.91,662.43,12019353
2019-11-11,638.73,652.74,660.26,650.34,657.91,11357841
2019-11-13,658.64,673.09,674.73,653.75,653.75,25225749
2019-11-14,654.37,668.72,677.34,665.54,674.78,14258133
2019-11-15,657.99,672.42,679.71,668.9,670.05,15691605
2019-11-18,652.78,667.1,679.35,665.36,673.25,14076051
2019-11-19,675.39,690.21,692.56,669.75,670.66,30176255
2019-11-20,692.35,707.53,718.85,705.5,710.92,43538120
2019-11-21,687.85,702.94,711.35,698.8,706.32,14897371
2019-11-22,691.83,707.01,717.52,702.94,705.0,22352865
2019-11-25,698.56,713.89,715.37,709.07,709.13,15146156
2019-11-26,697.98,713.29,720.65,711.35,716.88,35330983
2019-11-27,702.28,717.68,720.27,711.4,713.16,9642739
2019-11-28,706.95,722.46,724.22,714.99,718.96,13747479
2019-11-29,693.91,709.13,723.21,707.62,723.21,18559594
2019-12-02,709.73,725.29,738.07,720.95,731.47,31225364
2019-12-03,706.33,721.82,728.72,718.94,728.15,12990426
2019-12-04,694.61,709.84,721.18,701.18,719.12,20987607
2019-12-05,693.78,709.0,722.21,705.86,719.58,19942460
2019-12-06,695.59,710.85,716.84,704.54,709.98,13085234
2019-12-09,703.51,718.94,721.13,707.01,711.42,12642677
2019-12-10,698.74,714.07,719.4,710.51,718.69,10173333
2019-12-11,698.94,714.28,719.81,708.88,711.17,12364641
2019-12-12,701.54,716.93,719.51,711.65,717.87,10326606
2019-12-13,708.12,723.65,726.89,718.85,722.32,12668303
2019-12-16,700.82,716.2,728.68,715.17,727.81,11892718
2019-12-17,699.08,714.41,721.87,711.15,716.27,20324601
2019-12-18,704.96,720.43,722.32,714.09,714.55,14742077
2019-12-19,720.22,736.01,738.28,718.57,719.44,20507816
2019-12-20,715.36,731.05,739.49,729.68,738.32,21271510
2019-12-23,702.97,718.39,721.2,712.17,713.23,25107772
2019-12-24,691.81,706.98,718.69,705.18,717.25,18048449
2019-12-26,677.92,692.79,709.96,690.39,704.79,29761019
2019-12-27,689.98,705.11,706.87,695.49,698.09,17677571
2019-12-30,690.8,705.96,707.53,698.57,706.76,17123749
2019-12-31,677.31,692.17,705.73,689.43,704.95,22203005
2020-01-01,675.32,690.14,698.14,688.26,693.98,14004468
2020-01-02,686.82,701.89,704.47,691.24,691.24,17710316
2020-01-03,687.65,702.73,704.79,696.26,700.84,20984698
2020-01-06,671.7,686.44,698.5,684.84,694.89,24519177
2020-01-07,682.03,697.0,701.52,691.92,694.44,16683622
2020-01-08,676.91,691.76,701.5,690.32,692.61,16047902
2020-01-09,692.5,707.69,708.61,700.04,703.4,14982742
2020-01-10,692.35,707.53,712.24,703.88,709.48,12478359
2020-01-13,690.58,705.73,712.59,703.3,706.34,18282382
2020-01-14,684.18,699.19,708.61,695.74,704.04,15816535
2020-01-15,681.7,696.65,703.99,694.09,702.14,15817859
2020-01-16,687.98,703.08,705.57,698.55,699.01,12847975
2020-01-17,707.27,722.78,724.59,710.07,710.21,29463471
2020-01-20,685.5,700.54,735.58,697.82,735.58,32545850
2020-01-21,686.19,701.25,706.71,695.81,698.82,18922720
2020-01-22,685.95,701.0,707.12,699.97,705.86,10322817
2020-01-23,683.04,698.02,704.93,695.21,702.44,11247739
2020-01-24,680.67,695.6,702.37,694.23,698.09,14628445
2020-01-27,673.96,688.74,696.93,688.04,692.56,13387750
2020-01-28,658.39,672.83,690.32,669.11,689.68,24532236
2020-01-29,662.02,676.54,683.19,669.31,673.89,24746565
2020-01-30,645.87,660.03,676.47,658.32,676.15,22402689
2020-01-31,631.51,645.36,664.38,643.32,664.26,34750310
2020-02-03,619.81,633.4,640.01,623.14,626.27,30712290
2020-02-04,638.1,652.1,654.89,639.03,640.03,25383901
2020-02-05,647.99,662.21,664.17,653.89,655.99,18472100
2020-02-06,652.15,666.46,670.66,658.37,664.77,15538577
2020-02-07,641.35,655.42,663.97,652.97,663.35,12209212
2020-02-10,642.22,656.31,660.83,644.81,652.83,15142476
2020-02-11,649.89,664.15,670.3,660.63,661.7,13999816
2020-02-12,657.74,672.17,674.25,665.18,665.7,13533565
2020-02-13,659.47,673.93,675.58,668.65,675.58,13565659
2020-02-14,665.48,680.08,686.41,664.31,675.35,21227841
2020-02-17,661.3,675.81,688.56,674.0,680.72,13149130
2020-02-18,656.45,670.85,674.73,666.27,674.73,11127161
2020-02-19,672.73,687.49,688.7,674.37,676.31,14084409
2020-02-20,664.74,679.33,689.41,678.34,684.38,16892268
2020-02-24,646.4,660.58,675.23,658.11,671.92,21370214
2020-02-25,633.63,647.53,663.53,644.6,663.53,27745062
2020-02-26,622.72,636.38,645.68,634.25,644.6,29362748
2020-02-27,620.14,633.75,637.2,625.86,634.55,25054993
2020-02-28,594.38,607.41,620.37,605.75,619.41,39315769
2020-03-02,588.78,601.7,625.86,594.82,619.51,29500495
2020-03-03,600.73,613.91,618.96,604.37,607.89,27398798
2020-03-04,599.32,612.47,618.91,597.93,618.09,22105261
2020-03-05,586.55,599.41,620.81,597.06,618.18,30510390
2020-03-06,568.59,581.06,588.9,567.39,580.6,33734039
2020-03-09,498.42,509.35,567.34,500.6,566.91,88187018
2020-03-11,516.04,527.36,538.75,506.54,506.54,59578576
2020-03-12,475.54,485.97,503.34,479.43,496.03,55970485
2020-03-13,494.46,505.31,521.17,430.83,456.25,73297403
2020-03-16,454.38,464.34,493.6,459.45,484.85,38482258
2020-03-17,450.93,460.82,484.6,458.63,478.77,45445979
2020-03-18,433.26,442.77,473.58,439.34,468.73,44730415
2020-03-19,410.54,419.54,442.08,407.88,420.64,61404010
2020-03-20,455.38,465.37,473.12,425.16,429.51,63360475
2020-03-23,395.48,404.16,434.31,400.32,418.86,40670949
2020-03-24,422.03,431.29,443.45,409.53,425.16,45734887
2020-03-25,484.15,494.77,526.45,440.37,440.62,73130298
2020-03-26,476.97,487.43,510.61,476.53,500.96,45744488
2020-03-27,476.7,487.16,506.22,478.29,500.6,41657940
2020-03-30,460.97,471.09,491.36,466.31,475.73,30229866
2020-03-31,498.24,509.17,516.51,479.11,490.97,44292810
2020-04-01,483.34,493.95,514.13,477.83,513.05,41597459
2020-04-03,482.0,492.57,518.63,482.9,518.63,41367807
2020-04-07,539.55,551.39,555.0,502.88,503.84,54373624
2020-04-08,533.31,545.01,561.86,530.31,539.46,49880330
2020-04-09,545.75,557.72,563.59,545.4,555.0,33032857
2020-04-13,531.97,543.64,555.46,539.46,550.41,23673784
2020-04-15,514.39,525.67,565.06,522.54,547.25,35321842
2020-04-16,522.53,533.99,542.86,523.46,525.67,37455706
2020-04-17,547.56,559.57,562.31,545.24,555.91,33269335
2020-04-20,556.42,568.62,574.66,549.51,560.49,36030932
2020-04-21,553.53,565.67,572.37,532.14,553.17,61371628
2020-04-22,610.01,623.39,633.13,594.32,603.46,142683366
2020-04-23,613.28,626.73,633.56,618.68,625.11,65464502
2020-04-24,633.9,647.8,683.44,615.89,617.24,134986308
2020-04-27,639.6,653.63,674.32,650.55,655.58,58482901
2020-04-28,638.89,652.9,665.38,636.44,662.89,78453401
2020-04-29,638.35,652.35,664.56,649.18,660.56,37494672
2020-04-30,655.82,670.21,683.44,657.43,664.7,71345899
2020-05-04,642.04,656.13,669.75,648.01,658.32,53456868
2020-05-05,653.43,667.76,676.15,661.61,664.58,44903763
2020-05-06,653.47,667.81,678.87,660.83,669.29,40489094
2020-05-07,674.14,688.93,691.99,660.61,665.18,50026966
2020-05-08,698.68,714.0,722.28,702.71,706.32,84262770
2020-05-11,705.39,720.86,738.32,718.8,722.32,67085063
2020-05-12,661.75,676.26,717.0,669.75,715.37,100683202
2020-05-13,675.79,690.61,704.71,671.02,704.71,66430125
2020-05-14,648.47,662.69,690.73,659.97,677.94,49266771
2020-05-15,659.06,673.51,676.88,653.07,666.41,62152260
2020-05-18,650.63,664.91,683.94,659.02,678.4,62796089
2020-05-19,636.25,650.21,674.57,647.6,672.41,42315854
2020-05-20,647.45,661.65,667.72,642.87,650.71,55320985
2020-05-21,650.86,665.14,674.46,657.64,662.25,39167981
2020-05-22,646.48,660.66,672.87,658.33,670.01,37828973
2020-05-26,643.09,657.2,669.04,653.62,668.32,33216635
2020-05-27,652.8,667.12,671.02,651.64,660.41,35667956
2020-05-28,664.86,679.44,682.9,668.71,671.48,40126278
2020-05-29,661.31,675.82,679.33,670.4,677.48,40022527
2020-06-01,686.58,701.64,709.95,681.15,683.02,39943702
2020-06-02,693.51,708.73,710.71,701.85,704.25,22153960
2020-06-03,696.2,711.47,719.94,707.64,713.02,25381289
2020-06-04,713.43,729.08,733.55,711.17,712.56,34202350
2020-06-05,714.29,729.95,746.71,726.26,736.09,33076685
2020-06-08,708.78,724.32,746.89,722.25,746.89,31414953
2020-06-09,694.17,709.39,730.55,707.48,720.08,25857161
2020-06-10,709.97,725.55,728.96,710.73,712.14,22132647
2020-06-11,694.42,709.65,723.61,706.56,722.71,20385805
2020-06-12,717.49,733.23,735.17,690.87,692.25,38548899
2020-06-15,729.12,745.11,750.84,720.45,722.25,53107403
2020-06-16,730.54,746.57,760.81,731.62,758.24,51187003
2020-06-17,729.48,745.48,754.76,739.37,742.21,41782053
2020-06-18,747.79,764.2,768.4,740.98,741.63,40471557
2020-06-19,794.53,811.96,825.53,767.01,770.7,105804173
2020-06-22,788.55,805.85,832.64,800.7,818.42,60198705
2020-06-23,777.15,794.2,813.97,791.98,807.62,37962078
2020-06-24,780.29,797.4,818.1,789.95,801.12,51586221
2020-06-25,775.79,792.81,807.16,790.57,797.01,39679374
2020-06-26,786.52,803.77,808.55,792.4,797.84,30921913
2020-06-29,778.16,795.23,802.89,791.73,797.49,25621946
2020-06-30,769.56,786.44,803.47,782.5,801.63,30276420
2020-07-01,784.69,801.9,807.16,788.26,793.78,28464103
2020-07-02,798.2,812.4,815.75,800.73,804.39,28789533
2020-07-03,810.69,825.12,827.47,815.93,821.38,29434266
2020-07-06,839.66,854.61,857.47,827.05,833.01,47016185
2020-07-07,826.81,841.52,860.4,833.61,858.39,35189589
2020-07-08,815.27,829.78,846.83,826.08,841.8,26204095
2020-07-09,827.17,841.89,846.85,824.35,834.85,36418942
2020-07-10,851.57,866.72,869.74,841.89,843.85,43759967
2020-07-13,877.39,893.0,898.86,876.85,878.4,69608392
2020-07-14,869.23,884.7,896.09,870.99,892.54,67331128
2020-07-15,836.13,851.01,913.22,829.78,894.36,139669773
2020-07-16,835.86,850.73,862.54,836.45,852.39,60961724
2020-07-17,866.82,882.25,886.08,848.24,851.47,49726765
2020-07-20,870.54,886.03,891.62,876.69,885.06,36592938
2020-07-21,893.96,909.87,912.39,893.69,894.85,42173371
2020-07-22,908.68,924.85,927.61,904.86,915.15,59771457
2020-07-23,933.07,949.67,959.78,919.01,924.82,58333751
2020-07-24,973.13,990.45,998.22,949.67,949.77,120597372
2020-07-27,977.69,995.09,1014.75,982.03,1005.52,80304827
2020-07-28,987.44,1005.01,1012.53,992.52,995.09,55114422
2020-07-29,950.69,967.6,1007.36,955.51,1005.1,72663399
2020-07-30,956.22,973.23,987.47,956.23,968.69,72857444
2020-07-31,937.29,953.97,982.53,947.37,975.84,74958061
2020-08-03,910.94,927.15,949.31,924.43,946.67,46715383
2020-08-04,975.15,992.5,1000.07,923.12,932.51,92041055
2020-08-05,964.2,981.36,1013.45,977.6,1000.99,74549993
2020-08-06,967.67,984.89,1000.39,972.75,995.46,49322975
2020-08-07,973.27,990.59,995.82,978.47,982.9,32984416
2020-08-10,961.21,978.31,999.15,972.89,996.42,26958997
2020-08-11,967.53,984.75,996.84,969.31,985.21,46828306
2020-08-12,964.72,981.89,989.92,972.29,978.84,30264617
2020-08-13,962.2,979.33,987.1,973.76,982.07,24830322
2020-08-14,958.46,975.52,995.46,964.19,979.56,33224635
2020-08-17,948.28,965.16,971.46,955.35,971.46,30979066
2020-08-18,960.62,977.71,984.98,961.0,962.23,30547672
2020-08-19,966.51,983.71,994.07,979.0,988.07,34087543
2020-08-20,950.87,967.79,980.18,963.61,978.38,22537845
2020-08-21,943.98,960.77,979.3,958.54,977.46,25280895
2020-08-24,950.28,967.19,971.23,955.54,965.18,32717218
2020-08-25,944.09,960.89,974.36,959.0,971.92,19388008
2020-08-26,969.12,986.36,991.28,944.69,962.23,59870421
2020-08-27,957.01,974.04,992.22,970.65,991.3,28085062
2020-08-28,959.53,976.6,984.33,972.03,978.38,27166900
2020-08-31,943.45,960.24,1003.3,950.85,1003.3,62076132
2020-09-01,946.42,963.27,979.49,951.8,969.15,38616258
2020-09-02,964.99,982.16,986.69,962.23,965.46,26949439
2020-09-03,957.69,974.73,987.03,970.53,982.07,18586429
2020-09-04,941.89,958.65,967.74,956.32,961.56,28475945
2020-09-07,944.34,961.14,971.8,943.42,961.77,21926473
2020-09-08,955.43,972.43,978.84,960.15,965.46,27397082
2020-09-09,980.02,997.46,1000.44,960.59,962.23,55310877
2020-09-10,1049.24,1067.91,1082.19,1003.92,1007.5,140304404
2020-09-11,1051.85,1070.56,1078.92,1055.5,1066.99,59470807
2020-09-14,1044.05,1062.63,1089.14,1053.14,1072.99,44063445
2020-09-15,1051.44,1070.15,1073.33,1055.98,1066.96,27178393
2020-09-16,1054.02,1072.78,1093.45,1066.32,1070.68,33952295
2020-09-17,1042.33,1060.87,1077.0,1057.69,1070.68,25828669
2020-09-18,1045.48,1064.08,1070.43,1050.63,1068.03,33074915
2020-09-21,1022.87,1041.07,1078.06,1037.15,1061.45,33627381
2020-09-22,1002.6,1020.45,1050.84,1016.01,1050.84,34792254
2020-09-23,1011.51,1029.51,1050.72,1017.75,1042.99,42988708
2020-09-24,989.02,1006.62,1027.3,1004.25,1018.95,29826318
2020-09-25,998.32,1016.08,1021.21,1000.21,1010.22,28374935
2020-09-28,1004.92,1022.8,1032.84,1018.55,1027.76,19666849
2020-09-29,1017.98,1036.09,1044.84,1022.8,1026.84,25842539
2020-09-30,1013.12,1031.15,1046.22,1026.84,1042.99,24465159
2020-10-01,1009.0,1026.95,1044.74,1021.76,1044.74,20783227
2020-10-05,1003.08,1020.93,1037.98,1018.07,1035.61,18922799
2020-10-06,1002.24,1020.08,1030.94,1016.06,1026.95,18412175
2020-10-07,1023.62,1041.84,1065.6,1024.53,1031.45,53170865
2020-10-08,1015.35,1033.41,1046.68,1025.5,1042.53,21077808
2020-10-09,1012.72,1030.74,1039.76,1023.19,1031.45,18545499
2020-10-12,1014.35,1032.4,1041.03,1027.41,1031.45,14226473
2020-10-13,1034.14,1052.54,1054.87,1027.23,1029.42,23112012
2020-10-14,1037.22,1055.68,1063.3,1046.91,1051.71,26742011
2020-10-15,1000.5,1018.3,1056.83,1012.99,1056.83,20036197
2020-10-16,986.58,1004.13,1030.3,1002.68,1022.22,21583600
2020-10-19,986.76,1004.32,1028.54,994.6,1010.71,31200385
2020-10-20,977.55,994.95,1012.07,993.26,1005.61,18482288
2020-10-21,963.36,980.5,1011.61,968.11,1000.53,34082321
2020-10-22,955.36,972.36,984.15,965.0,981.79,30802210
2020-10-23,958.12,975.17,985.3,967.49,971.92,23422125
2020-10-26,920.06,936.43,970.05,931.54,970.05,37324416
2020-10-27,922.51,938.92,950.62,925.31,939.11,36478896
2020-10-28,912.05,928.28,949.63,926.41,942.29,29924017
2020-10-29,919.06,935.41,942.38,918.85,921.62,30655304
2020-10-30,931.57,948.15,953.04,933.06,938.46,34021563
2020-11-02,851.29,866.44,935.46,858.0,935.46,99366895
2020-11-03,839.03,853.96,881.0,846.9,872.23,88691623
2020-11-04,867.5,882.94,890.23,847.78,847.78,80180117
2020-11-05,886.46,902.23,904.98,891.62,902.21,37205373
2020-11-06,920.08,936.45,941.46,912.92,918.38,66674086
2020-11-09,929.85,946.4,954.84,939.61,951.66,35838510
2020-11-10,945.2,962.02,964.53,942.01,958.54,36934242
2020-11-11,905.59,921.71,966.84,912.89,964.07,56724780
2020-11-12,897.79,913.77,926.9,906.85,914.23,40046527
2020-11-13,905.23,921.34,939.91,914.58,914.69,45388670
2020-11-14,907.91,924.06,930.06,920.85,929.88,5226220
2020-11-17,903.8,919.88,962.23,916.08,962.23,46542562
2020-11-18,901.06,917.09,926.0,904.59,919.88,30402290
2020-11-19,894.69,910.61,927.82,908.32,917.09,27796343
2020-11-20,861.29,876.62,915.52,874.54,911.46,57471248
2020-11-23,884.51,900.25,909.15,888.96,900.39,45327567
2020-11-24,890.56,906.41,911.0,891.62,906.39,30936268
2020-11-25,883.19,898.91,919.75,896.33,913.77,32637879
2020-11-26,885.37,901.12,906.85,890.72,901.33,25838637
2020-11-27,875.03,890.6,902.74,886.73,895.54,47336811
2020-12-01,886.41,902.19,907.42,890.72,895.47,19750687
2020-12-02,887.89,903.69,905.46,893.0,903.85,22188887
2020-12-03,890.56,906.41,914.28,903.92,910.08,27785372
2020-12-04,882.72,898.42,908.69,895.31,908.69,18464552
2020-12-07,887.91,903.71,906.85,895.59,895.59,18242188
2020-12-08,904.03,920.12,929.58,899.92,905.07,43403061
2020-12-09,919.08,935.44,938.6,922.65,927.59,29175254
2020-12-10,910.04,926.23,936.15,923.46,932.97,16065507
2020-12-11,909.49,925.68,940.54,911.12,929.0,26944202
2020-12-14,902.92,918.98,929.92,916.7,926.67,17312747
2020-12-15,895.23,911.16,918.25,905.05,918.25,18551265
2020-12-16,896.23,912.18,920.67,907.17,917.46,18561011
2020-12-17,900.33,916.35,925.31,912.45,915.85,20252358
2020-12-18,903.03,919.1,925.26,906.85,913.82,18466344
2020-12-21,879.52,895.17,933.15,856.2,927.61,44135540
2020-12-22,878.16,893.79,904.03,871.52,899.46,28140001
2020-12-23,881.4,897.09,900.59,886.38,890.69,19501410
2020-12-24,904.21,920.3,922.45,898.03,898.54,20776988
2020-12-28,908.36,924.52,931.31,920.83,926.09,17221499
2020-12-29,902.35,918.41,928.68,914.95,927.15,18611939
2020-12-30,904.82,920.92,926.32,911.72,920.81,22043630
2020-12-31,900.2,916.22,928.49,913.12,920.0,18781189
2021-01-01,901.19,917.23,921.62,914.69,917.46,10015175
2021-01-04,902.71,918.78,922.49,908.23,920.74,24513534
2021-01-05,891.49,907.35,915.43,902.69,908.69,24123091
2021-01-06,867.98,883.43,907.31,879.23,907.26,46401468
2021-01-07,866.58,882.0,897.62,879.23,886.31,32325918
2021-01-08,876.8,892.4,894.57,882.43,885.16,27540187
2021-01-11,860.27,875.58,894.76,873.39,894.76,33307825
2021-01-12,887.39,903.18,904.54,876.8,878.23,41161546
2021-01-13,879.11,894.76,911.44,885.36,906.18,26619458
2021-01-14,889.0,904.82,907.72,894.87,897.62,21553242
2021-01-15,878.5,894.13,910.91,886.1,904.82,20593268
2021-01-18,899.58,915.59,921.62,887.63,899.51,35100458
2021-01-19,914.3,930.57,937.31,920.53,920.53,32006615
2021-01-20,931.67,948.24,949.77,923.65,932.88,30924537
2021-01-21,951.93,968.87,978.38,957.61,960.84,39087742
2021-01-22,929.35,945.89,976.23,939.22,974.23,30532660
2021-01-25,880.11,895.77,939.13,891.62,939.13,54207104
2021-01-27,859.25,874.54,888.39,871.31,888.39,42370131
2021-01-28,850.89,866.03,887.6,863.0,867.69,34067814
2021-01-29,835.2,850.06,882.9,844.54,874.22,43712383
2021-02-01,859.39,874.68,879.16,852.85,858.11,34180952
2021-02-02,873.22,888.76,895.31,856.06,883.43,41470034
2021-02-03,875.42,890.99,900.85,876.85,889.91,30301696
2021-02-04,872.54,888.06,895.31,879.16,887.93,25626981
2021-02-05,872.29,887.81,897.46,886.08,890.72,20248046
2021-02-08,884.85,900.59,908.69,890.26,892.1,21183400
2021-02-09,886.98,902.76,918.2,900.99,905.44,19604141
2021-02-10,895.21,911.14,915.96,889.45,901.66,21234156
2021-02-11,932.12,948.71,952.63,910.19,913.77,42539278
2021-02-12,925.73,942.2,959.0,930.11,948.61,30497029
2021-02-15,921.64,938.04,951.29,934.54,945.17,15791099
2021-02-16,933.84,950.46,959.64,939.15,941.34,21421660
2021-02-17,944.61,961.42,967.28,946.35,950.69,23742994
2021-02-18,937.56,954.24,973.03,950.27,962.23,18646877
2021-02-19,943.27,960.06,971.43,947.6,949.31,23403483
2021-02-22,910.54,926.74,964.49,920.67,959.92,23804335
2021-02-23,917.5,933.82,947.41,929.28,945.15,25644108
2021-02-24,934.52,951.15,953.11,935.07,936.84,10807663
2021-02-25,972.32,989.62,993.15,956.69,958.07,34855693
2021-02-26,945.77,962.6,984.79,955.63,977.0,37481215
2021-03-01,952.98,969.93,974.69,951.84,973.86,17680764
2021-03-02,954.93,971.92,982.99,964.12,979.3,17150760
2021-03-03,998.5,1016.27,1024.48,972.47,978.86,31924461
2021-03-04,986.6,1004.15,1010.66,995.78,1006.07,21435754
2021-03-05,987.89,1005.47,1020.81,993.63,994.99,25511666
2021-03-08,993.51,1011.19,1030.02,1000.53,1000.76,19506841
2021-03-09,993.49,1011.17,1021.67,990.66,1015.3,15154484
2021-03-10,989.36,1006.97,1022.27,1001.57,1018.53,11519358
2021-03-12,969.25,986.5,1018.25,980.18,1012.99,16864952
2021-03-15,956.24,973.26,991.72,960.15,987.63,16698099
2021-03-16,952.48,969.43,981.15,967.07,975.61,13873801
2021-03-17,931.96,948.54,970.53,939.2,968.25,19210236
2021-03-18,910.99,927.2,962.13,923.46,956.64,20647480
2021-03-19,944.04,960.84,967.23,915.06,918.85,41787429
2021-03-22,935.16,951.8,957.15,938.32,955.77,18572478
2021-03-23,946.54,963.38,973.63,948.84,951.59,17421165
2021-03-24,928.31,944.83,959.8,941.64,959.8,16822814
2021-03-25,902.99,919.05,947.92,916.08,947.92,22001648
2021-03-26,904.44,920.53,929.32,910.86,928.54,20180202
2021-03-30,920.15,936.52,945.57,919.1,926.69,20441701
2021-03-31,908.27,924.43,946.03,922.54,931.31,16250796
2021-04-01,916.77,933.08,936.84,924.45,931.31,11723312
2021-04-05,903.51,919.58,934.54,905.51,934.51,14875099
2021-04-06,899.74,915.75,925.28,908.69,924.85,14009194
2021-04-07,908.15,924.31,944.64,919.91,923.0,24266353
2021-04-08,909.29,925.47,933.15,919.77,928.08,15369188
2021-04-09,898.72,914.72,925.93,913.77,922.28,14037885
2021-04-12,866.58,882.0,905.19,876.97,904.08,20901482
2021-04-13,875.94,891.53,895.59,885.09,887.93,19411189
2021-04-15,881.61,897.29,905.0,882.85,888.99,19723716
2021-04-16,876.07,891.66,899.88,889.06,893.74,15656948
2021-04-19,862.29,877.63,884.42,872.23,878.7,18478808
2021-04-20,862.04,877.38,885.62,872.44,881.7,17203668
2021-04-22,864.42,879.8,883.52,866.1,873.27,14490954
2021-04-23,863.49,878.86,885.57,874.7,879.62,11828857
2021-04-26,878.68,894.32,905.46,882.16,886.08,20846778
2021-04-27,901.72,917.76,921.71,894.5,895.31,19992524
2021-04-28,905.64,921.75,926.69,913.84,922.01,17122437
2021-04-29,917.77,934.1,943.54,926.37,933.57,17412606
2021-04-30,904.37,920.46,939.61,917.25,926.92,19828769
2021-05-03,888.29,904.1,913.31,896.74,907.31,23640186
2021-05-04,869.05,884.51,908.14,881.93,899.92,21849830
2021-05-05,870.63,886.13,894.62,880.56,887.63,12393609
2021-05-06,875.58,891.16,893.0,879.9,886.93,14624666
2021-05-07,875.92,891.5,902.53,888.85,894.27,12288548
2021-05-10,873.4,888.94,898.45,886.52,894.85,13941237
2021-05-11,876.55,892.15,894.64,881.46,883.77,13478264
2021-05-12,867.48,882.92,892.03,880.08,890.74,13177961
2021-05-14,878.43,894.06,896.23,879.62,889.79,13291616
2021-05-17,888.88,904.7,906.13,890.88,894.06,11873078
2021-05-18,901.4,917.44,924.2,910.31,914.23,12064918
2021-05-19,905.52,921.64,930.59,910.08,913.77,16317002
2021-05-20,900.24,916.26,928.03,914.23,922.03,11422532
2021-05-21,908.02,924.18,927.43,916.54,919.31,10785605
2021-05-24,900.36,916.38,927.52,914.69,926.69,8551760
2021-05-25,890.15,905.99,921.62,904.54,921.34,14780102
2021-05-26,893.28,909.18,913.54,906.99,911.46,7480204
2021-05-27,896.03,911.97,919.77,905.58,909.29,26819294
2021-05-28,949.85,966.75,971.46,918.38,918.38,56469931
2021-05-31,979.55,996.98,1011.47,962.25,970.07,59124142
2021-06-01,983.45,1000.95,1016.22,990.61,999.61,28013832
2021-06-02,998.12,1015.88,1019.68,995.46,995.46,24630162
2021-06-03,1001.92,1019.75,1038.37,1013.5,1024.99,23974257
2021-06-04,993.24,1010.92,1022.89,1008.03,1022.13,14468646
2021-06-07,1009.97,1027.94,1034.68,1008.38,1016.22,16336573
2021-06-08,1004.17,1022.04,1027.83,1014.45,1027.58,9674735
2021-06-09,986.21,1003.76,1024.99,995.89,1024.07,11409161
2021-06-10,989.84,1007.45,1029.14,1004.94,1012.25,14155653
2021-06-11,1007.01,1021.37,1028.22,1006.12,1007.41,13762778
2021-06-14,1021.46,1036.02,1042.18,1013.02,1022.22,20332436
2021-06-15,1023.78,1038.37,1049.87,1033.9,1043.45,15174215
2021-06-16,1006.3,1020.65,1037.01,1018.0,1036.02,10797349
2021-06-17,1008.15,1022.52,1031.45,1006.02,1015.3,15745975
2021-06-18,1012.7,1027.14,1031.45,1008.08,1027.07,29369026
2021-06-21,1017.98,1032.49,1037.22,1015.37,1016.91,12186448
2021-06-22,1012.74,1027.18,1043.45,1024.23,1040.22,12871913
2021-06-23,1003.46,1017.77,1038.65,1016.08,1038.37,16653951
2021-06-24,979.87,993.84,1022.04,987.61,1018.46,91461975
2021-06-25,957.55,971.2,993.84,960.43,993.84,55355022
2021-06-28,949.16,962.69,981.38,960.38,979.3,20277042
2021-06-29,949.97,963.52,973.3,961.81,964.3,27144063
2021-06-30,960.37,974.06,979.6,965.02,967.42,19762858
2021-07-01,954.59,968.2,979.83,966.84,977.46,12534407
2021-07-02,968.74,982.56,984.33,965.9,967.77,14086620
2021-07-05,978.37,992.32,993.86,983.69,985.97,11702287
2021-07-06,966.81,980.59,991.72,978.47,989.89,10070124
2021-07-07,960.1,973.79,981.96,968.23,981.96,10454892
2021-07-08,952.16,965.73,976.97,960.38,976.97,11185460
2021-07-09,942.42,955.86,965.32,953.5,963.61,9037675
2021-07-12,948.29,961.81,969.84,957.38,959.8,8585292
2021-07-13,955.39,969.01,970.56,963.63,969.15,6717133
2021-07-14,949.16,962.69,972.31,960.5,969.31,8532544
2021-07-15,947.49,961.0,966.84,959.23,966.84,9448356
2021-07-16,961.17,974.87,975.96,963.43,963.5,8828185
2021-07-19,955.05,968.67,980.23,965.57,969.15,8354449
2021-07-20,952.7,966.29,972.84,961.77,968.92,6741464
2021-07-22,964.94,978.7,980.18,968.3,977.92,7972397
2021-07-23,958.12,971.78,985.05,970.1,985.05,9937030
2021-07-26,944.99,958.47,978.84,955.81,972.84,12389668
2021-07-27,935.05,948.38,961.63,942.38,958.44,10824523
2021-07-28,927.02,940.24,949.77,930.5,949.77,12897848
2021-07-29,934.25,947.57,957.34,943.03,947.92,13765738
2021-07-30,926.09,939.29,954.36,937.35,949.77,11350608
2021-08-02,943.01,956.46,959.64,941.99,948.06,10925104
2021-08-03,949.95,963.5,965.0,952.63,964.53,11817299
2021-08-04,957.23,970.88,975.61,963.15,966.57,13169800
2021-08-05,971.11,984.96,994.44,971.11,975.75,21252078
2021-08-06,950.54,964.1,990.82,959.34,982.97,16620987
2021-08-09,945.13,958.6,964.44,953.69,960.38,7494143
2021-08-10,950.09,963.63,975.15,957.04,960.84,11919198
2021-08-11,963.4,977.13,978.38,961.49,967.74,9184963
2021-08-12,960.3,974.0,981.24,971.46,980.64,8137612
2021-08-13,976.3,990.22,992.18,973.28,977.13,12780901
2021-08-16,988.97,1003.07,1016.68,982.14,991.92,21935444
2021-08-17,984.76,998.8,1008.47,991.23,1000.92,12658169
2021-08-18,988.58,1002.68,1009.21,993.42,1003.3,10075860
2021-08-20,977.48,991.42,1002.38,986.23,988.99,9426282
2021-08-23,983.9,997.92,1003.3,984.06,1003.3,9854395
2021-08-24,993.61,1007.78,1011.61,994.81,999.17,11864472
2021-08-25,1002.21,1016.5,1024.53,1006.12,1008.56,13380559
2021-08-26,1014.88,1029.35,1036.02,1017.61,1018.99,18589616
2021-08-27,1013.49,1027.94,1035.03,1022.71,1032.38,10480636
2021-08-30,1032.99,1047.72,1050.3,1032.28,1038.37,14027062
2021-08-31,1027.49,1042.14,1053.95,1034.8,1050.79,26485463
2021-09-01,1031.56,1046.27,1058.17,1044.37,1048.99,11145486
2021-09-02,1043.98,1058.87,1065.05,1040.68,1040.68,9956770
2021-09-03,1086.8,1102.29,1105.29,1062.6,1066.06,30664428
2021-09-06,1103.68,1119.41,1144.52,1113.14,1113.6,33641710
2021-09-07,1110.64,1126.47,1134.37,1113.14,1121.44,17349882
2021-09-08,1106.29,1122.07,1132.52,1110.67,1131.6,14301651
2021-09-09,1103.68,1119.41,1125.07,1115.03,1120.48,8963249
2021-09-13,1079.08,1094.47,1122.83,1092.85,1122.83,16311160
2021-09-14,1077.67,1093.04,1104.83,1091.91,1096.06,8908356
2021-09-15,1082.16,1097.59,1105.64,1093.06,1093.06,9071075
2021-09-16,1104.86,1120.61,1124.56,1092.37,1099.08,13448882
2021-09-17,1087.73,1103.24,1133.37,1096.34,1128.83,34882133
2021-09-20,1089.46,1104.99,1116.07,1093.75,1094.72,11779819
2021-09-21,1094.17,1109.77,1115.26,1100.22,1109.91,9915736
2021-09-22,1105.91,1121.68,1126.98,1106.79,1111.29,10995912
2021-09-23,1132.93,1149.09,1152.37,1128.6,1129.47,15748397
2021-09-24,1129.66,1145.77,1156.26,1140.83,1155.39,15192163
2021-09-27,1148.66,1165.03,1167.55,1142.35,1147.75,15373834
2021-09-28,1159.39,1175.92,1183.7,1159.66,1169.44,18035258
2021-09-29,1150.2,1166.6,1186.05,1163.0,1186.05,9719875
2021-09-30,1146.29,1162.63,1169.72,1153.91,1165.29,13590654
2021-10-01,1148.31,1164.69,1172.12,1151.44,1154.65,8958928
2021-10-04,1163.08,1179.66,1188.29,1170.85,1178.21,10918552
2021-10-05,1187.22,1204.15,1205.44,1175.6,1179.18,13533634
2021-10-06,1164.76,1181.37,1209.11,1177.33,1209.11,10258881
2021-10-07,1170.47,1187.16,1199.32,1184.99,1197.59,6336665
2021-10-08,1215.45,1232.78,1238.85,1191.36,1193.09,15772493
2021-10-11,1206.99,1224.2,1255.28,1220.83,1246.7,14768666
2021-10-12,1213.88,1231.19,1238.2,1218.94,1220.67,6682011
2021-10-13,1226.23,1243.72,1255.05,1231.88,1236.36,9959762
2021-10-14,1228.71,1246.23,1254.1,1240.14,1246.21,8623469
2021-10-18,1231.99,1249.56,1266.82,1228.65,1231.56,13594479
2021-10-19,1243.02,1260.75,1269.75,1249.74,1257.03,8833409
2021-10-20,1228.71,1246.23,1265.78,1242.13,1265.78,12710570
2021-10-21,1193.27,1210.28,1258.97,1201.38,1258.69,20831669
2021-10-22,1195.5,1212.54,1229.85,1205.21,1209.13,11027475
2021-10-25,1183.85,1200.73,1236.82,1186.05,1236.82,17198417
2021-10-26,1210.81,1228.07,1231.7,1201.35,1207.79,9750178
2021-10-27,1195.5,1212.54,1235.34,1209.11,1223.9,9896298
2021-10-28,1182.39,1199.25,1217.41,1195.52,1209.13,9886181
2021-10-29,1154.02,1170.48,1198.12,1154.53,1198.12,14233025
2021-11-01,1154.73,1171.19,1179.59,1151.03,1170.48,15481114
2021-11-02,1137.89,1154.12,1175.9,1151.56,1174.52,10569130
2021-11-03,1130.07,1146.18,1162.98,1135.75,1156.54,11989430
2021-11-04,1137.01,1153.22,1156.01,1149.13,1150.5,1705656
2021-11-08,1138.42,1154.65,1162.98,1133.63,1162.7,20337183
2021-11-09,1147.4,1163.76,1167.09,1147.77,1156.06,15682497
2021-11-10,1160.24,1176.78,1180.52,1155.43,1161.46,10253470
2021-11-11,1162.35,1178.92,1186.29,1170.16,1172.23,10722478
2021-11-12,1179.89,1196.72,1199.32,1180.06,1182.78,8712341
2021-11-15,1172.93,1189.65,1200.91,1186.05,1199.9,4803269
2021-11-16,1145.67,1162.01,1188.36,1151.44,1187.0,11337581
2021-11-17,1121.15,1137.14,1153.27,1135.75,1153.27,10202029
2021-11-18,1125.38,1141.43,1148.67,1130.7,1135.29,8505625
2021-11-22,1075.53,1090.87,1130.21,1084.99,1124.26,24124307
2021-11-23,1085.59,1101.07,1108.18,1065.6,1076.7,25326999
2021-11-24,1069.92,1085.17,1112.17,1081.55,1098.37,16820296
2021-11-25,1134.32,1150.5,1154.67,1087.82,1095.14,42401936
2021-11-26,1097.76,1113.41,1143.41,1108.29,1138.89,15763138
2021-11-29,1110.91,1126.75,1153.75,1107.18,1125.64,24325354
2021-11-30,1094.49,1110.09,1142.63,1102.45,1138.98,32172299
2021-12-01,1122.51,1138.52,1141.75,1119.18,1122.83,10104610
2021-12-02,1129.73,1145.83,1152.0,1136.03,1139.77,12720411
2021-12-03,1095.78,1111.41,1153.06,1107.6,1153.01,19222481
2021-12-06,1075.01,1090.34,1119.14,1087.82,1114.98,10332254
2021-12-07,1083.77,1099.22,1109.45,1089.14,1096.59,11235122
2021-12-08,1100.26,1115.95,1122.28,1110.51,1118.72,8744178
2021-12-09,1117.71,1133.65,1142.17,1119.14,1123.75,13213547
2021-12-10,1118.85,1134.81,1138.06,1121.61,1126.17,8364414
2021-12-13,1096.42,1112.05,1141.8,1109.45,1141.52,12901733
2021-12-14,1083.0,1098.44,1110.37,1095.32,1098.37,12991523
2021-12-15,1079.83,1095.23,1109.91,1089.65,1100.22,9366969
2021-12-16,1093.8,1109.4,1114.75,1093.13,1110.23,9761279
2021-12-17,1064.93,1080.12,1111.29,1070.68,1106.7,21049821
2021-12-20,1036.22,1051.0,1069.69,1037.04,1069.69,14325846
2021-12-21,1051.65,1066.64,1082.68,1057.85,1066.69,12836561
2021-12-22,1076.6,1091.95,1094.63,1071.6,1072.94,17658543
2021-12-23,1076.22,1091.56,1098.37,1088.24,1095.6,9072401
2021-12-24,1079.65,1095.05,1103.91,1078.78,1093.75,7886494
2021-12-27,1078.49,1093.87,1097.45,1083.65,1089.85,4017223
2021-12-28,1091.3,1106.86,1109.84,1095.16,1096.34,6374613
2021-12-29,1093.17,1108.75,1116.37,1099.34,1103.45,15425312
2021-12-30,1073.42,1088.72,1109.88,1082.49,1107.6,29333171
2021-12-31,1077.54,1092.9,1100.17,1089.14,1095.14,9477290
2022-01-03,1093.78,1109.38,1111.27,1090.78,1091.45,5421611
2022-01-04,1118.47,1134.41,1135.75,1109.45,1114.94,10847728
2022-01-05,1123.7,1139.72,1143.14,1122.81,1136.21,11643813
2022-01-06,1099.54,1115.21,1132.52,1111.75,1131.23,14447422
2022-01-07,1108.41,1124.21,1134.39,1112.93,1121.88,13112115
2022-01-10,1109.32,1125.14,1133.91,1115.01,1131.6,9246731
2022-01-11,1117.3,1133.24,1142.19,1123.75,1124.21,16205164
2022-01-12,1147.13,1163.49,1165.26,1137.6,1140.5,14800442
2022-01-13,1153.59,1170.04,1172.67,1157.63,1163.56,11856712
2022-01-14,1155.28,1171.75,1184.81,1165.68,1169.9,19930176
2022-01-17,1161.3,1177.86,1183.75,1170.83,1171.29,8036453
2022-01-18,1147.45,1163.81,1182.52,1161.02,1179.02,6215029
2022-01-19,1147.36,1163.72,1173.13,1157.9,1167.59,9755485
2022-01-20,1127.27,1143.34,1158.34,1132.98,1153.77,16494486
2022-01-21,1127.45,1143.53,1154.79,1131.6,1131.6,13338594
2022-01-24,1081.97,1097.4,1155.94,1086.88,1142.21,21868937
2022-01-25,1079.86,1095.25,1102.36,1063.76,1084.32,24510205
2022-01-27,1063.86,1079.03,1087.34,1066.55,1078.06,20020431
2022-01-28,1062.84,1077.99,1096.48,1074.56,1091.45,14667727
2022-01-31,1085.93,1101.42,1110.55,1087.39,1089.23,12143683
2022-02-01,1082.34,1097.77,1117.11,1083.19,1111.29,13200509
2022-02-02,1084.54,1100.01,1110.83,1096.11,1110.83,10017691
2022-02-03,1070.53,1085.79,1108.27,1083.23,1103.91,9572839
2022-02-04,1060.77,1075.89,1083.81,1071.19,1080.37,11061241
2022-02-07,1054.31,1069.34,1087.66,1063.76,1080.83,10714467
2022-02-08,1072.03,1087.32,1089.14,1066.06,1075.59,12060849
2022-02-09,1084.52,1099.98,1101.69,1088.22,1094.29,11486225
2022-02-10,1083.41,1098.85,1105.62,1091.49,1105.62,12464491
2022-02-11,1081.29,1096.71,1100.45,1081.8,1095.25,15943370
2022-02-14,1064.07,1079.24,1086.81,1067.45,1080.03,10719633
2022-02-15,1100.2,1115.88,1118.63,1077.93,1085.08,11212671
2022-02-16,1097.92,1113.58,1122.83,1105.73,1121.44,10392840
2022-02-17,1111.82,1127.67,1132.94,1112.21,1116.88,12853252
2022-02-18,1103.13,1118.86,1133.63,1116.9,1128.09,6775458
2022-02-21,1091.98,1107.55,1124.91,1100.49,1113.14,11107193
2022-02-22,1087.02,1102.52,1105.71,1083.21,1085.86,13494914
2022-02-23,1080.22,1095.62,1110.62,1092.83,1108.11,7310110
2022-02-24,1026.39,1041.03,1079.86,1035.33,1063.76,24846650
2022-02-25,1039.22,1054.04,1065.12,1050.49,1052.27,14570089
2022-02-28,1073.62,1088.93,1092.53,1035.14,1035.14,21297446
2022-03-02,1091.37,1106.93,1108.06,1074.93,1077.35,21471786
2022-03-03,1082.16,1097.59,1114.45,1093.78,1107.6,10186748
2022-03-04,1058.15,1073.24,1091.12,1070.84,1085.91,10805667
2022-03-07,1019.02,1033.55,1067.03,1025.45,1051.62,17983310
2022-03-08,1017.18,1031.68,1036.53,1006.07,1020.61,21289374
2022-03-09,1071.14,1086.42,1092.37,1031.06,1031.91,20414228
2022-03-10,1088.5,1104.02,1109.91,1089.14,1107.6,17980493
2022-03-11,1091.64,1107.21,1112.68,1096.55,1096.55,12257423
2022-03-14,1100.61,1116.3,1118.86,1095.6,1101.55,8340678
2022-03-15,1075.4,1090.73,1120.5,1080.3,1120.5,15925769
2022-03-16,1093.55,1109.15,1111.25,1097.03,1099.29,11149828
2022-03-17,1129.2,1145.3,1152.55,1114.57,1122.71,21422098
2022-03-21,1122.7,1138.7,1146.37,1125.6,1127.91,11999466
2022-03-22,1151.7,1168.13,1169.88,1132.34,1135.34,22557065
2022-03-23,1155.37,1171.84,1183.68,1164.36,1164.36,15462187
2022-03-24,1173.32,1190.05,1192.58,1158.36,1158.36,13168266
2022-03-25,1181.14,1197.98,1207.28,1189.29,1191.82,14222488
2022-03-28,1193.02,1210.03,1213.63,1193.67,1204.51,9891424
2022-03-29,1193.29,1210.31,1217.44,1203.31,1217.44,8684065
2022-03-30,1216.22,1233.57,1240.51,1207.79,1218.31,15811550
2022-03-31,1198.84,1215.94,1232.07,1213.1,1229.87,13223718
2022-04-01,1208.44,1225.67,1229.97,1210.05,1216.51,7922880
2022-04-04,1212.02,1229.3,1234.51,1219.12,1225.49,7929162
2022-04-05,1194.88,1211.92,1232.16,1209.45,1223.48,13149870
2022-04-06,1191.7,1208.69,1215.82,1193.95,1193.95,12257215
2022-04-07,1170.68,1187.37,1202.67,1184.67,1197.64,15496499
2022-04-08,1190.15,1207.12,1211.44,1181.44,1181.44,15152495
2022-04-11,1187.67,1204.61,1217.69,1192.05,1199.9,9254209
2022-04-12,1165.31,1181.92,1201.1,1179.32,1193.9,13217742
2022-04-13,1161.03,1177.59,1196.48,1174.75,1188.13,10354235
2022-04-18,1157.48,1173.99,1181.35,1163.81,1168.98,9974224
2022-04-19,1201.6,1218.73,1231.28,1177.31,1180.52,26141820
2022-04-20,1236.93,1254.56,1261.74,1222.56,1226.25,25072240
2022-04-21,1265.89,1283.94,1287.12,1260.82,1269.54,21708633
2022-04-22,1255.29,1273.19,1293.12,1266.45,1273.23,15054154
2022-04-25,1226.26,1243.74,1273.0,1229.27,1265.62,17063215
2022-04-26,1262.95,1280.96,1289.89,1249.6,1250.66,12227666
2022-04-27,1264.18,1282.21,1305.12,1271.46,1271.82,19338945
2022-04-28,1283.07,1301.36,1315.74,1285.78,1296.79,25614076
2022-04-29,1269.6,1287.7,1318.11,1281.72,1318.11,18214862
2022-05-02,1265.14,1283.18,1294.74,1272.84,1274.66,9467006
2022-05-04,1225.64,1243.12,1287.58,1235.11,1285.28,19247660
2022-05-05,1201.64,1218.77,1259.89,1214.67,1256.89,17210669
2022-05-06,1192.43,1209.43,1227.13,1196.92,1205.53,19649948
2022-05-09,1145.86,1162.2,1198.56,1156.98,1188.34,18083752
2022-05-10,1126.0,1142.05,1166.03,1134.37,1151.44,19511677
2022-05-11,1114.46,1130.35,1146.8,1117.73,1141.13,16643899
2022-05-12,1091.76,1107.32,1123.68,1093.75,1120.29,20490321
2022-05-13,1104.13,1119.88,1143.6,1114.68,1119.6,19308778
2022-05-16,1104.41,1120.15,1144.98,1115.28,1123.5,13437911
2022-05-17,1150.79,1167.2,1172.16,1122.37,1123.8,16551828
2022-05-18,1154.98,1171.45,1186.05,1157.56,1172.05,17276788
2022-05-19,1128.36,1144.45,1159.52,1138.08,1146.37,14699118
2022-05-20,1194.16,1211.18,1220.39,1154.67,1159.52,21793091
2022-05-23,1186.17,1203.08,1224.61,1196.67,1214.44,15252755
2022-05-24,1190.24,1207.21,1217.44,1198.84,1203.13,13527818
2022-05-25,1188.49,1205.44,1226.07,1200.59,1216.05,12714544
2022-05-26,1177.16,1193.95,1216.01,1175.9,1211.16,17882023
2022-05-27,1171.7,1188.41,1202.28,1172.26,1196.69,16521973
2022-05-30,1212.52,1229.8,1234.05,1197.22,1206.82,13853398
2022-05-31,1197.89,1214.97,1236.27,1207.15,1219.01,70620653
2022-06-01,1198.27,1215.36,1225.37,1207.38,1215.73,9776989
2022-06-02,1239.59,1257.26,1261.03,1215.59,1215.59,22126569
2022-06-03,1264.71,1282.74,1300.21,1265.43,1266.36,23939791
2022-06-06,1259.27,1277.22,1298.66,1269.96,1282.97,11093152
2022-06-07,1261.63,1279.62,1288.09,1270.07,1278.31,12358255
2022-06-08,1239.48,1257.15,1283.43,1253.57,1279.62,12479250
2022-06-09,1273.46,1291.62,1293.58,1250.66,1250.66,17278305
2022-06-10,1235.02,1252.63,1287.54,1246.74,1279.23,18093057
2022-06-13,1211.65,1228.93,1233.5,1207.42,1222.97,17620803
2022-06-14,1195.82,1212.87,1233.06,1206.11,1223.0,14714312
2022-06-15,1181.35,1198.19,1217.11,1192.7,1208.0,11195535
2022-06-16,1164.83,1181.44,1227.15,1178.67,1210.51,17111475
2022-06-17,1178.48,1195.28,1211.37,1179.64,1181.44,24457187
2022-06-20,1157.12,1173.62,1207.79,1163.49,1202.21,12066797
2022-06-21,1175.8,1192.56,1196.85,1166.81,1181.44,11720049
2022-06-22,1140.08,1156.33,1180.66,1154.21,1180.56,10617206
2022-06-23,1121.58,1137.57,1165.29,1128.37,1160.7,19446323
2022-06-24,1137.55,1153.77,1158.83,1138.98,1144.52,14240234
2022-06-27,1134.19,1150.36,1174.49,1145.23,1174.49,15474529
2022-06-28,1150.13,1166.53,1169.42,1145.49,1145.49,13572847
2022-06-29,1174.0,1190.74,1198.52,1154.21,1157.07,19205146
2022-06-30,1181.05,1197.89,1207.24,1184.21,1190.67,23112959
2022-07-01,1095.99,1111.61,1196.21,1091.45,1188.32,81997149
2022-07-04,1098.26,1113.92,1126.98,1091.95,1097.89,41857728
2022-07-05,1107.16,1122.94,1137.55,1115.49,1118.21,17647327
2022-07-06,1097.42,1113.07,1126.96,1102.06,1116.88,23943726
2022-07-07,1086.61,1102.11,1122.94,1096.06,1119.55,23301033
2022-07-08,1088.12,1103.63,1115.91,1099.55,1115.91,19010108
2022-07-11,1102.9,1118.63,1120.89,1093.75,1096.75,13847467
2022-07-12,1101.33,1117.04,1125.92,1109.45,1109.45,10778989
2022-07-13,1081.81,1097.24,1123.29,1095.14,1120.2,14224132
2022-07-14,1090.73,1106.28,1123.27,1096.96,1102.06,16970315
2022-07-15,1092.85,1108.43,1114.52,1099.8,1114.52,9603210
2022-07-18,1102.15,1117.87,1119.14,1104.05,1117.29,15160908
2022-07-19,1108.91,1124.72,1129.29,1107.74,1107.74,16439888
2022-07-20,1138.9,1155.13,1173.36,1147.4,1172.21,23924246
2022-07-21,1131.3,1147.43,1153.75,1138.66,1150.98,16523230
2022-07-22,1138.94,1155.18,1161.27,1151.44,1153.75,10969995
2022-07-25,1101.31,1117.01,1138.73,1108.98,1138.73,23110452
2022-07-26,1101.81,1117.52,1127.86,1112.84,1117.34,11303288
2022-07-27,1100.77,1116.46,1120.06,1108.52,1116.81,8655086
2022-07-28,1118.01,1133.95,1138.96,1117.29,1124.21,12496073
2022-07-29,1141.83,1158.11,1161.64,1137.14,1142.07,15130683
2022-08-01,1171.59,1188.29,1194.25,1157.26,1162.59,15700044
2022-08-02,1176.05,1192.82,1203.5,1182.15,1187.21,13917913
2022-08-03,1185.92,1202.83,1204.51,1184.88,1199.9,14250977
2022-08-04,1170.25,1186.93,1208.09,1169.9,1204.51,14467127
2022-08-05,1153.0,1169.44,1190.12,1166.19,1188.82,13942438
2022-08-08,1168.08,1184.74,1192.31,1168.06,1168.06,10165178
2022-08-10,1175.07,1191.82,1195.24,1180.08,1189.24,10724688
2022-08-11,1178.98,1195.79,1204.47,1190.76,1201.33,8198226
2022-08-12,1198.05,1215.13,1218.98,1191.68,1195.42,12650587
2022-08-16,1206.37,1223.57,1226.34,1212.5,1221.22,6607378
2022-08-17,1212.68,1229.97,1235.39,1225.54,1229.9,6595965
2022-08-18,1214.87,1228.19,1231.74,1218.45,1227.59,7410035
2022-08-19,1193.21,1206.29,1228.37,1202.18,1222.97,9460724
2022-08-22,1189.9,1202.95,1214.34,1193.44,1207.75,9471680
2022-08-23,1208.26,1221.5,1224.45,1195.91,1197.13,9678484
2022-08-24,1205.04,1218.24,1232.2,1216.21,1218.41,10369622
2022-08-25,1201.52,1214.69,1228.93,1210.33,1222.49,7871946
2022-08-26,1195.11,1208.21,1222.97,1203.13,1215.13,10742038
2022-08-29,1185.82,1198.82,1225.28,1189.77,1192.98,19838975
2022-08-30,1204.22,1217.41,1220.78,1189.1,1206.36,23139054
2022-09-01,1168.81,1181.62,1202.18,1177.15,1191.89,19909939
2022-09-02,1155.16,1167.83,1188.52,1165.61,1181.62,12999345
2022-09-05,1173.1,1185.96,1191.36,1168.06,1168.06,11327815
2022-09-06,1185.45,1198.45,1202.67,1186.98,1187.44,10899618
2022-09-07,1178.56,1191.48,1197.55,1186.05,1188.36,7488501
2022-09-08,1180.23,1193.16,1198.98,1186.52,1194.48,7057077
2022-09-09,1172.88,1185.73,1204.51,1183.29,1204.51,8314850
2022-09-12,1186.0,1199.0,1205.44,1186.31,1186.31,7435419
2022-09-13,1195.91,1209.01,1213.61,1200.36,1208.21,8888657
2022-09-14,1181.57,1194.52,1204.51,1187.32,1188.36,8678219
2022-09-15,1169.86,1182.69,1201.54,1179.94,1192.05,10365600
2022-09-16,1140.88,1153.38,1178.21,1149.6,1173.94,20217708
2022-09-19,1142.36,1154.88,1164.23,1145.14,1153.38,7580254
2022-09-20,1142.54,1155.06,1171.15,1151.3,1164.11,8411448
2022-09-21,1145.69,1158.25,1168.98,1151.44,1152.25,9207309
2022-09-22,1134.9,1147.33,1155.13,1140.87,1147.29,10308170
2022-09-23,1113.62,1125.83,1151.88,1124.26,1146.83,9528051
2022-09-26,1085.25,1097.15,1115.81,1096.13,1104.85,12479523
2022-09-27,1093.88,1105.87,1119.6,1089.19,1104.83,16154822
2022-09-28,1064.76,1076.43,1097.45,1073.96,1089.3,16997059
2022-09-29,1061.49,1073.13,1092.6,1067.45,1089.14,14671827
2022-09-30,1085.43,1097.33,1108.52,1066.53,1066.53,18613024
2022-10-03,1081.67,1093.52,1115.42,1090.52,1103.68,11852723
2022-10-04,1101.62,1113.69,1115.91,1103.05,1106.58,8948850
2022-10-06,1105.68,1117.8,1130.67,1115.98,1120.98,13352162
2022-10-07,1110.36,1122.53,1127.86,1114.36,1114.36,7714340
2022-10-10,1098.24,1110.28,1115.72,1102.06,1109.91,6329527
2022-10-11,1076.37,1088.17,1114.06,1085.03,1114.06,9215177
2022-10-12,1084.29,1096.18,1099.15,1081.34,1085.45,7417103
2022-10-13,1087.74,1099.66,1104.83,1089.19,1094.4,7328492
2022-10-14,1082.22,1094.08,1115.15,1093.34,1114.52,9106089
2022-10-17,1099.59,1111.64,1114.06,1081.57,1086.83,16729355
2022-10-18,1118.99,1131.25,1136.67,1116.9,1117.75,12415820
2022-10-19,1138.46,1150.93,1166.6,1126.84,1132.75,19247142
2022-10-20,1141.52,1154.03,1162.52,1146.83,1146.83,8717053
2022-10-21,1128.28,1140.64,1161.5,1138.52,1157.3,8243452
2022-10-24,1132.04,1144.45,1154.9,1133.12,1135.29,3370033
2022-10-25,1114.56,1126.77,1153.29,1125.14,1153.29,12233241
2022-10-27,1118.94,1131.21,1139.19,1122.74,1134.37,12513059
2022-10-28,1153.18,1165.82,1169.9,1135.04,1137.6,17609592
2022-10-31,1163.88,1176.64,1181.88,1168.61,1172.67,12419943
2022-11-01,1154.87,1167.53,1199.9,1157.44,1199.9,13963166
2022-11-02,1162.08,1174.82,1176.92,1160.67,1168.66,8981896
2022-11-03,1166.42,1179.2,1181.23,1165.31,1167.53,6693449
2022-11-04,1183.58,1196.55,1199.9,1177.33,1178.62,12575815
2022-11-07,1189.9,1202.95,1204.65,1187.9,1195.75,11789748
2022-11-09,1188.72,1201.75,1210.03,1195.31,1204.65,11254205
2022-11-10,1174.34,1187.21,1198.31,1182.82,1195.28,5966242
2022-11-11,1201.41,1214.58,1216.51,1194.36,1199.9,12310132
2022-11-14,1195.59,1208.69,1219.28,1202.28,1214.09,9043112
2022-11-15,1190.22,1203.27,1212.08,1195.28,1210.19,7086433
2022-11-16,1183.4,1196.37,1207.26,1191.29,1204.51,9716161
2022-11-17,1186.46,1199.46,1205.9,1190.67,1192.95,6661451
2022-11-18,1185.82,1198.82,1204.05,1186.56,1203.01,5303197
2022-11-21,1164.48,1177.24,1194.36,1173.64,1194.36,6390268
2022-11-22,1170.94,1183.77,1185.36,1170.59,1174.52,6611488
2022-11-23,1167.28,1180.08,1189.7,1177.86,1188.36,6413408
2022-11-24,1177.35,1190.25,1197.13,1175.99,1184.21,9389439
2022-11-25,1194.93,1208.02,1211.39,1191.64,1194.82,7349922
2022-11-28,1235.99,1249.53,1255.76,1154.67,1204.01,31527484
2022-11-29,1238.11,1251.68,1260.66,1243.28,1247.87,11058913
2022-11-30,1246.85,1260.52,1267.02,1245.22,1251.82,26164986
2022-12-01,1243.18,1256.8,1271.43,1253.43,1265.34,9485801
2022-12-02,1242.65,1256.27,1268.2,1246.33,1259.89,11589592
2022-12-05,1224.53,1237.95,1253.78,1235.9,1251.59,14828536
2022-12-06,1228.07,1241.53,1244.67,1228.05,1229.94,8594245
2022-12-07,1209.94,1223.21,1243.74,1219.35,1239.13,8462111
2022-12-08,1209.37,1222.63,1229.9,1218.41,1227.59,7757008
2022-12-09,1191.05,1204.1,1227.59,1200.75,1221.13,12655763
2022-12-12,1192.87,1205.95,1210.51,1192.98,1193.21,9479842
2022-12-13,1198.3,1211.44,1215.13,1202.99,1205.95,8333348
2022-12-14,1193.97,1207.05,1217.88,1204.98,1217.28,7268947
2022-12-15,1177.01,1189.91,1206.82,1186.52,1201.05,8688551
2022-12-16,1171.19,1184.02,1208.58,1180.59,1186.52,15837349
2022-12-19,1186.57,1199.58,1201.75,1184.53,1191.13,7729933
2022-12-20,1196.84,1209.96,1211.9,1184.21,1192.47,7467588
2022-12-21,1179.82,1192.75,1215.13,1188.87,1209.59,8527550
2022-12-22,1176.76,1189.65,1202.05,1184.55,1198.98,7451122
2022-12-23,1142.25,1154.76,1195.52,1150.17,1182.96,10257115
2022-12-26,1152.22,1164.85,1173.13,1150.24,1160.56,5990242
2022-12-27,1161.65,1174.38,1176.27,1160.79,1167.59,5763271
2022-12-28,1161.53,1174.26,1176.73,1163.67,1171.29,7459393
2022-12-29,1161.01,1173.73,1176.32,1165.52,1166.21,6930648
2022-12-30,1162.79,1175.53,1189.29,1172.72,1174.56,7289476
2023-01-02,1175.89,1188.78,1190.21,1175.99,1176.82,5316175
2023-01-03,1167.28,1180.08,1187.44,1175.81,1183.77,7658932
2023-01-04,1149.71,1162.31,1181.92,1160.21,1180.06,9264891
2023-01-05,1147.66,1160.23,1170.55,1155.6,1164.59,13637099
2023-01-06,1158.09,1170.78,1175.88,1162.2,1166.05,6349597
2023-01-09,1185.43,1198.42,1200.82,1173.76,1174.66,10722753
2023-01-10,1167.9,1180.7,1202.67,1174.98,1202.67,8047142
2023-01-11,1153.18,1165.82,1180.52,1163.49,1177.98,11509553
2023-01-12,1128.28,1140.64,1168.75,1137.6,1165.22,17688773
2023-01-13,1126.45,1138.8,1141.24,1123.57,1134.55,20618583
2023-01-16,1115.72,1127.95,1144.36,1120.06,1141.15,13623855
2023-01-17,1131.56,1143.97,1145.9,1130.95,1134.37,10751000
2023-01-18,1129.69,1142.07,1149.64,1135.45,1141.52,13448286
2023-01-19,1128.48,1140.85,1145.05,1133.74,1141.24,11940054
2023-01-20,1115.06,1127.28,1142.21,1124.79,1142.21,14930286
2023-01-23,1109.42,1121.58,1138.15,1119.14,1130.21,10954118
2023-01-24,1102.87,1114.96,1127.74,1101.76,1126.06,16488755
2023-01-25,1087.63,1099.55,1114.38,1098.37,1113.35,12385018
2023-01-27,1066.99,1078.69,1101.76,1066.83,1100.4,25830975
2023-01-30,1077.22,1089.02,1094.63,1061.91,1076.08,21772103
2023-01-31,1074.52,1086.3,1101.9,1080.37,1099.29,22691594
2023-02-01,1068.16,1079.86,1098.35,1063.76,1098.35,19347800
2023-02-02,1062.24,1073.89,1083.6,1066.53,1069.76,13662663
2023-02-03,1063.18,1074.83,1084.06,1058.22,1084.06,24699575
2023-02-06,1055.17,1066.73,1071.14,1064.13,1068.37,14837879
2023-02-07,1052.64,1064.17,1074.09,1058.22,1066.99,15135435
2023-02-08,1073.66,1085.42,1089.09,1064.68,1067.45,21160332
2023-02-09,1075.53,1087.32,1094.15,1077.14,1086.12,13172763
2023-02-10,1066.67,1078.36,1086.79,1071.28,1086.79,10790445
2023-02-13,1060.6,1072.23,1084.52,1067.7,1080.0,10352493
2023-02-14,1085.59,1097.49,1099.25,1072.36,1075.27,14321920
2023-02-15,1110.18,1122.34,1124.77,1095.14,1096.52,33503591
2023-02-16,1109.31,1121.47,1137.04,1119.16,1130.42,17264487
2023-02-17,1113.94,1126.15,1129.52,1112.49,1116.83,11809520
2023-02-20,1102.17,1114.25,1130.56,1112.26,1128.37,8836937
2023-02-21,1111.16,1123.34,1129.2,1113.3,1118.68,13311592
2023-02-22,1085.96,1097.86,1121.44,1096.09,1119.58,11024335
2023-02-23,1080.76,1092.6,1105.18,1089.76,1097.45,9851910
2023-02-24,1088.15,1100.08,1105.82,1092.83,1094.68,9434053
2023-02-27,1080.92,1092.76,1102.82,1085.31,1099.29,11199715
2023-02-28,1060.24,1071.86,1092.37,1067.75,1087.34,21994038
2023-03-01,1069.98,1081.71,1082.45,1072.18,1081.76,11551145
2023-03-02,1061.83,1073.47,1085.29,1071.42,1078.53,9333535
2023-03-03,1088.93,1100.86,1104.58,1080.62,1084.13,14643807
2023-03-06,1099.56,1111.61,1118.95,1107.6,1107.6,10171916
2023-03-08,1103.51,1115.61,1116.37,1100.68,1111.61,15782657
2023-03-09,1076.99,1088.79,1115.4,1086.88,1114.98,16235128
2023-03-10,1060.3,1071.93,1081.76,1068.4,1080.6,13334091
2023-03-13,1042.87,1054.3,1081.76,1049.91,1074.83,12771592
2023-03-14,1038.96,1050.35,1063.73,1047.17,1052.22,16027522
2023-03-15,1021.21,1032.4,1060.67,1027.94,1054.11,21728555
2023-03-16,1016.12,1027.25,1040.22,1016.31,1035.14,18363159
2023-03-17,1014.84,1025.96,1039.27,1021.16,1035.95,34014213
2023-03-20,1004.86,1015.88,1024.53,1006.07,1022.22,19524589
2023-03-21,1036.11,1047.47,1049.45,1023.15,1024.05,21400360
2023-03-22,1039.26,1050.65,1057.5,1047.6,1054.53,10920094
2023-03-23,1026.11,1037.36,1047.56,1035.17,1046.68,16249370
2023-03-24,1005.8,1016.82,1038.37,1014.38,1036.18,12375945
2023-03-27,1021.43,1032.63,1040.22,1015.39,1023.38,14054323
2023-03-28,1026.2,1037.45,1041.37,1032.38,1036.07,12576424
2023-03-29,1020.13,1031.31,1035.97,1020.42,1033.3,18804065
2023-03-31,1064.12,1075.78,1081.5,1040.54,1040.68,28171201
2023-04-03,1064.3,1075.96,1084.06,1068.37,1082.22,10293043
2023-04-05,1061.74,1073.38,1083.6,1065.4,1083.6,16262928
2023-04-06,1068.86,1080.58,1086.37,1069.83,1069.83,18435046
2023-04-10,1061.29,1072.92,1084.71,1071.39,1084.52,12961408
2023-04-11,1066.54,1078.23,1080.37,1072.55,1077.14,10542367
2023-04-12,1071.24,1082.98,1092.74,1075.32,1078.23,18179087
2023-04-13,1075.28,1087.06,1091.82,1080.83,1085.91,12378208
2023-04-17,1080.73,1092.58,1119.11,1084.09,1119.11,17929479
2023-04-18,1068.36,1080.07,1096.99,1073.45,1096.99,10405576
2023-04-19,1073.68,1085.45,1088.17,1076.31,1079.47,12273475
2023-04-20,1070.96,1082.7,1088.68,1076.26,1086.42,7007330
2023-04-21,1072.31,1084.06,1089.6,1078.25,1084.82,7647317
2023-04-24,1076.42,1088.22,1098.78,1083.6,1096.06,12936186
2023-04-25,1084.66,1096.55,1098.65,1084.76,1091.91,9236126
2023-04-26,1078.29,1090.11,1101.18,1086.39,1097.91,8617834
2023-04-27,1085.12,1097.01,1100.22,1090.99,1096.06,9167125
2023-04-28,1104.95,1117.06,1118.63,1099.18,1099.29,15565210
2023-05-02,1114.33,1126.54,1128.74,1120.57,1124.31,12981805
2023-05-03,1104.77,1116.88,1128.37,1113.62,1128.37,7061872
2023-05-04,1117.5,1129.75,1131.99,1114.34,1117.36,8635233
2023-05-05,1114.65,1126.87,1135.91,1124.21,1126.52,8746585
2023-05-08,1128.41,1140.78,1146.2,1127.97,1130.67,9153782
2023-05-09,1131.91,1144.31,1147.66,1136.79,1142.21,6464721
2023-05-10,1139.69,1152.18,1153.68,1145.07,1149.13,10872255
2023-05-11,1132.25,1144.66,1158.13,1142.93,1153.27,10557860
2023-05-12,1134.1,1146.53,1147.93,1133.67,1139.81,6955341
2023-05-15,1136.33,1148.79,1155.85,1141.36,1149.09,6833343
2023-05-16,1120.15,1132.43,1153.56,1130.74,1150.98,8717229
2023-05-17,1113.53,1125.74,1137.6,1120.98,1136.67,8798967
2023-05-18,1111.14,1123.31,1133.91,1120.13,1130.47,10525531
2023-05-19,1114.74,1126.96,1128.81,1116.3,1123.31,8050447
2023-05-22,1120.7,1132.98,1138.06,1122.53,1123.75,7434906
2023-05-23,1120.49,1132.77,1138.98,1131.34,1135.59,6092034
2023-05-24,1113.97,1126.17,1137.14,1123.04,1128.78,8112254
2023-05-25,1113.83,1126.04,1130.21,1115.01,1123.24,11487863
2023-05-26,1144.21,1156.75,1157.9,1131.02,1134.37,12626260
2023-05-29,1150.65,1163.26,1167.59,1157.07,1163.44,10010304
2023-05-30,1150.35,1162.96,1171.15,1160.37,1163.26,11342504
2023-05-31,1127.5,1139.86,1158.3,1135.75,1153.75,27107927
2023-06-01,1124.47,1136.79,1146.78,1134.37,1144.59,14592692
2023-06-02,1120.79,1133.07,1145.83,1131.14,1140.37,15800644
2023-06-05,1130.86,1143.25,1146.25,1134.57,1138.61,10908682
2023-06-06,1131.81,1144.22,1148.07,1136.21,1146.11,7493309
2023-06-07,1140.4,1152.9,1153.75,1141.1,1147.75,10312545
2023-06-08,1141.08,1153.59,1161.53,1149.6,1156.52,12071109
2023-06-09,1133.0,1145.42,1157.7,1143.6,1156.98,5877018
2023-06-12,1134.01,1146.43,1148.77,1137.6,1142.44,6391969
2023-06-13,1150.76,1163.37,1164.57,1147.4,1151.44,11248016
2023-06-14,1164.91,1177.68,1179.13,1161.6,1163.44,13277380
2023-06-15,1165.23,1178.0,1182.62,1170.13,1177.66,11813494
2023-06-16,1176.57,1189.47,1191.78,1181.53,1181.53,24171579
2023-06-19,1164.89,1177.66,1192.52,1173.43,1192.52,6798554
2023-06-20,1167.31,1180.1,1183.29,1169.9,1175.69,6921096
2023-06-21,1170.59,1183.42,1185.99,1175.9,1180.06,6961603
2023-06-22,1157.45,1170.13,1187.58,1168.52,1179.59,7619166
2023-06-23,1147.97,1160.56,1169.16,1159.29,1167.09,6628570
2023-06-26,1139.21,1151.7,1160.86,1148.53,1156.98,12641159
2023-06-27,1139.62,1152.11,1158.13,1147.59,1152.16,9689466
2023-06-28,1154.71,1167.36,1171.22,1152.76,1159.75,11354006
2023-06-30,1164.18,1176.94,1179.89,1169.19,1175.16,11151555
2023-07-03,1194.06,1207.15,1210.05,1179.29,1180.54,12154387
2023-07-04,1181.76,1194.71,1211.44,1187.55,1211.44,8061643
2023-07-05,1179.82,1192.75,1204.05,1188.73,1204.05,10248062
2023-07-06,1204.58,1217.78,1220.41,1188.85,1188.85,19117987
2023-07-07,1202.23,1215.41,1229.87,1212.82,1216.05,13375267
2023-07-10,1248.54,1262.23,1271.89,1234.51,1240.93,33240016
2023-07-11,1262.08,1275.91,1278.35,1263.4,1270.46,20069348
2023-07-12,1263.47,1277.32,1293.12,1274.5,1276.65,18733835
2023-07-13,1252.17,1265.89,1291.74,1263.24,1284.77,14682934
2023-07-14,1251.12,1264.83,1274.15,1257.63,1269.12,15124144
2023-07-17,1276.68,1290.68,1299.15,1258.97,1267.74,22220040
2023-07-18,1287.53,1301.64,1309.48,1288.97,1300.05,25867313
2023-07-19,1297.29,1311.51,1318.04,1290.82,1306.04,39122156
2023-07-20,1295.72,1309.93,1315.47,1290.0,1290.0,38717624
2023-07-21,1255.61,1269.38,1307.45,1261.8,1304.5,30249238
2023-07-24,1230.22,1243.7,1257.47,1234.65,1240.5,23727866
2023-07-25,1229.43,1242.9,1252.6,1240.0,1247.0,12026020
2023-07-26,1249.41,1263.1,1273.5,1242.5,1242.5,12911012
2023-07-27,1237.78,1251.35,1268.82,1245.18,1267.03,17226898
2023-07-28,1250.22,1263.93,1271.43,1250.28,1256.03,20827852
2023-07-31,1260.81,1274.62,1276.95,1258.97,1263.93,8551174
2023-08-01,1242.98,1256.6,1279.5,1252.65,1277.5,9536632
2023-08-02,1229.7,1243.18,1256.0,1231.8,1254.6,12748214
2023-08-03,1224.53,1237.95,1250.45,1229.03,1237.65,10168350
2023-08-04,1241.17,1254.78,1258.0,1235.8,1249.4,22885610
2023-08-07,1248.24,1261.93,1264.2,1252.5,1260.5,5982870
2023-08-08,1240.73,1254.32,1267.22,1249.78,1264.0,9844072
2023-08-09,1248.91,1262.6,1264.5,1240.55,1252.43,11486586
2023-08-10,1254.48,1268.22,1275.0,1254.22,1262.47,15470598
2023-08-11,1259.77,1273.57,1279.43,1256.18,1266.22,22179330
2023-08-14,1274.65,1288.62,1291.15,1262.5,1269.5,9575812
2023-08-16,1273.62,1287.57,1291.4,1275.5,1275.5,10203112
2023-08-17,1255.24,1269.0,1289.05,1266.43,1283.55,13673744
2023-08-18,1264.54,1278.4,1288.8,1254.28,1265.62,18639978
2023-08-21,1250.74,1260.0,1277.72,1257.82,1269.97,9221746
2023-08-22,1250.44,1259.7,1268.97,1249.5,1258.45,7713044
2023-08-23,1251.83,1261.1,1271.43,1258.47,1262.1,9517952
2023-08-24,1230.79,1239.9,1269.95,1235.5,1269.95,14140020
2023-08-25,1225.11,1234.18,1252.5,1221.3,1228.0,22222400
2023-08-28,1212.9,1221.88,1242.0,1215.55,1236.0,12580826
2023-08-29,1201.28,1210.18,1226.72,1204.07,1226.03,16876644
2023-08-30,1200.14,1209.03,1221.5,1207.5,1216.0,12168946
2023-08-31,1194.66,1203.5,1212.5,1199.95,1211.5,21638600
2023-09-01,1197.46,1206.32,1212.82,1200.82,1203.28,18112842
2023-09-04,1196.49,1205.35,1211.82,1202.65,1206.32,9347626
2023-09-05,1202.9,1211.8,1216.97,1206.22,1210.0,8675876
2023-09-06,1205.43,1214.35,1218.07,1208.62,1210.55,8200370
2023-09-07,1207.07,1216.0,1219.12,1205.5,1210.85,13652572
2023-09-08,1215.11,1224.1,1228.0,1211.47,1220.0,23109288
2023-09-11,1228.21,1237.3,1238.43,1226.0,1226.0,13271074
2023-09-12,1210.47,1219.43,1241.5,1217.97,1241.5,16255666
2023-09-13,1216.52,1225.53,1231.32,1213.12,1220.0,12803338
2023-09-14,1217.64,1226.65,1232.9,1222.5,1230.0,9209636
2023-09-15,1219.9,1228.93,1234.0,1224.75,1234.0,25468592
2023-09-18,1209.27,1218.22,1225.5,1216.03,1220.03,7516300
2023-09-20,1182.32,1191.07,1213.8,1177.5,1211.53,57081884
2023-09-21,1173.71,1182.4,1195.05,1180.0,1187.47,12226182
2023-09-22,1168.82,1177.47,1191.22,1175.0,1188.0,19176786
2023-09-25,1161.63,1170.22,1180.35,1167.55,1175.2,14254884
2023-09-26,1162.64,1171.25,1175.1,1167.8,1169.28,10087782
2023-09-27,1175.75,1184.45,1185.9,1169.25,1171.75,11722778
2023-09-28,1158.48,1167.05,1191.5,1162.5,1191.5,14518346
2023-09-29,1163.89,1172.5,1184.55,1167.05,1170.9,12342014
2023-10-03,1150.56,1159.07,1167.8,1158.0,1164.97,8859056
2023-10-04,1148.57,1157.07,1159.5,1147.55,1154.5,10286386
2023-10-05,1148.55,1157.05,1164.7,1154.5,1159.62,10953682
2023-10-06,1150.48,1159.0,1162.4,1156.03,1158.53,5431026
2023-10-09,1140.68,1149.12,1155.97,1147.5,1154.05,7576878
2023-10-10,1145.72,1154.2,1158.95,1151.88,1153.28,10236032
2023-10-11,1163.91,1172.53,1174.85,1156.5,1157.22,9814118
2023-10-12,1166.07,1174.7,1179.68,1169.07,1171.93,12554450
2023-10-13,1166.02,1174.65,1178.75,1164.57,1170.0,10150316
2023-10-16,1163.41,1172.03,1177.28,1168.0,1172.5,5929036
2023-10-17,1168.97,1177.62,1179.85,1170.65,1178.0,7928180
2023-10-18,1153.46,1162.0,1183.5,1160.5,1177.62,8918320
2023-10-19,1144.6,1153.07,1160.9,1150.5,1156.0,12032556
2023-10-20,1141.1,1149.55,1157.35,1148.15,1150.0,8913312
2023-10-23,1123.29,1131.6,1153.12,1127.62,1145.0,7853962
2023-10-25,1120.68,1128.97,1140.6,1121.5,1125.03,11620688
2023-10-26,1105.07,1113.25,1129.0,1110.15,1125.5,15222534
2023-10-27,1124.58,1132.9,1136.75,1117.97,1120.0,11771084
2023-10-30,1147.76,1156.25,1162.5,1134.97,1137.0,16813304
2023-10-31,1135.55,1143.95,1164.0,1141.45,1164.0,12808438
2023-11-01,1140.26,1148.7,1158.75,1137.6,1144.57,10309190
2023-11-02,1151.58,1160.1,1162.15,1153.97,1156.97,10562104
2023-11-03,1151.33,1159.85,1167.47,1157.88,1163.6,8850156
2023-11-06,1160.91,1169.5,1170.0,1162.8,1166.15,10647304
2023-11-07,1153.36,1161.9,1169.55,1159.78,1167.03,6960204
2023-11-08,1159.37,1167.95,1170.5,1160.88,1166.0,7884494
2023-11-09,1146.79,1155.28,1167.95,1152.1,1167.93,14513610
2023-11-10,1148.95,1157.45,1158.18,1149.03,1152.78,7734954
2023-11-13,1148.8,1157.3,1162.3,1155.85,1161.45,3854810
2023-11-15,1169.57,1178.22,1180.97,1163.5,1170.0,12220648
2023-11-16,1171.68,1180.35,1187.07,1173.47,1175.55,13134910
2023-11-17,1169.12,1177.78,1186.62,1176.03,1176.45,7758634
2023-11-20,1166.04,1174.68,1179.2,1168.2,1174.28,4490186
2023-11-21,1180.71,1189.45,1194.0,1180.1,1183.0,8214450
2023-11-22,1185.33,1194.1,1197.22,1186.1,1187.5,8534814
2023-11-23,1188.95,1197.75,1200.0,1194.1,1194.1,8531542
2023-11-24,1188.16,1196.95,1201.3,1195.53,1195.8,6749486
2023-11-28,1188.4,1197.2,1199.85,1187.62,1196.95,13792174
2023-11-29,1191.53,1200.35,1205.97,1199.03,1204.0,12531306
2023-11-30,1179.99,1188.72,1200.35,1184.95,1197.35,28439984
2023-12-01,1188.35,1197.15,1198.2,1188.8,1189.0,14342842
2023-12-04,1201.21,1210.1,1225.0,1199.3,1225.0,15590990
2023-12-05,1209.92,1218.88,1220.43,1210.82,1219.5,12693624
2023-12-06,1221.51,1230.55,1236.47,1217.5,1223.55,16422442
2023-12-07,1219.5,1228.53,1230.47,1221.0,1230.0,8142096
2023-12-08,1218.85,1227.88,1238.35,1222.5,1231.93,10204894
2023-12-11,1220.64,1229.68,1233.8,1226.2,1228.0,7066138
2023-12-12,1203.12,1212.03,1232.47,1210.07,1230.0,9197124
2023-12-13,1208.03,1216.97,1219.18,1203.15,1211.0,10031182
2023-12-14,1223.02,1232.07,1237.47,1221.32,1227.0,16972354
2023-12-15,1238.63,1247.8,1250.0,1235.03,1239.0,15932152
2023-12-18,1251.24,1260.5,1267.45,1245.47,1247.8,14165188
2023-12-19,1269.65,1279.05,1286.95,1262.6,1277.5,16820604
2023-12-20,1254.29,1263.57,1299.43,1260.0,1285.53,17736722
2023-12-21,1271.86,1281.28,1286.75,1259.12,1263.5,13765454
2023-12-22,1273.1,1282.53,1290.45,1273.82,1279.8,16541784
2023-12-26,1279.55,1289.03,1295.97,1281.35,1284.0,7465664
2023-12-27,1283.92,1293.43,1299.95,1286.55,1291.0,9204156
2023-12-28,1293.2,1302.78,1306.0,1293.43,1294.9,12302636
2023-12-29,1282.98,1292.47,1307.0,1289.65,1305.55,10864584
2024-01-01,1285.61,1295.12,1303.43,1286.57,1290.28,4030540
2024-01-02,1296.26,1305.85,1307.5,1286.5,1292.5,7448800
2024-01-03,1282.16,1291.65,1317.0,1288.6,1305.0,9037536
2024-01-04,1288.79,1298.32,1304.93,1289.55,1294.0,9612778
2024-01-05,1294.27,1303.85,1309.93,1299.0,1301.45,8086406
2024-01-08,1284.17,1293.68,1315.97,1284.47,1305.0,7734652
2024-01-09,1280.77,1290.25,1303.4,1288.6,1300.0,5403074
2024-01-10,1315.31,1325.05,1329.5,1287.53,1288.5,11102740
2024-01-11,1349.91,1359.9,1362.5,1328.5,1329.5,23725852
2024-01-12,1360.65,1370.72,1373.32,1345.75,1359.9,15012164
2024-01-15,1383.88,1394.12,1396.45,1366.0,1375.0,8610594
2024-01-16,1364.53,1374.62,1396.3,1370.5,1389.97,9069024
2024-01-17,1351.57,1361.57,1386.28,1355.03,1359.5,12197382
2024-01-18,1357.9,1367.95,1371.0,1351.25,1351.4,10279438
2024-01-19,1357.4,1367.45,1376.0,1359.0,1376.0,10422704
2024-01-23,1318.81,1328.57,1371.75,1322.55,1371.75,20055420
2024-01-24,1334.0,1343.88,1349.5,1323.93,1335.22,21919128
2024-01-25,1343.13,1353.07,1364.15,1335.2,1342.95,11808872
2024-01-29,1437.41,1448.05,1452.5,1360.18,1364.5,23893438
2024-01-30,1397.28,1407.62,1459.97,1404.43,1459.95,14093978
2024-01-31,1416.14,1426.62,1434.25,1402.5,1404.0,15130226
2024-02-01,1416.17,1426.65,1443.35,1418.05,1435.0,13349362
2024-02-02,1446.99,1457.7,1474.9,1433.18,1433.18,19652588
2024-02-05,1428.45,1439.03,1470.5,1431.53,1460.75,8814432
2024-02-06,1417.31,1427.8,1441.85,1419.82,1441.85,9047984
2024-02-07,1431.55,1442.15,1449.5,1429.25,1435.93,9296568
2024-02-08,1439.47,1450.12,1459.47,1427.53,1450.0,14694634
2024-02-09,1450.02,1460.75,1471.97,1450.95,1454.0,12556798
2024-02-12,1441.68,1452.35,1461.0,1442.35,1460.75,6674430
2024-02-13,1454.34,1465.1,1479.0,1454.0,1455.5,7715594
2024-02-14,1470.49,1481.38,1483.65,1457.5,1457.5,7117888
2024-02-15,1459.8,1470.6,1484.72,1466.53,1483.35,10006782
2024-02-16,1449.84,1460.57,1477.0,1458.55,1476.47,9767498
2024-02-19,1463.17,1474.0,1479.5,1453.53,1462.05,6729828
2024-02-20,1460.22,1471.03,1475.5,1461.8,1475.03,7117496
2024-02-21,1456.92,1467.7,1488.53,1457.55,1474.0,12720292
2024-02-22,1470.86,1481.75,1484.95,1458.0,1468.15,18493728
2024-02-23,1482.65,1493.62,1497.55,1483.35,1489.5,14438584
2024-02-26,1476.4,1487.32,1494.53,1482.5,1493.55,7513106
2024-02-27,1474.73,1485.65,1499.95,1478.05,1483.03,10826044
2024-02-28,1444.93,1455.62,1491.28,1450.18,1483.0,8647950
2024-02-29,1450.07,1460.8,1478.97,1454.53,1465.0,23628976
2024-03-01,1481.16,1492.12,1500.0,1462.5,1463.5,12132926
2024-03-04,1496.33,1507.4,1512.45,1487.22,1490.47,10024420
2024-03-05,1489.18,1500.2,1507.4,1486.05,1505.78,7107668
2024-03-06,1491.96,1503.0,1509.0,1478.5,1493.45,7805676
2024-03-07,1468.06,1478.93,1503.1,1475.55,1502.97,8315726
2024-03-11,1455.82,1466.6,1489.0,1463.5,1489.0,11277130
2024-03-12,1464.59,1475.43,1488.0,1465.03,1466.6,9432678
2024-03-13,1421.65,1432.18,1483.1,1427.78,1479.78,13522134
2024-03-14,1420.96,1431.47,1448.53,1425.5,1439.7,18571102
2024-03-15,1407.81,1418.22,1433.22,1412.9,1425.95,19223818
2024-03-18,1428.9,1439.47,1441.72,1416.53,1420.0,9169392
2024-03-19,1414.78,1425.25,1437.6,1417.25,1428.75,8275764
2024-03-20,1433.14,1443.75,1445.0,1424.03,1427.95,8488806
2024-03-21,1440.31,1450.97,1457.9,1444.68,1452.53,13006936
2024-03-22,1444.33,1455.03,1460.0,1447.35,1449.97,19527608
2024-03-26,1430.98,1441.57,1452.4,1439.0,1445.0,11415906
2024-03-27,1481.88,1492.85,1500.0,1447.0,1448.0,16326644
2024-03-28,1474.93,1485.85,1505.95,1478.65,1492.88,21854364
2024-04-01,1473.87,1484.78,1493.97,1482.5,1492.47,5013880
2024-04-02,1476.03,1486.95,1494.0,1475.0,1484.0,8910166
2024-04-03,1460.79,1471.6,1484.45,1468.9,1482.07,7008292
2024-04-04,1452.18,1462.93,1479.75,1450.0,1479.75,14490272
2024-04-05,1449.37,1460.1,1470.8,1456.0,1460.88,7442298
2024-04-08,1475.06,1485.97,1490.97,1461.0,1462.97,8357118
2024-04-09,1452.9,1463.65,1489.8,1462.5,1489.0,7071414
2024-04-10,1468.7,1479.57,1487.0,1466.35,1466.35,9138330
2024-04-12,1456.37,1467.15,1486.47,1463.07,1475.88,15551012
2024-04-15,1454.06,1464.82,1482.12,1446.32,1461.0,12902062
2024-04-16,1454.98,1465.75,1471.18,1450.93,1453.35,9366184
2024-04-18,1453.57,1464.32,1486.0,1459.35,1463.5,19005692
2024-04-19,1459.32,1470.12,1474.0,1443.03,1456.78,15741778
2024-04-22,1468.98,1479.85,1482.82,1467.8,1472.45,10350362
2024-04-23,1448.6,1459.32,1493.5,1455.55,1479.0,14605554
2024-04-24,1439.52,1450.18,1468.55,1449.5,1463.5,10462776
2024-04-25,1449.25,1459.97,1467.97,1441.5,1442.5,15943926
2024-04-26,1441.88,1452.55,1465.0,1450.0,1463.95,9413848
2024-04-29,1454.26,1465.03,1467.9,1450.0,1450.0,7247974
2024-04-30,1456.22,1467.0,1483.07,1462.88,1468.0,11474262
2024-05-02,1455.78,1466.55,1477.32,1464.12,1472.0,14512646
2024-05-03,1423.46,1434.0,1474.95,1416.15,1471.0,17226958
2024-05-06,1409.1,1419.53,1440.0,1418.0,1435.5,7394208
2024-05-07,1391.18,1401.47,1420.75,1392.0,1415.97,14517472
2024-05-08,1408.13,1418.55,1432.95,1397.5,1397.5,9439002
2024-05-09,1383.88,1394.12,1423.75,1390.0,1413.0,11009612
2024-05-10,1397.08,1407.43,1410.0,1388.07,1396.75,10505096
2024-05-13,1392.39,1402.7,1406.97,1384.0,1399.9,8456620
2024-05-14,1409.64,1420.07,1427.07,1400.03,1400.97,7188300
2024-05-15,1405.87,1416.28,1429.97,1413.03,1420.5,5046534
2024-05-16,1414.88,1425.35,1427.5,1398.03,1418.55,14711774
2024-05-17,1425.15,1435.7,1437.2,1413.25,1423.05,10916476
2024-05-21,1425.57,1436.12,1441.82,1425.6,1425.6,11176128
2024-05-22,1449.92,1460.65,1468.78,1436.28,1436.28,10281604
2024-05-23,1475.13,1486.05,1492.22,1455.0,1458.55,14608260
2024-05-24,1469.37,1480.25,1488.5,1476.1,1483.62,7094776
2024-05-27,1455.48,1466.25,1484.9,1461.55,1480.22,6629010
2024-05-28,1445.5,1456.2,1478.5,1452.75,1468.0,7820162
2024-05-29,1430.19,1440.78,1458.0,1438.45,1446.5,7383556
2024-05-30,1414.38,1424.85,1440.4,1420.1,1435.5,13206858
2024-05-31,1419.89,1430.4,1442.25,1422.25,1431.3,31069832
2024-06-03,1499.23,1510.32,1514.5,1459.0,1483.0,21527942
2024-06-04,1387.01,1397.28,1498.05,1359.3,1498.05,36709098
2024-06-05,1410.31,1420.75,1431.15,1384.1,1422.0,17464890
2024-06-06,1421.08,1431.6,1443.7,1421.35,1435.0,17855722
2024-06-07,1459.15,1469.95,1472.0,1426.5,1428.5,18558696
2024-06-10,1460.59,1471.4,1493.35,1468.07,1469.95,9251760
2024-06-11,1445.97,1456.68,1473.68,1454.68,1469.0,11774902
2024-06-12,1452.57,1463.32,1476.0,1455.18,1457.5,10081742
2024-06-13,1454.48,1465.25,1472.25,1460.1,1472.0,9181160
2024-06-14,1466.69,1477.55,1479.68,1457.22,1470.0,8157998
2024-06-18,1470.14,1481.03,1487.4,1471.35,1487.35,7196766
2024-06-19,1447.93,1458.65,1487.5,1456.0,1487.5,8725874
2024-06-20,1462.87,1473.7,1482.85,1450.1,1459.0,16113776
2024-06-21,1443.52,1454.2,1474.7,1440.57,1473.62,31170360
2024-06-24,1430.88,1441.47,1449.5,1437.5,1445.53,8878386
2024-06-25,1443.47,1454.15,1455.93,1441.0,1443.0,7045386
2024-06-26,1502.9,1514.03,1518.97,1445.12,1446.05,22014882
2024-06-27,1519.3,1530.55,1537.5,1506.0,1513.75,28383030
2024-06-28,1553.9,1565.4,1581.0,1531.03,1531.03,28957336
2024-07-01,1548.69,1560.15,1579.4,1555.68,1562.53,7724306
2024-07-02,1553.68,1565.18,1573.5,1557.0,1569.5,7749246
2024-07-03,1541.02,1552.43,1575.0,1542.78,1566.32,9049620
2024-07-04,1542.61,1554.03,1567.5,1550.8,1557.0,6837176
2024-07-05,1576.95,1588.62,1598.5,1548.0,1553.82,12269710
2024-07-08,1589.14,1600.9,1608.8,1582.53,1589.0,9500806
2024-07-09,1578.59,1590.28,1600.5,1580.5,1597.6,6960002
2024-07-10,1572.59,1584.22,1597.5,1563.15,1595.0,7134578
2024-07-11,1569.04,1580.65,1604.25,1570.5,1587.5,11940946
2024-07-12,1584.99,1596.72,1605.15,1574.5,1584.5,12924784
2024-07-15,1585.49,1597.22,1605.85,1585.5,1604.45,5329688
2024-07-16,1564.67,1576.25,1600.0,1569.12,1593.5,9386838
2024-07-18,1575.02,1586.68,1593.9,1557.82,1576.0,12298374
2024-07-19,1543.72,1555.15,1589.97,1552.8,1586.0,13140390
2024-07-22,1489.65,1500.68,1537.5,1499.28,1537.25,19674376
2024-07-23,1476.97,1487.9,1505.75,1463.0,1501.0,18052044
2024-07-24,1484.71,1495.7,1509.5,1476.4,1485.0,11913362
2024-07-25,1481.44,1492.4,1500.47,1477.07,1481.0,12519876
2024-07-26,1497.94,1509.03,1512.43,1490.35,1492.4,9859940
2024-07-29,1508.93,1520.1,1527.5,1511.78,1511.95,7538550
2024-07-30,1502.03,1513.15,1525.0,1510.0,1517.03,8228208
2024-07-31,1494.36,1505.43,1510.45,1501.15,1504.0,10057346
2024-08-01,1504.17,1515.3,1518.0,1504.3,1512.0,10764222
2024-08-02,1488.31,1499.32,1509.32,1493.28,1505.0,10268248
2024-08-05,1436.69,1447.32,1483.9,1433.25,1480.0,17046704
2024-08-06,1445.35,1456.05,1477.5,1451.32,1455.15,10236186
2024-08-07,1454.06,1464.82,1472.5,1461.5,1469.0,8174568
2024-08-08,1438.48,1449.12,1465.0,1445.93,1457.53,12387192
2024-08-09,1463.47,1474.3,1476.5,1456.0,1460.0,6249776
2024-08-12,1449.89,1460.62,1473.0,1457.75,1470.0,8184584
2024-08-13,1452.87,1463.62,1470.07,1458.0,1460.75,6265064
2024-08-14,1451.11,1461.85,1472.0,1453.7,1463.55,6267466
2024-08-16,1467.34,1478.2,1480.4,1458.05,1468.65,9416902
2024-08-19,1482.48,1488.4,1498.3,1480.5,1482.5,13797742
2024-08-20,1490.0,1495.95,1503.93,1490.03,1497.22,8411808
2024-08-21,1492.71,1498.68,1507.88,1490.0,1493.25,7769996
2024-08-22,1492.17,1498.12,1506.5,1490.65,1503.0,10445782
2024-08-23,1494.01,1499.97,1511.32,1498.43,1503.75,9249654
2024-08-26,1506.58,1512.6,1523.0,1503.0,1506.97,8816114
2024-08-27,1494.48,1500.45,1513.47,1499.45,1510.5,6251156
2024-08-28,1492.34,1498.3,1507.47,1493.0,1505.0,9610286
2024-08-29,1514.87,1520.93,1537.0,1494.0,1503.1,38335358
2024-08-30,1503.62,1509.62,1539.72,1503.32,1534.0,41620730
2024-09-02,1510.22,1516.25,1526.8,1506.62,1510.88,11240852
2024-09-03,1503.12,1509.12,1523.0,1507.5,1521.25,10923800
2024-09-04,1508.53,1514.55,1517.5,1499.5,1500.7,11983304
2024-09-05,1487.04,1492.97,1525.78,1487.05,1519.05,16264168
2024-09-06,1459.0,1464.82,1497.0,1461.62,1492.5,19394228
2024-09-09,1456.63,1462.45,1469.93,1455.6,1466.5,9010298
2024-09-10,1455.71,1461.53,1472.05,1457.57,1460.5,10768260
2024-09-11,1445.73,1451.5,1468.75,1447.55,1463.05,9760202
2024-09-12,1473.91,1479.8,1486.0,1445.88,1457.0,22349376
2024-09-13,1466.77,1472.62,1483.15,1469.5,1476.4,8711328
2024-09-16,1465.5,1471.35,1480.9,1464.75,1477.55,5481774
2024-09-17,1466.44,1472.3,1477.47,1466.62,1474.0,5935328
2024-09-18,1457.63,1463.45,1482.0,1460.55,1470.0,8574714
2024-09-19,1463.83,1469.68,1476.5,1455.55,1466.25,16955902
2024-09-20,1480.01,1485.93,1495.0,1471.38,1474.0,30897320
2024-09-23,1487.43,1493.38,1501.5,1488.95,1491.0,8832314
2024-09-24,1483.45,1489.38,1500.5,1487.88,1488.5,17137444
2024-09-25,1488.01,1493.95,1496.5,1480.2,1483.9,7069002
2024-09-26,1491.99,1497.95,1504.0,1488.05,1490.65,18818998
2024-09-27,1520.1,1526.18,1533.47,1492.0,1499.0,20597478
2024-09-30,1470.7,1476.57,1524.97,1474.4,1519.4,27008814
2024-10-01,1459.0,1464.82,1487.95,1462.82,1480.65,16431642
2024-10-03,1401.38,1406.97,1449.4,1402.07,1436.57,37757294
2024-10-04,1381.01,1386.53,1417.35,1381.78,1403.93,37072876
2024-10-07,1365.27,1370.72,1396.5,1361.38,1393.5,22181340
2024-10-08,1391.79,1397.35,1401.0,1365.1,1372.97,17020808
2024-10-09,1369.13,1374.6,1400.97,1372.5,1397.53,14310610
2024-10-10,1365.6,1371.05,1386.0,1369.43,1380.03,22358646
2024-10-11,1366.64,1372.1,1383.28,1368.82,1370.0,7980122
2024-10-14,1367.07,1372.53,1380.07,1368.25,1379.45,12221432
2024-10-15,1338.68,1344.03,1371.7,1340.7,1358.53,33762794
2024-10-16,1348.69,1354.07,1364.0,1337.62,1340.0,20034438
2024-10-17,1351.03,1356.43,1368.45,1352.05,1365.7,15543660
2024-10-18,1353.89,1359.3,1368.43,1341.32,1352.18,12082452
2024-10-21,1363.75,1369.2,1374.0,1357.72,1367.12,14067408
2024-10-22,1338.01,1343.35,1376.0,1340.22,1369.2,15831960
2024-10-23,1333.2,1338.53,1357.47,1335.0,1337.5,17214742
2024-10-24,1334.47,1339.8,1343.7,1323.12,1335.28,22155934
2024-10-25,1322.57,1327.85,1344.35,1322.0,1343.5,18597496
2024-10-28,1329.04,1334.35,1353.0,1322.1,1337.0,10824350
2024-10-29,1334.67,1340.0,1343.2,1320.3,1328.1,12008361
2024-10-30,1338.55,1343.9,1350.0,1325.35,1335.0,11984423
2024-10-31,1326.75,1332.05,1343.0,1326.15,1340.0,9331650
2024-11-01,1333.32,1338.65,1341.95,1333.0,1333.05,2127335
2024-11-04,1296.97,1302.15,1340.0,1285.1,1337.85,19796890
2024-11-05,1300.11,1305.3,1309.55,1286.15,1293.0,16267479
2024-11-06,1320.08,1325.35,1328.3,1300.2,1310.0,21625209
2024-11-07,1300.46,1305.65,1324.0,1302.6,1324.0,9611974
2024-11-08,1278.64,1283.75,1301.65,1275.0,1297.65,19814406
2024-11-11,1267.64,1272.7,1286.0,1267.0,1278.95,9056552
2024-11-12,1269.18,1274.25,1289.3,1267.5,1275.55,10671091
2024-11-13,1247.07,1252.05,1275.45,1249.5,1270.25,14633633
2024-11-14,1262.56,1267.6,1272.6,1251.1,1253.6,12612633
2024-11-18,1255.73,1260.75,1272.9,1243.9,1267.6,13620611
2024-11-19,1236.71,1241.65,1281.5,1235.15,1260.75,14183746
2024-11-21,1218.13,1223.0,1243.95,1217.25,1241.65,19433843
2024-11-22,1260.37,1265.4,1268.85,1222.45,1229.4,20471957
2024-11-25,1281.88,1287.0,1304.45,1282.45,1290.0,28923341
2024-11-26,1290.55,1295.7,1297.85,1284.2,1294.95,9247557
2024-11-27,1288.06,1293.2,1303.85,1286.0,1293.5,9572746
2024-11-28,1265.74,1270.8,1296.6,1269.05,1289.95,15027412
2024-11-29,1287.06,1292.2,1299.5,1275.25,1280.0,13202307
2024-12-02,1303.94,1309.15,1311.35,1277.05,1288.0,11024152
2024-12-03,1318.04,1323.3,1326.8,1307.0,1317.0,16869482
2024-12-04,1303.74,1308.95,1328.4,1304.05,1326.0,19608540
2024-12-05,1316.79,1322.05,1329.95,1306.15,1314.35,16858723
2024-12-06,1306.33,1311.55,1323.9,1310.0,1323.9,9037514
2024-12-09,1290.0,1295.15,1315.0,1293.1,1303.0,14650002
2024-12-10,1279.74,1284.85,1294.9,1280.2,1289.25,16043729
2024-12-11,1273.12,1278.2,1290.0,1276.05,1285.0,11724373
2024-12-12,1257.88,1262.9,1278.2,1260.6,1270.0,20906813
2024-12-13,1267.79,1272.85,1275.2,1239.6,1260.0,28630222
2024-12-16,1263.25,1268.3,1281.0,1266.55,1275.0,9486781
2024-12-17,1240.35,1245.3,1263.9,1242.8,1261.05,17462791
2024-12-18,1248.26,1253.25,1259.95,1240.65,1240.65,12670179
2024-12-19,1225.56,1230.45,1244.9,1229.0,1239.0,14244653
2024-12-20,1200.51,1205.3,1239.5,1201.5,1224.0,20312896
2024-12-23,1217.44,1222.3,1227.2,1213.2,1215.0,10052824
2024-12-24,1217.89,1222.75,1233.55,1221.0,1222.3,6734917
2024-12-26,1211.71,1216.55,1227.7,1214.25,1224.25,10016178
2024-12-27,1216.19,1221.05,1227.9,1217.0,1218.3,7000397
2024-12-30,1205.88,1210.7,1223.2,1208.1,1216.4,8818766
2024-12-31,1210.61,1215.45,1219.1,1206.15,1208.0,6405475
2025-01-01,1216.39,1221.25,1226.3,1211.6,1214.85,5892590
2025-01-02,1236.86,1241.8,1244.45,1220.0,1221.25,15486276
2025-01-03,1246.17,1251.15,1262.05,1235.5,1243.9,15521102
2025-01-06,1213.15,1218.0,1262.0,1215.0,1253.95,14816766
2025-01-07,1235.91,1240.85,1244.5,1221.25,1222.0,10070505
2025-01-08,1260.47,1265.5,1271.05,1245.35,1249.0,19346579
2025-01-09,1249.76,1254.75,1269.75,1248.05,1267.0,12794704
2025-01-10,1236.96,1241.9,1256.75,1236.0,1253.85,8120332
2025-01-13,1234.92,1239.85,1245.25,1226.4,1230.0,13764861
2025-01-14,1233.82,1238.75,1253.35,1227.25,1244.1,13095266
2025-01-15,1247.22,1252.2,1257.0,1241.85,1244.95,9578856
2025-01-16,1261.41,1266.45,1275.0,1251.3,1258.9,14117603
2025-01-17,1297.17,1302.35,1326.0,1285.0,1322.25,29366277
2025-01-20,1300.26,1305.45,1316.0,1300.25,1316.0,14040244
2025-01-21,1268.63,1273.7,1313.0,1270.2,1310.5,14562976
2025-01-22,1272.02,1277.1,1282.9,1268.7,1278.3,10273590
2025-01-23,1258.62,1263.65,1277.35,1261.6,1270.0,8720682
2025-01-24,1241.34,1246.3,1273.0,1243.5,1266.0,14235970
2025-01-27,1224.46,1229.35,1240.45,1220.0,1239.1,9536019
2025-01-28,1229.49,1234.4,1244.75,1218.5,1238.0,10568025
2025-01-29,1230.59,1235.5,1242.75,1228.05,1236.0,5928156
2025-01-30,1248.07,1253.05,1257.0,1232.4,1235.55,9269259
2025-01-31,1260.07,1265.1,1267.0,1249.0,1255.85,6584612
2025-02-01,1259.57,1264.6,1270.55,1241.0,1265.1,7118453
2025-02-03,1240.94,1245.9,1256.0,1237.55,1251.0,9252345
2025-02-04,1280.09,1285.2,1288.8,1246.6,1248.05,16691069
2025-02-05,1273.12,1278.2,1290.5,1276.7,1282.65,10112028
2025-02-06,1276.45,1281.55,1288.0,1270.35,1273.7,9956001
2025-02-07,1261.66,1266.7,1283.7,1262.0,1276.15,8764283
2025-02-10,1248.66,1253.65,1266.5,1245.55,1264.5,6970972
2025-02-11,1229.94,1234.85,1264.55,1230.1,1264.55,8859714
2025-02-12,1211.71,1216.55,1226.9,1193.35,1219.45,21131654
2025-02-13,1211.26,1216.1,1228.0,1212.0,1217.05,8511216
2025-02-14,1212.41,1217.25,1224.0,1205.45,1219.0,10298145
2025-02-17,1220.03,1224.9,1227.5,1204.5,1211.1,8166683
2025-02-18,1220.53,1225.4,1229.9,1216.1,1224.85,6673250
2025-02-19,1222.57,1227.45,1232.75,1217.55,1219.5,6217338
2025-02-20,1228.1,1233.0,1239.35,1222.0,1223.95,7795582
2025-02-21,1223.26,1228.15,1240.0,1222.15,1228.7,6904025
2025-02-24,1209.72,1214.55,1223.25,1210.5,1216.55,7172498
2025-02-25,1199.21,1204.0,1221.0,1201.5,1211.0,11552182
2025-02-27,1202.3,1207.1,1215.0,1200.65,1212.8,11509215
2025-02-28,1195.33,1200.1,1217.35,1193.3,1202.0,23007298
2025-03-03,1166.59,1171.25,1206.45,1156.0,1204.0,17944938
2025-03-04,1157.28,1161.9,1174.0,1159.55,1162.2,11377373
2025-03-05,1170.92,1175.6,1183.0,1157.0,1161.0,8664095
2025-03-06,1204.79,1209.6,1213.95,1185.15,1197.0,14468014
2025-03-07,1244.83,1249.8,1254.8,1212.0,1216.0,16474965
2025-03-10,1233.47,1238.4,1258.0,1235.4,1245.0,11931051
2025-03-11,1242.34,1247.3,1249.5,1229.75,1240.0,10089838
2025-03-12,1252.05,1257.05,1263.0,1244.0,1258.0,11977555
2025-03-13,1242.94,1247.9,1264.15,1243.85,1260.05,9505270
2025-03-17,1233.92,1238.85,1257.4,1233.1,1242.15,16640917
2025-03-18,1233.92,1238.85,1238.85,1238.85,1238.85,0
2025-03-19,1242.19,1247.15,1253.25,1238.8,1241.05,16162399
2025-03-20,1264.1,1269.15,1273.0,1250.05,1251.85,15971477
2025-03-21,1271.27,1276.35,1281.0,1270.1,1275.0,21780769
2025-03-24,1296.92,1302.1,1306.0,1284.25,1291.0,20299319
2025-03-25,1280.34,1285.45,1307.7,1282.6,1307.7,13713899
2025-03-26,1267.99,1273.05,1293.8,1268.75,1291.0,12074747
2025-03-27,1273.12,1278.2,1285.0,1271.3,1278.15,15028056
2025-03-28,1270.03,1275.1,1295.75,1269.0,1280.0,18147129
2025-04-01,1247.62,1252.6,1277.9,1249.3,1264.6,12099648
2025-04-02,1246.17,1251.15,1255.55,1243.9,1247.55,10142590
2025-04-03,1243.73,1248.7,1251.8,1233.05,1233.05,7434366
2025-04-04,1199.91,1204.7,1245.45,1193.15,1241.1,17908652
2025-04-07,1161.06,1165.7,1171.25,1114.85,1132.2,22156106
2025-04-08,1177.5,1182.2,1196.6,1163.3,1172.0,19555040
2025-04-09,1180.63,1185.35,1189.8,1168.0,1169.5,10223104
2025-04-11,1214.1,1218.95,1222.65,1195.15,1195.15,11224242
2025-04-15,1235.17,1240.1,1251.0,1237.1,1251.0,13378535
2025-04-16,1234.37,1239.3,1240.9,1229.0,1234.1,8248464
2025-04-17,1269.43,1274.5,1280.2,1227.6,1240.2,15398401
2025-04-21,1290.35,1295.5,1300.9,1267.0,1270.0,10429964
2025-04-22,1286.06,1291.2,1303.9,1286.3,1300.0,13051707
2025-04-23,1294.83,1300.0,1306.0,1285.4,1297.0,10480888
2025-04-24,1296.42,1301.6,1304.5,1290.3,1292.4,10468940
2025-04-25,1295.23,1300.4,1325.2,1288.1,1303.5,14431012
2025-04-28,1363.35,1368.8,1374.6,1320.2,1340.0,31104496
2025-04-29,1394.13,1399.7,1410.9,1370.0,1371.0,32538970
2025-04-30,1399.41,1405.0,1412.4,1369.0,1402.0,25480745
2025-05-02,1414.15,1419.8,1426.7,1409.1,1414.0,13007841
2025-05-05,1425.61,1431.3,1439.5,1426.9,1431.0,12685649
2025-05-06,1415.25,1420.9,1432.0,1410.6,1431.0,14084117
2025-05-07,1400.41,1406.0,1424.4,1402.7,1420.9,13440169
2025-05-08,1401.4,1407.0,1420.8,1398.0,1404.1,16106175
2025-05-09,1371.72,1377.2,1394.8,1374.5,1385.5,13668904
2025-05-12,1430.79,1436.5,1439.0,1400.0,1400.0,10674081
2025-05-13,1410.07,1415.7,1447.7,1412.4,1433.5,11407896
2025-05-14,1418.73,1424.4,1429.9,1415.5,1420.0,5570160
2025-05-15,1448.42,1454.2,1461.4,1412.7,1425.0,20177211
2025-05-16,1450.61,1456.4,1461.0,1447.3,1453.2,9036695
2025-05-19,1435.07,1440.8,1454.6,1438.2,1452.1,6195791
2025-05-20,1418.93,1424.6,1445.0,1421.8,1438.2,11270560
2025-05-21,1423.51,1429.2,1436.2,1418.1,1423.9,6136364
2025-05-22,1403.79,1409.4,1423.8,1396.9,1421.2,12134466
2025-05-23,1421.12,1426.8,1433.8,1406.6,1406.6,6474883
2025-05-26,1429.09,1434.8,1441.0,1425.1,1432.0,4842944
2025-05-27,1416.44,1422.1,1437.0,1413.9,1426.1,12640414
2025-05-28,1407.28,1412.9,1422.6,1410.7,1420.1,5944611
2025-05-29,1412.16,1417.8,1420.0,1408.6,1412.1,13771917
2025-05-30,1415.25,1420.9,1430.6,1409.7,1418.0,13788484
2025-06-02,1408.08,1413.7,1417.5,1395.6,1412.1,8098668
2025-06-03,1399.91,1405.5,1426.5,1403.4,1422.3,11252626
2025-06-04,1417.84,1423.5,1425.7,1406.1,1414.7,8126827
2025-06-05,1436.66,1442.4,1454.7,1423.6,1428.0,13716817
2025-06-06,1437.76,1443.5,1451.5,1437.0,1441.0,8182161
2025-06-09,1443.04,1448.8,1457.5,1445.3,1457.0,7885125
2025-06-10,1432.78,1438.5,1453.9,1436.0,1450.0,7913181
2025-06-11,1443.14,1448.9,1468.6,1443.1,1445.8,8195700
2025-06-12,1435.87,1441.6,1457.0,1434.4,1453.5,8828114
2025-06-13,1422.22,1427.9,1435.5,1414.3,1424.0,9757276
2025-06-16,1432.08,1437.8,1442.4,1424.4,1426.9,8458093
2025-06-17,1425.51,1431.2,1448.0,1425.8,1448.0,10366599
2025-06-18,1424.41,1430.1,1442.8,1425.7,1430.0,6681735
2025-06-19,1427.6,1433.3,1439.9,1425.7,1430.1,10007230
2025-06-20,1460.37,1466.2,1471.0,1428.1,1431.0,29010635
2025-06-23,1451.0,1456.8,1463.8,1442.0,1453.0,5989078
2025-06-24,1445.03,1450.8,1475.0,1443.1,1465.0,16402744
2025-06-25,1461.46,1467.3,1472.4,1460.5,1464.0,7525851
2025-06-26,1489.35,1495.3,1498.8,1465.1,1469.1,14657893
2025-06-27,1509.37,1515.4,1522.0,1496.9,1499.4,11117052
2025-06-30,1494.63,1500.6,1524.8,1496.0,1513.8,8409527
2025-07-01,1522.32,1528.4,1531.4,1500.1,1500.6,10368523
2025-07-02,1512.76,1518.8,1530.0,1508.7,1528.4,6361002
2025-07-03,1511.76,1517.8,1531.9,1513.0,1520.8,11283291
2025-07-04,1521.22,1527.3,1530.0,1517.2,1524.0,6603501
2025-07-07,1535.37,1541.5,1544.8,1525.0,1526.6,7251074
2025-07-08,1531.48,1537.6,1544.9,1530.2,1536.0,7171261
2025-07-09,1512.96,1519.0,1551.0,1510.1,1536.7,8870660
2025-07-10,1511.16,1517.2,1524.7,1507.5,1519.7,10047129
2025-07-11,1489.25,1495.2,1515.0,1490.3,1512.0,7234991
2025-07-14,1477.8,1483.7,1500.0,1479.1,1492.2,10311846
2025-07-15,1479.49,1485.4,1496.5,1482.4,1486.2,8132454
2025-07-16,1479.69,1485.6,1491.0,1471.5,1473.0,10409983
2025-07-17,1470.53,1476.4,1489.6,1473.9,1487.4,11854613
2025-07-18,1470.13,1476.0,1484.8,1469.1,1484.8,10296318
2025-07-21,1422.92,1428.6,1476.0,1423.1,1465.0,22442744
2025-07-22,1407.18,1412.8,1431.9,1410.7,1427.4,20396320
2025-07-23,1418.93,1424.6,1426.0,1414.4,1426.0,8354596
2025-07-24,1397.32,1402.9,1423.0,1396.0,1419.2,14740507
2025-07-25,1386.16,1391.7,1401.0,1384.1,1398.9,11854722
2025-07-28,1382.08,1387.6,1407.8,1385.0,1392.3,7748361
2025-07-29,1411.46,1417.1,1420.2,1383.0,1383.0,10750072
2025-07-30,1404.49,1410.1,1423.3,1401.3,1418.1,7209849
2025-07-31,1384.67,1390.2,1402.6,1382.2,1388.1,17065827
2025-08-01,1388.16,1393.7,1405.9,1384.3,1386.9,10321171
2025-08-04,1405.89,1411.5,1416.1,1391.7,1395.1,6312820
2025-08-05,1386.16,1391.7,1411.0,1388.1,1411.0,9315972
2025-08-06,1387.26,1392.8,1395.9,1383.3,1391.9,5834312
2025-08-07,1383.87,1389.4,1393.7,1366.0,1387.7,9976705
2025-08-08,1362.36,1367.8,1397.2,1365.0,1385.0,8793606
2025-08-11,1380.69,1386.2,1388.0,1361.2,1370.0,9997486
2025-08-12,1374.91,1380.4,1401.9,1375.2,1381.9,12244664
2025-08-13,1377.1,1382.6,1391.8,1377.5,1388.0,7457021
2025-08-14,1373.8,1373.8,1380.7,1370.1,1377.3,7126128
2025-08-18,1381.7,1381.7,1394.9,1377.0,1390.0,11785109
2025-08-19,1420.1,1420.1,1421.0,1389.1,1390.0,14384719
2025-08-20,1413.0,1413.0,1424.9,1410.0,1413.0,8725641
2025-08-21,1424.8,1424.8,1431.9,1420.3,1425.0,11021323
2025-08-22,1409.2,1409.2,1423.4,1407.9,1420.0,5818868
2025-08-25,1412.6,1412.6,1419.5,1405.7,1414.7,5979407
2025-08-26,1384.9,1384.9,1410.0,1381.6,1408.0,12145259
2025-08-28,1385.9,1385.9,1392.2,1366.5,1389.9,13161813
2025-08-29,1357.2,1357.2,1403.5,1350.0,1381.1,18758842
2025-09-01,1353.9,1353.9,1363.2,1340.6,1356.0,11232238
2025-09-02,1366.5,1366.5,1384.5,1354.5,1354.8,11517006
2025-09-03,1372.6,1372.6,1376.5,1360.5,1369.7,7847563
2025-09-04,1359.3,1359.3,1374.0,1357.1,1371.8,13223177
2025-09-05,1375.0,1375.0,1381.0,1359.3,1363.0,5777575
2025-09-08,1378.5,1378.5,1386.0,1372.4,1380.0,6986720
2025-09-09,1376.2,1376.2,1381.2,1368.7,1376.6,9754452
2025-09-10,1377.0,1377.0,1388.5,1374.1,1383.9,7790815
2025-09-11,1383.3,1383.3,1385.5,1375.0,1376.0,9766072
2025-09-12,1395.0,1395.0,1396.3,1380.5,1383.3,7403368
2025-09-15,1399.3,1399.3,1400.8,1388.6,1393.0,5396697
2025-09-16,1405.3,1405.3,1408.0,1398.2,1404.7,8686961
2025-09-17,1413.8,1413.8,1416.2,1406.9,1407.0,7519417
2025-09-18,1415.0,1415.0,1422.0,1410.7,1420.4,9332642
2025-09-19,1407.4,1407.4,1417.0,1403.6,1414.9,13461373
2025-09-22,1390.6,1390.6,1410.7,1388.0,1403.9,7757970
2025-09-23,1389.8,1389.8,1395.0,1376.8,1391.0,14014702
2025-09-24,1383.0,1383.0,1396.0,1380.4,1385.3,5922759
2025-09-25,1372.4,1372.4,1384.5,1369.0,1381.3,11411143
2025-09-26,1377.6,1377.6,1382.7,1366.0,1372.0,9879109
2025-09-29,1372.8,1372.8,1389.0,1368.0,1381.6,14231999
2025-09-30,1364.0,1364.0,1377.1,1362.8,1377.1,14604684
2025-10-01,1368.7,1368.7,1378.6,1362.7,1367.0,12045916
2025-10-03,1363.4,1363.4,1371.6,1356.9,1363.2,12842347
2025-10-06,1375.0,1375.0,1377.4,1359.0,1360.0,12396580
2025-10-07,1384.8,1384.8,1395.9,1375.9,1376.0,11244040
2025-10-08,1367.4,1367.4,1389.0,1364.5,1384.8,8525081
2025-10-09,1377.8,1377.8,1380.0,1369.1,1374.0,8826633
2025-10-10,1381.7,1381.7,1388.0,1375.1,1377.8,6373084
2025-10-13,1375.0,1375.0,1377.7,1367.8,1376.9,7600682
2025-10-14,1375.9,1375.9,1388.0,1370.1,1380.0,9768174
2025-10-15,1374.3,1374.3,1384.0,1372.7,1383.0,10882743
2025-10-16,1398.3,1398.3,1400.5,1375.0,1375.1,12315932
2025-10-17,1416.8,1416.8,1423.3,1399.1,1401.0,19335561
2025-10-20,1466.8,1466.8,1473.8,1433.3,1440.0,24721978
2025-10-21,1465.2,1465.2,1474.0,1460.0,1468.0,2066169
2025-10-23,1448.4,1448.4,1482.9,1444.6,1475.0,18707090
2025-10-24,1451.6,1451.6,1459.8,1441.0,1450.0,9700837
2025-10-27,1484.1,1484.1,1485.0,1458.0,1463.0,14113867
2025-10-28,1486.9,1486.9,1492.0,1477.6,1484.1,17631577
2025-10-29,1504.2,1504.2,1508.3,1488.1,1490.0,11884745
2025-10-30,1488.5,1488.5,1503.1,1484.0,1500.0,9318663
2025-10-31,1486.4,1486.4,1497.5,1482.3,1490.4,8758053
2025-11-03,1484.7,1484.7,1495.0,1479.3,1486.0,8452085
2025-11-04,1473.1,1473.1,1492.8,1470.1,1483.9,10007806
2025-11-05,1473.1,1473.1,1473.1,1473.1,1473.1,0
2025-11-06,1496.1,1496.1,1501.6,1476.2,1484.0,16772678
2025-11-07,1478.0,1478.0,1498.4,1475.9,1494.6,7821765
2025-11-10,1489.3,1489.3,1501.0,1475.5,1477.9,7068438
2025-11-11,1493.4,1493.4,1498.8,1480.2,1497.0,7127506
2025-11-12,1511.5,1511.5,1524.7,1500.0,1505.0,12384459
2025-11-13,1510.9,1510.9,1522.1,1506.8,1515.0,7196443
2025-11-14,1518.9,1518.9,1520.9,1505.5,1505.5,7682823
2025-11-17,1518.3,1518.3,1523.7,1511.5,1520.9,5871416
2025-11-18,1519.4,1519.4,1527.8,1510.5,1521.7,11045042
2025-11-19,1518.9,1518.9,1522.3,1512.0,1517.4,5692366
2025-11-20,1549.1,1549.1,1550.9,1526.7,1530.0,18171724
2025-11-21,1546.6,1546.6,1557.8,1540.1,1541.0,9615271
2025-11-24,1535.9,1535.9,1550.0,1531.8,1550.0,18433951
2025-11-25,1539.7,1539.7,1559.6,1525.1,1535.9,15033482
2025-11-26,1569.9,1569.9,1571.6,1540.5,1542.3,14054299
2025-11-27,1563.4,1563.4,1575.5,1556.0,1575.0,9794643
2025-11-28,1567.5,1567.5,1581.3,1563.0,1568.0,8959508
2025-12-01,1566.1,1566.1,1577.5,1563.6,1575.0,8920233
2025-12-02,1546.3,1546.3,1567.5,1542.0,1561.1,11389150
2025-12-03,1538.8,1538.8,1552.4,1533.0,1545.2,6090883
2025-12-04,1535.6,1535.6,1560.5,1517.6,1536.0,11867930
2025-12-05,1540.6,1540.6,1545.8,1520.6,1530.4,10183266
2025-12-08,1543.0,1543.0,1551.0,1535.0,1539.2,11301491
2025-12-09,1529.4,1529.4,1542.5,1520.1,1540.3,11503971
2025-12-10,1536.9,1536.9,1547.5,1531.4,1534.0,7991629
2025-12-11,1545.0,1545.0,1550.0,1524.0,1536.9,4706197
2025-12-12,1556.5,1556.5,1559.8,1546.1,1550.8,5106655
