date,adj_close,close,high,low,open,volume
2015-01-01,1006.86,1272.78,1283.5,1270.5,1283.5,366830
2015-01-02,1020.26,1289.72,1295.47,1275.3,1275.5,925740
2015-01-05,1004.76,1270.12,1299.95,1262.32,1290.5,1754242
2015-01-06,967.72,1223.3,1264.55,1220.0,1264.55,2423784
2015-01-07,956.29,1208.85,1239.57,1203.72,1235.0,2636332
2015-01-08,966.61,1221.9,1224.5,1210.28,1221.2,1565408
2015-01-09,993.71,1256.15,1259.95,1225.0,1227.5,3197642
2015-01-12,992.68,1254.85,1264.0,1240.12,1258.5,1596006
2015-01-13,988.01,1248.95,1265.2,1240.05,1260.0,1468432
2015-01-14,997.52,1260.97,1265.9,1250.25,1258.0,1787096
2015-01-15,1004.31,1269.55,1290.88,1261.62,1266.5,5009920
2015-01-16,1001.56,1266.07,1272.5,1242.15,1271.85,5293830
2015-01-19,993.19,1255.5,1275.5,1251.5,1268.0,1135074
2015-01-20,989.02,1250.22,1265.0,1241.62,1260.0,2058566
2015-01-21,994.3,1256.9,1261.0,1244.12,1261.0,2310480
2015-01-22,994.2,1256.78,1260.62,1247.75,1258.25,2113214
2015-01-23,990.26,1251.8,1266.03,1248.05,1257.0,3150380
2015-01-27,991.63,1251.03,1257.5,1244.78,1256.18,2738736
2015-01-28,1006.51,1269.8,1272.45,1251.45,1251.5,3121980
2015-01-29,1008.51,1272.32,1284.35,1256.45,1269.0,3734392
2015-01-30,983.7,1241.03,1287.5,1235.0,1280.35,5817402
2015-02-02,996.45,1257.1,1260.72,1231.03,1241.0,3181802
2015-02-03,1013.9,1279.12,1282.5,1253.55,1255.82,2345054
2015-02-04,996.49,1257.15,1285.85,1251.05,1284.0,2245418
2015-02-05,1011.59,1276.2,1295.85,1259.5,1260.0,4530168
2015-02-06,1020.84,1287.88,1297.4,1275.43,1276.5,2136416
2015-02-09,995.93,1256.45,1284.55,1250.0,1280.75,2076432
2015-02-10,967.49,1220.57,1263.12,1216.5,1255.0,3799054
2015-02-11,974.93,1229.95,1243.62,1223.62,1227.53,2937522
2015-02-12,975.82,1231.07,1239.9,1223.5,1239.9,3107980
2015-02-13,1006.18,1269.38,1273.88,1230.12,1235.0,4158326
2015-02-16,1024.43,1292.4,1297.5,1277.5,1280.0,2364392
2015-02-18,1044.58,1317.82,1321.5,1282.62,1292.53,2660014
2015-02-19,1062.57,1340.53,1343.65,1317.5,1318.0,2618002
2015-02-20,1060.39,1337.78,1349.4,1321.12,1349.4,1801588
2015-02-23,1068.76,1348.32,1361.0,1335.5,1335.5,1614892
2015-02-24,1071.97,1352.38,1365.0,1339.5,1347.0,2199922
2015-02-25,1059.07,1336.1,1361.0,1333.93,1355.0,1767994
2015-02-26,1052.82,1328.22,1346.38,1312.68,1339.5,1991994
2015-02-27,1055.16,1331.18,1337.88,1308.15,1329.72,2877376
2015-03-02,1057.96,1334.7,1354.47,1326.28,1339.85,2176038
2015-03-03,1100.2,1388.0,1395.0,1338.07,1341.0,3424308
2015-03-04,1088.32,1373.0,1406.05,1357.82,1394.0,3862994
2015-03-05,1068.68,1348.22,1385.35,1340.53,1375.0,2173514
2015-03-09,1049.0,1323.4,1339.9,1305.0,1320.0,2883174
2015-03-10,1047.37,1321.35,1339.12,1297.62,1324.45,3037052
2015-03-11,1033.05,1303.28,1329.97,1298.9,1321.0,2240200
2015-03-12,1038.0,1309.53,1312.45,1295.05,1311.95,1827636
2015-03-13,1023.46,1291.18,1319.97,1287.5,1319.0,1586838
2015-03-16,1015.51,1281.15,1305.0,1276.0,1292.6,1556296
2015-03-17,1023.99,1291.85,1303.35,1278.88,1291.25,1267318
2015-03-18,1014.34,1279.68,1299.72,1275.85,1295.47,1255170
2015-03-19,1028.96,1298.12,1302.93,1284.05,1288.0,2448964
2015-03-20,1034.79,1305.47,1309.0,1289.43,1298.0,1963908
2015-03-23,1037.25,1308.57,1315.5,1303.0,1308.0,1566608
2015-03-24,1027.0,1295.65,1318.5,1291.05,1315.0,2394878
2015-03-25,1020.05,1286.88,1307.0,1272.6,1295.7,2224858
2015-03-26,996.01,1256.55,1293.35,1250.5,1276.65,3091642
2015-03-27,996.68,1257.4,1285.95,1252.05,1265.5,2751776
2015-03-30,1016.24,1282.07,1284.95,1260.0,1262.5,1339006
2015-03-31,1012.2,1276.97,1284.72,1260.5,1284.72,2427028
2015-04-01,1007.72,1271.32,1281.8,1261.12,1279.0,2075758
2015-04-06,1009.56,1273.65,1281.45,1250.05,1279.0,1568542
2015-04-07,1024.51,1292.5,1299.5,1272.0,1281.22,1886922
2015-04-08,1046.86,1320.7,1328.25,1295.43,1297.0,1652134
2015-04-09,1056.03,1332.28,1343.72,1317.57,1329.5,2544450
2015-04-10,1051.75,1326.88,1335.4,1314.0,1324.25,1815544
2015-04-13,1052.45,1327.75,1332.5,1314.0,1332.0,1308642
2015-04-15,1041.45,1313.88,1356.95,1304.7,1327.35,2913934
2015-04-16,1023.63,1291.4,1313.5,1285.68,1313.47,3217570
2015-04-17,980.85,1237.43,1280.0,1235.0,1278.55,9668742
2015-04-20,962.6,1214.4,1241.95,1212.43,1240.03,2890722
2015-04-21,961.91,1213.53,1226.0,1200.5,1214.4,2546032
2015-04-22,969.06,1222.55,1236.5,1203.78,1215.75,4186812
2015-04-23,973.88,1228.62,1239.9,1215.85,1236.0,4342990
2015-04-24,988.06,1246.53,1257.0,1223.78,1227.65,3625158
2015-04-27,990.9,1250.1,1260.0,1243.0,1249.75,2733052
2015-04-28,988.84,1247.5,1255.0,1227.55,1255.0,3088298
2015-04-29,985.79,1243.65,1247.5,1225.53,1242.0,2019620
2015-04-30,976.43,1231.85,1245.0,1213.55,1240.0,3738054
2015-05-04,983.51,1240.78,1252.4,1228.6,1245.5,1890630
2015-05-05,997.89,1258.93,1268.22,1250.0,1250.5,3255070
2015-05-06,976.17,1231.53,1257.5,1227.9,1257.5,3394406
2015-05-07,1008.75,1272.62,1276.88,1226.85,1232.45,3205028
2015-05-08,1001.62,1263.62,1294.0,1258.15,1280.0,3003664
2015-05-11,1013.01,1278.0,1281.53,1262.5,1267.5,2573082
2015-05-12,999.89,1261.45,1282.5,1256.5,1280.0,2467386
2015-05-13,996.92,1257.7,1273.5,1240.22,1273.5,1863774
2015-05-14,990.52,1249.62,1260.0,1242.5,1260.0,1309050
2015-05-15,995.24,1255.57,1266.2,1250.5,1257.5,1461454
2015-05-18,998.9,1260.2,1262.62,1248.55,1257.05,4507752
2015-05-19,995.85,1256.35,1265.0,1248.38,1259.7,1957722
2015-05-20,1013.43,1278.53,1284.95,1258.45,1260.0,1897814
2015-05-21,1012.81,1277.75,1290.0,1274.07,1278.5,1579578
2015-05-22,1037.55,1308.95,1314.38,1269.62,1275.0,2691632
2015-05-25,1030.85,1300.5,1318.45,1292.85,1310.0,982978
2015-05-26,1033.96,1304.43,1311.62,1294.45,1302.5,1961740
2015-05-27,1036.5,1307.62,1316.57,1296.0,1304.0,1620690
2015-05-28,1034.22,1304.75,1311.5,1291.12,1301.95,2763608
2015-05-29,1034.53,1305.15,1324.3,1298.62,1308.5,4423532
2015-06-01,1037.49,1308.88,1323.55,1304.18,1304.72,882264
2015-06-02,1030.41,1299.95,1315.0,1295.25,1308.0,3935820
2015-06-03,1034.77,1305.45,1312.8,1295.25,1302.0,1804684
2015-06-04,1032.69,1302.82,1311.4,1294.25,1308.55,4131468
2015-06-05,1030.37,1287.93,1304.5,1285.0,1296.0,2308534
2015-06-08,1031.01,1288.72,1295.0,1280.82,1295.0,1570320
2015-06-09,1024.69,1280.82,1295.0,1275.5,1292.5,2578914
2015-06-10,1040.33,1300.38,1305.0,1281.9,1283.0,2763350
2015-06-11,1028.55,1285.65,1306.5,1278.38,1302.75,1847336
2015-06-12,1002.35,1252.9,1294.47,1238.4,1285.95,2571456
2015-06-15,1001.95,1252.4,1260.22,1240.5,1252.65,2525176
2015-06-16,1004.83,1256.0,1259.65,1247.22,1250.0,1267396
2015-06-17,1005.55,1256.9,1264.57,1250.9,1260.5,1975720
2015-06-18,1012.05,1265.03,1273.15,1254.0,1257.5,2165046
2015-06-19,1019.85,1274.78,1277.5,1263.55,1267.5,1999610
2015-06-22,1036.63,1295.75,1300.0,1273.5,1273.5,1102002
2015-06-23,1029.87,1287.3,1304.0,1283.6,1300.0,898318
2015-06-24,1028.15,1285.15,1293.95,1279.43,1290.0,1170246
2015-06-25,1020.03,1275.0,1286.5,1272.07,1281.0,1930992
2015-06-26,1037.15,1296.4,1298.18,1275.1,1275.1,1290102
2015-06-29,1037.19,1296.45,1302.0,1271.7,1286.0,1372756
2015-06-30,1020.41,1275.47,1294.38,1270.0,1292.5,1549952
2015-07-01,1037.27,1296.55,1304.0,1278.38,1281.95,1279708
2015-07-02,1031.13,1288.88,1301.47,1285.53,1300.0,1445880
2015-07-03,1041.59,1301.95,1305.0,1285.0,1286.53,963470
2015-07-06,1053.35,1316.65,1322.5,1290.15,1290.15,1182338
2015-07-07,1046.53,1308.12,1323.45,1301.5,1316.38,1642836
2015-07-08,1038.07,1297.55,1310.85,1290.25,1298.97,2667850
2015-07-09,1009.03,1261.25,1299.12,1253.32,1297.5,3934122
2015-07-10,989.77,1237.18,1279.5,1227.5,1279.5,8263654
2015-07-13,1003.85,1254.78,1259.3,1237.7,1237.7,2280308
2015-07-14,999.83,1249.75,1257.5,1245.0,1255.5,1703274
2015-07-15,1018.33,1272.88,1274.97,1250.0,1250.5,2003660
2015-07-16,1016.11,1270.1,1279.43,1263.3,1271.85,1456608
2015-07-17,1025.79,1282.2,1285.05,1271.65,1273.4,1070526
2015-07-20,1033.91,1289.57,1291.95,1275.95,1282.0,853786
2015-07-21,1026.79,1280.7,1300.18,1277.55,1288.0,1274500
2015-07-22,1013.42,1264.03,1284.5,1260.53,1280.5,1320628
2015-07-23,997.61,1244.3,1268.93,1241.5,1258.75,1496780
2015-07-24,1004.24,1252.57,1258.25,1246.05,1248.75,1574972
2015-07-27,1001.0,1248.53,1252.5,1240.57,1244.0,2003738
2015-07-28,1003.0,1251.03,1259.5,1246.07,1249.75,1891188
2015-07-29,1004.89,1253.38,1257.53,1241.75,1255.5,2413318
2015-07-30,994.42,1240.32,1258.4,1236.4,1258.03,2770574
2015-07-31,1006.49,1255.38,1259.5,1243.5,1244.95,1963776
2015-08-03,1006.03,1254.8,1262.5,1250.45,1251.7,1179324
2015-08-04,1005.75,1254.45,1261.5,1243.0,1255.2,2342692
2015-08-05,1021.08,1273.57,1275.0,1255.5,1260.0,988994
2015-08-06,1031.56,1286.65,1291.5,1275.05,1282.5,2211366
2015-08-07,1023.04,1276.03,1286.5,1273.5,1286.5,1188506
2015-08-10,1031.08,1286.05,1294.5,1278.3,1286.0,1431182
2015-08-11,1043.95,1302.1,1305.0,1271.05,1289.0,2200306
2015-08-12,1071.01,1335.85,1345.7,1301.0,1301.55,3479784
2015-08-13,1056.54,1317.8,1342.0,1278.0,1335.0,1406426
2015-08-14,1083.64,1351.6,1359.68,1318.55,1319.0,2293964
2015-08-17,1076.24,1342.38,1348.4,1327.5,1345.05,773644
2015-08-18,1098.75,1370.45,1374.95,1345.0,1353.45,1916926
2015-08-19,1095.82,1366.8,1376.43,1360.95,1375.0,1690070
2015-08-20,1077.08,1343.43,1372.5,1336.0,1372.5,2349298
2015-08-21,1072.79,1338.07,1364.95,1327.55,1356.0,3536080
2015-08-24,1033.71,1289.32,1322.5,1284.55,1319.5,4692344
2015-08-25,1029.1,1283.57,1311.0,1267.75,1293.95,3925800
2015-08-26,1032.95,1288.38,1319.5,1255.97,1279.03,3216158
2015-08-27,1032.1,1287.32,1307.45,1272.9,1307.45,5264798
2015-08-28,1030.58,1285.43,1304.5,1278.85,1304.5,2744152
2015-08-31,1027.85,1282.03,1295.0,1265.53,1295.0,3692044
2015-09-01,1017.17,1268.7,1305.6,1265.0,1278.0,2987602
2015-09-02,1038.98,1295.9,1310.22,1274.0,1279.85,3765950
2015-09-03,1044.51,1302.8,1307.5,1288.12,1298.05,2265074
2015-09-04,1021.2,1273.72,1307.45,1269.57,1305.7,2426396
2015-09-07,1018.11,1269.88,1279.97,1266.35,1276.5,1759184
2015-09-08,1018.33,1270.15,1282.05,1261.75,1272.5,1787746
2015-09-09,1022.12,1274.88,1287.0,1272.0,1281.47,2045076
2015-09-10,1020.38,1272.7,1289.25,1263.5,1271.0,2665818
2015-09-11,1023.02,1276.0,1284.2,1270.3,1273.25,1592672
2015-09-14,1022.88,1275.82,1282.5,1271.5,1282.5,1589318
2015-09-15,1017.11,1268.62,1279.45,1268.0,1275.82,1379900
2015-09-16,1022.36,1275.18,1282.5,1270.53,1277.5,1756816
2015-09-18,1022.72,1275.62,1293.0,1269.5,1282.5,2455294
2015-09-21,1022.64,1275.53,1278.55,1266.6,1275.0,1108840
2015-09-22,1012.92,1263.4,1286.2,1245.0,1278.75,2081246
2015-09-23,1015.27,1266.32,1278.88,1256.3,1267.15,1228352
2015-09-24,1034.41,1290.2,1295.0,1264.95,1267.75,2354254
2015-09-28,1039.74,1296.85,1309.5,1289.75,1297.0,2366812
2015-09-29,1037.56,1294.12,1317.0,1284.93,1291.68,3325952
2015-09-30,1037.48,1294.03,1321.85,1285.47,1321.85,3368336
2015-10-01,1060.15,1322.3,1324.97,1296.1,1299.5,2834408
2015-10-05,1087.02,1355.82,1385.0,1326.35,1326.35,4807306
2015-10-06,1082.35,1350.0,1363.0,1342.0,1362.5,3979590
2015-10-07,1063.89,1326.97,1358.5,1323.47,1346.97,2065530
2015-10-08,1055.82,1316.9,1339.18,1310.0,1335.0,2357550
2015-10-09,1054.15,1314.82,1325.3,1304.0,1325.25,2249724
2015-10-12,1039.3,1296.3,1330.18,1293.5,1327.5,2455912
2015-10-13,1041.68,1299.28,1306.0,1283.8,1301.4,6179712
2015-10-14,995.64,1241.85,1274.0,1240.0,1274.0,8337128
2015-10-15,989.25,1233.88,1251.75,1232.5,1245.0,3215710
2015-10-16,990.95,1236.0,1246.0,1235.0,1240.45,2333828
2015-10-19,997.67,1244.38,1247.47,1227.93,1245.0,3130642
2015-10-20,1012.9,1263.38,1265.0,1247.8,1248.12,2695084
2015-10-21,1014.21,1265.0,1271.0,1261.12,1267.5,1929688
2015-10-23,1019.29,1268.57,1274.0,1263.65,1274.0,2335398
2015-10-26,1019.05,1268.28,1274.5,1257.55,1274.5,1414630
2015-10-27,1016.86,1265.55,1272.45,1260.18,1265.03,1530420
2015-10-28,1016.05,1264.55,1266.78,1255.03,1255.03,1255342
2015-10-29,1002.49,1247.68,1267.7,1245.03,1266.78,3130316
2015-10-30,1002.43,1247.6,1255.95,1242.5,1250.0,1516696
2015-11-02,1011.33,1258.68,1261.4,1243.78,1250.0,1319294
2015-11-03,1021.82,1271.72,1273.9,1259.25,1264.0,1364906
2015-11-04,1017.94,1266.9,1273.6,1260.0,1272.5,991434
2015-11-05,997.39,1241.32,1267.47,1240.0,1265.4,1596098
2015-11-06,1006.67,1252.88,1259.12,1241.72,1246.0,908024
2015-11-09,992.85,1235.68,1251.38,1234.3,1247.5,2021556
2015-11-10,987.55,1229.07,1238.5,1225.0,1236.47,1361920
2015-11-13,963.14,1198.7,1219.03,1193.28,1219.03,2743232
2015-11-16,953.98,1187.3,1195.0,1178.0,1195.0,2043528
2015-11-17,960.39,1195.28,1199.22,1187.5,1190.25,1985028
2015-11-18,944.68,1175.72,1194.45,1173.0,1194.45,1520352
2015-11-19,949.14,1181.28,1190.8,1176.0,1182.68,1866906
2015-11-20,963.53,1199.18,1211.78,1180.97,1183.25,2012126
2015-11-23,960.59,1195.53,1206.7,1191.12,1202.65,1088082
2015-11-24,951.31,1183.97,1196.22,1182.75,1190.03,998640
2015-11-26,942.31,1172.78,1191.2,1168.93,1188.95,2915292
2015-11-27,945.45,1176.68,1179.72,1166.25,1174.0,1737206
2015-11-30,953.56,1186.78,1195.62,1175.07,1182.5,4100048
2015-12-01,948.88,1180.95,1189.03,1178.53,1181.45,1721994
2015-12-02,950.21,1182.6,1189.05,1173.25,1189.0,1640296
2015-12-03,944.4,1175.38,1186.5,1173.5,1180.0,2283358
2015-12-04,935.42,1164.2,1173.65,1160.55,1170.0,1246092
2015-12-07,931.97,1159.9,1171.95,1157.62,1166.1,1382604
2015-12-08,935.66,1164.5,1174.5,1158.65,1159.7,1139964
2015-12-09,951.19,1183.82,1186.4,1160.0,1168.95,5282806
2015-12-10,957.98,1192.28,1195.6,1176.0,1184.5,1723988
2015-12-11,958.56,1193.0,1195.97,1181.62,1191.5,1652378
2015-12-14,955.53,1189.22,1193.5,1165.3,1167.6,2718532
2015-12-15,954.49,1187.93,1192.5,1181.53,1189.22,1135868
2015-12-16,967.56,1204.2,1207.25,1192.0,1192.0,1435934
2015-12-17,980.16,1219.88,1222.5,1196.68,1207.5,1618844
2015-12-18,970.94,1208.4,1217.1,1200.32,1210.0,3024970
2015-12-21,982.83,1223.2,1225.0,1203.43,1209.97,1610104
2015-12-22,966.22,1202.53,1220.0,1200.0,1220.0,1560858
2015-12-23,974.55,1212.9,1217.5,1205.28,1207.5,849834
2015-12-24,977.95,1217.12,1219.1,1202.0,1210.5,843160
2015-12-28,989.38,1231.35,1233.2,1210.1,1214.0,3704198
2015-12-29,986.61,1227.9,1232.65,1222.88,1229.18,1708524
2015-12-30,971.54,1209.15,1229.5,1206.15,1226.53,1605762
2015-12-31,978.99,1218.43,1224.25,1203.75,1207.88,1240318
2016-01-01,970.78,1208.2,1219.5,1206.12,1219.5,712262
2016-01-04,951.97,1184.8,1207.0,1183.03,1205.07,1870184
2016-01-05,943.68,1174.47,1193.3,1170.5,1192.5,2678020
2016-01-06,956.8,1190.8,1193.07,1175.1,1175.1,2653228
2016-01-07,952.64,1185.62,1191.45,1180.0,1185.0,3199580
2016-01-08,963.22,1198.8,1203.68,1186.25,1192.5,1907544
2016-01-11,949.06,1181.18,1192.0,1174.43,1191.25,2930228
2016-01-12,934.88,1163.53,1182.5,1150.8,1181.35,3482594
2016-01-13,915.66,1139.6,1163.5,1127.55,1158.5,4746092
2016-01-14,915.5,1139.4,1149.45,1125.0,1136.5,2742052
2016-01-15,908.39,1130.55,1145.85,1127.5,1144.43,3269408
2016-01-18,915.03,1138.82,1145.95,1130.0,1131.0,2213922
2016-01-19,915.7,1139.65,1150.0,1134.15,1138.5,967910
2016-01-20,916.02,1140.05,1142.5,1121.5,1136.9,1615954
2016-01-21,907.92,1127.25,1144.95,1122.88,1142.5,2675536
2016-01-22,924.54,1147.88,1151.03,1130.0,1136.5,1343178
2016-01-25,928.12,1152.32,1169.5,1145.75,1150.95,1397560
2016-01-27,934.2,1159.88,1164.97,1140.95,1151.0,1626986
2016-01-28,938.81,1165.6,1174.45,1154.03,1157.75,3106660
2016-01-29,963.02,1195.65,1200.0,1167.53,1179.35,2235744
2016-02-01,967.61,1201.35,1206.47,1179.5,1195.55,1495274
2016-02-02,965.75,1199.05,1216.5,1189.85,1204.5,1475588
2016-02-03,973.08,1208.15,1214.95,1180.15,1193.75,1308692
2016-02-04,974.59,1210.03,1220.0,1201.0,1210.95,1250046
2016-02-05,975.36,1210.97,1219.97,1204.05,1204.05,1402996
2016-02-08,951.6,1181.47,1206.03,1173.5,1200.0,1063658
2016-02-09,918.76,1140.7,1166.8,1127.8,1166.8,2489610
2016-02-10,913.68,1134.4,1144.95,1129.05,1137.5,1890732
2016-02-11,885.15,1098.97,1144.5,1085.82,1140.0,1962408
2016-02-12,896.69,1113.3,1121.7,1082.0,1100.0,2172568
2016-02-15,913.82,1134.57,1153.43,1120.0,1125.0,2479712
2016-02-16,912.37,1132.78,1141.0,1121.5,1133.0,1588702
2016-02-17,916.4,1137.78,1139.82,1123.2,1132.5,1585178
2016-02-18,932.63,1157.93,1159.88,1139.0,1142.5,1529140
2016-02-19,934.16,1159.82,1163.5,1152.72,1153.68,879012
2016-02-22,932.65,1157.95,1171.5,1152.5,1160.12,1324884
2016-02-23,911.75,1132.0,1159.95,1128.38,1155.12,1306852
2016-02-24,890.39,1105.47,1131.22,1100.6,1131.22,1659328
2016-02-25,891.15,1106.43,1114.0,1092.82,1109.9,1830556
2016-02-26,890.2,1105.25,1128.45,1099.8,1114.85,1537536
2016-02-29,876.63,1088.4,1118.5,1057.5,1118.5,2191718
2016-03-01,916.84,1138.32,1142.55,1081.0,1096.5,1999760
2016-03-02,933.84,1159.43,1165.0,1128.12,1152.5,1527486
2016-03-03,955.71,1186.57,1195.5,1150.5,1168.0,2648284
2016-03-04,949.42,1178.78,1190.0,1174.78,1190.0,1512966
2016-03-08,948.12,1177.15,1183.5,1152.1,1171.05,1268152
2016-03-09,949.3,1178.62,1184.7,1147.57,1170.5,2017784
2016-03-10,945.7,1174.15,1179.93,1157.47,1178.03,1661666
2016-03-11,952.53,1182.62,1195.43,1167.5,1170.0,1530528
2016-03-14,948.4,1177.5,1199.0,1170.0,1181.0,1636742
2016-03-15,938.29,1164.95,1181.75,1160.05,1174.53,1623356
2016-03-16,937.14,1163.53,1166.0,1153.45,1157.5,1918246
2016-03-17,947.21,1176.03,1180.9,1166.0,1167.0,2221088
2016-03-18,976.93,1212.93,1215.0,1180.0,1180.0,3204070
2016-03-21,985.14,1223.12,1227.47,1210.0,1213.0,2336982
2016-03-22,995.96,1236.55,1242.5,1218.25,1221.0,1951984
2016-03-23,996.24,1236.9,1243.95,1228.65,1243.95,2278434
2016-03-28,996.08,1236.7,1258.57,1230.78,1245.5,3320882
2016-03-29,994.47,1234.7,1243.47,1227.5,1239.0,1838796
2016-03-30,1002.56,1244.75,1252.5,1230.0,1235.45,2136504
2016-03-31,1014.97,1260.15,1275.0,1236.07,1239.15,4363964
2016-04-01,988.23,1226.95,1260.43,1217.05,1252.5,3041400
2016-04-04,995.21,1235.62,1244.0,1223.5,1228.0,1752352
2016-04-05,991.79,1231.38,1242.45,1221.03,1235.4,1491794
2016-04-06,999.5,1240.95,1244.5,1229.68,1235.0,1763150
2016-04-07,995.03,1235.4,1242.35,1228.5,1240.0,2390942
2016-04-08,979.43,1216.03,1236.85,1213.5,1233.0,1399500
2016-04-11,1009.47,1253.32,1258.5,1206.5,1216.5,2400648
2016-04-12,1014.1,1259.07,1262.5,1244.05,1249.0,1303628
2016-04-13,1017.34,1263.1,1272.5,1256.25,1265.0,1601468
2016-04-18,1014.74,1259.88,1276.75,1220.0,1226.5,7121504
2016-04-20,986.8,1225.18,1267.45,1220.0,1267.45,6405024
2016-04-21,976.35,1212.2,1233.7,1206.1,1225.5,2525724
2016-04-22,973.39,1208.53,1217.7,1202.1,1209.5,1964126
2016-04-25,987.16,1225.62,1228.53,1201.15,1201.15,2267654
2016-04-26,1002.68,1244.9,1246.75,1221.0,1224.5,2554368
2016-04-27,1011.26,1255.55,1257.3,1237.95,1240.0,1848670
2016-04-28,1017.97,1263.88,1270.0,1249.05,1250.65,4992744
2016-04-29,1021.09,1267.75,1271.0,1255.0,1258.5,2372178
2016-05-02,1017.54,1263.35,1265.0,1250.0,1264.5,1116692
2016-05-03,997.97,1239.05,1265.0,1236.0,1262.5,2153118
2016-05-04,997.93,1239.0,1247.03,1228.5,1236.95,1364892
2016-05-05,994.83,1235.15,1244.97,1231.78,1239.0,1246566
2016-05-06,996.08,1236.7,1242.15,1215.5,1232.5,885598
2016-05-09,1011.85,1256.28,1259.0,1228.2,1236.7,1821276
2016-05-10,1016.01,1261.45,1266.97,1248.0,1257.5,1158534
2016-05-11,1014.16,1259.15,1262.8,1245.0,1250.0,1598716
2016-05-12,1033.45,1283.1,1284.95,1260.28,1260.28,1513082
2016-05-13,1016.21,1261.7,1283.0,1255.07,1282.5,1621730
2016-05-16,1027.39,1275.57,1282.4,1261.25,1269.0,1111526
2016-05-17,1035.06,1285.1,1295.62,1276.0,1282.1,1756698
2016-05-18,1027.37,1275.55,1282.93,1263.03,1282.93,1500740
2016-05-19,1029.73,1278.47,1280.0,1263.05,1277.5,1038792
2016-05-20,1018.59,1264.65,1282.9,1261.4,1271.15,1230918
2016-05-23,1003.35,1245.72,1272.95,1240.1,1272.0,1533016
2016-05-24,993.78,1233.85,1244.12,1229.8,1242.0,1339158
2016-05-25,1017.44,1263.22,1266.47,1240.5,1240.5,1548678
2016-05-26,1026.4,1274.35,1282.45,1252.55,1265.0,1943248
2016-05-27,1036.05,1286.32,1289.93,1275.3,1276.57,1104676
2016-05-30,1061.72,1318.2,1320.97,1291.0,1291.5,1349464
2016-05-31,1034.74,1284.7,1323.5,1281.0,1320.0,3722608
2016-06-01,1060.57,1316.78,1322.5,1285.5,1285.6,1911942
2016-06-02,1067.26,1325.07,1327.15,1300.0,1300.0,1408756
2016-06-03,1058.96,1314.78,1329.0,1310.25,1325.7,1554922
2016-06-06,1063.01,1306.25,1319.5,1301.6,1310.25,1322026
2016-06-07,1070.6,1315.57,1319.5,1306.5,1307.0,1202194
2016-06-08,1063.26,1306.55,1314.28,1302.75,1308.62,938266
2016-06-09,1048.67,1288.62,1311.2,1277.6,1311.2,1562138
2016-06-10,1039.92,1277.88,1301.62,1276.6,1283.0,1396832
2016-06-13,1036.36,1273.5,1276.68,1259.0,1270.0,1029978
2016-06-14,1031.42,1267.43,1279.47,1259.12,1279.47,977570
2016-06-15,1040.37,1278.43,1282.45,1261.0,1265.0,1270844
2016-06-16,1040.96,1279.15,1282.35,1258.22,1272.78,1145070
2016-06-17,1058.98,1301.3,1305.0,1279.5,1279.5,1878988
2016-06-20,1082.05,1329.65,1334.0,1295.9,1301.3,1872838
2016-06-21,1078.76,1325.6,1332.5,1320.7,1331.75,1027690
2016-06-22,1085.45,1333.82,1338.85,1315.88,1325.0,1761712
2016-06-23,1076.38,1322.68,1329.75,1312.65,1327.5,1397014
2016-06-24,1047.33,1286.97,1296.6,1257.07,1282.57,3766586
2016-06-27,1015.55,1247.93,1273.5,1241.32,1273.5,4272566
2016-06-28,1002.57,1231.97,1251.45,1229.2,1247.93,4499524
2016-06-29,1018.42,1251.45,1256.25,1232.65,1237.5,2531264
2016-06-30,1038.84,1276.55,1281.45,1250.18,1261.0,5121812
2016-07-01,1017.58,1250.43,1282.3,1247.18,1281.0,2197296
2016-07-04,1014.88,1247.1,1262.93,1241.0,1258.0,1883484
2016-07-05,1011.25,1242.65,1248.53,1238.57,1247.1,1559748
2016-07-07,988.67,1214.9,1245.93,1212.5,1243.85,3316800
2016-07-08,987.37,1213.3,1221.03,1201.75,1217.5,2456356
2016-07-11,1002.65,1232.07,1235.9,1213.5,1215.0,1543632
2016-07-12,1002.97,1232.47,1237.5,1217.93,1235.85,1465536
2016-07-13,1014.43,1246.55,1249.62,1225.62,1239.0,2102300
2016-07-14,1026.15,1260.95,1264.5,1235.5,1243.0,2699988
2016-07-15,995.0,1222.68,1263.9,1213.28,1258.5,8336366
2016-07-18,990.16,1216.72,1234.5,1215.3,1223.5,2598850
2016-07-19,1003.48,1233.1,1236.4,1213.75,1213.75,2362896
2016-07-20,1015.18,1247.47,1251.25,1224.07,1225.0,2815252
2016-07-21,1019.7,1253.03,1259.75,1232.22,1244.75,2527148
2016-07-22,1023.38,1257.55,1262.0,1246.0,1249.45,1517216
2016-07-25,1043.92,1279.47,1281.6,1252.9,1256.0,1688796
2016-07-26,1041.33,1276.3,1284.0,1266.5,1279.47,2311290
2016-07-27,1051.51,1288.78,1290.2,1272.5,1277.5,1750510
2016-07-28,1068.52,1309.62,1314.78,1288.53,1290.25,4632080
2016-07-29,1068.54,1309.65,1317.45,1299.5,1307.0,2488084
2016-08-01,1104.83,1354.12,1362.5,1316.0,1316.0,3961704
2016-08-02,1101.14,1349.6,1357.85,1344.9,1351.45,2578162
2016-08-03,1083.63,1328.15,1349.5,1324.53,1343.0,2294702
2016-08-04,1081.88,1326.0,1341.47,1318.12,1335.0,1415416
2016-08-05,1080.7,1324.55,1342.15,1316.0,1336.95,1868484
2016-08-08,1080.86,1324.75,1334.0,1314.53,1320.0,2058244
2016-08-09,1081.15,1325.1,1329.9,1289.43,1329.0,2261914
2016-08-10,1091.43,1337.7,1341.0,1324.0,1325.5,2062078
2016-08-11,1105.5,1354.95,1357.5,1332.78,1332.78,2233138
2016-08-12,1117.15,1369.22,1372.4,1351.03,1352.5,2327358
2016-08-16,1098.08,1345.85,1370.0,1336.93,1369.0,3183754
2016-08-17,1070.68,1312.28,1349.5,1309.0,1349.5,1848566
2016-08-18,1076.39,1319.28,1328.78,1315.05,1317.5,1292064
2016-08-19,1062.09,1301.75,1323.22,1300.0,1320.0,2416244
2016-08-22,1039.74,1274.35,1297.22,1268.15,1294.0,2265274
2016-08-23,1061.09,1300.53,1302.47,1270.1,1272.47,1503374
2016-08-24,1049.26,1286.03,1301.0,1284.53,1294.9,1116878
2016-08-25,1040.7,1275.53,1294.85,1263.0,1290.0,1939690
2016-08-26,1030.05,1262.47,1286.28,1258.6,1279.9,1250314
2016-08-29,1020.1,1250.28,1267.47,1233.38,1267.47,1488728
2016-08-30,1037.88,1272.07,1274.9,1250.62,1255.0,1444026
2016-08-31,1024.48,1255.65,1275.0,1250.43,1275.0,3231668
2016-09-01,1022.93,1253.75,1267.47,1243.53,1262.45,1345736
2016-09-02,1025.91,1257.4,1259.7,1248.03,1256.0,1742330
2016-09-06,1013.37,1242.03,1260.07,1240.0,1259.95,2239066
2016-09-07,995.62,1220.28,1249.85,1211.5,1249.85,3854040
2016-09-08,947.3,1161.05,1180.0,1142.38,1180.0,7021516
2016-09-09,959.68,1176.22,1183.32,1160.03,1164.85,2742438
2016-09-12,962.37,1179.53,1181.97,1162.0,1168.5,2024454
2016-09-14,949.89,1164.22,1188.8,1155.0,1181.0,2069858
2016-09-15,949.28,1163.47,1171.05,1158.38,1169.97,2818964
2016-09-16,963.45,1180.85,1188.0,1160.0,1168.35,4358004
2016-09-19,983.75,1205.72,1213.5,1175.0,1182.5,2802546
2016-09-20,981.73,1203.25,1208.45,1192.7,1205.5,1184552
2016-09-21,984.54,1206.7,1212.0,1200.35,1203.85,1678020
2016-09-22,970.1,1189.0,1214.0,1185.55,1212.62,2857574
2016-09-23,978.3,1199.05,1201.93,1185.57,1191.0,1800726
2016-09-26,979.53,1200.55,1209.55,1197.5,1200.55,1753476
2016-09-27,993.8,1218.05,1224.0,1200.55,1200.55,2038792
2016-09-28,988.48,1211.53,1218.75,1207.6,1215.5,1731328
2016-09-29,994.5,1218.9,1228.25,1209.8,1217.5,3603958
2016-09-30,991.64,1215.4,1224.9,1211.55,1218.53,2175364
2016-10-03,983.85,1205.85,1228.82,1200.55,1225.0,1818880
2016-10-04,981.18,1202.57,1212.53,1199.0,1210.0,1780718
2016-10-05,973.51,1193.18,1207.7,1188.05,1204.0,1176354
2016-10-06,974.49,1194.38,1201.2,1186.38,1197.5,2267572
2016-10-07,965.94,1183.9,1194.0,1179.1,1194.0,1816512
2016-10-10,971.04,1190.15,1193.45,1177.53,1184.95,1202142
2016-10-13,950.07,1164.45,1184.95,1160.45,1181.65,5173334
2016-10-14,965.29,1183.1,1193.5,1145.5,1157.5,7741214
2016-10-17,963.76,1181.22,1187.9,1172.2,1184.45,2728346
2016-10-18,979.16,1200.1,1207.85,1177.4,1188.0,2128632
2016-10-19,977.08,1197.55,1205.0,1185.15,1200.5,1985058
2016-10-20,979.55,1200.57,1204.68,1193.0,1198.45,1265854
2016-10-21,990.76,1214.32,1215.95,1199.12,1200.0,1259660
2016-10-24,993.03,1213.85,1217.45,1201.28,1214.1,1253190
2016-10-25,981.07,1199.22,1207.3,1190.5,1202.5,1772466
2016-10-26,980.17,1198.12,1201.38,1186.25,1199.3,1437130
2016-10-27,989.11,1209.05,1214.75,1182.75,1189.85,2941602
2016-10-28,981.17,1199.35,1207.55,1194.0,1205.0,1752102
2016-11-01,961.25,1175.0,1199.85,1167.07,1199.85,2934776
2016-11-02,942.46,1152.03,1172.0,1147.5,1170.5,2325076
2016-11-03,948.76,1159.72,1167.5,1142.25,1147.0,1463310
2016-11-04,953.3,1165.28,1168.07,1147.0,1160.0,1183752
2016-11-07,931.41,1138.53,1172.45,1130.03,1168.95,2048052
2016-11-08,933.93,1141.6,1153.5,1130.0,1140.22,1933634
2016-11-09,887.56,1084.93,1137.5,1071.43,1090.0,4500226
2016-11-10,881.67,1077.72,1108.75,1070.4,1102.4,2172426
2016-11-11,859.46,1050.57,1073.53,1043.1,1073.53,2398424
2016-11-15,867.7,1060.65,1078.78,1025.95,1058.45,6290324
2016-11-16,895.64,1094.8,1104.45,1069.0,1072.55,4019958
2016-11-17,874.21,1068.6,1104.3,1065.07,1092.5,2504688
2016-11-18,869.26,1062.55,1075.0,1052.1,1071.0,2140534
2016-11-21,872.45,1066.45,1070.0,1052.5,1063.1,1793366
2016-11-22,873.31,1067.5,1088.72,1061.03,1066.0,1318860
2016-11-23,882.04,1078.18,1081.47,1063.6,1074.5,1275808
2016-11-24,895.17,1094.22,1103.8,1068.5,1077.45,3026234
2016-11-25,940.94,1150.18,1153.62,1096.1,1106.0,4276148
2016-11-28,933.68,1141.3,1159.72,1125.95,1147.0,1924296
2016-11-29,924.38,1129.93,1146.0,1126.28,1137.5,1442296
2016-11-30,931.0,1138.03,1147.38,1121.15,1132.5,3445832
2016-12-01,925.85,1131.72,1145.0,1127.03,1138.5,1123052
2016-12-02,908.83,1110.93,1135.4,1102.6,1129.0,1998032
2016-12-05,894.17,1093.0,1118.93,1085.0,1114.5,2249526
2016-12-06,892.68,1091.18,1101.97,1084.95,1095.0,1593444
2016-12-07,881.3,1077.28,1092.22,1072.82,1091.1,2065706
2016-12-08,898.16,1097.88,1099.5,1080.0,1080.25,3239546
2016-12-09,897.95,1097.62,1109.95,1086.65,1102.5,1588718
2016-12-12,903.25,1104.1,1108.8,1081.5,1097.4,1311758
2016-12-13,900.02,1100.15,1109.0,1091.5,1109.0,2147534
2016-12-14,903.0,1103.8,1112.35,1094.5,1107.0,1870366
2016-12-15,924.15,1129.65,1136.05,1101.0,1101.0,4295410
2016-12-16,933.7,1141.32,1145.0,1126.0,1138.5,1987230
2016-12-19,936.26,1144.45,1148.85,1130.65,1140.0,1334210
2016-12-20,956.88,1169.65,1172.5,1143.53,1146.0,2922760
2016-12-21,946.36,1156.8,1171.9,1152.8,1171.9,2034902
2016-12-22,943.95,1153.85,1162.5,1143.1,1153.0,1868300
2016-12-23,935.93,1144.05,1158.88,1139.4,1150.0,1118954
2016-12-26,937.98,1146.55,1150.8,1133.0,1133.0,897408
2016-12-27,950.37,1161.7,1165.0,1140.75,1140.75,1294692
2016-12-28,946.28,1156.7,1174.95,1151.57,1163.35,1350418
2016-12-29,961.95,1175.85,1179.95,1151.5,1151.5,1963516
2016-12-30,967.61,1182.78,1189.3,1172.82,1177.45,1405748
2017-01-02,965.89,1180.68,1187.55,1176.2,1183.3,823132
2017-01-03,968.72,1184.12,1185.85,1171.65,1180.62,1475324
2017-01-04,973.32,1189.75,1194.43,1179.15,1184.85,1420066
2017-01-05,954.87,1167.2,1194.97,1160.2,1192.0,2216404
2017-01-06,933.19,1140.7,1164.68,1128.55,1160.5,3009896
2017-01-09,942.31,1151.85,1155.65,1128.5,1137.5,1854578
2017-01-10,947.08,1157.68,1164.9,1145.75,1152.0,1533914
2017-01-11,950.78,1162.2,1164.8,1140.1,1157.5,1931296
2017-01-12,958.94,1172.18,1180.0,1152.0,1162.2,2570374
2017-01-13,920.06,1124.65,1178.97,1118.93,1174.0,10235580
2017-01-16,923.84,1129.28,1136.95,1114.0,1125.0,3364808
2017-01-17,932.11,1139.38,1143.9,1126.4,1127.45,3009956
2017-01-18,938.8,1147.55,1149.0,1132.72,1139.0,3136574
2017-01-19,937.12,1145.5,1147.57,1141.47,1147.5,2251676
2017-01-20,934.81,1142.68,1150.0,1132.5,1143.5,2037246
2017-01-23,946.23,1153.35,1156.75,1129.9,1132.5,2318546
2017-01-24,951.01,1159.18,1161.5,1145.0,1152.0,2282638
2017-01-25,965.22,1176.5,1180.0,1159.03,1161.3,4111648
2017-01-27,967.19,1178.9,1189.38,1172.53,1172.53,2871658
2017-01-30,956.98,1166.45,1175.97,1159.07,1170.5,2577956
2017-01-31,914.69,1114.9,1166.03,1100.03,1160.0,4666804
2017-02-01,889.29,1083.95,1119.97,1077.78,1110.0,4864152
2017-02-02,905.6,1103.82,1109.5,1076.5,1085.03,6009482
2017-02-03,915.81,1116.28,1121.5,1095.5,1104.85,2153372
2017-02-06,919.18,1120.38,1129.25,1107.47,1129.0,2408910
2017-02-07,920.76,1122.3,1126.3,1113.0,1122.0,1814638
2017-02-08,931.57,1135.47,1141.3,1122.03,1122.45,2212584
2017-02-09,950.58,1158.65,1164.0,1135.1,1137.5,4033202
2017-02-10,983.66,1198.97,1212.22,1155.5,1155.5,5782160
2017-02-13,990.35,1207.12,1214.5,1191.18,1198.0,3819812
2017-02-14,987.07,1203.12,1209.82,1199.0,1209.82,2033328
2017-02-15,990.12,1206.85,1214.0,1187.55,1198.5,1924972
2017-02-16,1004.09,1223.88,1239.0,1217.8,1230.0,4175680
2017-02-17,987.74,1203.95,1237.8,1201.0,1236.0,2723324
2017-02-20,1026.43,1251.1,1277.5,1204.05,1212.5,3973948
2017-02-21,1011.31,1232.68,1262.95,1227.57,1257.0,5501112
2017-02-22,989.22,1205.75,1235.0,1200.07,1232.95,4505496
2017-02-23,1018.06,1240.9,1246.62,1207.5,1207.5,4853352
2017-02-27,1021.36,1244.93,1251.0,1235.03,1239.55,2139892
2017-02-28,1011.68,1233.12,1245.0,1225.0,1244.75,2354828
2017-03-01,1017.14,1239.78,1250.95,1235.0,1239.95,1130374
2017-03-02,1026.12,1250.72,1255.0,1235.03,1243.35,1544942
2017-03-03,1023.08,1247.03,1249.85,1237.7,1246.0,1013970
2017-03-06,1014.24,1236.25,1242.0,1227.28,1240.0,1400694
2017-03-07,1025.44,1249.9,1252.5,1237.53,1241.45,1511672
2017-03-08,1030.53,1256.1,1260.0,1246.1,1251.0,1791510
2017-03-09,1033.63,1259.88,1262.0,1252.03,1257.07,858468
2017-03-10,1042.86,1271.12,1274.78,1256.97,1259.8,1171420
2017-03-14,1053.21,1283.75,1293.57,1275.53,1278.4,3402294
2017-03-15,1024.83,1249.15,1286.07,1246.93,1286.0,3022496
2017-03-16,1034.1,1260.45,1263.5,1253.0,1253.0,1571818
2017-03-17,1036.09,1262.88,1273.0,1254.88,1273.0,2593152
2017-03-20,1017.32,1240.0,1262.97,1233.0,1262.97,3487540
2017-03-21,1020.07,1243.35,1246.0,1232.5,1241.0,3373700
2017-03-22,1016.89,1239.47,1248.0,1234.97,1240.07,1888716
2017-03-23,1009.26,1230.18,1242.53,1223.6,1241.0,2620638
2017-03-24,995.66,1213.6,1234.9,1211.65,1234.9,5099814
2017-03-27,989.45,1206.03,1220.0,1203.0,1213.47,2181270
2017-03-28,996.79,1214.97,1221.7,1205.0,1205.0,1153158
2017-03-29,1002.8,1222.3,1225.4,1212.8,1218.0,1717764
2017-03-30,1001.32,1220.5,1232.5,1217.5,1222.45,2986086
2017-03-31,997.55,1215.9,1220.43,1207.5,1219.2,1867044
2017-04-03,989.3,1205.85,1217.5,1204.1,1217.5,1196888
2017-04-05,985.02,1200.62,1209.95,1197.5,1209.95,2905568
2017-04-06,984.53,1200.03,1205.0,1196.28,1200.0,1720704
2017-04-07,996.42,1214.53,1216.62,1196.07,1197.45,2277012
2017-04-10,993.63,1211.12,1224.5,1202.5,1216.0,2543264
2017-04-11,992.42,1209.65,1221.55,1203.0,1208.65,1557784
2017-04-12,981.74,1196.62,1214.0,1191.5,1211.25,1050538
2017-04-13,955.24,1164.32,1204.5,1160.53,1200.0,2500472
2017-04-17,949.57,1157.43,1166.45,1147.57,1165.2,2270882
2017-04-18,947.09,1154.4,1167.1,1151.03,1165.0,1730620
2017-04-19,943.13,1149.57,1174.35,1126.4,1131.75,5626812
2017-04-20,953.94,1162.75,1166.0,1145.47,1152.65,1268842
2017-04-21,947.91,1155.4,1167.82,1150.5,1164.55,1161154
2017-04-24,955.01,1164.05,1169.82,1141.25,1150.0,2000020
2017-04-25,948.2,1155.75,1172.22,1151.35,1164.0,3148710
2017-04-26,947.73,1155.18,1171.97,1151.53,1170.0,2187438
2017-04-27,944.57,1151.32,1163.9,1138.82,1153.03,5773186
2017-04-28,932.47,1136.57,1149.38,1134.0,1147.0,2540510
2017-05-02,939.34,1144.95,1151.0,1140.0,1147.0,2382696
2017-05-03,958.78,1168.65,1172.5,1134.25,1147.5,3514406
2017-05-04,955.83,1165.05,1175.0,1154.4,1174.97,2708208
2017-05-05,951.89,1160.25,1166.25,1151.25,1154.0,1682474
2017-05-08,960.9,1171.22,1173.7,1158.85,1160.5,1071782
2017-05-09,965.04,1176.28,1180.5,1166.28,1171.97,1790270
2017-05-10,956.79,1166.22,1178.07,1158.0,1177.5,1206388
2017-05-11,963.77,1174.72,1180.0,1161.38,1173.65,2071302
2017-05-12,968.36,1180.32,1184.95,1160.03,1171.65,2314446
2017-05-15,970.19,1182.55,1188.97,1170.8,1187.55,1817604
2017-05-16,996.46,1214.57,1217.5,1186.72,1190.0,3601026
2017-05-17,1007.21,1227.68,1230.38,1211.5,1216.75,2876198
2017-05-18,1040.37,1268.1,1286.0,1221.12,1225.0,5138594
2017-05-19,1028.46,1253.57,1270.28,1243.0,1268.1,1786044
2017-05-22,1038.39,1265.68,1276.88,1255.0,1255.0,1663940
2017-05-23,1034.43,1260.85,1282.07,1257.0,1266.6,2748596
2017-05-24,1049.79,1279.57,1285.0,1264.82,1267.4,2534548
2017-05-25,1076.64,1312.3,1318.78,1284.0,1288.5,4094094
2017-05-26,1057.62,1289.12,1313.43,1282.32,1312.5,1362550
2017-05-29,1055.41,1286.43,1298.25,1282.0,1289.5,1749290
2017-05-30,1046.49,1275.55,1287.97,1262.5,1280.0,927634
2017-05-31,1044.64,1273.3,1286.25,1264.0,1266.5,2502730
2017-06-01,1047.51,1276.8,1282.0,1265.0,1265.0,1080064
2017-06-02,1052.15,1282.45,1295.93,1276.25,1278.12,1355648
2017-06-05,1068.17,1301.97,1309.95,1280.07,1282.5,1500188
2017-06-06,1105.93,1348.0,1354.47,1315.0,1315.5,5946720
2017-06-07,1072.8,1307.62,1350.0,1288.28,1348.5,4927776
2017-06-08,1034.39,1260.8,1302.47,1257.75,1299.0,3330714
2017-06-09,1028.4,1253.5,1273.7,1243.0,1260.0,3148034
2017-06-12,1020.27,1243.6,1256.45,1235.2,1248.5,1626506
2017-06-13,1016.89,1225.78,1240.55,1223.5,1232.5,1175414
2017-06-14,1024.63,1235.1,1238.0,1227.5,1227.5,1489142
2017-06-15,1000.16,1205.6,1234.85,1202.5,1234.5,2997198
2017-06-16,995.39,1199.85,1217.5,1193.25,1207.47,2450426
2017-06-19,1008.66,1215.85,1223.18,1202.57,1208.45,1644742
2017-06-20,1014.18,1222.5,1224.5,1190.15,1215.5,1670958
2017-06-21,998.12,1203.15,1221.07,1198.6,1220.0,1657818
2017-06-22,993.38,1197.43,1215.5,1192.5,1204.5,5775882
2017-06-23,979.62,1180.85,1206.97,1177.0,1199.7,1424756
2017-06-27,971.81,1171.43,1192.35,1165.8,1175.3,1974330
2017-06-28,974.79,1175.03,1179.0,1167.5,1174.95,1789726
2017-06-29,967.82,1166.62,1186.03,1161.55,1179.5,2471826
2017-06-30,979.89,1181.18,1188.5,1161.55,1162.2,1753848
2017-07-03,984.56,1186.8,1191.53,1171.55,1178.7,1475956
2017-07-04,981.76,1183.43,1190.22,1175.03,1186.65,1215134
2017-07-05,977.26,1178.0,1182.5,1172.5,1180.4,815856
2017-07-06,973.76,1173.78,1180.95,1170.05,1179.5,1026788
2017-07-07,967.28,1165.97,1178.22,1162.75,1175.0,1232090
2017-07-10,1010.01,1217.47,1222.45,1189.47,1203.0,783608
2017-07-11,1026.95,1237.9,1257.4,1213.0,1213.0,3537504
2017-07-12,1011.87,1219.72,1241.65,1215.05,1241.25,2646450
2017-07-13,1014.76,1223.2,1236.0,1213.3,1222.5,3131960
2017-07-14,994.45,1198.72,1212.5,1187.5,1191.5,4508432
2017-07-17,993.62,1197.72,1211.05,1191.1,1198.85,2211822
2017-07-18,998.98,1204.18,1221.5,1198.07,1198.07,1908002
2017-07-19,1016.09,1224.8,1230.0,1207.55,1207.75,3915576
2017-07-20,1014.05,1222.35,1228.45,1215.25,1224.62,1182504
2017-07-21,1033.34,1245.6,1250.0,1217.28,1217.45,2148416
2017-07-24,1052.68,1265.35,1270.0,1241.0,1241.0,2271402
2017-07-25,1069.65,1285.75,1290.0,1259.2,1262.88,2678832
2017-07-26,1063.21,1278.0,1287.5,1273.5,1280.0,1459826
2017-07-27,1032.3,1240.85,1292.4,1233.25,1271.1,4255304
2017-07-28,1033.38,1242.15,1246.53,1221.0,1240.5,1382752
2017-07-31,1036.5,1245.9,1259.5,1231.5,1235.5,2019662
2017-08-01,1040.6,1250.82,1260.38,1245.5,1250.0,1747460
2017-08-02,1029.01,1236.9,1254.0,1231.0,1250.0,1251024
2017-08-03,1035.52,1244.72,1251.0,1233.22,1240.0,1882548
2017-08-04,1049.4,1261.4,1264.15,1244.0,1245.4,1387890
2017-08-07,1041.35,1251.72,1260.0,1240.6,1258.25,1885520
2017-08-08,1041.18,1251.53,1264.3,1248.15,1256.0,1073958
2017-08-09,1044.9,1256.0,1261.43,1246.65,1250.0,992946
2017-08-10,1044.68,1255.72,1260.3,1243.18,1254.5,1526172
2017-08-11,1038.27,1248.03,1267.5,1241.5,1249.95,1394736
2017-08-14,1027.18,1234.7,1254.95,1231.5,1251.5,786504
2017-08-16,1036.73,1246.18,1271.9,1232.6,1242.0,1373340
2017-08-17,1033.94,1242.82,1252.5,1231.05,1250.35,1752374
2017-08-18,1045.65,1256.9,1274.95,1235.7,1237.0,2837356
2017-08-21,1051.89,1264.4,1274.5,1247.15,1252.75,2304834
2017-08-22,1038.89,1248.78,1269.75,1246.0,1261.5,1131326
2017-08-23,1035.52,1244.72,1258.4,1236.57,1252.5,1562272
2017-08-24,1038.5,1248.3,1258.97,1243.07,1248.85,1623908
2017-08-28,1034.63,1243.65,1252.7,1230.5,1252.3,2036796
2017-08-29,1027.79,1235.43,1248.0,1231.97,1241.0,1312602
2017-08-30,1033.49,1242.28,1245.0,1230.05,1240.5,970782
2017-08-31,1038.39,1248.18,1252.2,1233.32,1242.5,1784664
2017-09-01,1021.8,1228.22,1249.03,1218.28,1240.0,1702330
2017-09-04,1021.69,1228.1,1230.5,1219.0,1226.55,1062544
2017-09-05,1033.4,1242.18,1245.0,1218.53,1230.0,1165994
2017-09-06,1020.45,1226.6,1237.43,1225.0,1234.07,1228764
2017-09-07,1023.32,1230.05,1234.2,1225.53,1229.0,870636
2017-09-08,1027.68,1235.3,1237.0,1226.28,1226.88,1021134
2017-09-11,1020.97,1227.22,1241.47,1225.0,1235.6,732764
2017-09-12,1035.11,1244.22,1248.5,1228.5,1236.95,1396460
2017-09-13,1035.42,1244.6,1265.82,1237.6,1250.0,1278980
2017-09-14,1034.48,1243.47,1248.8,1235.95,1241.0,1081510
2017-09-15,1042.43,1253.03,1258.5,1242.5,1249.5,2944072
2017-09-18,1039.52,1249.53,1259.47,1244.62,1252.47,726600
2017-09-19,1039.19,1249.12,1252.5,1245.75,1252.5,782754
2017-09-20,1037.23,1246.78,1257.0,1237.15,1257.0,1334642
2017-09-21,1050.27,1262.45,1270.5,1240.0,1245.53,2438740
2017-09-22,1041.41,1251.8,1263.45,1246.0,1259.95,2435396
2017-09-25,1044.38,1255.38,1267.0,1246.38,1248.28,1599558
2017-09-26,1029.37,1237.32,1263.2,1233.0,1255.0,1449230
2017-09-27,1037.83,1247.5,1256.1,1236.88,1245.0,2010356
2017-09-28,1030.12,1238.22,1257.0,1226.0,1247.35,4332866
2017-09-29,1013.27,1217.97,1242.0,1210.75,1239.5,1985014
2017-10-03,1018.47,1224.22,1227.15,1213.53,1220.0,1923006
2017-10-04,1015.91,1221.15,1227.0,1212.5,1224.8,1300778
2017-10-05,1010.63,1214.8,1221.72,1212.2,1220.5,1684686
2017-10-06,1017.72,1223.32,1227.5,1214.03,1215.0,1389188
2017-10-09,1020.82,1227.05,1233.97,1220.53,1220.53,1773616
2017-10-10,1022.96,1229.62,1234.97,1225.62,1227.5,1222010
2017-10-11,1040.06,1250.18,1257.22,1228.38,1230.0,1527746
2017-10-12,1059.96,1274.1,1277.5,1253.5,1256.5,5006356
2017-10-13,1064.29,1279.3,1304.47,1261.5,1274.1,4066320
2017-10-16,1075.02,1292.2,1295.0,1277.53,1277.53,1218590
2017-10-17,1079.24,1297.28,1307.47,1288.78,1292.5,1443016
2017-10-18,1075.94,1293.3,1306.82,1290.0,1297.5,1514144
2017-10-19,1074.81,1291.95,1297.9,1285.5,1296.0,86822
2017-10-23,1076.48,1293.95,1314.5,1273.72,1292.0,1886088
2017-10-24,1072.52,1289.2,1310.45,1284.53,1310.0,1339020
2017-10-25,1067.73,1279.95,1307.0,1277.5,1289.25,1105106
2017-10-26,1058.95,1269.43,1284.57,1258.95,1267.55,3007552
2017-10-27,1077.91,1292.15,1296.57,1265.15,1269.0,1409270
2017-10-30,1091.21,1308.1,1310.0,1290.85,1293.0,1137252
2017-10-31,1094.46,1312.0,1320.0,1300.65,1300.65,1592634
2017-11-01,1085.64,1301.43,1313.43,1289.43,1312.0,741882
2017-11-02,1095.36,1313.07,1337.0,1303.38,1304.25,1468422
2017-11-03,1092.84,1310.05,1318.35,1301.4,1316.2,666886
2017-11-06,1111.79,1332.78,1335.9,1305.88,1310.0,1377000
2017-11-07,1130.36,1355.03,1384.0,1333.03,1335.0,2696892
2017-11-08,1140.76,1367.5,1379.5,1359.12,1361.5,1402252
2017-11-09,1141.35,1368.2,1375.0,1359.65,1375.0,1152432
2017-11-10,1129.81,1354.38,1363.0,1346.68,1361.1,1356566
2017-11-13,1150.75,1379.47,1388.7,1351.03,1351.03,1496996
2017-11-14,1132.25,1357.3,1378.28,1353.75,1378.28,1657252
2017-11-15,1128.37,1352.65,1377.5,1350.68,1353.0,6670834
2017-11-16,1145.62,1373.32,1381.5,1343.47,1355.0,1653482
2017-11-17,1129.21,1353.65,1374.05,1351.8,1374.05,1325464
2017-11-20,1127.6,1351.72,1363.45,1347.65,1357.5,1014498
2017-11-21,1114.88,1336.47,1350.5,1333.0,1350.5,1527740
2017-11-22,1118.09,1340.32,1354.85,1336.2,1336.5,1822624
2017-11-23,1118.34,1340.62,1346.5,1334.5,1340.5,793470
2017-11-24,1121.18,1344.03,1351.45,1336.55,1341.0,2287512
2017-11-27,1120.26,1342.93,1347.95,1331.1,1344.0,1856786
2017-11-28,1120.03,1342.65,1351.2,1335.0,1343.0,911716
2017-11-29,1108.71,1329.07,1346.5,1325.0,1338.75,1447532
2017-11-30,1099.89,1318.5,1333.47,1311.5,1326.82,4299962
2017-12-01,1096.95,1314.97,1334.0,1310.75,1317.5,1031144
2017-12-04,1097.95,1316.18,1329.25,1301.47,1311.0,1259104
2017-12-05,1099.28,1317.78,1325.85,1314.07,1315.5,1167914
2017-12-06,1098.34,1316.65,1322.5,1306.43,1318.0,1407518
2017-12-07,1091.65,1308.62,1322.97,1307.5,1316.15,1326300
2017-12-08,1085.08,1300.75,1322.5,1298.5,1309.0,1385548
2017-12-11,1109.94,1330.55,1336.32,1304.18,1304.18,1008002
2017-12-12,1089.52,1306.07,1331.0,1303.7,1330.5,1882246
2017-12-13,1096.3,1314.2,1325.72,1300.5,1305.7,2961458
2017-12-14,1066.85,1278.9,1316.0,1265.55,1316.0,5504150
2017-12-15,1061.76,1272.8,1292.22,1268.43,1281.88,2718138
2017-12-18,1076.32,1290.25,1294.47,1247.18,1268.5,2180664
2017-12-19,1074.15,1287.65,1298.9,1282.35,1288.0,1801952
2017-12-20,1079.84,1294.47,1296.38,1275.32,1291.0,1577570
2017-12-21,1082.66,1297.85,1304.0,1290.03,1293.5,1293648
2017-12-22,1103.95,1323.38,1331.95,1295.1,1302.0,3665664
2017-12-26,1105.08,1324.72,1344.88,1315.8,1343.0,2175786
2017-12-27,1092.75,1309.95,1329.25,1305.25,1324.72,739284
2017-12-28,1095.69,1313.47,1326.75,1302.82,1304.4,2605088
2017-12-29,1126.66,1350.6,1354.45,1309.28,1311.55,2609542
2018-01-01,1103.47,1322.8,1347.4,1317.5,1341.15,1351760
2018-01-02,1097.47,1315.6,1334.8,1310.1,1330.0,1920290
2018-01-03,1100.57,1319.32,1334.5,1315.6,1316.0,1257120
2018-01-04,1108.27,1328.55,1331.0,1320.0,1325.0,913082
2018-01-05,1121.66,1344.6,1349.75,1325.0,1325.0,1153706
2018-01-08,1132.17,1357.2,1363.43,1340.93,1350.0,1242220
2018-01-09,1129.92,1354.5,1360.5,1338.28,1357.5,2149396
2018-01-10,1170.63,1403.3,1408.0,1347.32,1355.5,3365850
2018-01-11,1163.91,1395.25,1410.95,1391.1,1405.0,2520744
2018-01-12,1158.01,1388.18,1402.5,1370.28,1402.5,3360314
2018-01-15,1145.39,1373.05,1404.0,1367.53,1388.57,1457214
2018-01-16,1189.08,1425.43,1430.82,1375.28,1378.0,4267752
2018-01-17,1204.97,1444.47,1462.5,1431.07,1435.0,4280806
2018-01-18,1217.17,1459.1,1466.5,1434.03,1448.5,2209478
2018-01-19,1234.32,1479.65,1491.0,1451.82,1465.28,1820000
2018-01-22,1302.92,1558.2,1567.35,1461.0,1480.5,4367110
2018-01-23,1296.9,1551.0,1571.18,1545.03,1557.47,3239610
2018-01-24,1327.26,1587.3,1629.53,1541.32,1545.0,5621538
2018-01-25,1304.87,1560.53,1589.9,1540.5,1587.5,3833844
2018-01-29,1337.4,1599.43,1612.5,1561.0,1565.7,3141060
2018-01-30,1318.16,1576.43,1601.9,1571.85,1590.0,1574758
2018-01-31,1301.23,1556.18,1575.0,1549.3,1568.5,3043214
2018-02-01,1312.21,1569.3,1595.0,1544.4,1562.0,2400630
2018-02-02,1318.5,1576.82,1595.0,1551.72,1560.0,2456490
2018-02-05,1297.41,1551.6,1594.0,1538.43,1555.0,2757742
2018-02-06,1253.11,1498.62,1538.57,1492.5,1505.0,2657306
2018-02-07,1235.47,1477.53,1515.5,1473.72,1513.5,2180324
2018-02-08,1243.47,1487.1,1513.8,1479.5,1489.88,2755004
2018-02-09,1242.43,1485.85,1497.0,1448.32,1475.0,2102458
2018-02-12,1240.59,1483.65,1511.68,1477.78,1489.15,1974562
2018-02-14,1217.38,1455.9,1487.22,1446.25,1485.0,2847532
2018-02-15,1223.26,1462.93,1471.5,1452.55,1465.97,2465236
2018-02-16,1226.27,1466.53,1499.8,1461.5,1461.5,2515756
2018-02-19,1222.32,1461.8,1476.65,1447.6,1472.5,1568224
2018-02-20,1231.16,1472.38,1492.53,1463.95,1464.0,1889068
2018-02-21,1271.94,1521.15,1531.3,1480.03,1487.0,3089228
2018-02-22,1275.25,1525.1,1539.5,1511.25,1526.0,3463010
2018-02-23,1285.95,1537.9,1544.5,1496.05,1525.0,3362500
2018-02-26,1267.51,1515.85,1544.97,1510.6,1537.5,1363882
2018-02-27,1271.97,1521.18,1539.28,1516.0,1520.5,1717800
2018-02-28,1268.91,1517.53,1531.97,1510.72,1517.5,2706864
2018-03-01,1270.02,1518.85,1530.6,1510.0,1524.5,1718124
2018-03-05,1298.51,1552.93,1556.82,1516.47,1524.5,2858168
2018-03-06,1272.15,1521.4,1563.5,1515.07,1561.0,1906764
2018-03-07,1265.74,1513.72,1544.5,1509.25,1535.0,1917772
2018-03-08,1255.91,1501.97,1527.45,1493.75,1527.45,1951826
2018-03-09,1268.52,1517.05,1531.6,1488.6,1502.5,1872436
2018-03-12,1276.06,1526.07,1541.95,1517.75,1521.5,2091340
2018-03-13,1206.93,1443.4,1469.85,1436.0,1462.45,88067154
2018-03-14,1206.97,1443.45,1461.53,1437.53,1446.47,3668668
2018-03-15,1199.78,1434.85,1451.28,1427.8,1447.5,2348906
2018-03-16,1181.39,1412.85,1436.0,1402.5,1434.4,7197482
2018-03-19,1183.6,1415.5,1424.0,1410.0,1414.5,3489940
2018-03-20,1197.76,1432.43,1436.6,1409.5,1410.0,4024984
2018-03-21,1194.37,1428.38,1442.15,1425.0,1436.25,3907678
2018-03-22,1183.75,1415.68,1437.97,1411.28,1429.97,2326094
2018-03-23,1178.23,1409.07,1417.05,1399.03,1401.0,3654122
2018-03-26,1177.75,1408.5,1413.7,1390.78,1409.5,2964210
2018-03-27,1190.58,1423.85,1431.5,1411.53,1412.5,2494574
2018-03-28,1191.19,1424.57,1437.5,1412.5,1417.95,6865654
2018-04-02,1216.49,1454.82,1457.0,1420.0,1420.0,1662988
2018-04-03,1217.15,1455.62,1464.95,1446.05,1446.05,1937290
2018-04-04,1217.01,1455.45,1467.0,1446.0,1464.72,2841820
2018-04-05,1236.68,1478.97,1481.88,1460.18,1463.28,1809424
2018-04-06,1233.48,1475.15,1480.0,1463.28,1477.0,1129018
2018-04-09,1222.44,1461.95,1481.75,1457.5,1469.85,1235866
2018-04-10,1228.17,1468.8,1478.62,1462.85,1462.85,1184532
2018-04-11,1260.18,1507.07,1512.5,1472.8,1475.3,3124416
2018-04-12,1312.48,1569.62,1575.0,1503.97,1505.0,6114360
2018-04-13,1318.35,1576.65,1620.4,1566.05,1575.0,8179118
2018-04-16,1332.71,1593.82,1599.97,1555.38,1558.0,6270274
2018-04-17,1323.91,1583.3,1597.47,1573.6,1593.82,3301724
2018-04-18,1320.78,1579.55,1596.72,1572.93,1583.0,2433066
2018-04-19,1334.18,1595.57,1608.6,1582.88,1589.95,4820952
2018-04-20,1422.52,1701.22,1711.18,1620.0,1625.0,18465662
2018-04-23,1425.11,1704.32,1778.95,1694.78,1712.0,15185910
2018-04-24,1415.49,1692.82,1721.57,1671.25,1705.0,8314336
2018-04-25,1450.86,1735.12,1741.5,1682.53,1692.5,8196574
2018-04-26,1479.71,1769.62,1780.0,1733.5,1733.5,12135034
2018-04-27,1443.21,1725.97,1772.0,1710.0,1762.5,4501330
2018-04-30,1476.72,1766.05,1774.5,1718.8,1725.97,3458558
2018-05-02,1463.2,1749.88,1766.1,1735.65,1765.25,3158046
2018-05-03,1455.71,1740.93,1763.0,1735.2,1754.9,3761550
2018-05-04,1455.25,1740.38,1748.5,1735.0,1746.0,2347244
2018-05-07,1430.25,1710.47,1745.0,1705.45,1745.0,3484426
2018-05-08,1438.72,1720.6,1743.25,1698.35,1717.35,2992820
2018-05-09,1458.83,1744.65,1747.38,1720.1,1720.1,2615050
2018-05-10,1442.92,1725.62,1755.57,1720.1,1751.47,3858678
2018-05-11,1445.3,1728.47,1742.5,1721.25,1727.1,2627876
2018-05-14,1435.52,1716.78,1735.5,1705.4,1728.5,2433894
2018-05-15,1455.94,1741.2,1747.9,1716.85,1725.0,1952890
2018-05-16,1460.75,1746.95,1754.5,1737.62,1739.97,1648450
2018-05-17,1459.87,1745.9,1766.57,1738.0,1756.47,2968048
2018-05-18,1464.16,1751.03,1758.85,1729.0,1740.4,1874996
2018-05-21,1487.03,1778.38,1796.0,1759.03,1764.35,3446178
2018-05-22,1467.02,1754.45,1787.47,1746.85,1779.0,1857416
2018-05-23,1461.25,1747.55,1772.5,1740.5,1762.5,1507298
2018-05-24,1506.66,1801.85,1807.5,1751.18,1755.0,2962316
2018-05-25,1499.17,1792.9,1837.4,1786.28,1812.5,3769772
2018-05-28,1464.16,1751.03,1808.25,1743.0,1808.25,3716798
2018-05-29,1473.13,1761.75,1772.0,1744.0,1764.95,3525312
2018-05-30,1469.2,1757.05,1766.5,1741.25,1754.53,3779106
2018-05-31,1467.93,1741.05,1759.05,1726.1,1734.0,5049371
2018-06-01,1460.68,1732.45,1757.5,1716.3,1754.0,1603856
2018-06-04,1470.63,1744.25,1749.0,1712.6,1745.0,1681483
2018-06-05,1451.53,1721.6,1751.9,1711.15,1744.0,2449568
2018-06-06,1455.03,1725.75,1734.9,1715.2,1723.0,2236512
2018-06-07,1463.3,1735.55,1749.0,1723.8,1725.0,2414762
2018-06-08,1473.03,1747.1,1757.3,1735.0,1735.0,2582138
2018-06-11,1475.23,1749.7,1763.0,1743.0,1747.1,2179378
2018-06-12,1501.62,1781.0,1785.0,1753.0,1757.0,4608875
2018-06-13,1537.96,1824.1,1831.65,1798.0,1816.0,5370983
2018-06-14,1507.14,1787.55,1832.3,1784.0,1830.0,3819998
2018-06-15,1551.4,1840.05,1847.1,1788.6,1800.0,9183574
2018-06-18,1542.09,1829.0,1867.95,1822.15,1867.95,4674987
2018-06-19,1538.29,1824.5,1839.0,1821.0,1822.15,3245034
2018-06-20,1536.56,1822.45,1836.3,1818.6,1832.0,3107695
2018-06-21,1533.95,1819.35,1832.0,1817.6,1832.0,2910659
2018-06-22,1525.9,1809.8,1827.0,1799.55,1827.0,2949458
2018-06-25,1533.87,1819.25,1822.35,1806.0,1811.9,2083217
2018-06-26,1561.48,1852.0,1861.0,1821.0,1823.0,4679712
2018-06-27,1566.54,1858.0,1885.15,1851.25,1860.0,4081208
2018-06-28,1553.64,1842.7,1871.0,1826.3,1865.0,4888125
2018-06-29,1557.89,1847.75,1867.4,1842.3,1844.9,3506276
2018-07-02,1560.93,1851.35,1857.8,1841.1,1852.0,2650290
2018-07-03,1580.07,1874.05,1879.9,1857.05,1859.95,3242233
2018-07-04,1573.41,1866.15,1879.9,1857.15,1879.9,2700614
2018-07-05,1585.34,1880.3,1887.5,1862.1,1873.0,2472571
2018-07-06,1612.87,1912.95,1921.0,1881.65,1882.85,3713781
2018-07-09,1587.62,1883.0,1924.4,1876.5,1924.0,6151747
2018-07-10,1580.95,1875.1,1898.9,1870.75,1898.0,5303302
2018-07-11,1669.31,1979.9,1998.0,1894.15,1900.0,22903802
2018-07-12,1662.11,1971.35,1990.9,1960.5,1984.0,6921701
2018-07-13,1670.33,1981.1,1997.9,1974.0,1975.0,4148185
2018-07-16,1677.16,1989.2,1996.0,1977.45,1990.0,2582159
2018-07-17,1691.48,2002.15,2009.0,1981.0,1989.0,3315492
2018-07-18,1689.87,2000.25,2011.7,1993.05,2005.0,2013869
2018-07-19,1673.95,1981.4,2010.45,1970.0,2002.1,1746318
2018-07-20,1686.79,1996.6,2000.0,1984.0,1984.9,1934995
2018-07-23,1694.43,2005.65,2009.95,1986.0,2001.0,2086201
2018-07-24,1688.81,1999.0,2015.0,1984.15,2015.0,2038423
2018-07-25,1674.03,1981.5,2002.0,1968.4,2001.9,1535492
2018-07-26,1659.84,1964.7,1985.0,1955.1,1974.95,3503036
2018-07-27,1642.14,1943.75,1964.65,1940.3,1960.85,2033977
2018-07-30,1642.86,1944.6,1954.7,1931.55,1943.0,1579251
2018-07-31,1639.14,1940.2,1947.0,1928.0,1942.0,2204803
2018-08-01,1669.81,1976.5,1981.55,1949.8,1949.95,2425180
2018-08-02,1646.07,1948.4,1985.0,1945.0,1980.0,1509287
2018-08-03,1672.3,1979.45,1982.05,1956.5,1956.5,1505131
2018-08-06,1669.0,1975.55,1998.95,1972.25,1997.0,1532249
2018-08-07,1662.08,1967.35,1979.15,1960.5,1978.2,1353521
2018-08-08,1667.69,1974.0,1978.3,1962.0,1972.0,1315062
2018-08-09,1667.99,1974.35,1980.8,1966.0,1980.0,2060297
2018-08-10,1683.83,1993.1,1996.5,1972.05,1980.95,2784105
2018-08-13,1689.79,2000.15,2004.25,1990.0,1997.8,3559575
2018-08-14,1692.66,2003.55,2024.6,1982.4,1992.0,3311765
2018-08-16,1696.84,2008.5,2020.05,1995.0,2000.3,2152065
2018-08-17,1700.43,2012.75,2021.9,2004.0,2013.85,1213731
2018-08-20,1698.07,2009.95,2024.0,2003.7,2024.0,1587032
2018-08-21,1704.57,2017.65,2024.0,2004.0,2010.15,1376866
2018-08-23,1719.31,2035.1,2038.0,2020.3,2022.8,3046791
2018-08-24,1725.99,2043.0,2046.0,2031.0,2035.1,1570533
2018-08-27,1732.66,2050.9,2059.0,2035.0,2043.0,1532702
2018-08-28,1748.12,2069.2,2072.0,2052.0,2055.0,1987983
2018-08-29,1750.49,2072.0,2076.6,2045.6,2072.5,1525867
2018-08-30,1759.27,2082.4,2085.0,2065.5,2068.0,2408020
2018-08-31,1755.89,2078.4,2092.0,2074.0,2082.3,2504554
2018-09-03,1734.35,2052.9,2090.0,2048.4,2084.8,1439711
2018-09-04,1773.21,2098.9,2104.75,2056.95,2059.8,4420803
2018-09-05,1756.61,2079.25,2107.25,2075.05,2100.0,1681106
2018-09-06,1753.28,2075.3,2081.5,2060.3,2075.0,2238097
2018-09-07,1757.12,2079.85,2084.0,2065.4,2079.3,1312182
2018-09-10,1757.88,2080.75,2093.4,2074.25,2084.4,1530539
2018-09-11,1728.73,2046.25,2089.0,2042.2,2089.0,3679745
2018-09-12,1726.79,2043.95,2068.9,2040.0,2052.35,2307661
2018-09-14,1744.91,2065.4,2071.55,2018.15,2044.0,3642038
2018-09-17,1752.3,2074.15,2077.8,2054.55,2070.0,1033857
2018-09-18,1749.43,2070.75,2078.8,2057.6,2073.0,1456507
2018-09-19,1755.47,2077.9,2089.0,2066.85,2071.9,1301268
2018-09-21,1776.8,2103.15,2121.0,2050.15,2077.0,4508530
2018-09-24,1857.32,2198.45,2210.5,2098.15,2115.0,3032226
2018-09-25,1844.43,2183.2,2211.9,2153.8,2204.9,2868778
2018-09-26,1809.75,2142.15,2199.0,2135.1,2187.0,1970951
2018-09-27,1849.21,2188.85,2209.7,2135.8,2141.9,3311802
2018-09-28,1844.86,2183.7,2190.0,2158.85,2178.0,2904371
2018-10-01,1905.56,2255.55,2275.95,2190.35,2190.9,3772208
2018-10-03,1827.24,2162.85,2255.0,2155.6,2250.3,3902322
2018-10-04,1744.4,2064.8,2156.65,2056.35,2156.6,4762419
2018-10-05,1776.38,2102.65,2120.0,2020.9,2050.0,3417624
2018-10-08,1755.18,2077.55,2122.2,2048.15,2102.65,2010154
2018-10-09,1767.21,2091.8,2107.65,2053.2,2080.35,1867130
2018-10-10,1726.49,2043.6,2105.95,2029.0,2100.0,2749573
2018-10-11,1672.72,1979.95,2013.0,1941.0,1985.0,4700256
2018-10-12,1620.64,1918.3,1978.0,1903.0,1978.0,9373289
2018-10-15,1647.0,1949.5,1955.55,1920.0,1940.0,2638151
2018-10-16,1657.81,1962.3,1971.9,1935.0,1958.0,2815425
2018-10-17,1630.01,1929.4,1989.0,1920.0,1970.0,2779207
2018-10-19,1616.33,1913.2,1929.0,1870.05,1929.0,3428776
2018-10-22,1607.71,1903.0,1916.0,1886.95,1914.0,1778496
2018-10-23,1560.85,1843.65,1898.0,1837.0,1888.0,2752811
2018-10-24,1564.96,1848.5,1874.0,1811.1,1852.05,2735913
2018-10-25,1568.77,1853.0,1876.9,1825.05,1844.0,2507233
2018-10-26,1523.13,1799.1,1853.9,1791.1,1853.9,2285970
2018-10-29,1584.01,1871.0,1877.95,1784.35,1808.7,2609483
2018-10-30,1604.15,1894.8,1909.4,1845.0,1867.0,2404883
2018-10-31,1640.86,1938.15,1943.9,1875.45,1900.0,2769190
2018-11-01,1638.82,1935.75,1944.35,1901.3,1943.65,2769759
2018-11-02,1619.94,1913.45,1954.6,1905.0,1934.2,1818635
2018-11-05,1600.81,1890.85,1927.35,1884.75,1910.0,1713366
2018-11-06,1636.24,1932.7,1937.5,1891.0,1894.0,1398710
2018-11-07,1644.24,1942.15,1949.0,1937.0,1940.0,144530
2018-11-09,1616.35,1909.2,1961.95,1905.0,1961.0,2570479
2018-11-12,1621.13,1914.85,1946.1,1908.5,1908.5,2552008
2018-11-13,1638.15,1934.95,1939.0,1903.0,1915.0,1418432
2018-11-14,1592.18,1880.65,1929.9,1870.0,1925.0,2422318
2018-11-15,1585.57,1872.85,1899.0,1857.6,1864.0,1829123
2018-11-16,1597.21,1886.6,1899.8,1870.25,1889.0,1829729
2018-11-19,1610.63,1902.45,1907.35,1864.3,1899.0,1740628
2018-11-20,1590.14,1878.25,1902.0,1874.2,1902.0,1190182
2018-11-21,1534.06,1812.0,1871.05,1798.55,1871.0,3840461
2018-11-22,1534.52,1812.55,1847.6,1809.95,1820.0,3194219
2018-11-26,1562.93,1846.1,1860.0,1784.5,1819.0,4333177
2018-11-27,1600.3,1890.25,1897.9,1835.35,1854.0,3344839
2018-11-28,1679.59,1983.9,1989.0,1882.5,1889.0,5313249
2018-11-29,1659.82,1960.55,1997.0,1942.55,1997.0,4035441
2018-11-30,1666.34,1968.25,1991.0,1959.85,1966.0,5268901
2018-12-03,1678.32,1982.4,1990.0,1968.3,1984.0,1610576
2018-12-04,1702.4,2010.85,2019.4,1971.0,1983.0,3270615
2018-12-05,1698.93,2006.75,2018.0,1985.0,2006.0,2501539
2018-12-06,1687.04,1992.7,2017.0,1979.6,1998.0,2321216
2018-12-07,1689.16,1995.2,2003.9,1973.0,1985.05,1680420
2018-12-10,1672.73,1975.8,2011.0,1960.0,1975.0,2010786
2018-12-11,1693.22,2000.0,2010.0,1961.0,1970.0,2942014
2018-12-12,1707.44,2016.8,2022.0,1984.95,2001.1,2219993
2018-12-13,1678.49,1982.6,2029.7,1974.5,2024.0,3748429
2018-12-14,1684.54,1989.75,1998.95,1975.25,1983.0,2473761
2018-12-17,1688.39,1994.3,2004.9,1985.0,1999.0,1227921
2018-12-18,1682.93,1987.85,2002.0,1976.4,1991.9,1768742
2018-12-19,1666.51,1968.45,1984.8,1960.05,1984.8,2498833
2018-12-20,1654.32,1954.05,1974.9,1946.0,1953.8,1940277
2018-12-21,1605.0,1895.8,1950.0,1886.55,1948.0,3729956
2018-12-24,1624.22,1918.5,1938.9,1905.0,1905.8,1864116
2018-12-26,1599.41,1889.2,1921.8,1870.25,1921.8,2446614
2018-12-27,1616.13,1908.95,1941.7,1872.1,1909.0,4968201
2018-12-28,1605.21,1896.05,1920.0,1893.0,1915.0,2239130
2018-12-31,1602.67,1893.05,1909.0,1886.15,1908.0,1879740
2019-01-01,1610.93,1902.8,1910.0,1885.0,1896.0,1094883
2019-01-02,1628.28,1923.3,1934.45,1900.0,1905.0,2100463
2019-01-03,1608.52,1899.95,1944.95,1893.1,1919.0,2611668
2019-01-04,1588.96,1876.85,1901.2,1841.0,1900.0,4280862
2019-01-07,1606.78,1897.9,1908.8,1881.0,1891.8,1856423
2019-01-08,1603.1,1893.55,1906.4,1883.3,1905.4,1691756
2019-01-09,1597.51,1886.95,1919.0,1866.7,1907.4,2414376
2019-01-10,1598.86,1888.55,1905.0,1872.1,1890.0,3053461
2019-01-11,1559.92,1842.55,1875.0,1835.0,1870.0,9209862
2019-01-14,1535.11,1813.25,1851.0,1810.0,1850.0,3615370
2019-01-15,1581.3,1867.8,1869.35,1808.0,1810.0,7711653
2019-01-16,1583.29,1870.15,1875.0,1847.0,1870.0,2359280
2019-01-17,1607.17,1894.3,1898.0,1871.3,1878.0,2625816
2019-01-18,1612.56,1900.65,1904.2,1876.0,1881.0,1683728
2019-01-21,1619.39,1908.7,1932.0,1895.45,1902.0,2409803
2019-01-22,1613.62,1901.9,1918.25,1890.0,1907.1,2457093
2019-01-23,1591.3,1875.6,1906.1,1870.0,1901.0,2578169
2019-01-24,1613.32,1901.55,1905.25,1875.0,1884.8,1962927
2019-01-25,1629.65,1920.8,1935.0,1901.0,1902.0,2327080
2019-01-28,1658.67,1955.0,1962.0,1925.5,1933.0,2769033
2019-01-29,1682.21,1982.75,1989.05,1936.65,1962.0,2557626
2019-01-30,1681.07,1981.4,1989.5,1954.65,1979.6,2429575
2019-01-31,1708.81,2014.1,2019.75,1985.0,1987.0,4094319
2019-02-01,1722.26,2029.95,2034.75,1998.1,2009.5,3064163
2019-02-04,1739.48,2050.25,2055.45,2023.0,2029.95,1590764
2019-02-05,1734.64,2044.55,2055.0,2028.0,2050.0,1111404
2019-02-06,1760.31,2074.8,2086.85,2041.05,2049.9,1789812
2019-02-07,1767.18,2082.9,2097.95,2067.0,2074.75,1339945
2019-02-08,1748.94,2061.4,2089.5,2051.0,2075.0,1684474
2019-02-11,1752.76,2065.9,2096.0,2048.9,2060.0,1778730
2019-02-12,1740.63,2051.6,2070.0,2018.0,2070.0,2422903
2019-02-14,1734.69,2044.6,2075.0,2033.05,2060.05,1724085
2019-02-15,1722.05,2029.7,2052.0,2010.95,2049.0,1930065
2019-02-18,1671.65,1970.3,2041.95,1962.65,2037.6,2942184
2019-02-19,1616.08,1904.8,1971.0,1892.0,1970.0,4408554
2019-02-20,1624.52,1914.75,1933.8,1881.3,1915.0,4645778
2019-02-21,1624.05,1914.2,1940.0,1897.05,1914.75,4683919
2019-02-22,1633.77,1925.65,1930.0,1905.1,1917.2,2271955
2019-02-25,1684.25,1985.15,1990.0,1930.5,1932.5,2934880
2019-02-26,1729.68,2038.7,2045.15,1972.25,1984.0,6453309
2019-02-27,1746.14,2058.1,2074.95,2022.0,2040.0,4732082
2019-02-28,1682.81,1983.45,2071.35,1977.6,2060.0,8454295
2019-03-01,1692.95,1995.4,2005.0,1980.35,1995.05,4148548
2019-03-05,1686.75,1988.1,2007.0,1976.6,2005.0,2449622
2019-03-06,1696.51,1999.6,2015.0,1985.05,1989.3,2635047
2019-03-07,1708.13,2013.3,2024.05,2000.2,2005.0,2539884
2019-03-08,1716.11,2022.7,2033.0,2010.05,2025.0,2031071
2019-03-11,1709.4,2014.8,2033.0,2003.65,2028.9,3111689
2019-03-12,1707.41,2012.45,2024.8,2003.0,2014.05,2658550
2019-03-13,1697.27,2000.5,2015.9,1978.6,2013.0,1833163
2019-03-14,1686.16,1987.4,2007.8,1981.0,2004.95,1905495
2019-03-15,1730.74,2039.95,2068.95,1991.0,1998.9,5184318
2019-03-18,1716.19,2022.8,2064.6,2011.0,2043.0,2349915
2019-03-19,1716.19,2022.8,2030.0,1995.1,2030.0,2373993
2019-03-20,1709.62,2015.05,2044.8,2000.0,2028.0,3091165
2019-03-22,1701.64,2005.65,2016.0,1983.3,2015.0,3148149
2019-03-25,1683.49,1984.25,2007.8,1977.2,2007.8,2429205
2019-03-26,1682.13,1982.65,1994.95,1958.05,1984.0,2316539
2019-03-27,1669.61,1967.9,1998.0,1961.0,1994.0,2266166
2019-03-28,1697.1,2000.3,2014.6,1972.8,1980.0,4054489
2019-04-01,1723.7,2031.65,2039.95,2008.25,2010.0,2095740
2019-04-02,1764.13,2079.3,2086.0,2037.0,2037.1,3719663
2019-04-03,1764.13,2079.3,2089.6,2058.1,2085.0,2939886
2019-04-04,1709.15,2014.5,2079.7,2007.4,2078.15,4397518
2019-04-05,1737.83,2048.3,2054.4,2018.8,2028.65,3152103
2019-04-08,1756.87,2070.75,2075.0,2032.7,2059.0,2194294
2019-04-09,1774.48,2091.5,2098.0,2057.65,2070.0,2690970
2019-04-10,1731.0,2040.25,2085.5,2036.0,2083.0,3313062
2019-04-11,1713.39,2019.5,2055.0,2013.65,2045.0,3422442
2019-04-12,1709.15,2014.5,2039.0,2007.0,2038.0,3198471
2019-04-15,1792.97,2113.3,2119.8,2041.0,2070.0,9189201
2019-04-16,1808.67,2131.8,2155.95,2115.55,2120.0,5771952
2019-04-18,1824.15,2150.05,2155.0,2114.2,2149.9,3413728
2019-04-22,1833.83,2161.45,2176.0,2145.6,2148.0,2007135
2019-04-23,1828.4,2155.05,2165.5,2134.05,2163.0,2163524
2019-04-24,1852.49,2183.45,2195.0,2156.1,2158.0,3003071
2019-04-25,1862.29,2195.0,2205.0,2168.05,2175.0,4211526
2019-04-26,1899.24,2238.55,2243.95,2193.15,2203.0,2716958
2019-04-30,1917.73,2260.35,2266.95,2230.1,2238.55,3488395
2019-05-02,1879.6,2215.4,2259.4,2211.1,2255.0,2457699
2019-05-03,1808.84,2132.0,2186.05,2125.0,2185.0,3780886
2019-05-06,1830.77,2157.85,2165.0,2108.5,2110.0,2891422
2019-05-07,1825.77,2151.95,2184.35,2138.8,2160.05,2201698
2019-05-08,1826.53,2152.85,2168.0,2130.4,2151.0,1824895
2019-05-09,1843.24,2172.55,2184.1,2136.1,2145.0,2264162
2019-05-10,1812.06,2135.8,2192.0,2125.85,2175.0,2039633
2019-05-13,1806.08,2128.75,2167.0,2121.65,2133.0,1701744
2019-05-14,1775.2,2092.35,2159.8,2072.35,2135.0,2456110
2019-05-15,1777.79,2095.4,2124.0,2084.5,2097.0,2346876
2019-05-16,1789.11,2108.75,2124.0,2077.05,2096.0,1946529
2019-05-17,1777.83,2095.45,2135.0,2090.0,2112.6,1947908
2019-05-20,1818.98,2143.95,2151.4,2050.0,2125.0,2625116
2019-05-21,1789.96,2109.75,2148.7,2102.55,2148.05,1863157
2019-05-22,1766.21,2081.75,2121.95,2075.0,2110.0,2595795
2019-05-23,1742.71,2054.05,2115.35,2050.0,2098.0,2541294
2019-05-24,1737.57,2048.0,2070.0,2032.25,2070.0,2274208
2019-05-27,1743.64,2055.15,2068.95,2040.1,2054.8,2329820
2019-05-28,1759.42,2073.75,2097.5,2045.0,2060.0,5872979
2019-05-29,1788.1,2107.55,2123.7,2077.1,2080.0,3281320
2019-05-30,1820.97,2146.3,2156.55,2114.4,2123.0,4971725
2019-05-31,1863.61,2196.55,2204.95,2152.25,2160.0,4265370
2019-06-03,1902.42,2242.3,2247.65,2185.65,2201.0,3682419
2019-06-04,1867.18,2183.1,2224.0,2175.0,2224.0,2408658
2019-06-06,1852.64,2166.1,2199.0,2152.0,2199.0,3735467
2019-06-07,1866.03,2181.75,2189.8,2142.1,2174.0,2659446
2019-06-10,1908.58,2231.5,2235.85,2185.5,2196.7,2080593
2019-06-11,1926.8,2252.8,2263.95,2231.0,2237.0,3048937
2019-06-12,1933.72,2260.9,2266.9,2219.0,2245.0,2404448
2019-06-13,1927.91,2254.1,2285.0,2243.05,2264.0,3320916
2019-06-14,1928.25,2254.5,2263.1,2234.0,2257.25,2131408
2019-06-17,1923.72,2249.2,2262.0,2241.45,2256.0,1489497
2019-06-18,1925.13,2250.85,2260.0,2231.2,2244.0,1877447
2019-06-19,1932.87,2259.9,2276.0,2243.15,2255.0,1652817
2019-06-20,1948.31,2277.95,2284.0,2212.0,2230.0,2199377
2019-06-21,1924.27,2249.85,2292.5,2242.0,2285.0,3871804
2019-06-24,1946.21,2275.5,2280.0,2250.8,2254.15,1382424
2019-06-25,1939.63,2267.8,2274.45,2250.5,2270.0,1386077
2019-06-26,1927.99,2254.2,2266.8,2250.0,2265.0,1762224
2019-06-27,1926.58,2252.55,2264.0,2241.3,2255.0,2813464
2019-06-28,1904.9,2227.2,2261.95,2222.5,2260.0,2372928
2019-07-01,1915.46,2239.55,2255.0,2206.6,2235.0,2769940
2019-07-02,1926.2,2252.1,2257.0,2216.45,2244.9,1771746
2019-07-03,1913.84,2237.65,2258.8,2232.0,2252.2,1656881
2019-07-04,1918.12,2242.65,2252.0,2230.1,2234.0,984140
2019-07-05,1850.08,2163.1,2250.0,2140.0,2247.0,4088470
2019-07-08,1860.6,2175.4,2188.8,2132.1,2149.0,2788062
2019-07-09,1824.63,2133.35,2174.4,2104.55,2174.0,3977224
2019-07-10,1803.12,2108.2,2127.85,2071.3,2080.0,6343581
2019-07-11,1798.29,2102.55,2129.0,2086.05,2128.0,2400346
2019-07-12,1802.61,2107.6,2119.75,2093.1,2102.1,1560725
2019-07-15,1835.2,2145.7,2153.6,2098.0,2125.0,2900415
2019-07-16,1805.45,2106.0,2132.5,2100.0,2126.0,2735399
2019-07-17,1815.09,2117.25,2125.0,2092.1,2108.0,1802969
2019-07-18,1771.11,2065.95,2116.2,2060.0,2116.2,3072096
2019-07-19,1780.54,2076.95,2097.0,2062.5,2077.0,1953177
2019-07-22,1808.79,2109.9,2117.45,2068.8,2077.0,1920167
2019-07-23,1810.98,2112.45,2130.0,2102.4,2127.9,3538588
2019-07-24,1797.56,2096.8,2120.8,2076.5,2110.0,2413196
2019-07-25,1824.22,2127.9,2135.0,2092.55,2108.9,2544464
2019-07-26,1808.06,2109.05,2129.8,2095.0,2129.8,1720592
2019-07-29,1826.02,2130.0,2142.0,2103.3,2110.8,1647090
2019-07-30,1868.16,2179.15,2185.0,2120.45,2130.0,2851672
2019-07-31,1890.92,2205.7,2211.7,2147.15,2171.75,3000677
2019-08-01,1868.93,2180.05,2217.5,2166.25,2200.0,2375236
2019-08-02,1890.58,2205.3,2210.0,2165.5,2173.0,2500816
2019-08-05,1927.7,2248.6,2252.25,2195.6,2199.9,3039682
2019-08-06,1898.81,2214.9,2251.95,2211.45,2232.8,2885467
2019-08-07,1897.56,2213.45,2238.5,2207.25,2230.0,2165362
2019-08-08,1935.84,2258.1,2281.0,2218.9,2228.9,2073298
2019-08-09,1925.68,2246.25,2267.9,2241.35,2260.0,1744550
2019-08-13,1885.56,2199.45,2246.25,2194.3,2245.0,1647281
2019-08-14,1889.8,2204.4,2217.85,2167.4,2181.1,1945002
2019-08-16,1856.11,2165.1,2241.4,2143.25,2241.4,3755507
2019-08-19,1854.31,2163.0,2186.0,2157.7,2180.0,974884
2019-08-20,1874.67,2186.75,2205.0,2166.5,2172.0,1843611
2019-08-21,1874.2,2186.2,2202.0,2182.25,2184.95,1214408
2019-08-22,1899.75,2216.0,2235.65,2170.0,2187.0,2131601
2019-08-23,1926.92,2247.7,2259.9,2213.9,2214.95,2826425
2019-08-26,1951.44,2276.3,2282.0,2225.0,2247.0,2345475
2019-08-27,1917.32,2236.5,2274.85,2229.0,2270.0,3432106
2019-08-28,1919.68,2239.25,2252.15,2216.0,2240.0,1294621
2019-08-29,1914.71,2233.45,2248.2,2222.2,2222.2,1670652
2019-08-30,1937.13,2259.6,2266.0,2218.0,2241.0,2583625
2019-09-03,1930.27,2251.6,2296.2,2236.95,2270.0,2545060
2019-09-04,1924.95,2245.4,2270.0,2233.0,2265.0,2228092
2019-09-05,1899.15,2215.3,2253.65,2207.3,2242.2,2055943
2019-09-06,1883.89,2197.5,2233.5,2192.6,2216.0,1890550
2019-09-09,1871.33,2182.85,2202.85,2179.8,2200.0,1703945
2019-09-11,1846.6,2154.0,2195.0,2146.55,2186.0,2627440
2019-09-12,1829.11,2133.6,2165.0,2120.35,2155.0,2118859
2019-09-13,1836.27,2141.95,2157.95,2115.55,2135.0,2291174
2019-09-16,1843.17,2150.0,2173.4,2126.4,2159.95,2597948
2019-09-17,1819.72,2122.65,2156.55,2105.6,2154.95,2796530
2019-09-18,1833.35,2138.55,2142.95,2113.15,2126.4,1454663
2019-09-19,1801.98,2101.95,2135.8,2091.0,2135.0,1652691
2019-09-20,1770.68,2065.45,2129.4,2057.0,2104.9,6941979
2019-09-23,1728.12,2015.8,2099.0,1975.0,2099.0,6323401
2019-09-24,1752.9,2044.7,2061.0,2013.0,2015.0,4620978
2019-09-25,1790.4,2088.45,2092.0,2060.05,2065.0,4002232
2019-09-26,1789.67,2087.6,2107.0,2063.0,2097.9,4234281
2019-09-27,1762.71,2056.15,2085.2,2051.4,2085.0,2046795
2019-09-30,1799.7,2099.3,2104.0,2060.0,2061.85,2620039
2019-10-01,1765.97,2059.95,2095.95,2039.7,2095.95,3342877
2019-10-03,1766.23,2060.25,2081.15,2046.15,2070.0,2317618
2019-10-04,1782.6,2079.35,2087.95,2054.95,2060.6,2163251
2019-10-07,1755.47,2047.7,2094.5,2041.0,2080.0,2177916
2019-10-09,1731.81,2020.1,2060.0,2015.5,2060.0,2066920
2019-10-10,1718.39,2004.45,2039.05,1997.1,2028.0,2881452
2019-10-11,1703.3,1986.85,1995.0,1925.0,1931.0,12593069
2019-10-14,1732.58,2021.0,2032.75,1968.0,1995.0,3510704
2019-10-15,1746.55,2037.3,2047.0,2022.7,2032.0,2261310
2019-10-16,1754.35,2046.4,2056.0,2016.0,2038.0,3034082
2019-10-17,1780.26,2030.95,2038.0,1999.3,2014.0,3818774
2019-10-18,1803.4,2057.35,2063.9,2025.0,2037.5,3087901
2019-10-22,1798.18,2051.4,2111.5,2040.05,2080.0,5552505
2019-10-23,1814.57,2070.1,2083.85,2052.5,2060.0,2348134
2019-10-24,1825.0,2082.0,2099.0,2061.3,2084.0,2798671
2019-10-25,1862.65,2124.95,2130.0,2075.05,2094.0,3954245
2019-10-27,1854.54,2115.7,2129.0,2108.8,2129.0,224405
2019-10-29,1923.92,2194.85,2201.7,2121.5,2121.5,5064173
2019-10-30,1974.72,2252.8,2260.0,2176.85,2225.0,5195136
2019-10-31,1989.49,2269.65,2284.95,2237.0,2250.0,4879261
2019-11-01,1929.23,2200.9,2275.0,2195.0,2264.0,4172620
2019-11-04,1923.14,2193.95,2229.2,2180.9,2207.0,2646411
2019-11-05,1930.06,2201.85,2211.0,2169.0,2197.0,2693475
2019-11-06,1918.36,2188.5,2210.8,2179.0,2200.0,2540719
2019-11-07,1915.6,2185.35,2204.5,2175.2,2204.5,1915598
2019-11-08,1867.04,2129.95,2189.6,2124.0,2189.6,2788759
2019-11-11,1841.61,2100.95,2139.0,2091.0,2135.0,2983768
2019-11-13,1909.68,2178.6,2183.8,2118.0,2118.0,3823365
2019-11-14,1925.63,2196.8,2200.0,2146.7,2187.5,2995915
2019-11-15,1906.04,2174.45,2211.5,2168.75,2196.0,2724180
2019-11-18,1886.89,2152.6,2187.75,2148.75,2178.4,1611089
2019-11-19,1848.5,2108.8,2154.65,2105.0,2153.0,2975313
2019-11-20,1848.28,2108.55,2135.0,2094.5,2121.95,2894129
2019-11-21,1856.65,2118.1,2126.6,2107.4,2112.0,2052574
2019-11-22,1815.98,2071.7,2107.0,2060.5,2097.0,3742049
2019-11-25,1824.57,2081.5,2084.95,2052.2,2074.55,2737010
2019-11-26,1794.02,2046.65,2097.9,2035.05,2089.85,6561580
2019-11-27,1800.72,2054.3,2071.7,2046.55,2052.0,2907521
2019-11-28,1820.93,2077.35,2094.4,2060.0,2067.05,2924429
2019-11-29,1799.8,2053.25,2085.0,2045.8,2085.0,2064271
2019-12-02,1771.58,2021.05,2067.7,2016.0,2060.0,3809860
2019-12-03,1797.83,2051.0,2062.0,2010.0,2027.7,4664774
2019-12-04,1821.94,2078.5,2082.0,2045.5,2053.0,3334301
2019-12-05,1859.45,2121.3,2126.8,2068.35,2083.0,3902721
2019-12-06,1861.47,2123.6,2128.0,2101.0,2124.0,1829461
2019-12-09,1806.11,2060.45,2127.95,2053.5,2127.95,2244747
2019-12-10,1764.39,2012.85,2060.85,2003.25,2060.0,4520045
2019-12-11,1789.85,2041.9,2048.0,2006.75,2025.4,4943024
2019-12-12,1771.45,2020.9,2083.65,1984.0,2051.1,7137306
2019-12-13,1815.58,2071.25,2077.4,2007.0,2023.0,5711133
2019-12-16,1864.23,2126.75,2136.0,2080.3,2096.0,5574177
2019-12-17,1897.71,2164.95,2169.0,2119.0,2126.5,6059673
2019-12-18,1900.17,2167.75,2203.45,2153.0,2174.0,8251081
2019-12-19,1953.9,2229.05,2236.5,2167.55,2179.8,6251505
2019-12-20,1948.51,2222.9,2246.7,2208.25,2220.0,5548338
2019-12-23,1956.23,2231.7,2241.95,2210.0,2210.0,2247329
2019-12-24,1942.11,2215.6,2243.55,2211.15,2239.0,1805896
2019-12-26,1930.15,2201.95,2229.0,2195.2,2216.4,1880367
2019-12-27,1927.12,2198.5,2226.4,2176.0,2208.0,2720261
2019-12-30,1913.71,2183.2,2225.0,2177.1,2207.0,2288830
2019-12-31,1894.87,2161.7,2197.0,2157.45,2189.0,1909289
2020-01-01,1900.04,2167.6,2183.9,2154.0,2168.0,1354908
2020-01-02,1891.32,2157.65,2179.95,2149.2,2179.95,2380752
2020-01-03,1929.01,2200.65,2223.0,2164.0,2164.0,4655761
2020-01-06,1928.83,2200.45,2225.95,2187.9,2205.0,3023209
2020-01-07,1933.57,2205.85,2214.65,2183.8,2200.5,2429317
2020-01-08,1976.87,2255.25,2260.0,2202.05,2205.0,5197454
2020-01-09,1941.02,2214.35,2251.95,2210.0,2248.75,3734173
2020-01-10,1940.32,2213.55,2234.0,2208.0,2228.0,1915807
2020-01-13,1919.98,2190.35,2218.95,2184.7,2217.85,2843893
2020-01-14,1934.49,2206.9,2229.8,2195.0,2195.0,2948452
2020-01-15,1952.02,2226.9,2231.0,2194.2,2213.0,2620681
2020-01-16,1962.45,2238.8,2249.0,2215.0,2226.95,3117214
2020-01-17,1945.18,2219.1,2253.55,2213.0,2240.75,3281059
2020-01-20,1902.45,2170.35,2242.2,2156.2,2194.9,5817599
2020-01-21,1903.06,2171.05,2186.55,2158.05,2169.95,1902980
2020-01-22,1934.49,2206.9,2210.0,2173.7,2181.0,1773686
2020-01-23,1924.87,2190.95,2217.75,2183.7,2209.8,2069866
2020-01-24,1918.23,2183.4,2190.95,2170.0,2190.95,1319430
2020-01-27,1905.8,2169.25,2193.45,2165.0,2189.7,1549101
2020-01-28,1918.54,2183.75,2187.8,2152.0,2174.0,1743024
2020-01-29,1892.93,2154.6,2186.95,2150.0,2185.0,2306761
2020-01-30,1878.22,2137.85,2165.0,2125.0,2160.0,2098567
2020-01-31,1826.56,2079.05,2144.35,2071.6,2139.4,3287223
2020-02-03,1847.16,2102.5,2194.7,2093.2,2152.0,4728073
2020-02-04,1851.77,2107.75,2136.7,2086.6,2129.0,3509339
2020-02-05,1885.86,2146.55,2156.7,2104.3,2115.0,2439322
2020-02-06,1869.87,2128.35,2174.2,2115.5,2145.0,2640065
2020-02-07,1877.07,2136.55,2151.0,2119.0,2139.0,2083442
2020-02-10,1899.39,2161.95,2167.0,2119.0,2140.9,2383032
2020-02-11,1891.88,2153.4,2174.8,2147.6,2163.0,1335820
2020-02-12,1907.12,2170.75,2185.0,2150.0,2151.1,1620407
2020-02-13,1925.74,2191.95,2197.0,2171.0,2172.95,1645948
2020-02-14,1918.94,2184.2,2212.0,2171.0,2188.0,1500115
2020-02-17,1935.67,2203.25,2217.0,2190.2,2196.95,1774724
2020-02-18,1946.65,2215.75,2221.0,2186.05,2199.95,2486223
2020-02-19,1929.61,2196.35,2230.0,2190.5,2215.75,1760463
2020-02-20,1894.86,2156.8,2214.4,2151.25,2204.5,2317278
2020-02-24,1858.45,2115.35,2178.95,2106.7,2156.0,3092877
2020-02-25,1894.29,2156.15,2176.65,2111.0,2115.5,2674567
2020-02-26,1865.7,2123.6,2163.9,2112.95,2154.0,2686842
2020-02-27,1849.79,2105.5,2119.95,2086.2,2119.95,2349001
2020-02-28,1757.24,2000.15,2069.5,1990.0,2068.0,4298076
2020-03-02,1758.25,2001.3,2053.95,1985.7,2035.0,2667076
2020-03-03,1788.91,2036.2,2060.0,2012.0,2020.0,2757585
2020-03-04,1830.2,2083.2,2094.45,2025.0,2056.0,3237002
2020-03-05,1866.97,2125.05,2147.75,2084.05,2085.7,3937056
2020-03-06,1859.41,2116.45,2123.65,2071.6,2098.0,2595027
2020-03-09,1732.81,1972.35,2079.9,1935.0,2075.0,4940975
2020-03-11,1716.43,1953.7,1987.3,1920.0,1933.0,6796449
2020-03-12,1554.91,1769.85,1908.4,1758.35,1904.0,8728786
2020-03-13,1586.93,1806.3,1820.0,1506.05,1687.9,8029720
2020-03-16,1490.38,1696.4,1842.25,1675.85,1755.0,7844271
2020-03-17,1456.64,1658.0,1731.0,1623.15,1730.0,5713248
2020-03-18,1453.48,1654.4,1713.55,1627.75,1676.8,7258778
2020-03-19,1448.12,1636.35,1685.45,1546.75,1559.7,5135111
2020-03-20,1590.69,1797.45,1869.0,1627.0,1630.0,8547498
2020-03-23,1477.64,1669.7,1750.0,1617.75,1620.0,7003490
2020-03-24,1507.24,1703.15,1770.0,1632.85,1653.05,6350865
2020-03-25,1548.97,1750.3,1810.0,1680.0,1700.0,2765520
2020-03-26,1584.94,1790.95,1832.05,1722.55,1831.6,4556067
2020-03-27,1614.63,1824.5,1850.0,1750.4,1820.0,4331250
2020-03-30,1573.92,1778.5,1905.0,1763.55,1766.0,8513547
2020-03-31,1616.05,1826.1,1855.0,1780.0,1837.4,3927593
2020-04-01,1512.2,1708.75,1834.75,1702.0,1825.9,4941878
2020-04-03,1463.92,1654.2,1740.0,1650.0,1740.0,5735369
2020-04-07,1571.0,1775.2,1785.85,1705.0,1710.0,5427577
2020-04-08,1509.28,1705.45,1806.0,1701.0,1760.0,6285615
2020-04-09,1562.99,1766.15,1778.8,1731.2,1750.45,5307397
2020-04-13,1556.89,1759.25,1787.0,1746.0,1761.0,2990438
2020-04-15,1535.56,1735.15,1812.0,1727.8,1785.0,4761399
2020-04-16,1518.66,1716.05,1764.9,1675.05,1709.95,6245533
2020-04-17,1598.44,1806.2,1851.95,1753.0,1800.0,9895823
2020-04-20,1609.46,1818.65,1830.0,1802.5,1830.0,3244282
2020-04-21,1537.77,1737.65,1794.6,1727.7,1765.0,5122541
2020-04-22,1565.96,1769.5,1790.0,1719.15,1737.65,3829836
2020-04-23,1662.2,1878.25,1900.0,1760.85,1780.0,5934366
2020-04-24,1609.37,1818.55,1851.95,1807.8,1840.7,2987102
2020-04-27,1625.34,1836.6,1875.0,1825.0,1832.3,3374741
2020-04-28,1645.21,1859.05,1868.0,1832.6,1865.0,2678505
2020-04-29,1686.45,1905.65,1912.55,1850.05,1874.0,4241510
2020-04-30,1782.73,2014.45,2032.0,1942.2,1980.0,5915544
2020-05-04,1708.4,1930.45,1966.0,1913.65,1966.0,3729348
2020-05-05,1710.43,1932.75,1977.0,1927.0,1955.1,2905528
2020-05-06,1684.63,1903.6,1953.7,1893.6,1939.8,3517431
2020-05-07,1674.06,1891.65,1934.45,1883.35,1910.0,3166754
2020-05-08,1675.61,1893.4,1939.5,1886.25,1939.1,2686530
2020-05-11,1712.69,1935.3,1951.4,1909.0,1909.0,2449841
2020-05-12,1725.25,1949.5,1956.5,1910.25,1933.4,3256595
2020-05-13,1725.39,1949.65,1994.0,1925.65,1994.0,2656665
2020-05-14,1683.53,1902.35,1923.1,1891.1,1910.0,2263146
2020-05-15,1675.16,1892.9,1917.4,1865.2,1916.0,3173682
2020-05-18,1721.8,1945.6,1952.95,1872.1,1907.0,3727694
2020-05-19,1724.5,1948.65,1966.45,1903.0,1903.0,3198693
2020-05-20,1728.88,1953.6,1962.9,1931.7,1950.0,2778505
2020-05-21,1762.16,1991.2,1998.0,1941.15,1946.0,3400908
2020-05-22,1787.95,2020.35,2032.0,1961.25,1977.1,3663418
2020-05-26,1719.5,1943.0,2024.0,1925.0,2015.0,4575317
2020-05-27,1774.64,2005.3,2010.0,1941.25,1959.0,3482160
2020-05-28,1773.75,2004.3,2014.0,1971.3,1988.5,3475681
2020-05-29,1745.48,1972.35,2002.65,1962.4,1982.0,7237735
2020-06-01,1809.99,2045.25,2060.0,1981.1,1990.0,3747773
2020-06-02,1811.67,2047.15,2081.0,2040.05,2060.2,2443886
2020-06-03,1816.11,2046.15,2063.75,2020.0,2051.85,3699799
2020-06-04,1856.41,2091.55,2100.0,2046.75,2046.75,4048593
2020-06-05,1817.97,2048.25,2098.0,2040.3,2091.6,3573289
2020-06-08,1838.83,2071.75,2095.0,2062.1,2078.25,2957841
2020-06-09,1839.1,2072.05,2095.5,2060.25,2063.1,2909439
2020-06-10,1871.67,2108.75,2132.0,2073.5,2077.05,5168397
2020-06-11,1835.19,2067.65,2105.0,2061.8,2100.0,2269513
2020-06-12,1810.21,2039.5,2049.2,2011.0,2011.2,2842642
2020-06-15,1801.69,2029.9,2059.0,2000.95,2039.1,2399022
2020-06-16,1815.8,2045.8,2073.95,2031.0,2065.0,2146528
2020-06-17,1817.57,2047.8,2058.85,2026.55,2046.0,2703527
2020-06-18,1808.96,2038.1,2059.2,2025.2,2045.0,1944389
2020-06-19,1814.73,2044.6,2090.0,2032.0,2042.0,5681758
2020-06-22,1799.96,2027.95,2052.25,2019.15,2050.0,3196138
2020-06-23,1806.48,2035.3,2044.0,2010.0,2027.0,4205944
2020-06-24,1812.6,2042.2,2064.25,2031.6,2034.0,2560937
2020-06-25,1789.44,2016.1,2060.0,2009.25,2035.0,3043931
2020-06-26,1880.64,2118.85,2132.0,2019.95,2025.0,6300722
2020-06-29,1865.37,2101.65,2127.6,2091.3,2108.0,3076341
2020-06-30,1848.06,2082.15,2111.9,2075.05,2100.0,3071725
2020-07-01,1856.85,2092.05,2113.95,2079.5,2079.7,2503466
2020-07-02,1914.63,2157.15,2165.0,2098.0,2102.0,3758699
2020-07-03,1952.35,2199.65,2205.0,2160.25,2163.65,4185208
2020-07-06,2008.76,2263.2,2269.9,2205.0,2205.0,5190366
2020-07-07,2014.7,2269.9,2302.7,2232.15,2275.0,5630055
2020-07-08,1969.44,2218.9,2274.4,2207.6,2270.0,2793358
2020-07-09,1956.52,2204.35,2244.5,2191.05,2229.0,3443998
2020-07-10,1972.5,2222.35,2249.85,2176.0,2205.25,9610320
2020-07-13,1970.41,2220.0,2244.95,2210.0,2220.0,2963503
2020-07-14,1927.77,2171.95,2239.0,2165.0,2210.0,2976738
2020-07-15,1982.75,2233.9,2260.0,2181.1,2185.0,5569321
2020-07-16,1987.95,2234.75,2333.0,2220.1,2244.0,8582118
2020-07-17,1957.71,2200.75,2243.9,2190.05,2237.0,4509135
2020-07-20,1964.07,2207.9,2226.9,2190.8,2201.0,2952646
2020-07-21,1979.33,2225.05,2238.65,2201.15,2230.0,2665286
2020-07-22,1948.99,2190.95,2231.0,2184.2,2231.0,2861534
2020-07-23,1931.42,2171.2,2190.95,2163.0,2190.95,2265766
2020-07-24,1919.15,2157.4,2163.0,2125.1,2154.5,3665100
2020-07-27,1963.09,2206.8,2215.0,2163.5,2165.0,4248480
2020-07-28,2054.67,2309.75,2320.0,2215.0,2215.0,8092319
2020-07-29,2024.69,2276.05,2342.0,2246.05,2292.0,6090431
2020-07-30,2027.76,2279.5,2358.0,2272.25,2285.9,7098496
2020-07-31,2029.45,2281.4,2334.8,2257.45,2303.15,4723290
2020-08-03,2005.21,2254.15,2303.85,2230.7,2290.45,4012337
2020-08-04,2001.25,2249.7,2269.65,2225.05,2259.95,2927928
2020-08-05,2009.97,2259.5,2300.0,2253.0,2260.0,3800641
2020-08-06,2053.2,2308.1,2319.5,2265.35,2275.0,4748047
2020-08-07,2041.86,2295.35,2328.0,2287.0,2308.0,3165491
2020-08-10,2030.7,2282.8,2325.0,2276.05,2318.0,2929353
2020-08-11,2028.12,2279.9,2312.0,2275.6,2283.0,2774423
2020-08-12,2008.06,2257.35,2296.4,2246.55,2288.35,3415751
2020-08-13,2005.48,2254.45,2300.0,2250.5,2273.0,2695682
2020-08-14,1994.54,2242.15,2281.3,2233.1,2277.0,2270405
2020-08-17,2004.55,2253.4,2270.0,2238.25,2263.0,2625630
2020-08-18,2019.09,2269.75,2289.0,2248.3,2262.8,3493374
2020-08-19,2007.39,2256.6,2284.6,2252.5,2276.35,2843005
2020-08-20,2004.06,2252.85,2276.55,2240.05,2257.0,2895164
2020-08-21,2000.28,2248.6,2271.0,2241.05,2260.0,1975294
2020-08-24,1999.83,2248.1,2259.95,2230.0,2250.6,2167966
2020-08-25,1994.98,2242.65,2250.0,2233.55,2245.0,1663419
2020-08-26,2004.63,2253.5,2259.9,2216.45,2242.0,2618149
2020-08-27,2000.1,2248.4,2287.35,2241.75,2266.0,3579393
2020-08-28,1991.34,2238.55,2279.95,2235.1,2268.4,2941136
2020-08-31,2007.97,2257.25,2276.2,2228.0,2240.0,6018154
2020-09-01,1998.27,2246.35,2278.0,2241.3,2269.0,3610908
2020-09-02,2015.0,2265.15,2268.75,2241.65,2247.0,2084137
2020-09-03,2045.55,2299.5,2324.0,2268.0,2268.0,4654146
2020-09-04,2036.04,2288.8,2324.25,2262.95,2275.0,5231303
2020-09-07,2070.06,2327.05,2343.5,2283.35,2289.0,4620401
2020-09-08,2088.88,2348.2,2390.45,2327.05,2335.95,7453998
2020-09-09,2070.6,2327.65,2359.0,2320.0,2325.0,3866535
2020-09-10,2073.71,2331.15,2348.5,2324.3,2335.0,2308813
2020-09-11,2111.92,2374.1,2383.0,2330.15,2330.95,4145424
2020-09-14,2216.26,2491.4,2505.75,2381.85,2384.1,7512131
2020-09-15,2216.26,2491.4,2538.0,2464.6,2491.4,7318770
2020-09-16,2226.58,2503.0,2507.6,2477.3,2488.95,3074003
2020-09-17,2189.17,2460.95,2495.75,2450.6,2480.0,4828176
2020-09-18,2179.34,2449.9,2500.4,2436.4,2485.0,4183256
2020-09-21,2193.04,2465.3,2504.9,2452.15,2465.0,4598809
2020-09-22,2244.33,2522.95,2555.0,2458.0,2485.0,7499613
2020-09-23,2194.96,2467.45,2519.85,2409.0,2510.0,7502280
2020-09-24,2074.69,2332.25,2450.0,2302.6,2450.0,8424708
2020-09-25,2154.79,2422.3,2440.0,2352.1,2368.0,8228267
2020-09-28,2158.35,2426.3,2444.0,2366.0,2440.0,4347166
2020-09-29,2213.59,2488.4,2511.05,2426.3,2434.85,6995811
2020-09-30,2217.06,2492.3,2505.0,2460.0,2489.0,3917166
2020-10-01,2244.77,2523.45,2540.0,2492.3,2510.0,2610337
2020-10-05,2406.98,2705.8,2728.1,2603.05,2620.0,17412105
2020-10-06,2414.55,2714.3,2736.0,2650.1,2736.0,9846367
2020-10-07,2433.8,2735.95,2770.0,2703.0,2742.0,9656101
2020-10-08,2513.64,2825.7,2885.0,2800.0,2800.0,19839329
2020-10-09,2502.3,2812.95,2829.85,2780.0,2810.0,7739245
2020-10-12,2517.47,2830.0,2854.0,2800.75,2815.5,4623203
2020-10-13,2514.4,2826.55,2854.9,2812.2,2845.0,4209878
2020-10-14,2509.98,2809.6,2842.0,2787.55,2842.0,4395936
2020-10-15,2448.34,2740.6,2827.75,2727.0,2811.0,6629355
2020-10-16,2468.61,2763.3,2771.65,2731.3,2750.1,5273773
2020-10-19,2422.38,2711.55,2774.0,2706.6,2774.0,3331194
2020-10-20,2446.91,2739.0,2759.9,2717.95,2725.0,3406273
2020-10-21,2390.09,2675.4,2749.0,2663.05,2739.0,4570143
2020-10-22,2386.29,2671.15,2686.65,2638.1,2661.0,5262294
2020-10-23,2400.27,2686.8,2702.0,2670.1,2687.8,3499091
2020-10-26,2401.52,2688.2,2709.95,2670.5,2689.95,2672752
2020-10-27,2349.66,2630.15,2718.15,2624.1,2699.75,3537502
2020-10-28,2342.56,2622.2,2655.95,2606.0,2650.0,3569445
2020-10-29,2351.9,2632.65,2655.0,2600.25,2608.0,3105968
2020-10-30,2380.66,2664.85,2674.35,2621.6,2636.1,3427003
2020-11-02,2326.84,2604.6,2664.85,2600.05,2660.0,2571196
2020-11-03,2352.75,2633.6,2665.0,2601.05,2604.0,2879269
2020-11-04,2370.21,2653.15,2721.85,2610.0,2610.0,4893928
2020-11-05,2399.29,2685.7,2710.0,2667.0,2685.0,2816502
2020-11-06,2418.72,2707.45,2713.25,2681.3,2699.0,3884421
2020-11-09,2435.83,2726.6,2744.0,2695.1,2731.1,3646592
2020-11-10,2367.04,2649.6,2713.15,2638.35,2697.2,4760020
2020-11-11,2401.17,2687.8,2692.8,2643.4,2667.95,3242441
2020-11-12,2386.2,2671.05,2713.0,2661.75,2686.0,2437505
2020-11-13,2373.52,2656.85,2664.9,2636.0,2655.75,2548093
2020-11-14,2385.58,2670.35,2689.0,2660.05,2677.95,298819
2020-11-17,2381.74,2666.05,2695.0,2650.05,2695.0,2827273
2020-11-18,2346.54,2626.65,2664.2,2607.05,2661.0,2893762
2020-11-19,2355.69,2636.9,2676.15,2630.85,2637.0,4167501
2020-11-20,2376.55,2660.25,2676.0,2627.55,2655.0,2711471
2020-11-23,2433.73,2724.25,2730.0,2665.0,2690.0,3706418
2020-11-24,2431.76,2722.05,2743.0,2705.0,2734.4,3120516
2020-11-25,2413.23,2701.3,2732.95,2688.2,2729.0,3302249
2020-11-26,2430.47,2720.6,2730.95,2680.0,2686.0,2341099
2020-11-27,2393.89,2679.65,2717.7,2669.05,2705.0,6086808
2020-12-01,2436.01,2726.8,2735.9,2624.45,2679.0,3605017
2020-12-02,2456.33,2749.55,2754.7,2702.45,2719.0,2509032
2020-12-03,2420.51,2709.45,2773.9,2700.8,2773.9,2852548
2020-12-04,2436.68,2727.55,2738.85,2699.0,2710.8,2686527
2020-12-07,2445.75,2737.7,2744.0,2706.15,2715.0,1996400
2020-12-08,2498.99,2797.3,2805.55,2732.45,2740.0,4277818
2020-12-09,2511.05,2810.8,2840.0,2793.15,2815.0,3659996
2020-12-10,2487.38,2784.3,2827.3,2780.25,2818.0,2127801
2020-12-11,2486.75,2783.6,2807.7,2764.55,2792.7,1795408
2020-12-14,2499.35,2797.7,2804.0,2756.25,2802.0,2483658
2020-12-15,2467.05,2761.55,2794.7,2755.0,2786.0,2365509
2020-12-16,2514.09,2814.2,2819.8,2760.45,2779.0,2565149
2020-12-17,2535.53,2838.2,2853.7,2805.0,2811.0,2863460
2020-12-18,2555.9,2861.0,2898.0,2846.2,2868.0,6076692
2020-12-21,2519.4,2820.15,2886.5,2785.0,2861.0,2705195
2020-12-22,2566.17,2872.5,2883.65,2818.65,2834.0,2881737
2020-12-23,2598.55,2908.75,2919.0,2865.45,2876.05,2790988
2020-12-24,2599.09,2909.35,2921.35,2883.2,2909.0,1807144
2020-12-28,2617.0,2929.4,2949.7,2902.0,2910.0,2108994
2020-12-29,2617.98,2930.5,2952.0,2920.0,2920.0,1994151
2020-12-30,2599.05,2909.3,2947.7,2902.0,2934.4,2637968
2020-12-31,2557.46,2862.75,2905.0,2845.0,2900.0,4040956
2021-01-01,2615.97,2928.25,2940.0,2879.0,2880.0,2681440
2021-01-04,2715.32,3039.45,3050.75,2940.95,2950.0,5113293
2021-01-05,2763.16,3093.0,3114.25,3039.6,3039.6,5801309
2021-01-06,2726.08,3051.5,3113.5,3037.2,3100.0,3726716
2021-01-07,2709.38,3032.8,3080.85,3000.25,3075.0,3717827
2021-01-08,2788.08,3120.9,3128.0,3060.0,3090.0,5879039
2021-01-11,2837.71,3176.45,3230.0,3146.55,3230.0,9508039
2021-01-12,2836.28,3174.85,3210.0,3150.0,3176.45,3611458
2021-01-13,2822.07,3158.95,3177.0,3126.25,3175.0,3572801
2021-01-14,2909.56,3250.7,3266.5,3120.4,3155.0,6931542
2021-01-15,2894.03,3233.35,3274.0,3210.0,3235.0,4131692
2021-01-18,2883.65,3221.75,3256.75,3187.4,3250.0,4160906
2021-01-19,2918.51,3260.7,3279.0,3232.0,3233.0,2975735
2021-01-20,2961.57,3308.8,3327.95,3267.1,3270.0,3453446
2021-01-21,2930.28,3273.85,3309.15,3262.1,3305.0,2778546
2021-01-22,2956.46,3303.1,3325.0,3241.9,3241.9,3052459
2021-01-25,2945.9,3291.3,3339.8,3278.65,3308.95,2272887
2021-01-27,2918.83,3261.05,3306.45,3227.0,3300.0,2786662
2021-01-28,2861.1,3196.55,3275.0,3183.8,3230.0,3083938
2021-01-29,2784.84,3111.35,3216.85,3100.0,3210.05,5445659
2021-02-01,2809.9,3139.35,3165.0,3044.1,3100.0,3985846
2021-02-02,2867.27,3203.45,3224.0,3150.0,3174.0,2881837
2021-02-03,2864.23,3200.05,3236.0,3162.65,3213.0,2505866
2021-02-04,2853.85,3188.45,3237.85,3176.0,3216.05,2057261
2021-02-05,2826.55,3157.95,3205.85,3129.0,3198.95,2366135
2021-02-08,2876.81,3214.1,3226.0,3155.15,3189.5,2526592
2021-02-09,2843.51,3176.9,3245.8,3164.0,3195.0,2658751
2021-02-10,2876.09,3213.3,3219.4,3157.3,3185.0,2127983
2021-02-11,2869.55,3206.0,3219.3,3185.05,3215.0,1165882
2021-02-12,2855.95,3190.8,3245.5,3182.0,3184.2,2777404
2021-02-15,2810.35,3139.85,3209.0,3131.55,3209.0,2630853
2021-02-16,2782.55,3108.8,3167.65,3100.0,3150.0,3435770
2021-02-17,2750.6,3073.1,3132.85,3045.55,3105.1,3678426
2021-02-18,2736.5,3057.35,3097.9,3031.0,3065.0,4189909
2021-02-19,2749.48,3071.85,3087.15,3016.15,3058.0,3725028
2021-02-22,2647.98,2958.45,3096.0,2943.15,3096.0,5366696
2021-02-23,2667.45,2980.2,3028.0,2968.0,2970.0,3832829
2021-02-24,2638.72,2948.1,3003.35,2921.15,2972.0,3774549
2021-02-25,2680.97,2995.3,3029.9,2968.45,2974.0,4224073
2021-02-26,2590.57,2894.3,2972.35,2880.0,2960.0,5553153
2021-03-01,2617.33,2924.2,2965.0,2901.8,2926.0,3265871
2021-03-02,2690.86,3006.35,3025.0,2948.0,2960.0,3306469
2021-03-03,2738.07,3059.1,3064.0,2996.9,3035.0,3509857
2021-03-04,2729.66,3049.7,3081.45,3016.05,3023.0,3916760
2021-03-05,2692.38,3008.05,3063.2,2996.6,3016.1,3203686
2021-03-08,2691.39,3006.95,3033.0,2996.0,3016.0,2003125
2021-03-09,2730.78,3050.95,3066.9,2992.1,3006.95,1942397
2021-03-10,2748.68,3070.95,3093.2,3060.0,3075.0,3053778
2021-03-12,2737.04,3057.95,3117.0,3041.35,3075.0,2938317
2021-03-15,2744.38,3066.15,3099.0,3041.0,3041.0,3097083
2021-03-16,2783.67,3110.05,3141.0,3060.0,3060.0,4894756
2021-03-17,2786.27,3112.95,3155.0,3085.3,3105.0,3838390
2021-03-18,2717.84,3036.5,3146.45,2987.05,3125.95,3656306
2021-03-19,2730.1,3050.2,3099.0,3005.0,3030.0,5776626
2021-03-22,2801.22,3129.65,3139.45,3018.65,3048.7,2821646
2021-03-23,2812.81,3142.6,3169.0,3122.85,3140.0,3305973
2021-03-24,2793.56,3121.1,3152.3,3111.15,3111.2,2207104
2021-03-25,2743.22,3064.85,3130.85,3050.0,3112.2,3179786
2021-03-26,2744.96,3066.8,3118.0,3043.05,3090.65,3697370
2021-03-30,2827.08,3158.55,3188.45,3060.9,3083.0,4694008
2021-03-31,2844.36,3177.85,3205.0,3132.0,3155.0,3530069
2021-04-01,2832.86,3165.0,3215.0,3145.0,3191.1,4285076
2021-04-05,2899.0,3238.9,3263.0,3151.0,3171.0,5317862
2021-04-06,2922.09,3264.7,3275.0,3230.0,3275.0,2291562
2021-04-07,2928.09,3271.4,3277.55,3234.8,3259.0,2491268
2021-04-08,2969.22,3317.35,3335.0,3266.05,3270.0,2578118
2021-04-09,2973.6,3322.25,3354.35,3308.0,3354.0,2911129
2021-04-12,2905.85,3246.55,3338.1,3213.2,3322.25,3791828
2021-04-13,2778.3,3104.05,3214.0,3073.05,3214.0,8654596
2021-04-15,2881.15,3218.95,3237.25,3087.45,3160.3,6062760
2021-04-16,2859.84,3195.15,3247.0,3182.6,3229.0,3224657
2021-04-19,2829.99,3161.8,3189.0,3135.1,3169.0,2679106
2021-04-20,2814.55,3144.55,3225.35,3126.35,3225.0,3141893
2021-04-22,2791.51,3118.8,3148.0,3105.25,3148.0,1988980
2021-04-23,2783.18,3109.5,3119.0,3091.05,3105.0,1615309
2021-04-26,2775.39,3100.8,3153.0,3088.05,3102.05,2490260
2021-04-27,2803.32,3132.0,3136.1,3103.0,3106.0,1471417
2021-04-28,2796.25,3124.1,3151.0,3112.0,3149.95,1639037
2021-04-29,2788.33,3115.25,3157.35,3105.5,3145.6,1621395
2021-04-30,2717.08,3035.65,3132.05,3020.0,3099.0,3072305
2021-05-03,2718.29,3037.0,3055.0,3004.0,3024.9,1545831
2021-05-04,2729.7,3049.75,3090.0,3035.0,3062.8,1990777
2021-05-05,2770.83,3095.7,3099.4,3052.4,3070.0,1939289
2021-05-06,2784.93,3111.45,3134.0,3074.0,3105.5,1791671
2021-05-07,2804.13,3132.9,3159.85,3111.8,3133.0,1912540
2021-05-10,2815.4,3145.5,3164.2,3125.0,3145.95,2137153
2021-05-11,2794.91,3122.6,3128.1,3091.15,3125.0,2415625
2021-05-12,2763.58,3087.6,3120.0,3070.6,3120.0,1978558
2021-05-14,2731.27,3051.5,3098.5,3040.0,3098.5,2043935
2021-05-17,2747.6,3069.75,3075.2,3036.0,3055.0,2890462
2021-05-18,2764.65,3088.8,3124.0,3078.0,3100.0,2098538
2021-05-19,2758.57,3082.0,3118.0,3067.1,3084.0,1986041
2021-05-20,2738.88,3060.0,3088.8,3052.1,3067.1,2329027
2021-05-21,2757.23,3080.5,3088.2,3055.1,3061.0,1685566
2021-05-24,2758.12,3081.5,3105.0,3072.0,3081.5,1652260
2021-05-25,2800.84,3114.0,3128.25,3082.1,3092.0,1841613
2021-05-26,2840.87,3158.5,3165.0,3103.8,3120.0,1923753
2021-05-27,2860.21,3180.0,3217.75,3161.8,3161.95,5959785
2021-05-28,2827.47,3143.6,3198.0,3135.65,3189.5,1763701
2021-05-31,2841.45,3159.15,3170.35,3128.6,3150.0,1652799
2021-06-01,2835.92,3153.0,3169.95,3132.0,3168.6,1377441
2021-06-02,2814.74,3129.45,3159.45,3115.0,3150.85,2240078
2021-06-03,2825.35,3141.25,3154.55,3122.65,3154.55,1281706
2021-06-04,2827.6,3143.75,3156.85,3125.0,3128.0,1836060
2021-06-07,2863.08,3183.2,3190.45,3133.6,3145.0,2559821
2021-06-08,2878.33,3200.15,3231.0,3187.2,3198.0,2574057
2021-06-09,2878.42,3200.25,3220.0,3186.2,3202.0,1710925
2021-06-10,2893.31,3216.8,3224.0,3193.0,3210.0,1874324
2021-06-11,2944.57,3273.8,3309.0,3211.0,3211.55,3452954
2021-06-14,2946.87,3276.35,3308.7,3270.35,3279.0,1847360
2021-06-15,2934.63,3262.75,3298.0,3251.55,3298.0,1304985
2021-06-16,2945.07,3274.35,3294.7,3253.0,3262.1,1635552
2021-06-17,2984.1,3317.75,3336.05,3260.0,3265.5,2273413
2021-06-18,2965.71,3297.3,3358.0,3275.0,3350.9,3380431
2021-06-21,2943.94,3273.1,3286.0,3251.7,3265.0,1130569
2021-06-22,2969.22,3301.2,3327.05,3285.0,3304.0,1708688
2021-06-23,2933.42,3261.4,3329.0,3256.4,3329.0,1467104
2021-06-24,3034.34,3373.6,3383.0,3278.5,3284.0,4155204
2021-06-25,3040.81,3380.8,3399.65,3350.0,3375.25,2722861
2021-06-28,3001.19,3336.75,3391.5,3333.0,3391.5,1355238
2021-06-29,3004.88,3340.85,3366.3,3326.5,3342.0,1497322
2021-06-30,3009.29,3345.75,3382.0,3338.5,3346.0,1693146
2021-07-01,3005.47,3341.5,3362.0,3332.35,3358.0,990310
2021-07-02,2991.03,3325.45,3339.7,3295.2,3331.0,1682274
2021-07-05,2987.03,3321.0,3374.0,3302.0,3342.0,1972858
2021-07-06,2934.23,3262.3,3328.0,3256.1,3313.0,2159420
2021-07-07,2945.61,3274.95,3282.7,3241.6,3275.0,2640710
2021-07-08,2930.81,3258.5,3298.0,3231.9,3298.0,2485811
2021-07-09,2885.53,3208.15,3282.0,3201.0,3250.0,6365067
2021-07-12,2871.99,3193.1,3236.0,3188.35,3235.0,1892226
2021-07-13,2867.0,3187.55,3214.0,3175.0,3214.0,1809339
2021-07-14,2891.28,3214.55,3222.0,3185.0,3187.0,2044279
2021-07-15,2887.13,3202.95,3231.85,3194.0,3227.6,2232968
2021-07-16,2879.79,3194.8,3219.85,3192.0,3213.0,1256526
2021-07-19,2870.59,3184.6,3199.8,3176.0,3180.0,1597058
2021-07-20,2889.7,3205.8,3215.0,3156.15,3184.6,1811945
2021-07-22,2899.21,3216.35,3224.95,3190.0,3190.0,2859334
2021-07-23,2896.06,3212.85,3241.55,3206.65,3230.0,1776193
2021-07-26,2882.27,3197.55,3224.25,3190.85,3200.0,1259611
2021-07-27,2869.11,3182.95,3210.0,3161.15,3200.0,1121367
2021-07-28,2882.49,3197.8,3204.45,3132.4,3188.0,1660654
2021-07-29,2880.69,3195.8,3225.45,3190.3,3200.25,1731997
2021-07-30,2855.13,3167.45,3223.5,3162.35,3219.0,2999943
2021-08-02,2901.96,3219.4,3224.9,3167.0,3180.0,2608669
2021-08-03,2961.0,3284.9,3290.0,3218.95,3229.0,3804735
2021-08-04,2951.13,3273.95,3305.2,3261.2,3300.0,2929598
2021-08-05,2960.15,3283.95,3315.0,3262.5,3275.0,2534521
2021-08-06,2983.45,3309.8,3324.0,3265.0,3272.55,2292362
2021-08-09,2995.08,3322.7,3337.0,3310.0,3323.9,1510489
2021-08-10,3005.17,3333.9,3349.9,3315.6,3315.6,2040777
2021-08-11,3014.46,3344.2,3360.0,3327.1,3350.0,1929707
2021-08-12,3021.26,3351.75,3368.0,3326.0,3326.0,1310205
2021-08-13,3121.9,3463.4,3480.0,3357.5,3360.75,4363584
2021-08-16,3130.51,3472.95,3494.35,3436.5,3460.0,2083489
2021-08-17,3202.71,3553.05,3560.8,3463.0,3482.1,4336019
2021-08-18,3209.48,3560.55,3595.0,3536.6,3573.85,2631309
2021-08-20,3208.53,3559.5,3575.0,3500.0,3506.0,2836148
2021-08-23,3278.75,3637.4,3673.0,3561.9,3580.0,3744176
2021-08-24,3256.93,3613.2,3667.35,3594.4,3657.0,2511141
2021-08-25,3298.22,3659.0,3697.75,3607.05,3610.0,2123263
2021-08-26,3309.8,3671.85,3687.6,3647.9,3660.0,1902533
2021-08-27,3353.34,3720.15,3729.5,3651.1,3666.0,3944728
2021-08-30,3336.35,3701.3,3740.35,3687.6,3715.0,2033114
2021-08-31,3413.1,3786.45,3804.1,3703.45,3709.4,3207480
2021-09-01,3348.65,3714.95,3816.7,3707.0,3796.0,2643336
2021-09-02,3458.44,3836.75,3859.15,3722.0,3734.0,3403717
2021-09-03,3463.22,3842.05,3856.9,3804.55,3825.0,1746812
2021-09-06,3472.19,3852.0,3877.6,3814.0,3849.7,1723693
2021-09-07,3439.65,3815.9,3869.95,3808.25,3864.0,1585039
2021-09-08,3402.01,3774.15,3815.0,3756.0,3810.0,4147175
2021-09-09,3417.56,3791.4,3808.7,3765.0,3789.7,1441148
2021-09-13,3466.19,3845.35,3852.4,3767.0,3767.0,1691473
2021-09-14,3502.74,3885.9,3896.5,3825.0,3849.95,1991188
2021-09-15,3564.63,3954.55,3980.0,3866.0,3882.1,2461369
2021-09-16,3518.43,3903.3,3981.75,3892.1,3930.0,2946666
2021-09-17,3450.42,3827.85,3945.0,3805.0,3920.0,6477148
2021-09-20,3446.5,3823.5,3871.0,3807.85,3809.0,2002008
2021-09-21,3482.06,3862.95,3871.55,3821.65,3858.0,1568129
2021-09-22,3481.34,3862.15,3896.85,3852.45,3862.5,1744067
2021-09-23,3487.74,3869.25,3879.0,3835.0,3870.0,2003869
2021-09-24,3489.59,3871.3,3944.4,3855.0,3890.0,2320754
2021-09-27,3458.62,3836.95,3904.0,3802.9,3900.0,1673362
2021-09-28,3406.52,3779.15,3850.0,3751.25,3850.0,2253075
2021-09-29,3418.01,3791.9,3806.0,3722.15,3759.8,2489161
2021-09-30,3403.28,3775.55,3805.0,3750.1,3805.0,2252412
2021-10-01,3362.4,3730.2,3810.0,3725.0,3781.75,1578374
2021-10-04,3401.25,3773.3,3783.65,3707.45,3724.8,1356860
2021-10-05,3455.33,3833.3,3840.0,3741.6,3754.0,1877966
2021-10-06,3435.14,3810.9,3857.45,3795.0,3836.0,1678154
2021-10-07,3509.05,3892.9,3899.0,3820.05,3830.0,1647233
2021-10-08,3547.59,3935.65,3989.9,3900.0,3925.0,2934339
2021-10-11,3322.2,3685.6,3757.5,3660.0,3755.0,11845402
2021-10-12,3292.67,3652.85,3707.0,3630.6,3706.0,5752877
2021-10-13,3294.79,3655.2,3675.45,3645.0,3650.0,3545655
2021-10-14,3261.6,3611.45,3670.0,3608.2,3625.0,6442299
2021-10-18,3293.84,3647.15,3652.7,3601.45,3603.45,3590107
2021-10-19,3282.1,3634.15,3690.1,3625.2,3669.0,3135441
2021-10-20,3259.25,3608.85,3630.0,3578.3,3612.0,2933693
2021-10-21,3190.3,3532.5,3607.45,3511.25,3604.1,4871211
2021-10-22,3159.91,3498.85,3561.6,3485.0,3560.0,2691670
2021-10-25,3154.58,3492.95,3514.55,3450.0,3503.0,2595594
2021-10-26,3145.23,3482.6,3529.0,3475.0,3494.5,3878763
2021-10-27,3151.69,3489.75,3511.25,3483.0,3483.0,2510813
2021-10-28,3090.19,3421.65,3518.0,3415.0,3518.0,2424942
2021-10-29,3068.6,3397.75,3461.0,3385.95,3400.05,3960501
2021-11-01,3139.64,3476.4,3487.0,3412.95,3437.95,2020718
2021-11-02,3146.68,3484.2,3513.6,3469.75,3494.0,3087414
2021-11-03,3153.95,3492.25,3519.9,3466.05,3504.2,1537639
2021-11-04,3168.76,3508.65,3513.25,3505.0,3512.95,328991
2021-11-08,3163.43,3502.75,3548.0,3481.2,3548.0,2526082
2021-11-09,3166.1,3505.7,3535.0,3496.0,3508.0,1782692
2021-11-10,3146.77,3484.3,3519.7,3480.2,3498.0,1516489
2021-11-11,3150.29,3488.2,3510.05,3436.0,3480.0,1284514
2021-11-12,3184.48,3526.05,3534.15,3485.7,3506.0,1747259
2021-11-15,3209.09,3553.3,3569.6,3528.0,3528.0,1809157
2021-11-16,3211.89,3556.4,3575.55,3542.0,3569.0,2013204
2021-11-17,3180.73,3521.9,3562.85,3506.4,3550.6,1632914
2021-11-18,3139.0,3475.7,3520.85,3451.6,3515.15,2136598
2021-11-22,3123.38,3458.4,3515.95,3440.3,3478.4,3167936
2021-11-23,3128.66,3464.25,3480.95,3407.8,3445.0,2153461
2021-11-24,3109.74,3443.3,3493.05,3424.0,3472.2,2161746
2021-11-25,3112.09,3445.9,3463.0,3434.05,3443.9,1849619
2021-11-26,3112.95,3446.85,3490.0,3411.9,3425.0,1941251
2021-11-29,3162.76,3502.0,3529.35,3406.45,3447.15,2981745
2021-11-30,3187.28,3529.15,3563.75,3491.0,3491.0,5588446
2021-12-01,3231.21,3577.8,3590.0,3535.0,3535.0,2102118
2021-12-02,3290.01,3642.9,3648.0,3574.1,3589.2,3152938
2021-12-03,3287.79,3640.45,3665.95,3630.85,3646.45,2486263
2021-12-06,3193.82,3536.4,3658.0,3522.0,3640.45,1849642
2021-12-07,3237.26,3584.5,3598.0,3524.3,3562.5,1484458
2021-12-08,3275.56,3626.9,3646.45,3601.0,3601.0,1428660
2021-12-09,3252.84,3601.75,3634.75,3566.0,3610.0,1567957
2021-12-10,3284.5,3636.8,3642.0,3575.1,3585.0,1510718
2021-12-13,3259.98,3609.65,3662.0,3601.7,3650.0,1883864
2021-12-14,3272.76,3623.8,3635.0,3576.7,3605.0,1747007
2021-12-15,3224.48,3570.35,3623.0,3558.15,3620.0,1603233
2021-12-16,3234.64,3581.6,3608.45,3570.0,3582.0,2072320
2021-12-17,3237.13,3584.35,3651.35,3573.7,3602.5,4333992
2021-12-20,3212.34,3556.9,3606.0,3510.15,3589.0,2312310
2021-12-21,3258.76,3608.3,3641.2,3566.4,3582.65,2340989
2021-12-22,3279.03,3630.75,3636.8,3606.25,3624.0,1224328
2021-12-23,3307.89,3662.7,3670.5,3630.0,3648.0,1792861
2021-12-24,3315.29,3670.9,3705.0,3644.8,3685.0,2209923
2021-12-27,3338.05,3696.1,3700.0,3653.1,3671.0,1534135
2021-12-28,3347.49,3706.55,3725.0,3693.85,3710.0,1456218
2021-12-29,3336.79,3694.7,3719.95,3685.0,3692.25,1456923
2021-12-30,3372.06,3733.75,3740.0,3680.0,3681.35,1966475
2021-12-31,3376.21,3738.35,3760.0,3731.3,3742.8,1207141
2022-01-03,3447.92,3817.75,3830.0,3745.0,3750.0,2346158
2022-01-04,3508.43,3884.75,3889.15,3811.7,3831.1,2488606
2022-01-05,3486.93,3860.95,3870.0,3812.4,3865.0,1733031
2022-01-06,3438.62,3807.45,3835.0,3772.0,3812.0,1810293
2022-01-07,3480.2,3853.5,3864.9,3796.4,3820.0,2460591
2022-01-10,3504.0,3879.85,3978.0,3861.0,3978.0,3937092
2022-01-11,3536.56,3915.9,3925.0,3856.0,3856.0,1906106
2022-01-12,3485.98,3859.9,3929.0,3836.55,3925.0,3203744
2022-01-13,3520.3,3897.9,3923.0,3857.0,3918.0,6684507
2022-01-14,3583.75,3968.15,3977.0,3860.05,3877.85,3348123
2022-01-17,3629.81,4019.15,4043.0,3962.3,3992.7,3442604
2022-01-18,3604.02,3990.6,4041.7,3980.0,4033.95,2389041
2022-01-19,3541.64,3914.65,4012.0,3910.5,4012.0,3102539
2022-01-20,3461.94,3826.55,3920.0,3811.0,3910.0,6176776
2022-01-21,3468.23,3833.5,3851.55,3771.1,3807.0,3112358
2022-01-24,3412.0,3771.35,3849.65,3740.1,3840.0,3258414
2022-01-25,3410.69,3769.9,3809.4,3722.2,3769.5,3330501
2022-01-27,3301.53,3649.25,3733.4,3625.1,3731.0,5718297
2022-01-28,3338.44,3690.05,3729.8,3646.0,3646.0,3143862
2022-01-31,3380.24,3736.25,3758.0,3721.4,3749.0,2739393
2022-02-01,3438.51,3800.65,3808.0,3736.4,3770.0,2105169
2022-02-02,3488.76,3856.2,3864.0,3800.65,3827.9,1984212
2022-02-03,3460.17,3824.6,3882.5,3816.05,3851.0,1960538
2022-02-04,3451.4,3814.9,3824.7,3769.0,3815.3,2307366
2022-02-07,3418.92,3779.0,3831.8,3756.15,3791.0,1919149
2022-02-08,3386.76,3743.45,3799.7,3721.0,3791.55,2946443
2022-02-09,3402.23,3760.55,3777.95,3746.1,3750.0,1638721
2022-02-10,3411.09,3770.35,3789.8,3758.0,3789.8,2112459
2022-02-11,3342.88,3694.95,3752.5,3690.0,3752.5,3851488
2022-02-14,3377.98,3733.75,3793.25,3710.0,3724.0,5951745
2022-02-15,3454.02,3817.8,3835.0,3748.0,3786.0,3931683
2022-02-16,3449.77,3813.1,3854.1,3806.0,3844.0,3256906
2022-02-17,3423.62,3784.2,3835.0,3779.0,3825.0,3134372
2022-02-18,3432.4,3793.9,3815.95,3757.6,3769.0,3688883
2022-02-21,3365.0,3719.4,3827.8,3705.55,3810.0,7465922
2022-02-22,3244.67,3586.4,3667.9,3570.0,3650.0,5408531
2022-02-23,3224.22,3563.8,3622.9,3555.65,3611.0,2426203
2022-02-24,3077.52,3401.65,3483.85,3391.1,3474.0,5039136
2022-02-25,3185.28,3520.75,3530.0,3462.0,3468.0,2549723
2022-02-28,3215.54,3554.2,3563.75,3455.9,3490.0,3288942
2022-03-02,3208.26,3546.15,3571.95,3506.0,3552.5,2761341
2022-03-03,3206.67,3544.4,3578.6,3530.1,3562.85,1928039
2022-03-04,3188.53,3524.35,3561.2,3487.05,3501.5,2370257
2022-03-07,3152.84,3484.9,3548.0,3431.55,3450.0,3054130
2022-03-08,3256.93,3599.95,3609.0,3460.0,3460.0,3300992
2022-03-09,3286.47,3632.6,3654.0,3597.05,3605.0,2719654
2022-03-10,3275.93,3620.95,3684.0,3615.0,3684.0,2005441
2022-03-11,3256.21,3599.15,3639.85,3592.85,3603.25,1623423
2022-03-14,3295.88,3643.0,3648.35,3580.0,3580.0,1765688
2022-03-15,3251.46,3593.9,3659.0,3585.4,3659.0,3651133
2022-03-16,3307.55,3655.9,3668.0,3616.25,3640.5,3090475
2022-03-17,3322.79,3672.75,3710.0,3660.3,3696.6,3600452
2022-03-21,3281.13,3626.7,3713.95,3615.0,3696.0,2413831
2022-03-22,3348.31,3700.95,3711.0,3625.0,3640.0,2907611
2022-03-23,3358.67,3712.4,3729.8,3690.0,3708.0,1596195
2022-03-24,3392.55,3749.85,3758.2,3695.0,3700.0,1879046
2022-03-25,3354.19,3707.45,3779.5,3672.0,3759.9,1690133
2022-03-28,3354.41,3707.7,3713.0,3661.2,3695.0,1760990
2022-03-29,3352.29,3705.35,3722.0,3691.0,3694.75,2689063
2022-03-30,3375.99,3731.55,3738.0,3706.2,3738.0,1583455
2022-03-31,3383.59,3739.95,3754.65,3720.2,3740.0,2168110
2022-04-01,3400.6,3758.75,3763.0,3728.05,3748.0,1387014
2022-04-04,3411.09,3770.35,3780.0,3737.1,3762.0,1472994
2022-04-05,3451.31,3814.8,3835.6,3772.0,3772.0,2314947
2022-04-06,3397.52,3755.35,3809.3,3731.15,3809.3,2051729
2022-04-07,3333.11,3684.15,3745.5,3679.0,3745.5,2494829
2022-04-08,3334.46,3685.65,3705.0,3642.5,3690.0,2296773
2022-04-11,3344.19,3696.4,3712.35,3656.1,3690.0,2291660
2022-04-12,3339.39,3691.1,3739.0,3648.35,3683.0,4483476
2022-04-13,3313.02,3661.95,3709.85,3655.55,3707.0,1621672
2022-04-18,3191.88,3528.05,3610.0,3522.5,3610.0,3820792
2022-04-19,3141.08,3471.9,3563.55,3439.15,3550.0,3170014
2022-04-20,3217.89,3556.8,3569.15,3480.0,3500.0,2640370
2022-04-21,3282.9,3628.65,3644.0,3567.4,3580.0,2280996
2022-04-22,3268.33,3612.55,3617.0,3571.5,3581.1,1581465
2022-04-25,3210.11,3548.2,3584.0,3533.1,3558.0,1960694
2022-04-26,3208.39,3546.3,3587.9,3518.15,3575.15,1943469
2022-04-27,3221.87,3561.2,3568.45,3506.3,3546.0,1727648
2022-04-28,3242.77,3584.3,3604.4,3538.05,3588.0,1703660
2022-04-29,3208.75,3546.7,3623.25,3536.85,3597.0,2051115
2022-05-02,3204.86,3542.4,3547.95,3492.75,3519.9,1324161
2022-05-04,3148.18,3479.75,3545.45,3465.3,3538.5,2305825
2022-05-05,3178.63,3513.4,3533.0,3485.35,3512.1,1612262
2022-05-06,3105.53,3432.6,3474.5,3424.5,3459.0,2010812
2022-05-09,3116.83,3445.1,3456.0,3346.85,3398.0,2481830
2022-05-10,3111.09,3438.75,3464.8,3422.0,3434.0,1622685
2022-05-11,3086.89,3412.0,3448.45,3382.15,3435.0,1841769
2022-05-12,3083.86,3408.65,3449.7,3350.1,3378.0,2807195
2022-05-13,3089.51,3414.9,3439.9,3382.15,3435.0,2187823
2022-05-16,3055.04,3376.8,3430.0,3366.6,3415.0,1195813
2022-05-17,3122.72,3451.6,3467.0,3350.4,3370.0,1754076
2022-05-18,3120.18,3448.8,3495.0,3443.05,3465.0,1866781
2022-05-19,2951.14,3261.95,3405.0,3230.0,3397.0,4642963
2022-05-20,2979.23,3293.0,3313.9,3270.05,3310.0,3065125
2022-05-23,3005.24,3321.75,3338.9,3267.0,3304.8,2293690
2022-05-24,2974.7,3288.0,3324.85,3275.6,3315.15,1711510
2022-05-25,2885.13,3167.65,3292.85,3154.05,3292.85,3548046
2022-05-26,2939.14,3226.95,3241.5,3180.55,3191.0,2813186
2022-05-27,2970.42,3261.3,3278.9,3229.2,3253.2,3103153
2022-05-30,3074.21,3375.25,3386.6,3286.35,3297.0,2094624
2022-05-31,3064.28,3364.35,3383.4,3325.0,3354.15,4840965
2022-06-01,3055.95,3355.2,3388.0,3340.05,3388.0,1493835
2022-06-02,3117.7,3423.0,3432.0,3346.3,3355.0,2657939
2022-06-03,3133.32,3440.15,3477.3,3431.2,3459.4,1913622
2022-06-06,3124.94,3430.95,3453.0,3377.15,3418.0,1084210
2022-06-07,3062.78,3362.7,3418.85,3356.0,3401.05,2308256
2022-06-08,3100.53,3404.15,3413.95,3346.5,3380.15,2185707
2022-06-09,3121.43,3427.1,3437.0,3353.1,3385.0,1279197
2022-06-10,3060.23,3359.9,3393.0,3352.0,3382.0,1527582
2022-06-13,2932.44,3219.6,3293.0,3192.45,3290.0,3030921
2022-06-14,2924.2,3210.55,3238.9,3174.7,3190.0,2611493
2022-06-15,2920.33,3206.3,3234.0,3201.0,3218.5,1404536
2022-06-16,2861.76,3142.0,3244.85,3133.05,3240.0,2032028
2022-06-17,2813.4,3088.9,3118.75,3023.85,3092.0,5240434
2022-06-20,2834.8,3112.4,3138.75,3069.0,3094.0,1502769
2022-06-21,2925.47,3211.95,3237.75,3125.4,3130.0,2964461
2022-06-22,2935.49,3222.95,3250.55,3183.0,3199.9,3336315
2022-06-23,3013.69,3308.8,3318.0,3222.95,3222.95,3692578
2022-06-24,2999.39,3293.1,3345.0,3277.5,3339.0,2132118
2022-06-27,3019.06,3314.7,3362.9,3306.5,3350.0,2037686
2022-06-28,3022.2,3318.15,3330.0,3272.6,3307.0,1400046
2022-06-29,2997.02,3290.5,3333.0,3271.0,3271.0,2133994
2022-06-30,2975.71,3267.1,3310.9,3255.0,3272.0,2719603
2022-07-01,3019.42,3315.1,3333.0,3252.05,3260.0,1502879
2022-07-04,2946.51,3235.05,3317.95,3225.05,3312.0,2622535
2022-07-05,2929.44,3216.3,3272.0,3206.95,3255.0,2170627
2022-07-06,2969.92,3260.75,3268.5,3202.25,3218.5,2182144
2022-07-07,2994.6,3287.85,3319.4,3265.05,3271.0,1989921
2022-07-08,2974.2,3265.45,3305.0,3250.0,3300.0,2136916
2022-07-11,2836.08,3113.8,3225.0,3106.0,3206.15,6974600
2022-07-12,2809.57,3084.7,3136.2,3080.25,3114.9,3734815
2022-07-13,2767.72,3038.75,3110.0,3035.0,3104.0,3863530
2022-07-14,2738.5,2998.75,3057.0,2967.0,3056.0,4764908
2022-07-15,2734.71,2994.6,3028.9,2953.0,3018.55,4574806
2022-07-18,2797.63,3063.5,3076.95,3014.3,3023.0,3202795
2022-07-19,2807.45,3074.25,3078.95,3030.05,3030.05,1865074
2022-07-20,2890.14,3164.8,3171.95,3098.05,3107.8,3402251
2022-07-21,2901.55,3177.3,3184.0,3144.05,3167.0,2420640
2022-07-22,2895.8,3171.0,3197.0,3143.5,3185.0,2075886
2022-07-25,2891.92,3166.75,3186.45,3149.1,3165.0,1797504
2022-07-26,2845.48,3115.9,3168.9,3096.5,3164.7,2639367
2022-07-27,2912.1,3188.85,3194.1,3110.0,3115.0,1389808
2022-07-28,2977.53,3260.5,3264.0,3201.65,3216.0,2106333
2022-07-29,3015.34,3301.9,3317.3,3275.0,3290.0,2430257
2022-08-01,3012.51,3298.8,3327.0,3271.0,3327.0,1306913
2022-08-02,3006.12,3291.8,3312.9,3271.65,3290.0,1269114
2022-08-03,3049.68,3339.5,3349.0,3277.05,3280.0,2895824
2022-08-04,3063.79,3354.95,3387.9,3307.35,3350.0,2150567
2022-08-05,3073.01,3365.05,3377.0,3355.0,3361.2,1106933
2022-08-08,3081.59,3374.45,3378.9,3336.0,3365.0,1068836
2022-08-10,3063.15,3354.25,3385.0,3335.0,3385.0,1878359
2022-08-11,3125.47,3422.5,3428.7,3375.05,3400.0,1449248
2022-08-12,3106.34,3401.55,3419.0,3381.25,3419.0,1472354
2022-08-16,3098.26,3392.7,3414.85,3387.5,3411.0,839942
2022-08-17,3105.93,3401.1,3417.95,3371.1,3385.1,1622326
2022-08-18,3087.8,3381.25,3392.0,3362.0,3390.0,1430659
2022-08-19,3091.91,3385.75,3421.5,3371.25,3387.0,1398410
2022-08-22,3063.42,3354.55,3384.1,3347.4,3365.0,1536532
2022-08-23,2999.54,3284.6,3341.9,3270.0,3319.95,1849256
2022-08-24,2972.83,3255.35,3308.0,3250.2,3292.0,1691923
2022-08-25,2938.9,3218.2,3278.15,3214.75,3276.0,1946930
2022-08-26,2942.56,3222.2,3257.0,3216.8,3234.3,1457962
2022-08-29,2860.69,3132.55,3142.7,3081.0,3125.0,2539173
2022-08-30,2932.47,3211.15,3226.5,3142.1,3155.0,3431525
2022-09-01,2859.91,3131.7,3190.0,3121.0,3190.0,3546935
2022-09-02,2858.72,3130.4,3163.0,3120.3,3163.0,2052900
2022-09-05,2861.46,3133.4,3147.95,3112.25,3123.65,2147912
2022-09-06,2855.67,3127.05,3140.85,3106.35,3135.5,1936453
2022-09-07,2876.26,3149.6,3161.9,3102.0,3102.0,1291534
2022-09-08,2894.57,3169.65,3183.5,3160.1,3170.0,1346113
2022-09-09,2938.4,3217.65,3233.5,3168.5,3195.0,1561185
2022-09-12,2961.51,3242.95,3269.8,3225.0,3239.9,1785928
2022-09-13,2949.09,3229.35,3263.45,3225.0,3263.45,1972678
2022-09-14,2849.59,3120.4,3141.4,3113.8,3135.0,5090269
2022-09-15,2834.93,3104.35,3137.75,3100.0,3130.0,2138023
2022-09-16,2747.59,3008.7,3094.35,3000.0,3076.0,5322221
2022-09-19,2765.94,3028.8,3042.0,2987.8,3036.0,2072220
2022-09-20,2776.44,3040.3,3079.95,3030.0,3050.0,1544295
2022-09-21,2740.74,3001.2,3041.4,2998.15,3028.0,2253818
2022-09-22,2746.4,3007.4,3029.95,2979.3,2990.0,2017983
2022-09-23,2723.25,2982.05,3022.5,2979.0,3004.0,2652374
2022-09-26,2734.53,2994.4,3025.85,2926.1,2959.85,2925489
2022-09-27,2755.58,3017.45,3025.0,2976.0,3009.4,2227447
2022-09-28,2772.2,3035.65,3049.95,2980.0,2980.0,2739767
2022-09-29,2737.18,2997.3,3055.85,2990.0,3054.0,2493902
2022-09-30,2743.8,3004.55,3019.7,2950.1,2990.85,2817353
2022-10-03,2725.9,2984.95,3020.7,2974.0,2995.0,1763331
2022-10-04,2822.88,3091.15,3098.0,3023.0,3029.95,2145875
2022-10-06,2832.74,3101.95,3124.0,3092.45,3111.0,1790816
2022-10-07,2798.91,3064.9,3105.0,3058.1,3097.4,1939879
2022-10-10,2847.9,3118.55,3127.0,3005.0,3010.0,3064063
2022-10-11,2803.16,3069.55,3145.0,3053.35,3100.0,4730645
2022-10-12,2831.65,3100.75,3109.9,3062.05,3084.9,1665247
2022-10-13,2833.98,3103.3,3110.0,3052.35,3100.75,2054781
2022-10-14,2830.19,3099.15,3150.0,3071.0,3145.0,2245977
2022-10-17,2849.05,3111.75,3128.4,3071.45,3072.65,1517005
2022-10-18,2879.21,3144.7,3155.35,3128.55,3150.0,1793722
2022-10-19,2858.29,3121.85,3159.0,3112.0,3159.0,1194289
2022-10-20,2890.75,3157.3,3160.0,3105.0,3105.0,1587601
2022-10-21,2872.53,3137.4,3160.4,3127.0,3157.8,1021913
2022-10-24,2894.78,3161.7,3178.0,3155.0,3170.1,260949
2022-10-25,2895.15,3162.1,3184.25,3151.15,3180.5,2069643
2022-10-27,2890.84,3157.4,3174.0,3134.35,3160.7,2438421
2022-10-28,2896.2,3163.25,3178.5,3145.0,3150.0,1355739
2022-10-31,2923.57,3193.15,3199.0,3177.8,3199.0,1919414
2022-11-01,2984.51,3259.7,3262.6,3203.45,3214.5,2991060
2022-11-02,2968.03,3241.7,3270.0,3222.05,3270.0,1405955
2022-11-03,2936.03,3206.75,3228.05,3195.0,3228.05,1422652
2022-11-04,2945.78,3217.4,3220.05,3166.15,3217.0,1464013
2022-11-07,2960.7,3233.7,3242.8,3195.1,3229.0,1474498
2022-11-09,2944.54,3216.05,3249.8,3201.65,3249.8,1162267
2022-11-10,2935.02,3205.65,3225.0,3170.0,3170.0,1573092
2022-11-11,3036.01,3315.95,3341.6,3255.05,3269.6,3265394
2022-11-14,3053.91,3335.5,3349.0,3309.0,3324.0,1342074
2022-11-15,3051.25,3332.6,3339.95,3292.0,3321.0,1400708
2022-11-16,3072.08,3355.35,3367.9,3321.45,3338.9,1748235
2022-11-17,3066.27,3349.0,3360.0,3317.75,3340.0,1417986
2022-11-18,3061.19,3343.45,3362.75,3321.0,3350.0,1164540
2022-11-21,3006.3,3283.5,3333.7,3273.0,3322.5,1304194
2022-11-22,3035.09,3314.95,3318.95,3255.25,3280.0,1149739
2022-11-23,3029.0,3308.3,3330.0,3291.0,3330.0,1150011
2022-11-24,3094.79,3380.15,3392.95,3308.3,3316.25,1296591
2022-11-25,3103.49,3389.65,3403.35,3348.0,3383.0,1588981
2022-11-28,3108.61,3395.25,3417.0,3365.55,3366.0,2195437
2022-11-29,3110.54,3397.35,3429.0,3383.0,3383.0,1576028
2022-11-30,3104.54,3390.8,3414.9,3375.0,3383.0,3410702
2022-12-01,3182.23,3475.65,3480.0,3420.0,3425.0,2180856
2022-12-02,3148.81,3439.15,3468.9,3413.0,3458.1,2411749
2022-12-05,3136.68,3425.9,3439.15,3407.0,3433.0,1475065
2022-12-06,3099.55,3385.35,3407.95,3368.0,3400.05,1166999
2022-12-07,3095.2,3380.6,3393.7,3354.0,3368.3,1167505
2022-12-08,3067.69,3350.55,3380.6,3339.45,3360.0,1285619
2022-12-09,3014.77,3292.75,3374.1,3276.35,3374.1,1797896
2022-12-12,3009.0,3286.45,3296.0,3236.1,3255.5,1527610
2022-12-13,3050.79,3332.1,3336.45,3267.8,3277.2,1378016
2022-12-14,3081.24,3365.35,3377.0,3340.9,3348.8,1213311
2022-12-15,3026.07,3305.1,3364.75,3298.95,3358.8,1415694
2022-12-16,2966.7,3240.25,3292.0,3225.2,3275.0,2703680
2022-12-19,2931.72,3202.05,3245.5,3194.5,3227.0,2120965
2022-12-20,2970.09,3243.95,3249.0,3163.65,3198.9,1529971
2022-12-21,2992.61,3268.55,3283.05,3240.0,3249.0,1432566
2022-12-22,2984.51,3259.7,3294.0,3245.1,3294.0,1384101
2022-12-23,2955.8,3228.35,3266.85,3217.0,3217.0,1360281
2022-12-26,2978.28,3252.9,3272.0,3225.05,3228.35,870157
2022-12-27,2984.32,3259.5,3273.8,3231.5,3269.2,835883
2022-12-28,2982.13,3257.1,3266.1,3226.0,3249.8,910795
2022-12-29,2992.79,3268.75,3271.5,3228.0,3231.1,1037927
2022-12-30,2981.76,3256.7,3299.0,3246.2,3286.05,1163131
2023-01-02,2986.11,3261.45,3266.85,3235.2,3261.0,709547
2023-01-03,3031.8,3311.35,3320.0,3245.3,3252.0,1245178
2023-01-04,3034.82,3314.65,3327.35,3286.2,3306.7,1231668
2023-01-05,3031.57,3311.1,3337.3,3281.95,3330.2,1826057
2023-01-06,2940.42,3211.55,3301.55,3200.0,3300.0,2488376
2023-01-09,3039.67,3319.95,3327.0,3221.15,3229.0,2885060
2023-01-10,3008.95,3286.4,3298.0,3230.1,3285.0,3864655
2023-01-11,3047.68,3328.7,3349.5,3271.15,3290.1,2720512
2023-01-12,3052.85,3334.35,3350.0,3315.55,3329.0,2250391
2023-01-13,3089.66,3374.55,3379.0,3305.0,3342.9,1742837
2023-01-16,3121.97,3334.05,3353.0,3298.05,3317.0,1843607
2023-01-17,3163.49,3378.4,3381.8,3321.0,3330.0,1688475
2023-01-18,3174.36,3390.0,3408.95,3372.25,3380.0,2421189
2023-01-19,3158.53,3373.1,3387.0,3361.0,3380.0,1585044
2023-01-20,3149.17,3363.1,3394.65,3355.6,3365.0,1529349
2023-01-23,3197.67,3414.9,3419.0,3355.6,3388.0,1067916
2023-01-24,3217.71,3436.3,3451.95,3417.3,3425.0,1387863
2023-01-25,3211.58,3429.75,3435.0,3405.0,3425.3,874110
2023-01-27,3194.07,3411.05,3446.0,3382.3,3426.0,1785879
2023-01-30,3215.23,3433.65,3458.45,3385.55,3420.0,1953798
2023-01-31,3145.05,3358.7,3449.0,3351.0,3449.0,2820375
2023-02-01,3191.54,3408.35,3419.0,3355.0,3363.0,2205161
2023-02-02,3240.28,3460.4,3469.0,3420.1,3427.0,1813847
2023-02-03,3260.79,3482.3,3504.0,3452.9,3504.0,1804469
2023-02-06,3239.86,3459.95,3473.15,3436.85,3473.15,1138714
2023-02-07,3251.66,3472.55,3493.0,3461.4,3468.9,1455647
2023-02-08,3296.18,3520.1,3539.9,3478.05,3478.05,1986946
2023-02-09,3315.61,3540.85,3547.6,3505.3,3515.0,1655427
2023-02-10,3312.52,3537.55,3542.35,3508.15,3520.0,1187821
2023-02-13,3260.88,3482.4,3549.0,3473.4,3549.0,1087939
2023-02-14,3277.45,3500.1,3524.85,3495.0,3505.0,1579818
2023-02-15,3296.7,3520.65,3526.0,3460.15,3487.0,1429449
2023-02-16,3331.72,3558.05,3575.0,3527.0,3527.2,1618931
2023-02-17,3278.44,3501.15,3538.9,3490.0,3526.15,1061369
2023-02-20,3265.47,3487.3,3522.0,3475.05,3502.0,1296082
2023-02-21,3231.48,3451.0,3508.9,3444.75,3494.0,1139541
2023-02-22,3185.17,3401.55,3447.0,3395.0,3414.95,1218430
2023-02-23,3196.64,3413.8,3452.4,3408.0,3421.0,1441570
2023-02-24,3184.14,3400.45,3433.95,3382.3,3422.5,977592
2023-02-27,3119.91,3331.85,3390.0,3316.0,3390.0,1128022
2023-02-28,3102.11,3312.85,3392.0,3299.9,3328.5,4116217
2023-03-01,3170.33,3385.7,3389.0,3315.0,3323.0,1669307
2023-03-02,3110.17,3321.45,3369.9,3318.0,3361.0,1556538
2023-03-03,3129.55,3342.15,3358.0,3331.1,3354.0,1043190
2023-03-06,3157.36,3371.85,3404.95,3359.0,3361.9,1334132
2023-03-08,3174.73,3390.4,3396.0,3330.85,3364.0,1844590
2023-03-09,3124.59,3336.85,3385.0,3330.85,3385.0,1648500
2023-03-10,3119.11,3331.0,3337.25,3290.0,3312.9,1024404
2023-03-13,3073.18,3281.95,3369.8,3272.0,3333.0,1901233
2023-03-14,3010.44,3214.95,3304.4,3209.4,3280.0,2670334
2023-03-15,2995.41,3198.9,3260.35,3192.0,3250.0,1780522
2023-03-16,2982.4,3185.0,3219.8,3172.0,3208.0,1901060
2023-03-17,2977.06,3179.3,3221.4,3144.0,3150.5,6739966
2023-03-20,2943.35,3143.3,3169.65,3095.05,3169.65,2289468
2023-03-21,2908.52,3106.1,3156.75,3097.45,3143.3,1815297
2023-03-22,2931.65,3130.8,3143.5,3106.1,3130.05,1123939
2023-03-23,2925.89,3124.65,3146.35,3101.0,3114.9,1372218
2023-03-24,2922.0,3120.5,3170.0,3106.0,3148.9,1329577
2023-03-27,2923.69,3122.3,3152.75,3106.0,3135.0,1524217
2023-03-28,2917.69,3115.9,3149.55,3110.15,3127.0,1303530
2023-03-29,2939.23,3138.9,3150.0,3104.1,3129.0,1740616
2023-03-31,3001.97,3205.9,3213.0,3152.0,3189.95,2382581
2023-04-03,2996.44,3200.0,3224.95,3173.75,3224.95,1521830
2023-04-05,3033.71,3239.8,3264.35,3185.5,3185.5,2655065
2023-04-06,3015.83,3220.7,3257.35,3215.0,3225.0,1703464
2023-04-10,3055.81,3263.4,3272.0,3215.0,3220.0,2203187
2023-04-11,3009.37,3213.8,3272.95,3192.15,3264.0,2348779
2023-04-12,3035.44,3241.65,3260.95,3199.0,3227.95,2417727
2023-04-13,2986.0,3188.85,3230.0,3180.0,3210.0,4174070
2023-04-17,2939.79,3139.5,3163.4,3070.25,3134.1,5505048
2023-04-18,2931.6,3130.75,3156.85,3110.6,3154.95,2617302
2023-04-19,2893.07,3089.6,3140.0,3071.5,3130.75,3298034
2023-04-20,2907.3,3104.8,3113.0,3078.0,3090.0,2419999
2023-04-21,2959.78,3160.85,3164.45,3100.8,3110.0,1929184
2023-04-24,2972.85,3174.8,3180.95,3126.15,3151.1,1640676
2023-04-25,2973.97,3176.0,3191.2,3147.5,3183.0,2024090
2023-04-26,2994.71,3198.15,3208.4,3181.0,3181.0,2000029
2023-04-27,2985.16,3187.95,3199.2,3170.65,3185.0,2434446
2023-04-28,3014.47,3219.25,3227.25,3196.25,3200.4,2931312
2023-05-02,3014.61,3219.4,3235.0,3210.0,3235.0,2321159
2023-05-03,2977.62,3179.9,3216.0,3173.15,3216.0,2468285
2023-05-04,3015.83,3220.7,3224.45,3178.0,3180.15,1953253
2023-05-05,3025.19,3230.7,3244.0,3210.05,3220.0,1710027
2023-05-08,3043.82,3250.6,3254.85,3231.3,3245.0,928235
2023-05-09,3074.4,3283.25,3298.0,3246.0,3252.6,1107375
2023-05-10,3077.72,3286.8,3306.5,3266.05,3290.0,1559987
2023-05-11,3073.37,3282.15,3309.7,3272.0,3309.0,1719623
2023-05-12,3066.02,3274.3,3290.0,3260.0,3279.15,1027479
2023-05-15,3047.99,3255.05,3292.0,3248.35,3284.0,1150390
2023-05-16,3050.89,3258.15,3285.0,3250.45,3256.2,986306
2023-05-17,3004.59,3208.7,3280.0,3198.25,3255.95,1588815
2023-05-18,2996.3,3199.85,3228.95,3195.0,3225.95,1369364
2023-05-19,3017.84,3222.85,3234.5,3203.05,3210.0,1152449
2023-05-22,3088.86,3298.7,3308.45,3217.05,3230.0,1333243
2023-05-23,3087.32,3297.05,3327.95,3290.1,3306.0,1687418
2023-05-24,3093.22,3303.35,3317.2,3276.0,3276.0,1016555
2023-05-25,3084.0,3293.5,3306.0,3267.1,3294.0,1374917
2023-05-26,3117.14,3328.9,3338.65,3291.0,3293.5,1791115
2023-05-29,3109.14,3320.35,3372.0,3312.0,3360.8,1210372
2023-05-30,3105.25,3316.2,3326.95,3301.35,3315.0,1344224
2023-05-31,3080.25,3289.5,3327.7,3265.15,3309.0,5815424
2023-06-01,3112.55,3324.0,3340.0,3297.5,3314.0,1177314
2023-06-02,3095.33,3305.6,3335.9,3297.45,3326.25,2030661
2023-06-05,3079.69,3288.9,3327.0,3285.05,3315.0,1861468
2023-06-06,3026.69,3232.3,3288.85,3220.6,3280.0,2022849
2023-06-07,3066.58,3274.9,3278.85,3241.0,3253.0,1567196
2023-06-08,3030.57,3236.45,3270.0,3233.0,3261.0,1759366
2023-06-09,3005.15,3209.3,3250.0,3205.35,3245.0,1775689
2023-06-12,3040.36,3246.9,3254.4,3211.0,3215.0,2324605
2023-06-13,3037.36,3243.7,3265.0,3239.0,3260.0,1371928
2023-06-14,3044.25,3251.05,3255.85,3225.85,3243.7,1658544
2023-06-15,3034.1,3216.3,3247.45,3210.0,3245.3,2273810
2023-06-16,2995.05,3174.9,3199.4,3156.0,3197.0,4156189
2023-06-19,3028.54,3210.4,3214.9,3175.0,3190.0,1468186
2023-06-20,3044.86,3227.7,3232.5,3201.05,3214.0,1528452
2023-06-21,3073.63,3258.2,3261.4,3223.95,3250.0,1645987
2023-06-22,3055.05,3238.5,3267.65,3230.1,3260.0,1529603
2023-06-23,3034.15,3216.35,3249.4,3209.15,3237.3,1119505
2023-06-26,3008.96,3189.65,3213.9,3173.0,3205.0,1978803
2023-06-27,3016.23,3197.35,3209.65,3182.3,3202.0,863542
2023-06-28,3033.3,3215.45,3230.95,3193.4,3208.0,1575872
2023-06-30,3115.19,3302.25,3310.0,3214.1,3220.0,2672406
2023-07-03,3086.93,3272.3,3318.8,3268.75,3314.3,1687264
2023-07-04,3121.41,3308.85,3315.0,3277.3,3290.0,1656681
2023-07-05,3131.88,3319.95,3329.0,3305.0,3320.0,1453008
2023-07-06,3134.67,3322.9,3328.45,3302.0,3306.55,1848238
2023-07-07,3140.66,3329.25,3356.9,3302.0,3302.0,1789326
2023-07-10,3086.6,3271.95,3324.75,3265.2,3324.75,1407431
2023-07-11,3087.03,3272.4,3295.0,3260.8,3295.0,1110172
2023-07-12,3075.24,3259.9,3289.15,3250.1,3280.95,1515240
2023-07-13,3151.32,3340.55,3367.45,3272.75,3284.0,4585146
2023-07-14,3315.55,3514.65,3524.85,3352.0,3365.0,6306101
2023-07-17,3293.9,3491.7,3549.9,3477.05,3510.0,2743228
2023-07-18,3298.76,3496.85,3524.0,3465.0,3476.0,2600090
2023-07-19,3273.48,3470.05,3516.85,3445.65,3500.0,2405370
2023-07-20,3275.61,3463.3,3478.9,3436.05,3453.1,1715404
2023-07-21,3185.76,3368.3,3434.9,3359.05,3404.05,3770223
2023-07-24,3210.77,3394.75,3413.45,3372.1,3381.0,1680132
2023-07-25,3214.94,3399.15,3406.8,3380.2,3397.5,1272980
2023-07-26,3204.67,3388.3,3420.85,3385.0,3400.35,1066803
2023-07-27,3212.81,3396.9,3411.65,3385.05,3394.95,1701769
2023-07-28,3173.56,3355.4,3393.7,3331.0,3385.0,2599831
2023-07-31,3236.03,3421.45,3426.65,3360.9,3364.4,2743678
2023-08-01,3264.97,3452.05,3460.0,3415.0,3415.0,1956167
2023-08-02,3254.19,3440.65,3446.4,3413.6,3434.95,1914899
2023-08-03,3215.69,3399.95,3433.25,3368.0,3420.0,2026351
2023-08-04,3256.93,3443.55,3471.0,3401.25,3401.25,2248493
2023-08-07,3295.23,3484.05,3488.0,3441.25,3453.95,1853889
2023-08-08,3282.51,3470.6,3489.95,3456.6,3484.05,1634225
2023-08-09,3274.85,3462.5,3467.0,3425.05,3464.9,1794589
2023-08-10,3255.56,3442.1,3464.9,3430.05,3450.0,1096701
2023-08-11,3261.89,3448.8,3466.65,3414.0,3438.1,1679974
2023-08-14,3262.89,3449.85,3455.0,3411.0,3440.7,1190425
2023-08-16,3270.97,3458.4,3466.0,3435.2,3450.0,1328445
2023-08-17,3249.55,3435.75,3460.8,3413.2,3455.0,1843241
2023-08-18,3184.62,3367.1,3410.0,3356.5,3410.0,2526749
2023-08-21,3217.3,3401.65,3409.75,3372.0,3375.0,1375579
2023-08-22,3198.86,3382.15,3411.0,3365.05,3400.0,1222012
2023-08-23,3214.08,3398.25,3402.0,3376.0,3388.0,1330046
2023-08-24,3204.15,3387.75,3413.05,3378.1,3408.0,1152881
2023-08-25,3198.05,3381.3,3385.8,3350.25,3375.0,1158046
2023-08-28,3192.61,3375.55,3394.0,3360.1,3394.0,1037485
2023-08-29,3193.18,3376.15,3389.55,3365.0,3381.05,944517
2023-08-30,3207.18,3390.95,3408.1,3383.05,3398.0,1188200
2023-08-31,3174.88,3356.8,3417.4,3343.65,3401.0,3417652
2023-09-01,3196.07,3379.2,3389.0,3356.8,3366.0,1277950
2023-09-04,3233.24,3418.5,3432.85,3370.05,3378.0,1828332
2023-09-05,3243.5,3429.35,3447.0,3405.15,3420.0,1501842
2023-09-06,3244.02,3429.9,3443.9,3398.1,3434.0,1314818
2023-09-07,3267.99,3455.25,3460.0,3422.3,3430.8,1885092
2023-09-08,3255.37,3441.9,3465.0,3435.05,3455.25,1518917
2023-09-11,3292.02,3480.65,3485.7,3445.0,3462.0,1783604
2023-09-12,3386.74,3580.8,3589.9,3483.0,3492.0,4476016
2023-09-13,3374.49,3567.85,3588.85,3545.0,3571.1,1754929
2023-09-14,3367.12,3560.05,3597.7,3545.6,3570.05,2604721
2023-09-15,3403.29,3598.3,3607.35,3562.45,3567.85,2952897
2023-09-18,3410.72,3606.15,3619.3,3575.25,3580.05,1395753
2023-09-20,3410.62,3606.05,3625.0,3580.0,3580.0,1649396
2023-09-21,3391.0,3585.3,3605.0,3528.0,3588.55,2004073
2023-09-22,3408.35,3603.65,3633.75,3565.05,3584.0,1989083
2023-09-25,3383.29,3577.15,3620.0,3558.65,3602.5,1238778
2023-09-26,3391.38,3585.7,3594.95,3536.0,3567.6,1726062
2023-09-27,3394.78,3589.3,3614.0,3555.7,3590.0,1541134
2023-09-28,3345.08,3536.75,3602.8,3527.35,3600.0,1755753
2023-09-29,3337.37,3528.6,3568.45,3505.55,3537.2,2243791
2023-10-03,3323.42,3513.85,3534.2,3480.1,3534.2,1948148
2023-10-04,3346.02,3537.75,3548.0,3477.3,3486.3,1788138
2023-10-05,3394.83,3589.35,3624.0,3551.2,3554.0,2990768
2023-10-06,3425.14,3621.4,3634.95,3575.05,3591.0,2075691
2023-10-09,3441.17,3638.35,3679.0,3631.0,3645.05,4233074
2023-10-10,3432.23,3628.9,3648.0,3601.35,3640.05,1848148
2023-10-11,3414.26,3609.9,3650.0,3605.0,3650.0,2426417
2023-10-12,3350.56,3542.55,3588.65,3538.1,3575.0,4241281
2023-10-13,3377.33,3570.85,3577.0,3525.0,3530.0,2890357
2023-10-16,3333.07,3524.05,3574.65,3519.1,3566.0,1671104
2023-10-17,3316.99,3507.05,3534.15,3503.35,3530.0,1672065
2023-10-18,3298.26,3487.25,3522.7,3484.0,3511.0,1408245
2023-10-19,3276.83,3455.65,3476.85,3451.9,3469.5,1514545
2023-10-20,3313.72,3494.55,3499.5,3444.05,3450.4,1481211
2023-10-23,3233.68,3410.15,3478.95,3401.3,3473.0,1106272
2023-10-25,3214.67,3390.1,3425.0,3377.2,3390.5,1518537
2023-10-26,3164.08,3336.75,3373.7,3330.0,3368.05,1984471
2023-10-27,3177.55,3350.95,3362.0,3337.0,3350.0,1108851
2023-10-30,3203.72,3378.55,3382.85,3333.75,3350.0,910972
2023-10-31,3194.43,3368.75,3399.0,3350.05,3399.0,999811
2023-11-01,3158.3,3330.65,3371.6,3311.0,3355.0,1563475
2023-11-02,3186.22,3360.1,3375.95,3343.2,3343.2,1245384
2023-11-03,3177.5,3350.9,3387.9,3344.3,3382.0,1402598
2023-11-06,3205.33,3380.25,3392.3,3359.0,3375.0,1099852
2023-11-07,3196.04,3370.45,3404.15,3366.0,3378.0,1191144
2023-11-08,3206.56,3381.55,3401.95,3369.55,3371.45,992899
2023-11-09,3174.23,3347.45,3391.5,3342.05,3390.1,2112352
2023-11-10,3160.95,3333.45,3347.45,3322.35,3338.0,1338557
2023-11-13,3159.15,3331.55,3356.0,3327.0,3356.0,1030990
2023-11-15,3228.14,3404.3,3413.0,3356.05,3383.1,2059802
2023-11-16,3316.85,3497.85,3529.35,3414.2,3430.05,3951984
2023-11-17,3321.21,3502.45,3524.5,3492.55,3497.85,2021292
2023-11-20,3337.47,3519.6,3533.9,3491.25,3491.25,1475621
2023-11-21,3328.56,3510.2,3539.05,3501.0,3519.6,1807236
2023-11-22,3347.47,3530.15,3532.65,3481.1,3500.0,1798051
2023-11-23,3326.71,3508.25,3544.0,3500.0,3530.0,2729804
2023-11-24,3278.21,3457.1,3504.55,3453.0,3494.25,1989733
2023-11-28,3290.58,3470.15,3481.25,3433.0,3457.1,1689195
2023-11-29,3331.92,3513.75,3518.0,3475.8,3481.0,1441634
2023-11-30,3307.13,3487.6,3516.65,3481.0,3499.45,3266235
2023-12-01,3329.93,3511.65,3516.95,3490.05,3500.0,1172141
2023-12-04,3330.69,3512.45,3547.8,3498.0,3544.65,1625213
2023-12-05,3348.85,3531.6,3538.0,3502.8,3538.0,1377656
2023-12-06,3417.6,3604.1,3612.85,3525.15,3532.6,1896572
2023-12-07,3427.84,3614.9,3630.55,3591.7,3605.0,1967653
2023-12-08,3439.03,3626.7,3645.0,3602.05,3633.0,1641155
2023-12-11,3454.39,3642.9,3653.0,3615.0,3622.9,1102503
2023-12-12,3482.08,3672.1,3698.4,3631.0,3638.95,2236866
2023-12-13,3407.59,3593.55,3650.0,3563.0,3643.55,3850968
2023-12-14,3477.48,3667.25,3678.0,3627.6,3630.0,3290396
2023-12-15,3661.2,3861.0,3895.95,3666.7,3666.7,8531230
2023-12-18,3659.5,3859.2,3929.0,3830.15,3858.1,2521612
2023-12-19,3618.72,3816.2,3855.1,3790.0,3845.0,2004435
2023-12-20,3584.44,3780.05,3898.8,3766.55,3827.25,2586083
2023-12-21,3591.51,3787.5,3806.7,3743.35,3756.25,1517562
2023-12-22,3626.12,3824.0,3845.95,3762.0,3800.0,2413058
2023-12-26,3599.14,3795.55,3834.0,3790.15,3819.85,1285231
2023-12-27,3613.98,3811.2,3818.2,3768.0,3799.0,1293976
2023-12-28,3603.27,3799.9,3838.0,3792.1,3824.0,1682889
2023-12-29,3597.1,3793.4,3822.6,3765.4,3792.0,1574996
2024-01-01,3613.89,3811.1,3832.0,3773.0,3790.0,825907
2024-01-02,3587.43,3783.2,3811.1,3767.25,3811.1,1344068
2024-01-03,3500.71,3691.75,3771.85,3687.05,3767.0,1803075
2024-01-04,3477.05,3666.8,3719.0,3651.0,3701.75,3598144
2024-01-05,3544.47,3737.9,3747.75,3674.85,3675.0,1963127
2024-01-08,3487.96,3678.3,3739.75,3672.4,3737.9,1067805
2024-01-09,3498.96,3689.9,3752.35,3682.75,3709.95,1370944
2024-01-10,3520.91,3713.05,3729.25,3688.0,3690.0,1292227
2024-01-11,3542.25,3735.55,3773.0,3707.0,3724.0,1777909
2024-01-12,3681.88,3882.8,3905.25,3821.6,3848.0,6813450
2024-01-15,3701.79,3903.8,3965.0,3885.0,3960.0,2801505
2024-01-16,3661.49,3861.3,3899.0,3855.55,3899.0,1432672
2024-01-17,3683.58,3884.6,3909.95,3812.55,3819.0,3458696
2024-01-18,3700.65,3902.6,3908.8,3862.0,3898.0,2239110
2024-01-19,3765.06,3943.05,3963.55,3915.05,3945.0,2941975
2024-01-23,3684.09,3858.25,3933.9,3842.75,3900.0,2618854
2024-01-24,3668.38,3841.8,3883.65,3805.6,3880.0,2657709
2024-01-25,3638.3,3810.3,3861.0,3778.7,3839.9,2205154
2024-01-29,3629.42,3801.0,3820.0,3780.85,3800.8,1646747
2024-01-30,3628.99,3800.55,3847.8,3787.0,3807.45,1411621
2024-01-31,3643.69,3815.95,3834.0,3796.45,3811.2,2459358
2024-02-01,3680.17,3854.15,3904.9,3805.05,3820.0,2363107
2024-02-02,3787.26,3966.3,3984.4,3872.0,3875.05,2826510
2024-02-05,3793.94,3973.3,4022.0,3962.1,3983.0,1691523
2024-02-06,3949.3,4136.0,4149.9,3990.0,3997.0,4474396
2024-02-07,3899.07,4083.4,4155.0,4073.95,4153.0,2124267
2024-02-08,3947.48,4134.1,4158.0,4086.05,4090.0,2345173
2024-02-09,3947.1,4133.7,4184.75,4100.0,4136.55,2100596
2024-02-12,3934.69,4120.7,4159.6,4105.55,4130.0,1013716
2024-02-13,3962.19,4149.5,4170.0,4081.5,4125.45,1257415
2024-02-14,3915.02,4100.1,4114.9,4049.5,4107.0,1391283
2024-02-15,3917.98,4103.2,4146.3,4083.0,4128.0,1091582
2024-02-16,3941.94,4128.3,4147.95,4100.1,4113.25,1307556
2024-02-19,3918.55,4103.8,4128.3,4055.0,4123.05,772291
2024-02-20,3848.7,4030.65,4098.0,4010.0,4082.1,1193648
2024-02-21,3811.32,3991.5,4063.35,3980.6,4013.0,1885939
2024-02-22,3902.6,4087.1,4094.95,3971.0,3971.0,2982052
2024-02-23,3869.18,4052.1,4130.0,4046.4,4130.0,2538072
2024-02-26,3820.44,4001.05,4050.0,3982.75,4036.0,1379284
2024-02-27,3919.12,4104.4,4124.0,3999.0,3999.0,2960475
2024-02-28,3933.02,4118.95,4154.9,4089.0,4095.6,1939225
2024-02-29,3910.24,4095.1,4138.1,4064.55,4099.0,3772719
2024-03-01,3909.53,4094.35,4140.0,4086.8,4107.2,2043265
2024-03-04,3896.49,4080.7,4117.9,4075.9,4105.0,1749271
2024-03-05,3830.99,4012.1,4064.0,3980.0,4062.0,2070859
2024-03-06,3880.83,4064.3,4072.0,3958.45,3994.05,1744204
2024-03-07,3923.13,4108.6,4124.0,4037.7,4065.0,2688905
2024-03-11,3936.26,4122.35,4153.0,4089.0,4089.0,2304068
2024-03-12,4003.01,4192.25,4229.95,4121.05,4122.35,4039801
2024-03-13,3961.71,4149.0,4241.0,4131.9,4205.0,2837260
2024-03-14,4017.66,4207.6,4225.0,4086.0,4153.45,2919608
2024-03-15,4028.79,4219.25,4239.0,4177.0,4192.6,3373143
2024-03-18,3965.05,4152.5,4254.75,4117.85,4215.25,1526904
2024-03-19,3797.76,3977.3,4058.0,3966.6,4051.25,8931209
2024-03-20,3791.65,3970.9,4018.0,3960.2,3986.0,1817913
2024-03-21,3793.61,3972.95,4008.4,3948.0,3990.05,3829582
2024-03-22,3734.36,3910.9,3938.0,3855.0,3897.0,5852485
2024-03-26,3702.47,3877.5,3946.7,3871.45,3875.0,3440925
2024-03-27,3667.52,3840.9,3895.0,3829.4,3888.5,1968575
2024-03-28,3701.32,3876.3,3915.0,3840.5,3850.1,4311783
2024-04-01,3739.94,3916.75,3933.3,3888.05,3897.7,1569676
2024-04-02,3708.48,3883.8,3909.85,3873.0,3890.0,2142666
2024-04-03,3769.11,3947.3,3981.0,3851.0,3851.0,3973090
2024-04-04,3822.59,4003.3,4028.65,3935.25,3975.9,3394637
2024-04-05,3799.62,3979.25,4002.0,3960.5,3978.0,1636819
2024-04-08,3793.23,3972.55,4032.65,3960.0,3983.0,2302538
2024-04-09,3768.4,3946.55,4015.85,3925.05,3984.0,1876992
2024-04-10,3804.78,3984.65,3990.2,3918.0,3956.4,2101965
2024-04-12,3820.77,4001.4,4013.35,3945.5,3971.0,4354821
2024-04-15,3763.29,3941.2,4064.2,3919.05,4001.4,4200329
2024-04-16,3697.98,3872.8,3928.7,3862.85,3902.0,3051420
2024-04-18,3687.67,3862.0,3936.0,3850.0,3876.8,3476284
2024-04-19,3653.48,3826.2,3852.55,3800.9,3838.0,2957749
2024-04-22,3690.15,3864.6,3878.0,3812.0,3837.0,1728883
2024-04-23,3699.79,3874.7,3895.0,3860.6,3877.05,1807586
2024-04-24,3658.11,3831.05,3898.0,3824.45,3890.0,1317312
2024-04-25,3678.31,3852.2,3873.65,3811.0,3811.2,2856271
2024-04-26,3648.85,3821.35,3876.8,3802.55,3855.15,2039178
2024-04-29,3695.5,3870.2,3877.8,3819.2,3838.0,1110693
2024-04-30,3648.18,3820.65,3881.75,3810.0,3872.0,2203078
2024-05-02,3688.91,3863.3,3871.1,3778.05,3778.05,2491044
2024-05-03,3669.91,3843.4,3893.6,3797.6,3890.15,2962234
2024-05-06,3744.05,3921.05,3939.95,3853.0,3853.0,2053831
2024-05-07,3799.34,3978.95,3988.0,3913.5,3930.8,2062112
2024-05-08,3797.43,3976.95,3984.3,3938.6,3961.0,1247685
2024-05-09,3781.43,3960.2,3971.0,3910.05,3962.0,1726486
2024-05-10,3718.13,3893.9,3973.6,3885.05,3962.6,1672489
2024-05-13,3769.59,3947.8,3955.0,3870.0,3884.5,931326
2024-05-14,3725.1,3901.2,3945.8,3892.9,3936.0,1058317
2024-05-15,3705.23,3880.4,3926.95,3875.5,3904.5,1115021
2024-05-16,3751.93,3900.95,3909.5,3843.5,3891.1,2599399
2024-05-17,3687.63,3834.1,3920.0,3830.0,3919.0,2765804
2024-05-21,3674.27,3820.2,3844.75,3810.05,3830.6,1908117
2024-05-22,3685.61,3832.0,3841.25,3817.55,3835.0,1311168
2024-05-23,3744.72,3893.45,3905.0,3825.5,3840.95,2095742
2024-05-24,3702.45,3849.5,3883.8,3844.3,3878.25,1309452
2024-05-27,3700.09,3847.05,3908.35,3841.35,3855.0,1841538
2024-05-28,3693.21,3839.9,3870.0,3830.0,3858.0,1801993
2024-05-29,3658.35,3803.65,3848.9,3800.0,3848.9,1568095
2024-05-30,3593.38,3736.1,3794.4,3715.45,3777.0,2919230
2024-05-31,3530.72,3670.95,3749.8,3653.75,3740.0,10956800
2024-06-03,3561.4,3702.85,3751.55,3696.0,3732.8,2156773
2024-06-04,3573.08,3715.0,3745.0,3591.5,3700.0,3395997
2024-06-05,3603.33,3746.45,3783.8,3700.0,3716.0,2799670
2024-06-06,3684.08,3830.4,3839.9,3741.5,3781.0,4328036
2024-06-07,3745.2,3893.95,3915.0,3837.3,3837.3,4552445
2024-06-10,3711.29,3858.7,3905.9,3841.9,3895.0,1734661
2024-06-11,3704.95,3852.1,3879.95,3841.0,3845.0,1419898
2024-06-12,3685.28,3831.65,3893.5,3827.45,3874.4,2177001
2024-06-13,3730.0,3878.15,3890.0,3852.0,3856.8,1932323
2024-06-14,3685.66,3832.05,3889.0,3828.0,3889.0,1860730
2024-06-18,3669.36,3815.1,3842.0,3795.05,3826.05,1774045
2024-06-19,3656.47,3801.7,3833.85,3792.95,3827.65,1509050
2024-06-20,3642.57,3787.25,3809.95,3780.05,3796.0,2846526
2024-06-21,3665.18,3810.75,3877.8,3798.05,3827.0,4642195
2024-06-24,3671.0,3816.8,3857.0,3791.3,3808.75,1702154
2024-06-25,3691.82,3838.45,3847.65,3792.9,3817.0,1338808
2024-06-26,3708.55,3855.85,3866.95,3841.0,3844.5,1639845
2024-06-27,3783.86,3934.15,3942.0,3818.1,3831.0,4526556
2024-06-28,3755.01,3904.15,3960.0,3897.85,3917.8,2731571
2024-07-01,3826.23,3978.2,4001.7,3884.0,3884.0,2658723
2024-07-02,3863.93,4017.4,4023.4,3982.55,3993.6,2307449
2024-07-03,3813.77,3965.25,4026.1,3955.0,4020.0,1821198
2024-07-04,3867.35,4020.95,4047.35,3982.1,3999.85,2518001
2024-07-05,3858.55,4011.8,4026.75,3988.0,4010.0,1668616
2024-07-08,3840.66,3993.2,4031.25,3978.05,4022.0,1758882
2024-07-09,3833.25,3985.5,4006.95,3975.1,3985.0,1305801
2024-07-10,3759.82,3909.15,4003.3,3902.0,3983.7,2669716
2024-07-11,3773.81,3923.7,3980.0,3895.6,3931.0,4872189
2024-07-12,4024.12,4183.95,4199.95,3971.3,3980.0,13509164
2024-07-15,4009.93,4169.2,4240.0,4157.05,4235.7,4848030
2024-07-16,4018.83,4178.45,4194.55,4144.9,4172.0,2029521
2024-07-18,4150.69,4315.55,4325.0,4160.0,4160.0,5613364
2024-07-19,4147.66,4302.4,4358.75,4285.25,4317.4,3903354
2024-07-22,4133.15,4287.35,4319.95,4265.0,4299.95,1896386
2024-07-23,4147.61,4302.35,4361.7,4266.3,4283.0,2365208
2024-07-24,4151.37,4306.25,4339.1,4268.1,4287.5,1809793
2024-07-25,4167.03,4322.5,4343.0,4274.2,4295.0,2810342
2024-07-26,4230.03,4387.85,4422.45,4337.05,4350.0,3552210
2024-07-29,4223.52,4381.1,4431.0,4371.0,4415.0,1746803
2024-07-30,4208.34,4365.35,4398.0,4327.3,4391.1,1797906
2024-07-31,4227.62,4385.35,4414.0,4345.0,4350.0,2330091
2024-08-01,4238.95,4397.1,4419.3,4365.05,4399.4,2202244
2024-08-02,4129.0,4283.05,4398.0,4270.0,4365.0,2811282
2024-08-05,4005.61,4155.05,4239.0,4110.5,4239.0,2787771
2024-08-06,4021.17,4171.2,4258.25,4160.8,4170.95,2203067
2024-08-07,4049.37,4200.45,4244.95,4180.3,4228.0,1237666
2024-08-08,4022.48,4172.55,4232.0,4160.0,4181.0,2441283
2024-08-09,4076.65,4228.75,4253.65,4205.55,4217.0,1302536
2024-08-12,4044.75,4195.65,4239.0,4186.35,4230.0,936912
2024-08-13,4046.0,4196.95,4234.0,4183.0,4213.0,1495593
2024-08-14,4140.76,4295.25,4306.2,4188.15,4209.0,3226545
2024-08-16,4257.22,4416.05,4427.0,4325.1,4350.0,3457058
2024-08-19,4328.51,4490.0,4494.25,4390.35,4421.0,2055210
2024-08-20,4360.61,4523.3,4565.0,4500.0,4505.0,2212298
2024-08-21,4387.8,4551.5,4560.0,4492.55,4518.0,1896990
2024-08-22,4340.08,4502.0,4560.95,4497.2,4560.0,1829872
2024-08-23,4303.35,4463.9,4506.0,4455.0,4500.0,1809253
2024-08-26,4340.51,4502.45,4552.15,4485.0,4489.0,1844164
2024-08-27,4335.4,4497.15,4510.0,4486.8,4505.0,930697
2024-08-28,4343.98,4506.05,4562.5,4457.3,4498.75,1848058
2024-08-29,4349.52,4511.8,4556.0,4460.0,4460.0,2133641
2024-08-30,4389.97,4553.75,4592.25,4487.8,4500.0,3637222
2024-09-02,4358.44,4521.05,4588.0,4512.0,4576.0,1216500
2024-09-03,4350.05,4512.35,4555.9,4495.9,4521.05,1717263
2024-09-04,4318.15,4479.25,4487.0,4436.7,4476.95,1265505
2024-09-05,4314.96,4475.95,4499.0,4454.15,4481.0,1688793
2024-09-06,4296.45,4456.75,4518.95,4440.0,4473.95,1649179
2024-09-09,4289.51,4449.55,4490.25,4430.5,4455.0,1184938
2024-09-10,4345.72,4507.85,4539.95,4440.45,4442.45,1385591
2024-09-11,4318.24,4479.35,4549.35,4471.25,4521.45,1325919
2024-09-12,4355.21,4517.7,4532.6,4431.3,4510.25,2742216
2024-09-13,4359.94,4522.6,4547.0,4505.0,4530.0,1458786
2024-09-16,4350.92,4513.25,4546.05,4494.45,4527.0,1155120
2024-09-17,4343.6,4505.65,4535.8,4466.0,4513.25,1699364
2024-09-18,4189.83,4346.15,4497.05,4321.0,4497.05,2961779
2024-09-19,4141.63,4296.15,4422.2,4281.8,4390.05,2927551
2024-09-20,4130.79,4284.9,4330.7,4227.5,4316.9,5447908
2024-09-23,4114.98,4268.5,4309.4,4253.0,4300.0,1702319
2024-09-24,4117.67,4271.3,4291.0,4240.0,4251.65,3012026
2024-09-25,4121.0,4274.75,4289.6,4240.0,4252.35,2713073
2024-09-26,4138.11,4292.5,4316.8,4260.0,4260.0,3964251
2024-09-27,4153.73,4308.7,4378.0,4300.05,4335.0,3012477
2024-09-30,4114.98,4268.5,4298.75,4260.05,4286.9,2503416
2024-10-01,4133.68,4287.9,4295.75,4242.95,4255.55,1823365
2024-10-03,4080.51,4232.75,4279.0,4210.0,4262.6,3350119
2024-10-04,4099.31,4252.25,4298.0,4224.05,4225.0,2965463
2024-10-07,4119.17,4272.85,4297.25,4229.4,4273.9,1472619
2024-10-08,4100.27,4253.25,4279.4,4203.95,4272.6,1541867
2024-10-09,4099.98,4252.95,4295.0,4246.7,4260.0,1082504
2024-10-10,4075.35,4227.4,4293.85,4198.6,4253.25,2378875
2024-10-11,3999.97,4149.2,4241.95,4112.45,4143.0,5759183
2024-10-14,3987.87,4136.65,4165.4,4122.2,4140.0,2137590
2024-10-15,3968.73,4116.8,4169.95,4095.0,4131.05,2759474
2024-10-16,3947.67,4094.95,4115.0,4067.2,4085.0,2359151
2024-10-17,3961.21,4109.0,4129.95,4092.95,4112.8,2522659
2024-10-18,3984.45,4123.05,4146.15,4080.0,4090.0,2361000
2024-10-21,3942.71,4079.85,4139.95,4070.0,4132.6,1595450
2024-10-22,3880.52,4015.5,4089.8,4006.35,4066.0,1928049
2024-10-23,3929.56,4066.25,4113.55,3995.15,3999.6,1966476
2024-10-24,3911.83,4047.9,4079.0,4004.0,4004.0,2676744
2024-10-25,3921.15,4057.55,4092.0,4032.7,4057.05,1759676
2024-10-28,3953.34,4090.85,4134.0,4051.0,4068.95,1532534
2024-10-29,3938.26,4075.25,4103.5,4060.1,4095.85,1445885
2024-10-30,3947.34,4084.65,4107.0,4060.05,4075.0,1935002
2024-10-31,3835.05,3968.45,4078.3,3960.0,4070.0,3740372
2024-11-01,3850.27,3984.2,3998.95,3976.05,3989.85,154895
2024-11-04,3830.89,3964.15,3991.9,3913.25,3966.3,2269192
2024-11-05,3837.85,3971.35,3986.0,3941.1,3941.1,967590
2024-11-06,4000.49,4139.65,4149.8,3975.25,4003.6,3792017
2024-11-07,4011.37,4150.9,4205.8,4085.05,4169.7,3724349
2024-11-08,4007.6,4147.0,4169.75,4117.65,4155.0,1648039
2024-11-11,4057.56,4198.7,4234.3,4117.65,4128.2,1406487
2024-11-12,4056.3,4197.4,4218.0,4164.35,4216.0,1587640
2024-11-13,4010.84,4150.35,4196.75,4131.05,4178.1,1098813
2024-11-14,4006.53,4145.9,4160.0,4116.45,4135.0,1825432
2024-11-18,3884.38,4019.5,4213.0,3990.2,4213.0,3313944
2024-11-19,3903.76,4039.55,4132.15,4014.1,4019.9,1776233
2024-11-21,3935.94,4072.85,4092.45,4024.0,4044.9,2384347
2024-11-22,4101.92,4244.6,4254.95,4054.0,4071.0,3096553
2024-11-25,4170.05,4315.1,4328.1,4252.2,4280.0,4052167
2024-11-26,4206.38,4352.7,4366.6,4310.0,4321.05,2060669
2024-11-27,4186.91,4332.55,4377.4,4324.05,4358.95,1558993
2024-11-28,4102.21,4244.9,4339.95,4233.0,4319.0,2558544
2024-11-29,4127.29,4270.85,4298.7,4195.65,4220.0,2017425
2024-12-02,4132.89,4276.65,4288.2,4230.05,4270.0,1670944
2024-12-03,4158.11,4302.75,4325.0,4265.45,4314.35,2010905
2024-12-04,4208.03,4354.4,4386.95,4289.05,4313.55,3302642
2024-12-05,4313.99,4464.05,4489.0,4360.0,4400.8,3746747
2024-12-06,4296.06,4445.5,4465.0,4412.75,4453.0,1842087
2024-12-09,4302.49,4452.15,4469.4,4415.55,4430.45,2066639
2024-12-10,4283.55,4432.55,4493.8,4412.1,4426.15,2087828
2024-12-11,4278.62,4427.45,4448.65,4407.0,4431.85,1635256
2024-12-12,4305.2,4454.95,4485.0,4426.0,4430.05,1914642
2024-12-13,4323.51,4473.9,4494.9,4394.4,4434.95,1967048
2024-12-16,4266.78,4415.2,4475.0,4397.0,4459.0,1646224
2024-12-17,4183.0,4328.5,4432.95,4318.0,4410.0,3225027
2024-12-18,4201.7,4347.85,4362.0,4289.6,4311.7,1575404
2024-12-19,4128.3,4271.9,4364.0,4262.0,4282.0,3015763
2024-12-20,4030.11,4170.3,4382.0,4152.5,4329.0,4116989
2024-12-23,4018.52,4158.3,4217.0,4114.9,4200.05,2195338
2024-12-24,4039.01,4179.5,4218.0,4158.3,4158.3,1181886
2024-12-26,4028.96,4169.1,4199.95,4143.15,4179.5,1208464
2024-12-27,4024.85,4164.85,4180.95,4147.25,4163.0,858100
2024-12-30,4019.0,4158.8,4199.3,4112.0,4151.0,1527169
2024-12-31,3957.15,4094.8,4139.95,4032.05,4135.0,1555429
2025-01-01,3974.21,4112.45,4134.0,4085.45,4094.4,763161
2025-01-02,4035.38,4175.75,4183.0,4096.95,4120.0,1720835
2025-01-03,3962.08,4099.9,4179.95,4092.3,4179.95,1791953
2025-01-06,3957.35,4095.0,4149.65,4066.4,4105.5,2085593
2025-01-07,3892.89,4028.3,4140.35,4011.55,4114.95,2669054
2025-01-08,3970.3,4108.4,4126.0,4017.75,4034.9,2181277
2025-01-09,3903.08,4038.85,4137.75,4025.3,4101.0,2392472
2025-01-10,4122.26,4265.65,4297.0,4170.0,4200.0,7894300
2025-01-13,4146.85,4291.1,4322.95,4227.4,4245.0,4003771
2025-01-14,4090.76,4233.05,4313.9,4219.05,4302.0,3441709
2025-01-15,4106.75,4249.6,4256.45,4207.45,4218.0,1653474
2025-01-16,4064.9,4206.3,4294.0,4191.85,4260.0,2637705
2025-01-17,4059.0,4124.3,4160.6,4100.05,4159.9,1761466
2025-01-20,4013.24,4077.8,4145.8,4068.1,4145.8,1287799
2025-01-21,3971.95,4035.85,4111.0,4030.0,4095.3,1971591
2025-01-22,4090.79,4156.6,4163.15,4044.2,4050.0,2409223
2025-01-23,4079.81,4145.45,4191.35,4140.05,4168.0,1822998
2025-01-24,4086.61,4152.35,4178.0,4104.0,4104.0,1910099
2025-01-27,4000.79,4065.15,4156.35,4041.05,4102.0,1551782
2025-01-28,3976.33,4040.3,4102.0,4028.3,4070.8,2468272
2025-01-29,4034.89,4099.8,4107.85,4054.0,4054.0,1217089
2025-01-30,4035.13,4100.05,4129.9,4058.5,4099.9,1531251
2025-01-31,4047.29,4112.4,4128.45,4085.25,4110.0,1492943
2025-02-01,4008.66,4073.15,4135.9,4056.0,4113.0,437172
2025-02-03,4004.23,4068.65,4077.0,3998.7,4030.9,1265713
2025-02-04,4042.02,4107.05,4118.85,4066.05,4083.7,2547132
2025-02-05,4026.33,4091.1,4150.0,4076.0,4150.0,1693912
2025-02-06,4018.11,4082.75,4139.5,4051.55,4105.4,2284536
2025-02-07,3965.6,4029.4,4090.0,4008.0,4090.0,1548940
2025-02-10,3973.03,4036.95,4052.0,4014.35,4040.0,1339511
2025-02-11,3900.79,3963.55,4040.0,3955.0,4018.4,1810908
2025-02-12,3887.61,3950.15,4021.75,3940.15,3971.1,1678002
2025-02-13,3848.24,3910.15,3984.45,3902.25,3968.0,2277310
2025-02-14,3872.55,3934.85,3948.0,3900.0,3925.0,1681975
2025-02-17,3842.68,3904.5,3934.0,3856.2,3856.5,1799806
2025-02-18,3811.88,3873.2,3924.4,3864.5,3898.4,2149879
2025-02-19,3724.19,3784.1,3874.95,3768.15,3872.2,4366672
2025-02-20,3719.56,3779.4,3788.0,3751.3,3761.5,2888572
2025-02-21,3726.06,3786.0,3817.0,3775.0,3776.1,1833931
2025-02-24,3617.4,3675.6,3763.2,3670.0,3743.15,2508516
2025-02-25,3572.08,3629.55,3658.0,3621.25,3625.0,4101954
2025-02-27,3555.35,3612.55,3638.0,3600.7,3611.7,3823856
2025-02-28,3428.1,3483.25,3600.0,3457.0,3584.95,7085018
2025-03-03,3437.74,3493.05,3523.25,3476.15,3485.0,4990439
2025-03-04,3476.13,3532.05,3551.0,3464.3,3474.0,2797737
2025-03-05,3490.89,3547.05,3600.35,3520.85,3520.85,2501894
2025-03-06,3544.58,3601.6,3609.45,3536.1,3557.0,2786513
2025-03-07,3554.02,3611.2,3625.0,3574.4,3600.0,2051315
2025-03-10,3532.81,3589.65,3622.1,3582.6,3606.5,1004626
2025-03-11,3518.69,3575.3,3588.75,3537.65,3558.0,1995450
2025-03-12,3450.69,3506.2,3569.25,3486.85,3565.0,3174167
2025-03-13,3455.46,3511.05,3524.3,3484.1,3502.3,1693004
2025-03-17,3442.32,3497.7,3530.45,3477.35,3489.0,2690906
2025-03-18,3442.32,3497.7,3497.7,3497.7,3497.7,0
2025-03-19,3441.73,3497.1,3547.0,3462.75,3547.0,3051244
2025-03-20,3506.73,3563.15,3578.95,3512.0,3512.0,2845192
2025-03-21,3521.45,3578.1,3616.25,3465.0,3475.0,4161925
2025-03-24,3571.49,3628.95,3649.75,3566.6,3600.0,1834751
2025-03-25,3599.84,3657.75,3710.0,3638.0,3645.0,3135390
2025-03-26,3578.23,3635.8,3680.5,3625.85,3647.75,1734499
2025-03-27,3593.39,3651.2,3663.0,3610.5,3614.85,2528474
2025-03-28,3549.05,3606.15,3660.95,3591.9,3651.0,2051919
2025-04-01,3494.58,3550.8,3584.0,3525.0,3572.7,2618493
2025-04-02,3487.84,3543.95,3564.1,3530.05,3544.0,1764313
2025-04-03,3349.27,3403.15,3502.0,3396.15,3491.0,4537821
2025-04-04,3247.16,3299.4,3399.65,3295.5,3362.6,5317367
2025-04-07,3222.21,3274.05,3291.4,3056.05,3100.0,6623955
2025-04-08,3240.81,3292.95,3349.0,3255.3,3302.05,5557558
2025-04-09,3195.2,3246.6,3270.0,3212.05,3260.55,2990265
2025-04-11,3180.34,3231.5,3298.95,3206.0,3289.55,7108961
2025-04-15,3196.77,3248.2,3314.4,3238.6,3314.4,3512160
2025-04-16,3221.97,3273.8,3278.1,3229.0,3248.2,2384391
2025-04-17,3246.67,3298.9,3303.6,3218.0,3245.5,2932346
2025-04-21,3269.01,3321.6,3354.0,3284.1,3290.1,2432946
2025-04-22,3261.92,3314.4,3333.9,3295.0,3322.6,2710498
2025-04-23,3358.96,3413.0,3420.9,3337.3,3365.0,3543923
2025-04-24,3347.74,3401.6,3412.5,3387.7,3401.1,2252175
2025-04-25,3393.41,3448.0,3477.8,3405.0,3420.0,2742991
2025-04-28,3388.98,3443.5,3457.8,3405.0,3435.0,1593296
2025-04-29,3417.52,3472.5,3495.0,3430.4,3455.0,1578332
2025-04-30,3399.02,3453.7,3509.9,3366.0,3472.0,2809332
2025-05-02,3376.68,3431.0,3491.5,3420.0,3472.0,1721761
2025-05-05,3399.61,3454.3,3504.5,3446.4,3450.0,1284443
2025-05-06,3405.22,3460.0,3473.0,3437.0,3460.0,1324763
2025-05-07,3390.55,3445.1,3459.5,3420.6,3420.6,1477128
2025-05-08,3394.29,3448.9,3477.0,3428.7,3448.0,2543591
2025-05-09,3385.83,3440.3,3446.2,3398.1,3399.0,2531757
2025-05-12,3563.08,3620.4,3630.5,3502.2,3505.0,2228678
2025-05-13,3459.35,3515.0,3623.0,3510.5,3620.4,3062887
2025-05-14,3492.51,3548.7,3561.0,3508.6,3521.0,2119499
2025-05-15,3523.22,3579.9,3600.0,3514.1,3564.0,3548330
2025-05-16,3504.91,3561.3,3593.9,3546.1,3593.9,1666727
2025-05-19,3463.09,3518.8,3550.0,3503.7,3550.0,2537377
2025-05-20,3442.91,3498.3,3558.0,3494.0,3531.8,2038374
2025-05-21,3469.98,3525.8,3537.0,3498.3,3508.0,1440153
2025-05-22,3421.95,3477.0,3497.8,3451.3,3495.0,2034383
2025-05-23,3458.95,3514.6,3535.0,3465.6,3477.0,1274331
2025-05-26,3481.29,3537.3,3545.0,3510.1,3521.0,967470
2025-05-27,3443.3,3498.7,3540.0,3483.1,3532.0,2467680
2025-05-28,3442.32,3497.7,3529.0,3493.0,3520.0,1222933
2025-05-29,3442.71,3498.1,3532.5,3486.5,3504.7,3188072
2025-05-30,3408.56,3463.4,3506.7,3453.1,3490.0,3404365
2025-06-02,3395.18,3449.8,3460.0,3418.6,3450.0,1877585
2025-06-03,3351.29,3405.2,3473.5,3400.5,3446.0,2848125
2025-06-04,3356.94,3380.9,3394.8,3370.0,3389.0,2544807
2025-06-05,3347.21,3371.1,3409.0,3363.7,3409.0,3584683
2025-06-06,3360.22,3384.2,3390.9,3358.7,3371.1,2070390
2025-06-09,3397.65,3421.9,3434.0,3390.9,3400.0,1718678
2025-06-10,3438.36,3462.9,3485.8,3423.2,3440.0,2419874
2025-06-11,3447.3,3471.9,3489.0,3449.1,3470.0,2847013
2025-06-12,3409.87,3434.2,3474.7,3423.2,3471.9,4060134
2025-06-13,3421.29,3445.7,3450.5,3393.2,3393.2,2178493
2025-06-16,3471.53,3496.3,3509.0,3426.2,3440.0,1934088
2025-06-17,3490.39,3515.3,3520.0,3488.1,3510.0,2111940
2025-06-18,3426.95,3451.4,3538.0,3443.1,3519.1,2696327
2025-06-19,3399.74,3424.0,3451.0,3413.0,3450.0,2672768
2025-06-20,3411.36,3435.7,3446.3,3410.9,3425.0,2351248
2025-06-23,3369.55,3393.6,3425.0,3370.0,3415.0,3123421
2025-06-24,3366.38,3390.4,3442.1,3382.0,3434.6,3403048
2025-06-25,3420.39,3444.8,3450.0,3400.0,3407.3,1757699
2025-06-26,3417.41,3441.8,3451.4,3415.3,3444.8,2879106
2025-06-27,3416.72,3441.1,3466.4,3431.0,3455.0,1778433
2025-06-30,3437.47,3462.0,3464.9,3430.0,3439.9,1468351
2025-07-01,3405.4,3429.7,3485.0,3413.5,3455.0,2375183
2025-07-02,3399.04,3423.3,3489.9,3420.0,3487.2,3090585
2025-07-03,3376.7,3400.8,3435.3,3397.6,3430.0,2531870
2025-07-04,3395.57,3419.8,3427.0,3390.1,3408.0,1109320
2025-07-07,3387.53,3411.7,3426.1,3408.4,3418.3,1639174
2025-07-08,3382.07,3406.2,3425.0,3393.4,3405.0,2325242
2025-07-09,3359.82,3383.8,3414.0,3367.0,3410.0,2034938
2025-07-10,3358.04,3382.0,3399.0,3356.0,3380.0,3035012
2025-07-11,3242.86,3266.0,3335.0,3261.1,3299.9,7635550
2025-07-14,3199.87,3222.7,3272.0,3200.0,3266.0,3924009
2025-07-15,3229.26,3252.3,3259.4,3206.0,3206.0,2590889
2025-07-16,3221.09,3233.1,3244.9,3220.6,3227.0,2540733
2025-07-17,3197.28,3209.2,3242.0,3204.1,3224.1,2947640
2025-07-18,3178.05,3189.9,3228.8,3187.0,3225.0,3432645
2025-07-21,3146.46,3158.2,3197.6,3152.0,3190.0,3844346
2025-07-22,3147.86,3159.6,3180.1,3154.6,3159.6,3198036
2025-07-23,3167.29,3179.1,3182.0,3157.6,3159.6,1922875
2025-07-24,3136.3,3148.0,3173.7,3140.0,3165.1,2934778
2025-07-25,3124.15,3135.8,3156.9,3125.6,3140.0,2568917
2025-07-28,3067.86,3079.3,3118.0,3069.9,3110.0,3374473
2025-07-29,3044.64,3056.0,3074.0,3041.2,3060.0,4785312
2025-07-30,3042.25,3053.6,3069.0,3047.2,3060.0,2880121
2025-07-31,3025.52,3036.8,3059.8,3015.0,3041.7,2968371
2025-08-01,2991.84,3003.0,3036.8,3000.0,3029.9,2053847
2025-08-04,3062.98,3074.4,3079.4,2991.6,3009.1,2519252
2025-08-05,3052.52,3063.9,3077.5,3042.0,3074.4,1927996
2025-08-06,3021.03,3032.3,3066.8,3026.0,3063.0,1487081
2025-08-07,3035.68,3047.0,3051.6,3010.9,3016.0,2543076
2025-08-08,3025.12,3036.4,3059.8,3025.0,3048.1,2762140
2025-08-11,3029.5,3040.8,3049.9,3021.3,3036.4,1884215
2025-08-12,3024.12,3035.4,3096.4,3026.9,3041.0,3358232
2025-08-13,3024.92,3036.2,3044.4,3028.6,3036.1,2148166
2025-08-14,3011.07,3022.3,3055.9,3019.1,3034.0,3342174
2025-08-18,3000.01,3011.2,3049.0,3003.4,3046.5,2945609
2025-08-19,3004.99,3016.2,3025.0,3011.1,3011.2,2650784
2025-08-20,3087.09,3098.6,3103.4,3010.9,3010.9,4952358
2025-08-21,3091.07,3102.6,3130.0,3083.1,3130.0,3230726
2025-08-22,3042.65,3054.0,3095.7,3050.0,3086.0,1593791
2025-08-25,3128.93,3140.6,3152.0,3077.1,3087.3,3448370
2025-08-26,3145.47,3157.2,3162.0,3120.0,3129.0,5522097
2025-08-28,3082.2,3093.7,3146.5,3086.5,3145.0,3116051
2025-08-29,3073.24,3084.7,3115.0,3077.2,3093.0,2271789
2025-09-01,3101.03,3112.6,3131.1,3090.0,3090.0,1246862
2025-09-02,3099.94,3111.5,3155.0,3103.1,3121.1,2185229
2025-09-03,3085.99,3097.5,3141.9,3088.0,3129.9,1799774
2025-09-04,3084.2,3095.7,3118.0,3090.8,3116.0,1481391
2025-09-05,3036.97,3048.3,3103.4,3028.6,3097.1,2802055
2025-09-08,3007.78,3019.0,3064.9,3016.0,3050.0,2626187
2025-09-09,3038.07,3049.4,3060.0,3030.8,3032.1,2489301
2025-09-10,3098.44,3110.0,3122.7,3053.4,3056.4,2079428
2025-09-11,3112.59,3124.2,3139.0,3110.1,3139.0,2263446
2025-09-12,3121.76,3133.4,3148.7,3121.0,3144.0,1447167
2025-09-15,3100.34,3111.9,3134.0,3096.0,3134.0,1732539
2025-09-16,3134.01,3145.7,3150.0,3109.1,3128.0,2573429
2025-09-17,3161.01,3172.8,3182.4,3142.4,3152.0,2418271
2025-09-18,3164.9,3176.7,3203.0,3161.4,3185.0,2633138
2025-09-19,3157.42,3169.2,3180.5,3144.0,3170.0,4901694
2025-09-22,3062.38,3073.8,3106.9,3065.0,3095.0,3634901
2025-09-23,3051.02,3062.4,3080.7,3052.0,3070.0,3177741
2025-09-24,3024.12,3035.4,3057.0,3033.0,3050.0,1625714
2025-09-25,2946.41,2957.4,3029.6,2951.0,3022.0,4974361
2025-09-26,2888.33,2899.1,2954.8,2891.3,2941.0,3934636
2025-09-29,2885.34,2896.1,2929.3,2894.0,2916.0,3110035
2025-09-30,2877.67,2888.4,2915.3,2885.1,2911.0,2253458
2025-10-01,2903.37,2914.2,2924.8,2866.6,2891.0,1952902
2025-10-03,2891.12,2901.9,2924.0,2891.1,2924.0,2899519
2025-10-06,2977.3,2988.4,2993.6,2895.6,2902.0,2112774
2025-10-07,2962.65,2973.7,3004.5,2955.5,2995.0,3062943
2025-10-08,3015.95,3027.2,3043.0,2968.0,2975.0,4121889
2025-10-09,3050.32,3061.7,3066.0,3020.0,3034.0,3211304
2025-10-10,3017.05,3028.3,3070.0,3006.9,3050.0,8817365
2025-10-13,2996.03,3007.2,3035.5,2998.2,3027.0,2866865
2025-10-14,2949.3,2960.3,3027.2,2955.5,3021.0,3611416
2025-10-15,2969.8,2969.8,2979.7,2951.0,2971.0,4282226
2025-10-16,2970.7,2970.7,2975.0,2943.1,2969.9,3251495
2025-10-17,2962.2,2962.2,2988.8,2955.4,2970.0,4374683
2025-10-20,3015.2,3015.2,3023.0,2978.5,2985.5,3133039
2025-10-21,3006.7,3006.7,3031.8,2996.0,3031.1,310644
2025-10-23,3073.2,3073.2,3098.0,3036.1,3055.0,5564758
2025-10-24,3063.2,3063.2,3090.0,3058.3,3080.0,2684318
2025-10-27,3084.9,3084.9,3094.2,3060.2,3066.5,1946312
2025-10-28,3057.9,3057.9,3090.2,3040.2,3076.0,3470737
2025-10-29,3057.6,3057.6,3076.0,3046.1,3057.9,2895420
2025-10-30,3035.3,3035.3,3063.8,3032.8,3049.1,2241536
2025-10-31,3058.0,3058.0,3067.4,3025.1,3035.0,1868085
2025-11-03,3016.8,3016.8,3058.0,3010.0,3046.9,2194877
2025-11-04,2990.2,2990.2,3029.3,2976.0,3019.6,2670720
2025-11-05,2990.2,2990.2,2990.2,2990.2,2990.2,0
2025-11-06,3010.9,3010.9,3024.0,2990.0,2990.1,2542721
2025-11-07,2991.8,2991.8,3004.0,2960.5,3001.0,1830520
2025-11-10,3025.2,3025.2,3047.9,2992.0,2993.0,1556656
2025-11-11,3047.0,3047.0,3055.7,3018.0,3045.0,2806868
2025-11-12,3131.8,3131.8,3136.4,3057.1,3060.0,4460315
2025-11-13,3105.7,3105.7,3131.9,3102.0,3131.8,1740435
2025-11-14,3106.0,3106.0,3113.1,3077.3,3090.0,2210794
2025-11-17,3102.2,3102.2,3123.5,3086.6,3106.0,2232853
2025-11-18,3087.1,3087.1,3105.0,3078.0,3102.0,2548350
2025-11-19,3147.7,3147.7,3155.0,3083.5,3097.0,3151053
2025-11-20,3144.8,3144.8,3164.5,3138.1,3148.0,2700767
2025-11-21,3150.6,3150.6,3170.0,3135.2,3144.8,4177037
2025-11-24,3141.2,3141.2,3178.9,3131.0,3158.0,6703764
2025-11-25,3119.2,3119.2,3149.8,3115.0,3145.3,2737920
2025-11-26,3162.9,3162.9,3178.0,3117.0,3118.8,2508527
2025-11-27,3136.6,3136.6,3180.0,3125.0,3180.0,2836233
2025-11-28,3137.5,3137.5,3147.3,3125.0,3140.0,1616690
2025-12-01,3133.4,3133.4,3154.0,3122.2,3137.9,1747647
2025-12-02,3135.7,3135.7,3144.0,3120.4,3131.0,2512003
2025-12-03,3180.0,3180.0,3211.9,3139.0,3140.0,3952112
2025-12-04,3229.2,3229.2,3250.0,3187.4,3194.0,5025905
2025-12-05,3238.2,3238.2,3271.6,3222.4,3230.0,5244013
2025-12-08,3236.5,3236.5,3259.9,3208.6,3243.0,2544725
2025-12-09,3208.3,3208.3,3233.7,3181.2,3230.0,2734893
2025-12-10,3189.2,3189.2,3225.0,3178.1,3225.0,1386849
2025-12-11,3191.9,3191.9,3208.4,3153.1,3205.0,1914362
2025-12-12,3220.5,3220.5,3223.0,3185.7,3197.7,1146554
