Ticker	Daily	Intraday	Last Daily Date	Last Intraday Date	Data Source
07AGG	NO	NO	—	—	NONE
07GPG	NO	NO	—	—	NONE
08ABB	NO	NO	—	—	NONE
08AGG	NO	NO	—	—	NONE
08GPG	NO	NO	—	—	NONE
08MPD	NO	NO	—	—	NONE
09AGG	NO	NO	—	—	NONE
09MPD	NO	NO	—	—	NONE
10AGG	NO	NO	—	—	NONE
10ARD	NO	NO	—	—	NONE
10GPG	NO	NO	—	—	NONE
11AGG	NO	NO	—	—	NONE
11AMD	NO	NO	—	—	NONE
11AQD	NO	NO	—	—	NONE
11DPD	NO	NO	—	—	NONE
11DPR	NO	NO	—	—	NONE
11GPG	NO	NO	—	—	NONE
11MPD	NO	NO	—	—	NONE
11MPR	NO	NO	—	—	NONE
11QPD	NO	NO	—	—	NONE
11QPR	NO	NO	—	—	NONE
1STCUS	NO	NO	—	—	NONE
20MICRONS	YES	NO	2026-06-25	—	BACKFILL
21STCENMGM	YES	NO	2026-06-25	—	BACKFILL
360ONE	YES	NO	2026-06-25	—	BACKFILL
3BBLACKBIO	YES	NO	2026-06-25	—	BACKFILL
3BFILMS	NO	NO	—	—	NONE
3CIT	NO	NO	—	—	NONE
3IINFOLTD	YES	NO	2026-06-25	—	BACKFILL
3MINDIA	YES	NO	2026-06-25	—	BACKFILL
3PLAND	YES	NO	2026-06-25	—	BACKFILL
5PAISA	YES	NO	2026-06-25	—	BACKFILL
63MOONS	YES	NO	2026-06-25	—	BACKFILL
750GS2056	NO	NO	—	—	NONE
7NR	NO	NO	—	—	NONE
7SEASL	NO	NO	—	—	NONE
7TEC	NO	NO	—	—	NONE
A1L	NO	NO	—	—	NONE
A2ZINFRA	YES	NO	2026-06-25	—	BACKFILL
AAATECH	YES	YES	2026-06-25	2026-06-24 15:21	BACKFILL
AADHARHFC	YES	NO	2026-06-25	—	BACKFILL
AADIIND	NO	NO	—	—	NONE
AAIL	NO	NO	—	—	NONE
AAKAAR	NO	NO	—	—	NONE
AAKASH	YES	NO	2026-06-25	—	BACKFILL
AANANDALAK	NO	NO	—	—	NONE
AANCHALISP	NO	NO	—	—	NONE
AAPLUSTRAD	NO	NO	—	—	NONE
AARADHYA	NO	NO	—	—	NONE
AARCON	NO	NO	—	—	NONE
AAREYDRUGS	YES	NO	2026-06-25	—	BACKFILL
AARNAV	YES	NO	2026-06-25	—	BACKFILL
AARON	YES	YES	2026-06-25	2026-06-24 15:21	BACKFILL
AARTECH	YES	NO	2026-06-25	—	BACKFILL
AARTIDRUGS	YES	NO	2026-06-25	—	BACKFILL
AARTIIND	YES	NO	2026-06-25	—	BACKFILL
AARTIPHARM	YES	NO	2026-06-25	—	BACKFILL
AARTISURF	YES	NO	2026-06-25	—	BACKFILL
AARVI	YES	NO	2026-06-25	—	BACKFILL
AASHKA	NO	NO	—	—	NONE
AASTAFIN	NO	NO	—	—	NONE
AATMAJ	YES	NO	2026-06-24	—	BACKFILL
AAVAS	YES	NO	2026-06-25	—	BACKFILL
AAYUSH	NO	NO	—	—	NONE
AAYUSHBULL	NO	NO	—	—	NONE
ABAN	YES	NO	2026-06-24	—	BACKFILL
ABANSENT	YES	NO	2026-06-25	—	BACKFILL
ABATEAS	NO	NO	—	—	NONE
ABB	YES	NO	2026-06-25	—	BACKFILL
ABBOTINDIA	YES	NO	2026-06-25	—	BACKFILL
ABCAPITAL	YES	NO	2026-06-25	—	BACKFILL
ABCINDQ	NO	NO	—	—	NONE
ABCOTS	YES	NO	2026-06-25	—	BACKFILL
ABDL	YES	NO	2026-06-25	—	BACKFILL
ABFRL	YES	YES	2026-06-25	2026-06-24 15:21	BACKFILL
ABGSEC	YES	NO	2026-06-25	—	BACKFILL
ABHAPOWER	NO	NO	—	—	NONE
ABHIFIN	NO	NO	—	—	NONE
ABINFRA	YES	NO	2026-06-25	—	BACKFILL
ABIRAFN	NO	NO	—	—	NONE
ABLBL	YES	YES	2026-06-25	2026-06-24 15:21	BACKFILL
ABMINTLLTD	YES	NO	2026-06-25	—	BACKFILL
ABMKNO	YES	NO	2026-06-25	—	BACKFILL
ABREL	YES	NO	2026-06-25	—	BACKFILL
ABRFL	NO	NO	—	—	NONE
ABRIL	NO	NO	—	—	NONE
ABSL10BANK	YES	NO	2026-06-25	—	BACKFILL
ABSLAMC	YES	NO	2026-06-25	—	BACKFILL
ABSLBANETF	YES	NO	2026-06-25	—	BACKFILL
ABSLLIQUID	YES	NO	2026-06-25	—	BACKFILL
ABSLMSCIN	YES	NO	2026-06-25	—	BACKFILL
ABSLNN50ET	YES	NO	2026-06-25	—	BACKFILL
ABSLPSE	YES	NO	2026-06-25	—	BACKFILL
ABSMARINE	YES	NO	2026-06-24	—	BACKFILL
ABVL	NO	NO	—	—	NONE
ACC	YES	NO	2026-06-25	—	BACKFILL
ACCEDERE	NO	NO	—	—	NONE
ACCEL	NO	NO	—	—	NONE
ACCELERATE	NO	NO	—	—	NONE
ACCELYA	YES	NO	2026-06-25	—	BACKFILL
ACCENTMIC	YES	NO	2026-06-24	—	BACKFILL
ACCORD	YES	NO	2026-06-24	—	BACKFILL
ACCORDTS	NO	NO	—	—	NONE
ACCPL	NO	NO	—	—	NONE
ACCURACY	YES	NO	2026-06-25	—	BACKFILL
ACE	YES	NO	2026-06-25	—	BACKFILL
ACEALPHA	NO	NO	—	—	NONE
ACEEDU	NO	NO	—	—	NONE
ACEENGITEC	NO	NO	—	—	NONE
ACEINTEG	YES	NO	2026-06-25	—	BACKFILL
ACEMEN	NO	NO	—	—	NONE
ACESEPP	NO	NO	—	—	NONE
ACESOFT	NO	NO	—	—	NONE
ACETEC	NO	NO	—	—	NONE
ACFSL	NO	NO	—	—	NONE
ACGL	NO	NO	—	—	NONE
ACHYUT	NO	NO	—	—	NONE
ACI	YES	NO	2026-06-25	—	BACKFILL
ACIIN	NO	NO	—	—	NONE
ACKNIT	NO	NO	—	—	NONE
ACL	YES	NO	2026-06-25	—	BACKFILL
ACLD	NO	NO	—	—	NONE
ACME	NO	NO	—	—	NONE
ACMESOLAR	YES	NO	2026-06-25	—	BACKFILL
ACML	NO	NO	—	—	NONE
ACROW	NO	NO	—	—	NONE
ACSTECH	YES	NO	2026-06-25	—	BACKFILL
ACTIVE	NO	NO	—	—	NONE
ACTIVEINFR	NO	NO	—	—	NONE
ACUTAAS	YES	NO	2026-06-25	—	BACKFILL
ADANIENSOL	YES	NO	2026-06-25	—	BACKFILL
ADANIENT	YES	YES	2026-06-25	2026-06-19 15:25	BACKFILL
ADANIGREEN	YES	NO	2026-06-25	—	BACKFILL
ADANIPORTS	YES	YES	2026-06-24	2026-06-24 15:29	ANGELONE
ADANIPOWER	YES	NO	2026-06-25	—	BACKFILL
ADARSHPL	NO	NO	—	—	NONE
ADCINDIA	NO	NO	—	—	NONE
ADCON	NO	NO	—	—	NONE
ADCOUNTY	NO	NO	—	—	NONE
ADDICTIVE	NO	NO	—	—	NONE
ADDIND	NO	NO	—	—	NONE
ADESHWAR	NO	NO	—	—	NONE
ADFFOODS	YES	NO	2026-06-25	—	BACKFILL
ADHBHUTIN	NO	NO	—	—	NONE
ADINATH	NO	NO	—	—	NONE
ADISHAKTI	NO	NO	—	—	NONE
ADISOFT	NO	NO	—	—	NONE
ADITYA	NO	NO	—	—	NONE
ADITYASP	NO	NO	—	—	NONE
ADL	YES	NO	2026-06-25	—	BACKFILL
ADMACH	NO	NO	—	—	NONE
ADMANUM	NO	NO	—	—	NONE
ADOR	YES	NO	2026-06-25	—	BACKFILL
ADROITINFO	YES	NO	2026-06-25	—	BACKFILL
ADSL	YES	NO	2026-06-25	—	BACKFILL
ADTECH	NO	NO	—	—	NONE
ADVAIT	YES	NO	2026-06-25	—	BACKFILL
ADVANCE	YES	NO	2026-06-25	—	BACKFILL
ADVANIHOTR	YES	NO	2026-06-25	—	BACKFILL
ADVENTHTL	YES	NO	2026-06-25	—	BACKFILL
ADVENZYMES	YES	NO	2026-06-25	—	BACKFILL
ADVIKCA	NO	NO	—	—	NONE
ADVIKLA	NO	NO	—	—	NONE
ADVLIFE	NO	NO	—	—	NONE
AEGISLOG	YES	NO	2026-06-25	—	BACKFILL
AEGISVOPAK	YES	NO	2026-06-25	—	BACKFILL
AEIM	NO	NO	—	—	NONE
AEL	NO	NO	—	—	NONE
AEONXDIGI	NO	NO	—	—	NONE
AEPL	YES	NO	2026-06-25	—	BACKFILL
AEQUS	YES	NO	2026-06-25	—	BACKFILL
AEROENTER	YES	NO	2026-06-25	—	BACKFILL
AEROFLEX	YES	YES	2026-06-25	2026-06-24 15:21	BACKFILL
AERON	NO	NO	—	—	NONE
AERONEU	YES	NO	2026-06-25	—	BACKFILL
AERPACE	NO	NO	—	—	NONE
AESTHETIK	NO	NO	—	—	NONE
AETHER	YES	NO	2026-06-25	—	BACKFILL
AFCOM	NO	NO	—	—	NONE
AFCONS	YES	NO	2026-06-25	—	BACKFILL
AFEL	NO	NO	—	—	NONE
AFFLE	YES	NO	2026-06-25	—	BACKFILL
AFFORDABLE	YES	NO	2026-06-25	—	BACKFILL
AFIL	YES	NO	2026-06-25	—	BACKFILL
AFLTD	NO	NO	—	—	NONE
AFSL	YES	NO	2026-06-25	—	BACKFILL
AGARIND	YES	NO	2026-06-25	—	BACKFILL
AGARWAL	NO	NO	—	—	NONE
AGARWALEYE	YES	NO	2026-06-25	—	BACKFILL
AGARWALFT	YES	NO	2026-06-24	—	BACKFILL
AGARWALTUF	NO	NO	—	—	NONE
AGI	YES	NO	2026-06-25	—	BACKFILL
AGIIL	YES	NO	2026-06-25	—	BACKFILL
AGNI	YES	NO	2026-06-24	—	BACKFILL
AGOL	NO	NO	—	—	NONE
AGRIBIO	NO	NO	—	—	NONE
AGRITECH	YES	NO	2026-06-25	—	BACKFILL
AGROPHOS	YES	NO	2026-06-25	—	BACKFILL
AGSTRA	YES	NO	2026-06-24	—	BACKFILL
AGUL	YES	NO	2026-06-24	—	BACKFILL
AGVENTURES	NO	NO	—	—	NONE
AHASOLAR	NO	NO	—	—	NONE
AHCL	YES	NO	2026-06-25	—	BACKFILL
AHLADA	YES	NO	2026-06-25	—	BACKFILL
AHLEAST	YES	NO	2026-06-25	—	BACKFILL
AHLUCONT	YES	NO	2026-06-25	—	BACKFILL
AHLWEST	YES	NO	2026-06-25	—	BACKFILL
AHMDSTE	NO	NO	—	—	NONE
AIAENG	YES	NO	2026-06-25	—	BACKFILL
AICHAMP	NO	NO	—	—	NONE
AIHL	NO	NO	—	—	NONE
AIIL	YES	NO	2026-06-25	—	BACKFILL
AIKPIPES	NO	NO	—	—	NONE
AILIMITED	YES	NO	2026-06-24	—	BACKFILL
AIMCOPEST	NO	NO	—	—	NONE
AIML	NO	NO	—	—	NONE
AIMTRON	YES	NO	2026-06-24	—	BACKFILL
AIRAN	YES	NO	2026-06-25	—	BACKFILL
AIRFLOA	NO	NO	—	—	NONE
AIROLAM	YES	NO	2026-06-25	—	BACKFILL
AISL	YES	NO	2026-06-24	—	BACKFILL
AJANTPHARM	YES	NO	2026-06-25	—	BACKFILL
AJANTSOY	NO	NO	—	—	NONE
AJAXENGG	YES	NO	2026-06-25	—	BACKFILL
AJCJEWEL	NO	NO	—	—	NONE
AJCON	NO	NO	—	—	NONE
AJMERA	YES	NO	2026-06-25	—	BACKFILL
AJOONI	YES	NO	2026-06-25	—	BACKFILL
AJWAFUN	NO	NO	—	—	NONE
AKANKSHA	NO	NO	—	—	NONE
AKASH	YES	NO	2026-06-25	—	BACKFILL
AKCAPIT	YES	NO	2026-06-25	—	BACKFILL
AKG	YES	NO	2026-06-25	—	BACKFILL
AKI	YES	NO	2026-06-25	—	BACKFILL
AKIKO	YES	NO	2026-06-24	—	BACKFILL
AKSHAR	YES	YES	2026-06-25	2026-06-24 15:21	BACKFILL
AKSHARCHEM	YES	NO	2026-06-25	—	BACKFILL
AKSHOPTFBR	YES	NO	2026-06-25	—	BACKFILL
AKUMS	YES	NO	2026-06-25	—	BACKFILL
ALANKIT	YES	NO	2026-06-25	—	BACKFILL
ALANSCOTT	NO	NO	—	—	NONE
ALBERTDAVD	YES	NO	2026-06-25	—	BACKFILL
ALCHCORP	NO	NO	—	—	NONE
ALCODIS	NO	NO	—	—	NONE
ALEMBICLTD	YES	NO	2026-06-25	—	BACKFILL
ALEXANDER	NO	NO	—	—	NONE
ALFAICA	NO	NO	—	—	NONE
ALFATRAN	NO	NO	—	—	NONE
ALFAVIO	NO	NO	—	—	NONE
ALFL	NO	NO	—	—	NONE
ALFREDHE	NO	NO	—	—	NONE
ALGOQUANT	YES	NO	2026-06-25	—	BACKFILL
ALICON	YES	NO	2026-06-25	—	BACKFILL
ALIVUS	YES	NO	2026-06-25	—	BACKFILL
ALKALI	YES	NO	2026-06-25	—	BACKFILL
ALKEM	YES	NO	2026-06-25	—	BACKFILL
ALKOSIGN	NO	NO	—	—	NONE
ALKYLAMINE	YES	NO	2026-06-25	—	BACKFILL
ALLCARGO	YES	NO	2026-06-25	—	BACKFILL
ALLDIGI	YES	NO	2026-06-25	—	BACKFILL
ALLETEC	YES	NO	2026-06-24	—	BACKFILL
ALLTIME	YES	NO	2026-06-25	—	BACKFILL
ALMONDZ	YES	NO	2026-06-25	—	BACKFILL
ALOKINDS	YES	YES	2026-06-25	2026-06-24 15:21	BACKFILL
ALPA	YES	NO	2026-06-25	—	BACKFILL
ALPEXSOLAR	YES	NO	2026-06-24	—	BACKFILL
ALPHA	YES	NO	2026-06-25	—	BACKFILL
ALPHAETF	YES	NO	2026-06-25	—	BACKFILL
ALPHAGEO	YES	NO	2026-06-25	—	BACKFILL
ALPHAIND	NO	NO	—	—	NONE
ALPHALOGIC	NO	NO	—	—	NONE
ALPINEHOU	NO	NO	—	—	NONE
ALPL30IETF	YES	NO	2026-06-25	—	BACKFILL
ALSL	NO	NO	—	—	NONE
ALUFLUOR	NO	NO	—	—	NONE
ALUWIND	YES	NO	2026-06-24	—	BACKFILL
AMAGI	YES	NO	2026-06-25	—	BACKFILL
AMAL	NO	NO	—	—	NONE
AMALGAM	NO	NO	—	—	NONE
AMANAYA	NO	NO	—	—	NONE
AMANTA	YES	NO	2026-06-25	—	BACKFILL
AMARJOTHI	NO	NO	—	—	NONE
AMARSEC	NO	NO	—	—	NONE
AMBAAUTO	NO	NO	—	—	NONE
AMBALALSA	YES	NO	2026-06-25	—	BACKFILL
AMBARPIL	NO	NO	—	—	NONE
AMBER	YES	NO	2026-06-25	—	BACKFILL
AMBICAAGAR	YES	NO	2026-06-25	—	BACKFILL
AMBIKCO	YES	NO	2026-06-25	—	BACKFILL
AMBIT	NO	NO	—	—	NONE
AMBOAGRI	NO	NO	—	—	NONE
AMBUJACEM	YES	YES	2026-06-25	2026-06-24 15:21	BACKFILL
AMCL	NO	NO	—	—	NONE
AMCOIND	NO	NO	—	—	NONE
AMDIND	YES	NO	2026-06-25	—	BACKFILL
AMEENJI	NO	NO	—	—	NONE
AMERISE	NO	NO	—	—	NONE
AMEYA	YES	NO	2026-06-24	—	BACKFILL
AMFORG	NO	NO	—	—	NONE
AMIABLE	YES	NO	2026-06-24	—	BACKFILL
AMIC	NO	NO	—	—	NONE
AMINTAN	NO	NO	—	—	NONE
AMIRCHAND	YES	NO	2026-06-25	—	BACKFILL
AMITINT	NO	NO	—	—	NONE
AMITSEC	NO	NO	—	—	NONE
AMJLAND	YES	NO	2026-06-25	—	BACKFILL
AMKAY	NO	NO	—	—	NONE
AMNPLST	YES	NO	2026-06-25	—	BACKFILL
AMPVOLTS	NO	NO	—	—	NONE
AMRAAGRI	NO	NO	—	—	NONE
AMRAFIN	NO	NO	—	—	NONE
AMRAPLIN	NO	NO	—	—	NONE
AMRUTANJAN	YES	NO	2026-06-25	—	BACKFILL
AMS	NO	NO	—	—	NONE
AMTL	NO	NO	—	—	NONE
AMWILL	NO	NO	—	—	NONE
ANANDRATHI	YES	NO	2026-06-25	—	BACKFILL
ANANTAM	NO	NO	—	—	NONE
ANANTRAJ	YES	NO	2026-06-25	—	BACKFILL
ANDHRAPAP	YES	NO	2026-06-25	—	BACKFILL
ANDHRAPET	NO	NO	—	—	NONE
ANDHRSUGAR	YES	NO	2026-06-25	—	BACKFILL
ANDREWYU	NO	NO	—	—	NONE
ANG	NO	NO	—	—	NONE
ANGEL	NO	NO	—	—	NONE
ANGELONE	YES	NO	2026-06-25	—	BACKFILL
ANIKINDS	YES	NO	2026-06-25	—	BACKFILL
ANIRIT	NO	NO	—	—	NONE
ANIRITPP	NO	NO	—	—	NONE
ANJANI	NO	NO	—	—	NONE
ANJANIFIN	NO	NO	—	—	NONE
ANJANIFOODS	NO	NO	—	—	NONE
ANKIN	NO	NO	—	—	NONE
ANKITMETAL	YES	NO	2026-06-25	—	BACKFILL
ANL	NO	NO	—	—	NONE
ANLON	YES	NO	2026-06-24	—	BACKFILL
ANMOL	YES	NO	2026-06-25	—	BACKFILL
ANNAINFRA	NO	NO	—	—	NONE
ANNAPURNA	YES	NO	2026-06-24	—	BACKFILL
ANNVRPP	NO	NO	—	—	NONE
ANONDITA	NO	NO	—	—	NONE
ANSALAPI	YES	NO	2026-06-24	—	BACKFILL
ANSALBU	NO	NO	—	—	NONE
ANSALHSG	NO	NO	—	—	NONE
ANTELOPUS	YES	NO	2026-06-25	—	BACKFILL
ANTGRAPHIC	YES	NO	2026-06-25	—	BACKFILL
ANTHEM	YES	NO	2026-06-25	—	BACKFILL
ANUHPHR	YES	NO	2026-06-25	—	BACKFILL
ANUP	YES	NO	2026-06-25	—	BACKFILL
ANUPAM	NO	NO	—	—	NONE
ANURAS	YES	NO	2026-06-25	—	BACKFILL
ANUROOP	NO	NO	—	—	NONE
ANVRDHI	NO	NO	—	—	NONE
ANYA	NO	NO	—	—	NONE
ANZEN	NO	NO	—	—	NONE
AONEGOLD	YES	NO	2026-06-25	—	BACKFILL
AONELIQUID	YES	NO	2026-06-25	—	BACKFILL
AONENIFTY	YES	NO	2026-06-25	—	BACKFILL
AONESILVER	YES	NO	2026-06-25	—	BACKFILL
AONETMMQ50	YES	NO	2026-06-25	—	BACKFILL
AONETOTAL	YES	NO	2026-06-25	—	BACKFILL
APARINDS	YES	NO	2026-06-25	—	BACKFILL
APCL	YES	NO	2026-06-25	—	BACKFILL
APCOTEXIND	YES	NO	2026-06-25	—	BACKFILL
APEX	YES	NO	2026-06-25	—	BACKFILL
APEXECO	NO	NO	—	—	NONE
APIL	NO	NO	—	—	NONE
APIS	NO	NO	—	—	NONE
APL	NO	NO	—	—	NONE
APLAB	YES	NO	2026-06-19	—	BACKFILL
APLABPP	NO	NO	—	—	NONE
APLAPOLLO	YES	NO	2026-06-25	—	BACKFILL
APLLTD	YES	NO	2026-06-25	—	BACKFILL
APMIN	NO	NO	—	—	NONE
APOLLO	YES	NO	2026-06-25	—	BACKFILL
APOLLOFI	NO	NO	—	—	NONE
APOLLOHOSP	YES	NO	2026-06-25	—	BACKFILL
APOLLOIN	NO	NO	—	—	NONE
APOLLOPIPE	YES	NO	2026-06-25	—	BACKFILL
APOLLOTYRE	YES	NO	2026-06-25	—	BACKFILL
APOLSINHOT	YES	NO	2026-06-25	—	BACKFILL
APOORVA	NO	NO	—	—	NONE
APPL	NO	NO	—	—	NONE
APRAMEYA	NO	NO	—	—	NONE
APS	YES	NO	2026-06-24	—	BACKFILL
APSISAERO	NO	NO	—	—	NONE
APTECHT	YES	NO	2026-06-25	—	BACKFILL
APTPACK	NO	NO	—	—	NONE
APTUS	YES	NO	2026-06-25	—	BACKFILL
AQYLON	YES	NO	2026-06-25	—	BACKFILL
ARABIAN	YES	NO	2026-06-24	—	BACKFILL
ARAVALIS	NO	NO	—	—	NONE
ARCEEIN	NO	NO	—	—	NONE
ARCFIN	NO	NO	—	—	NONE
ARCHIDPLY	YES	NO	2026-06-25	—	BACKFILL
ARCHIES	YES	NO	2026-06-25	—	BACKFILL
ARCHITORG	NO	NO	—	—	NONE
ARCIIL	NO	NO	—	—	NONE
ARCL	NO	NO	—	—	NONE
ARE&M	YES	NO	2026-06-25	—	BACKFILL
ARE_M	NO	NO	—	—	NONE
ARENTERP	YES	NO	2026-06-25	—	BACKFILL
AREXMIS	NO	NO	—	—	NONE
ARFIN	YES	NO	2026-06-25	—	BACKFILL
ARHAM	NO	NO	—	—	NONE
ARIES	YES	NO	2026-06-25	—	BACKFILL
ARIGATO	NO	NO	—	—	NONE
ARIHANT	YES	NO	2026-06-25	—	BACKFILL
ARIHANTACA	YES	NO	2026-06-24	—	BACKFILL
ARIHANTCAP	YES	NO	2026-06-25	—	BACKFILL
ARIHANTSUP	YES	NO	2026-06-25	—	BACKFILL
ARIS	YES	NO	2026-06-25	—	BACKFILL
ARISE	NO	NO	—	—	NONE
ARISINT	NO	NO	—	—	NONE
ARISTO	YES	NO	2026-06-24	—	BACKFILL
ARITAS	NO	NO	—	—	NONE
ARKADE	YES	NO	2026-06-25	—	BACKFILL
ARL	NO	NO	—	—	NONE
ARMAN	NO	NO	—	—	NONE
ARMANFIN	YES	NO	2026-06-25	—	BACKFILL
ARMOUR	NO	NO	—	—	NONE
ARNOLD	NO	NO	—	—	NONE
AROGRANITE	YES	NO	2026-06-25	—	BACKFILL
ARROWGREEN	YES	NO	2026-06-25	—	BACKFILL
ARROWHEAD	NO	NO	—	—	NONE
ARSHIYA	YES	NO	2026-06-25	—	BACKFILL
ARSSBL	YES	YES	2026-06-25	2026-06-24 15:21	BACKFILL
ARTEFACT	NO	NO	—	—	NONE
ARTEMISMED	YES	YES	2026-06-25	2026-06-24 15:21	BACKFILL
ARTNIRMAN	YES	NO	2026-06-25	—	BACKFILL
ARTSON	NO	NO	—	—	NONE
ARUNAHTEL	NO	NO	—	—	NONE
ARUNAYA	NO	NO	—	—	NONE
ARVEE	YES	NO	2026-06-25	—	BACKFILL
ARVIND	YES	NO	2026-06-25	—	BACKFILL
ARVINDFASN	YES	NO	2026-06-25	—	BACKFILL
ARVINDPORT	NO	NO	—	—	NONE
ARVSMART	YES	NO	2026-06-25	—	BACKFILL
ARYAMAN	NO	NO	—	—	NONE
ARYAN	NO	NO	—	—	NONE
ARYAVAN	NO	NO	—	—	NONE
ASAHIINDIA	YES	NO	2026-06-25	—	BACKFILL
ASAHISONG	YES	NO	2026-06-25	—	BACKFILL
ASAL	YES	NO	2026-06-25	—	BACKFILL
ASALCBR	YES	NO	2026-06-25	—	BACKFILL
ASARFI	NO	NO	—	—	NONE
ASCENSIVE	NO	NO	—	—	NONE
ASCOM	YES	NO	2026-06-24	—	BACKFILL
ASGARD	NO	NO	—	—	NONE
ASHAI	NO	NO	—	—	NONE
ASHALOG	NO	NO	—	—	NONE
ASHAPURMIN	YES	NO	2026-06-25	—	BACKFILL
ASHCAP	NO	NO	—	—	NONE
ASHIANA	YES	NO	2026-06-25	—	BACKFILL
ASHIKA	YES	NO	2026-06-25	—	BACKFILL
ASHIMASYN	YES	NO	2026-06-25	—	BACKFILL
ASHIS	NO	NO	—	—	NONE
ASHISHPO	NO	NO	—	—	NONE
ASHNI	NO	NO	—	—	NONE
ASHNOOR	NO	NO	—	—	NONE
ASHOKA	YES	NO	2026-06-25	—	BACKFILL
ASHOKAMET	YES	NO	2026-06-25	—	BACKFILL
ASHOKLEY	YES	NO	2026-06-25	—	BACKFILL
ASHOKRE	NO	NO	—	—	NONE
ASHRAM	NO	NO	—	—	NONE
ASHSI	NO	NO	—	—	NONE
ASHUTPM	NO	NO	—	—	NONE
ASHWINI	NO	NO	—	—	NONE
ASIAN	NO	NO	—	—	NONE
ASIANENE	YES	NO	2026-06-25	—	BACKFILL
ASIANHOTNR	YES	NO	2026-06-25	—	BACKFILL
ASIANPAINT	YES	YES	2026-06-24	2026-06-24 15:29	ANGELONE
ASIANTILES	YES	NO	2026-06-25	—	BACKFILL
ASIANTNE	NO	NO	—	—	NONE
ASIAPAK	NO	NO	—	—	NONE
ASIIL	NO	NO	—	—	NONE
ASINPET	NO	NO	—	—	NONE
ASITCFIN	NO	NO	—	—	NONE
ASKAUTOLTD	YES	NO	2026-06-25	—	BACKFILL
ASMS	YES	NO	2026-06-25	—	BACKFILL
ASMTEC	NO	NO	—	—	NONE
ASPINWALL	YES	NO	2026-06-25	—	BACKFILL
ASPIRA	NO	NO	—	—	NONE
ASPIRE	YES	NO	2026-06-24	—	BACKFILL
ASRL	NO	NO	—	—	NONE
ASSOCER	NO	NO	—	—	NONE
ASSOCIATED	NO	NO	—	—	NONE
ASTALLTD	NO	NO	—	—	NONE
ASTAR	YES	NO	2026-06-25	—	BACKFILL
ASTEC	YES	NO	2026-06-25	—	BACKFILL
ASTERDM	YES	NO	2026-06-25	—	BACKFILL
ASTONEALAB	NO	NO	—	—	NONE
ASTRAL	YES	NO	2026-06-25	—	BACKFILL
ASTRAMICRO	YES	NO	2026-06-25	—	BACKFILL
ASTRAZEN	YES	NO	2026-06-25	—	BACKFILL
ASTRON	YES	NO	2026-06-25	—	BACKFILL
ASTRONMULT	NO	NO	—	—	NONE
ASYL	NO	NO	—	—	NONE
ATALREAL	YES	YES	2026-06-25	2026-06-24 15:21	BACKFILL
ATAM	YES	NO	2026-06-25	—	BACKFILL
ATCENERGY	NO	NO	—	—	NONE
ATENPAPERS	NO	NO	—	—	NONE
ATGL	YES	NO	2026-06-25	—	BACKFILL
ATHARVENT	NO	NO	—	—	NONE
ATHCON	NO	NO	—	—	NONE
ATHENAGLO	NO	NO	—	—	NONE
ATHERENERG	YES	NO	2026-06-25	—	BACKFILL
ATIL	NO	NO	—	—	NONE
ATISHAY	NO	NO	—	—	NONE
ATL	YES	NO	2026-06-25	—	BACKFILL
ATLANTAA	YES	NO	2026-06-25	—	BACKFILL
ATLANTAELE	YES	NO	2026-06-25	—	BACKFILL
ATLASCYCLE	YES	NO	2026-06-25	—	BACKFILL
ATLPP	NO	NO	—	—	NONE
ATLPP.E1	NO	NO	—	—	NONE
ATMASTCO	YES	NO	2026-06-24	—	BACKFILL
ATUL	YES	NO	2026-06-25	—	BACKFILL
ATULAUTO	YES	NO	2026-06-25	—	BACKFILL
ATVOENT	NO	NO	—	—	NONE
ATVPR	NO	NO	—	—	NONE
AUBANK	YES	NO	2026-06-25	—	BACKFILL
AUDROC	NO	NO	—	—	NONE
AUREATE	NO	NO	—	—	NONE
AURIGROW	YES	NO	2026-06-25	—	BACKFILL
AURIONPRO	YES	NO	2026-06-25	—	BACKFILL
AUROIMPEX	YES	NO	2026-06-24	—	BACKFILL
AUROLAB	NO	NO	—	—	NONE
AUROPHARMA	YES	NO	2026-06-25	—	BACKFILL
AURUM	YES	NO	2026-06-25	—	BACKFILL
AUSL	NO	NO	—	—	NONE
AUSOMENT	YES	NO	2026-06-25	—	BACKFILL
AUSTENG	NO	NO	—	—	NONE
AUSTERE	NO	NO	—	—	NONE
AUTOAXLES	YES	NO	2026-06-25	—	BACKFILL
AUTOBEES	YES	NO	2026-06-25	—	BACKFILL
AUTOIETF	YES	NO	2026-06-25	—	BACKFILL
AUTOIND	YES	NO	2026-06-25	—	BACKFILL
AUTOINT	NO	NO	—	—	NONE
AUTOPRD	NO	NO	—	—	NONE
AVADHSUGAR	YES	NO	2026-06-25	—	BACKFILL
AVAILFC	YES	NO	2026-06-03	—	BACKFILL
AVALON	YES	NO	2026-06-25	—	BACKFILL
AVANA	NO	NO	—	—	NONE
AVANCE	NO	NO	—	—	NONE
AVANTEL	YES	NO	2026-06-25	—	BACKFILL
AVANTIFEED	YES	NO	2026-06-25	—	BACKFILL
AVASARA	NO	NO	—	—	NONE
AVATAR	NO	NO	—	—	NONE
AVAX	NO	NO	—	—	NONE
AVEER	NO	NO	—	—	NONE
AVG	YES	NO	2026-06-25	—	BACKFILL
AVI	NO	NO	—	—	NONE
AVIANSH	NO	NO	—	—	NONE
AVIVA	NO	NO	—	—	NONE
AVL	YES	YES	2026-06-25	2026-06-24 15:21	BACKFILL
AVONMORE	YES	NO	2026-06-25	—	BACKFILL
AVPINFRA	YES	NO	2026-06-24	—	BACKFILL
AVROIND	YES	NO	2026-06-25	—	BACKFILL
AVTNPL	YES	NO	2026-06-25	—	BACKFILL
AWFIS	YES	NO	2026-06-25	—	BACKFILL
AWHCL	YES	NO	2026-06-25	—	BACKFILL
AWL	YES	NO	2026-06-25	—	BACKFILL
AXELPOLY	NO	NO	—	—	NONE
AXENTRA	NO	NO	—	—	NONE
AXISBANK	YES	YES	2026-06-24	2026-06-24 15:29	ANGELONE
AXISBNKETF	YES	NO	2026-06-25	—	BACKFILL
AXISCADES	YES	NO	2026-06-25	—	BACKFILL
AXISCETF	YES	NO	2026-06-25	—	BACKFILL
AXISGOLD	YES	YES	2026-06-25	2026-06-24 15:21	BACKFILL
AXISHCETF	YES	NO	2026-06-25	—	BACKFILL
AXISILVER	YES	NO	2026-06-25	—	BACKFILL
AXISNIFTY	YES	NO	2026-06-25	—	BACKFILL
AXISOL	NO	NO	—	—	NONE
AXISTECETF	YES	NO	2026-06-25	—	BACKFILL
AXISVALUE	YES	NO	2026-06-25	—	BACKFILL
AXITA	YES	YES	2026-06-25	2026-06-24 15:21	BACKFILL
AXSENSEX	YES	NO	2026-06-25	—	BACKFILL
AXTEL	NO	NO	—	—	NONE
AYE	YES	NO	2026-06-25	—	BACKFILL
AYMSYNTEX	YES	NO	2026-06-25	—	BACKFILL
AZAD	YES	NO	2026-06-25	—	BACKFILL
AZADIND	NO	NO	—	—	NONE
AZTEC	NO	NO	—	—	NONE
B2BSOFT	NO	NO	—	—	NONE
BABA	NO	NO	—	—	NONE
BABAFP	YES	NO	2026-06-24	—	BACKFILL
BACPHAR	NO	NO	—	—	NONE
BAFNAPH	YES	NO	2026-06-25	—	BACKFILL
BAGDIGITAL	NO	NO	—	—	NONE
BAGFILMS	YES	NO	2026-06-25	—	BACKFILL
BAGMANE	NO	NO	—	—	NONE
BAGMANE.RR	NO	NO	—	—	NONE
BAHETI	YES	NO	2026-06-24	—	BACKFILL
BAIDFIN	YES	NO	2026-06-25	—	BACKFILL
BAIKAKAJI	NO	NO	—	—	NONE
BAJAJ_AUTO	NO	NO	—	—	NONE
BAJAJCON	YES	NO	2026-06-25	—	BACKFILL
BAJAJELEC	YES	NO	2026-06-25	—	BACKFILL
BAJAJFINSV	YES	NO	2026-06-25	—	BACKFILL
BAJAJHCARE	YES	NO	2026-06-25	—	BACKFILL
BAJAJHFL	YES	YES	2026-06-25	2026-06-24 15:21	BACKFILL
BAJAJHIND	YES	NO	2026-06-25	—	BACKFILL
BAJAJHLDNG	YES	NO	2026-06-25	—	BACKFILL
BAJAJINDEF	YES	NO	2026-06-25	—	BACKFILL
BAJAJST	YES	NO	2026-06-25	—	BACKFILL
BAJEL	YES	NO	2026-06-25	—	BACKFILL
BAJFINANCE	YES	YES	2026-06-24	2026-06-24 15:29	ANGELONE
BALAJEE	YES	NO	2026-06-25	—	BACKFILL
BALAJIPHOS	NO	NO	—	—	NONE
BALAJITELE	YES	NO	2026-06-25	—	BACKFILL
BALAMINES	YES	NO	2026-06-25	—	BACKFILL
BALAXI	YES	NO	2026-06-25	—	BACKFILL
BALCO	NO	NO	—	—	NONE
BALGOPAL	NO	NO	—	—	NONE
BALKRISHNA	YES	NO	2026-06-25	—	BACKFILL
BALKRISIND	YES	NO	2026-06-25	—	BACKFILL
BALMLAWRIE	YES	NO	2026-06-25	—	BACKFILL
BALPHARMA	YES	NO	2026-06-25	—	BACKFILL
BALRAMCHIN	YES	NO	2026-06-25	—	BACKFILL
BALTE	NO	NO	—	—	NONE
BALUFORGE	YES	NO	2026-06-25	—	BACKFILL
BAMBINO	NO	NO	—	—	NONE
BAMPSL	NO	NO	—	—	NONE
BANARBEADS	YES	NO	2026-06-25	—	BACKFILL
BANARISUG	YES	NO	2026-06-25	—	BACKFILL
BANASFN	NO	NO	—	—	NONE
BANCOINDIA	YES	NO	2026-06-25	—	BACKFILL
BANDARAM	NO	NO	—	—	NONE
BANDHANBNK	YES	NO	2026-06-25	—	BACKFILL
BANG	YES	NO	2026-06-25	—	BACKFILL
BANK10ADD	YES	NO	2026-06-25	—	BACKFILL
BANKA	YES	NO	2026-06-25	—	BACKFILL
BANKADD	YES	NO	2026-06-25	—	BACKFILL
BANKBARODA	YES	NO	2026-06-25	—	BACKFILL
BANKBEES	YES	NO	2026-06-25	—	BACKFILL
BANKBETA	YES	NO	2026-06-25	—	BACKFILL
BANKBETF	YES	NO	2026-06-25	—	BACKFILL
BANKETF	YES	NO	2026-06-25	—	BACKFILL
BANKIETF	YES	NO	2026-06-25	—	BACKFILL
BANKINDIA	YES	NO	2026-06-25	—	BACKFILL
BANKNIFTY	YES	YES	2026-06-24	2026-06-24 15:29	ANGELONE
BANKNIFTY1	YES	NO	2026-06-25	—	BACKFILL
BANKPSU	YES	NO	2026-06-25	—	BACKFILL
BANSALWIRE	YES	NO	2026-06-25	—	BACKFILL
BANSTEA	NO	NO	—	—	NONE
BANSWRAS	YES	NO	2026-06-25	—	BACKFILL
BAPACK	NO	NO	—	—	NONE
BARFLEX	NO	NO	—	—	NONE
BARODARY	NO	NO	—	—	NONE
BAROEXT	NO	NO	—	—	NONE
BARONINF	NO	NO	—	—	NONE
BASANTGL	NO	NO	—	—	NONE
BASF	YES	NO	2026-06-25	—	BACKFILL
BASILIC	YES	NO	2026-06-24	—	BACKFILL
BASML	YES	NO	2026-06-25	—	BACKFILL
BATAINDIA	YES	NO	2026-06-25	—	BACKFILL
BATLIBOI	YES	NO	2026-06-25	—	BACKFILL
BAWEJA	YES	NO	2026-06-24	—	BACKFILL
BAYERCROP	YES	NO	2026-06-25	—	BACKFILL
BAZELINTER	NO	NO	—	—	NONE
BBETF0432	YES	NO	2026-06-25	—	BACKFILL
BBL	YES	NO	2026-06-25	—	BACKFILL
BBNPNBETF	YES	NO	2026-06-25	—	BACKFILL
BBNPPGOLD	YES	NO	2026-06-25	—	BACKFILL
BBOX	YES	NO	2026-06-25	—	BACKFILL
BBTC	YES	NO	2026-06-25	—	BACKFILL
BBTCL	YES	NO	2026-06-25	—	BACKFILL
BCCFUBA	NO	NO	—	—	NONE
BCCL	NO	NO	—	—	NONE
BCG	YES	NO	2026-06-25	—	BACKFILL
BCLENTERPR	NO	NO	—	—	NONE
BCLIND	YES	NO	2026-06-25	—	BACKFILL
BCONCEPTS	YES	NO	2026-06-25	—	BACKFILL
BCP	NO	NO	—	—	NONE
BCPL	YES	NO	2026-06-25	—	BACKFILL
BDH	NO	NO	—	—	NONE
BDI	NO	NO	—	—	NONE
BDL	YES	NO	2026-06-25	—	BACKFILL
BEACON	YES	NO	2026-06-24	—	BACKFILL
BEARDSELL	YES	NO	2026-06-25	—	BACKFILL
BECTORFOOD	YES	NO	2026-06-25	—	BACKFILL
BEDMUTHA	YES	NO	2026-06-25	—	BACKFILL
BEEKAY	YES	NO	2026-06-25	—	BACKFILL
BEEYU	NO	NO	—	—	NONE
BEEZAASAN	NO	NO	—	—	NONE
BEFOUNDMOL	NO	NO	—	—	NONE
BEL	YES	NO	2026-06-25	—	BACKFILL
BELDING	NO	NO	—	—	NONE
BELLACASA	YES	NO	2026-06-25	—	BACKFILL
BELRISE	YES	YES	2026-06-25	2026-06-24 15:21	BACKFILL
BEMHY	NO	NO	—	—	NONE
BEML	YES	NO	2026-06-25	—	BACKFILL
BENARAS	NO	NO	—	—	NONE
BENCHMARK	NO	NO	—	—	NONE
BENGALASM	YES	NO	2026-06-25	—	BACKFILL
BENGALT	NO	NO	—	—	NONE
BEPL	YES	NO	2026-06-25	—	BACKFILL
BERGEPAINT	YES	NO	2026-06-25	—	BACKFILL
BERLDRG	NO	NO	—	—	NONE
BERYLSE	NO	NO	—	—	NONE
BESTAGRO	YES	NO	2026-06-25	—	BACKFILL
BESTEAST	NO	NO	—	—	NONE
BETA	YES	NO	2026-06-25	—	BACKFILL
BETXIND	NO	NO	—	—	NONE
BEWLTD	YES	NO	2026-06-24	—	BACKFILL
BFINVEST	YES	NO	2026-06-25	—	BACKFILL
BFLAFL	NO	NO	—	—	NONE
BFSI	YES	NO	2026-06-25	—	BACKFILL
BFUTILITIE	YES	NO	2026-06-25	—	BACKFILL
BGDL	NO	NO	—	—	NONE
BGIL	NO	NO	—	—	NONE
BGLOBAL	YES	NO	2026-06-24	—	BACKFILL
BGRENERGY	YES	NO	2026-06-25	—	BACKFILL
BGWTATO	NO	NO	—	—	NONE
BHADORA	NO	NO	—	—	NONE
BHAGCHEM	YES	NO	2026-06-25	—	BACKFILL
BHAGERIA	YES	NO	2026-06-25	—	BACKFILL
BHAGGAS	NO	NO	—	—	NONE
BHAGWOX	NO	NO	—	—	NONE
BHAGYANGR	YES	NO	2026-06-25	—	BACKFILL
BHANDARI	YES	NO	2026-06-25	—	BACKFILL
BHARAT	NO	NO	—	—	NONE
BHARATAGRI	NO	NO	—	—	NONE
BHARATCOAL	YES	NO	2026-06-25	—	BACKFILL
BHARATFORG	YES	NO	2026-06-25	—	BACKFILL
BHARATGEAR	YES	NO	2026-06-25	—	BACKFILL
BHARATRAS	YES	NO	2026-06-25	—	BACKFILL
BHARATROHAN	NO	NO	—	—	NONE
BHARATSE	YES	NO	2026-06-25	—	BACKFILL
BHARATWIRE	YES	NO	2026-06-25	—	BACKFILL
BHARTIARTL	YES	YES	2026-06-24	2026-06-24 15:29	ANGELONE
BHARTIHEXA	YES	YES	2026-06-25	2026-06-24 15:21	BACKFILL
BHASKAGR	NO	NO	—	—	NONE
BHATIA	NO	NO	—	—	NONE
BHAVIK	NO	NO	—	—	NONE
BHEL	YES	NO	2026-06-25	—	BACKFILL
BHILSPIN	NO	NO	—	—	NONE
BHUDEVI	NO	NO	—	—	NONE
BI	YES	NO	2026-06-25	—	BACKFILL
BIBCL	NO	NO	—	—	NONE
BIGBLOC	YES	NO	2026-06-25	—	BACKFILL
BIHSPONG	NO	NO	—	—	NONE
BIJHANS	NO	NO	—	—	NONE
BIKAJI	YES	NO	2026-06-25	—	BACKFILL
BIKEWO	NO	NO	—	—	NONE
BIL	YES	NO	2026-06-25	—	BACKFILL
BILLWIN	NO	NO	—	—	NONE
BILVYAPAR	YES	NO	2026-06-25	—	BACKFILL
BIMETAL	YES	NO	2026-06-25	—	BACKFILL
BINNYMILLS	NO	NO	—	—	NONE
BIOCON	YES	YES	2026-06-25	2026-06-24 15:21	BACKFILL
BIOFILCHEM	YES	NO	2026-06-25	—	BACKFILL
BIOGEN	NO	NO	—	—	NONE
BIOPOL	NO	NO	—	—	NONE
BIRDYS	YES	NO	2026-06-24	—	BACKFILL
BIRET	YES	NO	2026-06-24	—	BACKFILL
BIRET.RR	NO	NO	—	—	NONE
BIRLACABLE	YES	NO	2026-06-25	—	BACKFILL
BIRLACORPN	YES	NO	2026-06-25	—	BACKFILL
BIRLAMONEY	YES	NO	2026-06-25	—	BACKFILL
BIRLANU	YES	NO	2026-06-25	—	BACKFILL
BIRLAPREC	YES	NO	2026-06-25	—	BACKFILL
BITS	NO	NO	—	—	NONE
BIZOTIC	NO	NO	—	—	NONE
BKV	NO	NO	—	—	NONE
BLACKBUCK	YES	NO	2026-06-25	—	BACKFILL
BLACKROSE	YES	NO	2026-06-25	—	BACKFILL
BLAL	YES	NO	2026-06-25	—	BACKFILL
BLBLIMITED	YES	NO	2026-06-25	—	BACKFILL
BLIL	YES	NO	2026-06-25	—	BACKFILL
BLISSGVS	YES	NO	2026-06-25	—	BACKFILL
BLKASHYAP	YES	NO	2026-06-25	—	BACKFILL
BLOIN	NO	NO	—	—	NONE
BLS	YES	NO	2026-06-25	—	BACKFILL
BLSE	YES	NO	2026-06-25	—	BACKFILL
BLT	NO	NO	—	—	NONE
BLUECHIP	YES	NO	2026-06-24	—	BACKFILL
BLUECHIPT	NO	NO	—	—	NONE
BLUECLOUDS	NO	NO	—	—	NONE
BLUECOAST	YES	NO	2026-06-25	—	BACKFILL
BLUEDART	YES	NO	2026-06-25	—	BACKFILL
BLUEGOD	NO	NO	—	—	NONE
BLUEJET	YES	NO	2026-06-25	—	BACKFILL
BLUEPEBBLE	YES	NO	2026-06-24	—	BACKFILL
BLUESTARCO	YES	NO	2026-06-25	—	BACKFILL
BLUESTONE	YES	NO	2026-06-25	—	BACKFILL
BLUEWATER	NO	NO	—	—	NONE
BLUSPRING	YES	NO	2026-06-25	—	BACKFILL
BMBMUMG	NO	NO	—	—	NONE
BMETRICS	YES	NO	2026-06-24	—	BACKFILL
BMLL	NO	NO	—	—	NONE
BMW	NO	NO	—	—	NONE
BMWVENTLTD	YES	NO	2026-06-25	—	BACKFILL
BNAGROCHEM	YES	NO	2026-06-25	—	BACKFILL
BNALTD	YES	NO	2026-06-25	—	BACKFILL
BNRSEC	NO	NO	—	—	NONE
BNRUDY	NO	NO	—	—	NONE
BODALCHEM	YES	NO	2026-06-25	—	BACKFILL
BODHTREE	NO	NO	—	—	NONE
BOHRAIND	YES	NO	2026-06-25	—	BACKFILL
BOMBCYC	NO	NO	—	—	NONE
BOMBWIR	NO	NO	—	—	NONE
BOMDYEING	YES	NO	2026-06-25	—	BACKFILL
BOMOXY_B1	NO	NO	—	—	NONE
BOMTALKIES	NO	NO	—	—	NONE
BONDADA	NO	NO	—	—	NONE
BONLON	YES	NO	2026-06-25	—	BACKFILL
BORANA	YES	NO	2026-06-25	—	BACKFILL
BOROLTD	YES	NO	2026-06-25	—	BACKFILL
BORORENEW	YES	NO	2026-06-25	—	BACKFILL
BOROSCI	YES	NO	2026-06-25	—	BACKFILL
BOSCH_HCIL	NO	NO	—	—	NONE
BOSCHLTD	YES	NO	2026-06-25	—	BACKFILL
BOSS	NO	NO	—	—	NONE
BOSTON	NO	NO	—	—	NONE
BPAGRI	NO	NO	—	—	NONE
BPCAP	NO	NO	—	—	NONE
BPCL	YES	NO	2026-06-25	—	BACKFILL
BPL	YES	NO	2026-06-25	—	BACKFILL
BPLPHARMA	NO	NO	—	—	NONE
BRACEPORT	NO	NO	—	—	NONE
BRADYM	NO	NO	—	—	NONE
BRAHMINFRA	NO	NO	—	—	NONE
BRANDMAN	NO	NO	—	—	NONE
BRAWN	NO	NO	—	—	NONE
BRGIL	NO	NO	—	—	NONE
BRIDGESE	NO	NO	—	—	NONE
BRIGADE	YES	NO	2026-06-25	—	BACKFILL
BRIGHOTEL	YES	NO	2026-06-25	—	BACKFILL
BRIGHT	YES	NO	2026-06-24	—	BACKFILL
BRIGHTBR	NO	NO	—	—	NONE
BRIJLEAS	NO	NO	—	—	NONE
BRIPORT	NO	NO	—	—	NONE
BRISK	NO	NO	—	—	NONE
BRITANNIA	YES	NO	2026-06-25	—	BACKFILL
BRNL	YES	NO	2026-06-25	—	BACKFILL
BROACH	NO	NO	—	—	NONE
BROOKS	YES	NO	2026-06-25	—	BACKFILL
BRPL	NO	NO	—	—	NONE
BRRL	NO	NO	—	—	NONE
BSE	YES	NO	2026-06-25	—	BACKFILL
BSE500IETF	YES	NO	2026-06-25	—	BACKFILL
BSELALGO	NO	NO	—	—	NONE
BSHSL	YES	NO	2026-06-25	—	BACKFILL
BSL	YES	NO	2026-06-25	—	BACKFILL
BSLGOLDETF	YES	NO	2026-06-25	—	BACKFILL
BSLNIFTY	YES	NO	2026-06-25	—	BACKFILL
BSLSENETFG	YES	NO	2026-06-25	—	BACKFILL
BSOFT	YES	NO	2026-06-25	—	BACKFILL
BTML	YES	NO	2026-06-25	—	BACKFILL
BTTL	YES	NO	2026-06-25	—	BACKFILL
BUILDPRO	YES	NO	2026-06-25	—	BACKFILL
BULKCORP	NO	NO	—	—	NONE
BUTTERFLY	YES	NO	2026-06-25	—	BACKFILL
BVCL	YES	NO	2026-06-25	—	BACKFILL
BYKE	YES	NO	2026-06-25	—	BACKFILL
C2C	NO	NO	—	—	NONE
CALCOM	NO	NO	—	—	NONE
CALLISTA	NO	NO	—	—	NONE
CALSOFT	YES	NO	2026-06-25	—	BACKFILL
CAMEXLTD	NO	NO	—	—	NONE
CAMLINFINE	YES	NO	2026-06-25	—	BACKFILL
CAMPUS	YES	NO	2026-06-25	—	BACKFILL
CAMS	YES	NO	2026-06-25	—	BACKFILL
CANARYS	YES	NO	2026-06-24	—	BACKFILL
CANBK	YES	NO	2026-06-25	—	BACKFILL
CANDOUR	NO	NO	—	—	NONE
CANFINHOME	YES	YES	2026-06-25	2026-06-24 15:21	BACKFILL
CANHLIFE	YES	YES	2026-06-25	2026-06-24 15:21	BACKFILL
CANTABIL	YES	NO	2026-06-25	—	BACKFILL
CAPACITE	YES	NO	2026-06-25	—	BACKFILL
CAPFIN	NO	NO	—	—	NONE
CAPILLARY	YES	NO	2026-06-25	—	BACKFILL
CAPINVIT	NO	NO	—	—	NONE
CAPITALSFB	YES	NO	2026-06-25	—	BACKFILL
CAPLIPOINT	YES	NO	2026-06-25	—	BACKFILL
CAPPIPES	NO	NO	—	—	NONE
CAPRICORN	NO	NO	—	—	NONE
CAPRIHANS	NO	NO	—	—	NONE
CAPRO	NO	NO	—	—	NONE
CAPTRUST	YES	NO	2026-06-25	—	BACKFILL
CARBORUNIV	YES	NO	2026-06-25	—	BACKFILL
CARERATING	YES	NO	2026-06-25	—	BACKFILL
CARGOSOL	NO	NO	—	—	NONE
CARGOTRANS	NO	NO	—	—	NONE
CARNATIN	NO	NO	—	—	NONE
CARRARO	YES	NO	2026-06-25	—	BACKFILL
CARTRADE	YES	NO	2026-06-25	—	BACKFILL
CARYSIL	YES	NO	2026-06-25	—	BACKFILL
CASHIETF	YES	NO	2026-06-25	—	BACKFILL
CASPIAN	NO	NO	—	—	NONE
CASTORA	NO	NO	—	—	NONE
CASTROLIND	YES	YES	2026-06-25	2026-06-24 15:21	BACKFILL
CATVISION	NO	NO	—	—	NONE
CBAZAAR	YES	NO	2026-06-24	—	BACKFILL
CBPL	NO	NO	—	—	NONE
CCAL	NO	NO	—	—	NONE
CCAVENUE	YES	NO	2026-06-25	—	BACKFILL
CCCL	YES	NO	2026-06-25	—	BACKFILL
CCDL	NO	NO	—	—	NONE
CCHHL	YES	NO	2026-06-25	—	BACKFILL
CCL	YES	NO	2026-06-25	—	BACKFILL
CCLINTER	NO	NO	—	—	NONE
CCME	NO	NO	—	—	NONE
CDG	NO	NO	—	—	NONE
CDSL	YES	NO	2026-06-25	—	BACKFILL
CEATLTD	YES	NO	2026-06-25	—	BACKFILL
CEDAAR	NO	NO	—	—	NONE
CEEJAY	NO	NO	—	—	NONE
CEENIK	NO	NO	—	—	NONE
CEETAIN	NO	NO	—	—	NONE
CEIGALL	YES	NO	2026-06-25	—	BACKFILL
CEINSYS	YES	NO	2026-06-25	—	BACKFILL
CELEBRITY	YES	NO	2026-06-25	—	BACKFILL
CELLA	NO	NO	—	—	NONE
CELLECOR	YES	NO	2026-06-24	—	BACKFILL
CELLO	YES	NO	2026-06-25	—	BACKFILL
CELLPOINT	YES	NO	2026-06-24	—	BACKFILL
CEMAINFRA	NO	NO	—	—	NONE
CEMPRO	YES	NO	2026-06-25	—	BACKFILL
CENLUB	NO	NO	—	—	NONE
CENTENKA	YES	NO	2026-06-25	—	BACKFILL
CENTEXT	YES	NO	2026-06-25	—	BACKFILL
CENTRALBK	YES	NO	2026-06-25	—	BACKFILL
CENTRUM	YES	NO	2026-06-25	—	BACKFILL
CENTUM	YES	NO	2026-06-25	—	BACKFILL
CENTUPLE	NO	NO	—	—	NONE
CENTURYPLY	YES	YES	2026-06-25	2026-06-24 15:21	BACKFILL
CERA	YES	YES	2026-06-25	2026-06-24 15:21	BACKFILL
CEREBRAINT	YES	NO	2026-06-25	—	BACKFILL
CESC	YES	NO	2026-06-25	—	BACKFILL
CEWATER	YES	NO	2026-06-25	—	BACKFILL
CFEL	NO	NO	—	—	NONE
CFF	NO	NO	—	—	NONE
CFL	NO	NO	—	—	NONE
CGCL	YES	NO	2026-06-25	—	BACKFILL
CGFL	NO	NO	—	—	NONE
CGPOWER	YES	NO	2026-06-25	—	BACKFILL
CGRAPHICS	YES	NO	2026-06-24	—	BACKFILL
CGVAK	NO	NO	—	—	NONE
CHALET	YES	NO	2026-06-25	—	BACKFILL
CHALLANI	NO	NO	—	—	NONE
CHAMBLFERT	YES	NO	2026-06-25	—	BACKFILL
CHAMUNDA	NO	NO	—	—	NONE
CHANDAN	NO	NO	—	—	NONE
CHANDNIMACH	NO	NO	—	—	NONE
CHANDRAP	NO	NO	—	—	NONE
CHANDRIMA	NO	NO	—	—	NONE
CHATHA	NO	NO	—	—	NONE
CHAVDA	YES	NO	2026-06-24	—	BACKFILL
CHDCHEM	NO	NO	—	—	NONE
CHEMBOND	YES	NO	2026-06-25	—	BACKFILL
CHEMBONDCH	YES	NO	2026-06-25	—	BACKFILL
CHEMCON	YES	NO	2026-06-25	—	BACKFILL
CHEMCRUX	NO	NO	—	—	NONE
CHEMFAB	YES	NO	2026-06-25	—	BACKFILL
CHEMICAL	YES	NO	2026-06-25	—	BACKFILL
CHEMIESYNT	NO	NO	—	—	NONE
CHEMKART	NO	NO	—	—	NONE
CHEMPLASTS	YES	NO	2026-06-25	—	BACKFILL
CHEMTECH	NO	NO	—	—	NONE
CHENFERRO	NO	NO	—	—	NONE
CHENNPETRO	YES	NO	2026-06-25	—	BACKFILL
CHETANA	NO	NO	—	—	NONE
CHEVIOT	YES	NO	2026-06-25	—	BACKFILL
CHIRAHARIT	NO	NO	—	—	NONE
CHLLTD	NO	NO	—	—	NONE
CHLOGIST	NO	NO	—	—	NONE
CHMBBRW	NO	NO	—	—	NONE
CHOICEGOLD	YES	NO	2026-06-25	—	BACKFILL
CHOICEIN	YES	NO	2026-06-25	—	BACKFILL
CHOKSI	NO	NO	—	—	NONE
CHOKSILA	NO	NO	—	—	NONE
CHOLAFIN	YES	NO	2026-06-25	—	BACKFILL
CHOLAHLDNG	YES	NO	2026-06-25	—	BACKFILL
CHORDIA	NO	NO	—	—	NONE
CHOTHANI	NO	NO	—	—	NONE
CHOWGULSTM	NO	NO	—	—	NONE
CHROME	NO	NO	—	—	NONE
CHRTEDCA	NO	NO	—	—	NONE
CHTR	NO	NO	—	—	NONE
CIANAGRO	NO	NO	—	—	NONE
CIEINDIA	YES	NO	2026-06-25	—	BACKFILL
CIFL	YES	NO	2026-06-25	—	BACKFILL
CIL	NO	NO	—	—	NONE
CILSEC	NO	NO	—	—	NONE
CINDRELL	NO	NO	—	—	NONE
CINELINE	YES	NO	2026-06-25	—	BACKFILL
CINEVISTA	YES	NO	2026-06-25	—	BACKFILL
CIPLA	YES	NO	2026-06-25	—	BACKFILL
CITADEL	NO	NO	—	—	NONE
CITICHEM	NO	NO	—	—	NONE
CITIPOR	NO	NO	—	—	NONE
CITIUSINVT	NO	NO	—	—	NONE
CITURGIA	NO	NO	—	—	NONE
CITYONLINE	NO	NO	—	—	NONE
CITYSQUARE	NO	NO	—	—	NONE
CKKRETAIL	NO	NO	—	—	NONE
CLARA	NO	NO	—	—	NONE
CLASSICEIL	NO	NO	—	—	NONE
CLCIND	YES	NO	2026-06-24	—	BACKFILL
CLEAN	YES	NO	2026-06-25	—	BACKFILL
CLEANMAX	YES	NO	2026-06-25	—	BACKFILL
CLEDUCATE	YES	NO	2026-06-25	—	BACKFILL
CLENON	NO	NO	—	—	NONE
CLFL	NO	NO	—	—	NONE
CLIOINFO	NO	NO	—	—	NONE
CLN	NO	NO	—	—	NONE
CLSEL	YES	NO	2026-06-25	—	BACKFILL
CLSL	YES	NO	2026-06-24	—	BACKFILL
CMBL	NO	NO	—	—	NONE
CMICABLES	YES	NO	2026-06-24	—	BACKFILL
CMMHOSP	NO	NO	—	—	NONE
CMNL	YES	NO	2026-06-24	—	BACKFILL
CMPDI	YES	NO	2026-06-25	—	BACKFILL
CMRGREEN	YES	NO	2026-06-25	—	BACKFILL
CMRSL	YES	NO	2026-06-24	—	BACKFILL
CMSINFO	YES	NO	2026-06-25	—	BACKFILL
CMXLTD	NO	NO	—	—	NONE
CNCRD	NO	NO	—	—	NONE
CNINFOTECH	NO	NO	—	—	NONE
CNL	YES	NO	2026-06-25	—	BACKFILL
COALINDIA	YES	YES	2026-06-25	2026-06-19 15:25	BACKFILL
COARO	NO	NO	—	—	NONE
COASTCORP	YES	NO	2026-06-25	—	BACKFILL
COCHINM	NO	NO	—	—	NONE
COCHINSHIP	YES	NO	2026-06-25	—	BACKFILL
COCHMAL	NO	NO	—	—	NONE
COCKERILL	YES	NO	2026-06-25	—	BACKFILL
COFFEEDAY	YES	NO	2026-06-25	—	BACKFILL
COFORGE	YES	NO	2026-06-25	—	BACKFILL
COHANCE	YES	NO	2026-06-25	—	BACKFILL
COLAB	NO	NO	—	—	NONE
COLINZ	NO	NO	—	—	NONE
COLORCHIPS	NO	NO	—	—	NONE
COLPAL	YES	YES	2026-06-25	2026-06-24 15:21	BACKFILL
COMCL	NO	NO	—	—	NONE
COMFINCAP	NO	NO	—	—	NONE
COMFINTE	YES	NO	2026-06-25	—	BACKFILL
COMMITTED	YES	NO	2026-06-24	—	BACKFILL
COMMOIETF	YES	NO	2026-06-25	—	BACKFILL
COMPEAU	NO	NO	—	—	NONE
COMPINFO	YES	NO	2026-06-25	—	BACKFILL
COMPUPN	NO	NO	—	—	NONE
COMPUSOFT	YES	NO	2026-06-25	—	BACKFILL
COMRADE	NO	NO	—	—	NONE
COMSYN	YES	NO	2026-06-25	—	BACKFILL
CONART	NO	NO	—	—	NONE
CONCOR	YES	NO	2026-06-25	—	BACKFILL
CONCORD	NO	NO	—	—	NONE
CONCORDBIO	YES	NO	2026-06-25	—	BACKFILL
CONFIPET	YES	NO	2026-06-25	—	BACKFILL
CONNPLEX	NO	NO	—	—	NONE
CONS	YES	NO	2026-06-25	—	BACKFILL
CONSOFINVT	YES	NO	2026-06-25	—	BACKFILL
CONSTRONIC	NO	NO	—	—	NONE
CONSUMBEES	YES	NO	2026-06-25	—	BACKFILL
CONSUMER	YES	NO	2026-06-25	—	BACKFILL
CONSUMIETF	YES	NO	2026-06-25	—	BACKFILL
CONTAINE	NO	NO	—	—	NONE
CONTAINER	NO	NO	—	—	NONE
CONTCHM	NO	NO	—	—	NONE
CONTI	YES	NO	2026-06-24	—	BACKFILL
CONTICON	NO	NO	—	—	NONE
CONTILI	NO	NO	—	—	NONE
CONTPTR	NO	NO	—	—	NONE
CONTROLPR	YES	NO	2026-06-25	—	BACKFILL
COOLCAPS	YES	NO	2026-06-24	—	BACKFILL
CORALAB	NO	NO	—	—	NONE
CORALFINAC	YES	NO	2026-06-25	—	BACKFILL
CORDSCABLE	YES	NO	2026-06-25	—	BACKFILL
CORNE	NO	NO	—	—	NONE
COROENGG	NO	NO	—	—	NONE
COROMANDEL	YES	NO	2026-06-25	—	BACKFILL
CORONA	YES	NO	2026-06-25	—	BACKFILL
COSCO	NO	NO	—	—	NONE
COSMICCRF	NO	NO	—	—	NONE
COSMOFE	NO	NO	—	—	NONE
COSMOFIRST	YES	NO	2026-06-25	—	BACKFILL
COSPOWER	NO	NO	—	—	NONE
COSYN	NO	NO	—	—	NONE
COTFAB	NO	NO	—	—	NONE
COUNCODOS	YES	NO	2026-06-25	—	BACKFILL
COVANCE	NO	NO	—	—	NONE
COVIDH	NO	NO	—	—	NONE
CPCAP	YES	NO	2026-06-25	—	BACKFILL
CPEDU	YES	NO	2026-06-25	—	BACKFILL
CPL	NO	NO	—	—	NONE
CPML	NO	NO	—	—	NONE
CPPLUS	YES	NO	2026-06-25	—	BACKFILL
CPS	YES	NO	2026-06-24	—	BACKFILL
CPSEETF	YES	NO	2026-06-25	—	BACKFILL
CRAFTSMAN	YES	NO	2026-06-25	—	BACKFILL
CRAMC	YES	NO	2026-06-25	—	BACKFILL
CRANEINFRA	NO	NO	—	—	NONE
CRANESSOFT	NO	NO	—	—	NONE
CRANEX	NO	NO	—	—	NONE
CRAVATEX	NO	NO	—	—	NONE
CRAYONS	YES	NO	2026-06-24	—	BACKFILL
CREATIVE	NO	NO	—	—	NONE
CREATIVEYE	YES	NO	2026-06-25	—	BACKFILL
CREDITACC	YES	NO	2026-06-25	—	BACKFILL
CRESCENTIS	NO	NO	—	—	NONE
CREST	YES	NO	2026-06-25	—	BACKFILL
CRIMSON	NO	NO	—	—	NONE
CRISIL	YES	NO	2026-06-25	—	BACKFILL
CRIZAC	YES	NO	2026-06-25	—	BACKFILL
CROISSANCE	NO	NO	—	—	NONE
CROMPTON	YES	NO	2026-06-25	—	BACKFILL
CROPSTER	NO	NO	—	—	NONE
CROWN	YES	NO	2026-06-25	—	BACKFILL
CRSL	NO	NO	—	—	NONE
CRSTCHM	NO	NO	—	—	NONE
CRYOGENIC	NO	NO	—	—	NONE
CRYSTAL	NO	NO	—	—	NONE
CSBBANK	YES	NO	2026-06-25	—	BACKFILL
CSL	NO	NO	—	—	NONE
CSLFINANCE	YES	NO	2026-06-25	—	BACKFILL
CSSL	NO	NO	—	—	NONE
CSURGSU	NO	NO	—	—	NONE
CTCL	NO	NO	—	—	NONE
CTE	YES	NO	2026-06-25	—	BACKFILL
CTL	NO	NO	—	—	NONE
CTLLAB	NO	NO	—	—	NONE
CUB	YES	NO	2026-06-25	—	BACKFILL
CUBEINVIT	NO	NO	—	—	NONE
CUBEXTUB	YES	NO	2026-06-25	—	BACKFILL
CUBIFIN	NO	NO	—	—	NONE
CUDML	NO	NO	—	—	NONE
CUMMINSIND	YES	NO	2026-06-25	—	BACKFILL
CUPID	YES	NO	2026-06-25	—	BACKFILL
CUPIDALBV	NO	NO	—	—	NONE
CURAA	YES	NO	2026-06-25	—	BACKFILL
CURIS	NO	NO	—	—	NONE
CURRENT	NO	NO	—	—	NONE
CWD	NO	NO	—	—	NONE
CYBELEIND	NO	NO	—	—	NONE
CYBERMEDIA	YES	NO	2026-06-25	—	BACKFILL
CYBERTECH	YES	NO	2026-06-25	—	BACKFILL
CYIENT	YES	NO	2026-06-25	—	BACKFILL
CYIENTDLM	YES	NO	2026-06-25	—	BACKFILL
DABUR	YES	NO	2026-06-25	—	BACKFILL
DACHEPALLI	NO	NO	—	—	NONE
DAICHI	YES	NO	2026-06-25	—	BACKFILL
DAIKAFFI	NO	NO	—	—	NONE
DALBHARAT	YES	NO	2026-06-25	—	BACKFILL
DALMIASUG	YES	NO	2026-06-25	—	BACKFILL
DAMCAPITAL	YES	NO	2026-06-25	—	BACKFILL
DAMODARIND	YES	NO	2026-06-25	—	BACKFILL
DANGEE	YES	NO	2026-06-25	—	BACKFILL
DANISH	NO	NO	—	—	NONE
DANLAW	NO	NO	—	—	NONE
DANUBE	NO	NO	—	—	NONE
DARJEELING	NO	NO	—	—	NONE
DARSHANORNA	NO	NO	—	—	NONE
DATAMATICS	YES	NO	2026-06-25	—	BACKFILL
DATAPATTNS	YES	NO	2026-06-25	—	BACKFILL
DATIWARE	NO	NO	—	—	NONE
DAULAT	NO	NO	—	—	NONE
DAVANGERE	YES	NO	2026-06-25	—	BACKFILL
DAVIN	NO	NO	—	—	NONE
DBCORP	NO	NO	—	—	NONE
DBEIL	NO	NO	—	—	NONE
DBL	NO	NO	—	—	NONE
DBOL	NO	NO	—	—	NONE
DBREALTY	NO	NO	—	—	NONE
DBSTOCKBRO	NO	NO	—	—	NONE
DCAL	NO	NO	—	—	NONE
DCBBANK	NO	NO	—	—	NONE
DCCL	NO	NO	—	—	NONE
DCG	NO	NO	—	—	NONE
DCI	NO	NO	—	—	NONE
DCM	NO	NO	—	—	NONE
DCMFINSERV	NO	NO	—	—	NONE
DCMNVL	NO	NO	—	—	NONE
DCMSHRIRAM	NO	NO	—	—	NONE
DCMSIL	NO	NO	—	—	NONE
DCMSRIND	NO	NO	—	—	NONE
DCW	NO	NO	—	—	NONE
DCXINDIA	YES	YES	2026-06-25	2026-06-24 15:21	BACKFILL
DDEVPLSTIK	NO	NO	—	—	NONE
DECCAN	NO	NO	—	—	NONE
DECCANCE	NO	NO	—	—	NONE
DECCANTRAN	NO	NO	—	—	NONE
DECIPHER	NO	NO	—	—	NONE
DECNGOLD	NO	NO	—	—	NONE
DECOMIC	NO	NO	—	—	NONE
DECPO	NO	NO	—	—	NONE
DEEDEV	NO	NO	—	—	NONE
DEEM	NO	NO	—	—	NONE
DEEP	NO	NO	—	—	NONE
DEEPAI	NO	NO	—	—	NONE
DEEPAKCHEM	NO	NO	—	—	NONE
DEEPAKFERT	NO	NO	—	—	NONE
DEEPAKNTR	NO	NO	—	—	NONE
DEEPAKSP	NO	NO	—	—	NONE
DEEPINDS	NO	NO	—	—	NONE
DEFENCE	NO	NO	—	—	NONE
DEFRAIL	NO	NO	—	—	NONE
DEL	NO	NO	—	—	NONE
DELAPLEX	NO	NO	—	—	NONE
DELHIVERY	NO	NO	—	—	NONE
DELPHIFX	NO	NO	—	—	NONE
DELTACORP	NO	NO	—	—	NONE
DELTAMAGNT	NO	NO	—	—	NONE
DELTIC	NO	NO	—	—	NONE
DEN	NO	NO	—	—	NONE
DENEERS	NO	NO	—	—	NONE
DENISCHEM	NO	NO	—	—	NONE
DENORA	NO	NO	—	—	NONE
DENTA	NO	NO	—	—	NONE
DENTALKART	NO	NO	—	—	NONE
DESCO	NO	NO	—	—	NONE
DESIFARMS	NO	NO	—	—	NONE
DEVINE	NO	NO	—	—	NONE
DEVIT	NO	NO	—	—	NONE
DEVLAB	NO	NO	—	—	NONE
DEVX	NO	NO	—	—	NONE
DEVYANI	NO	NO	—	—	NONE
DFL	NO	NO	—	—	NONE
DFPL	NO	NO	—	—	NONE
DGCONTENT	YES	YES	2026-06-25	2026-06-24 15:21	BACKFILL
DGL	NO	NO	—	—	NONE
DHABRIYA	NO	NO	—	—	NONE
DHAMPURE	NO	NO	—	—	NONE
DHAMPURSUG	NO	NO	—	—	NONE
DHANBANK	NO	NO	—	—	NONE
DHANLAXMI	NO	NO	—	—	NONE
DHANROTO	NO	NO	—	—	NONE
DHANSA	NO	NO	—	—	NONE
DHANSAFAL	NO	NO	—	—	NONE
DHANUKA	NO	NO	—	—	NONE
DHARAN	NO	NO	—	—	NONE
DHARARAIL	NO	NO	—	—	NONE
DHARFIN	NO	NO	—	—	NONE
DHARIWAL	NO	NO	—	—	NONE
DHARMAJ	NO	NO	—	—	NONE
DHARNI	NO	NO	—	—	NONE
DHATRE	NO	NO	—	—	NONE
DHENUBUILD	NO	NO	—	—	NONE
DHILLON	NO	NO	—	—	NONE
DHINDIA	NO	NO	—	—	NONE
DHOOTIN	NO	NO	—	—	NONE
DHPIND	NO	NO	—	—	NONE
DHRUV	NO	NO	—	—	NONE
DHRUVCA	NO	NO	—	—	NONE
DHTL	NO	NO	—	—	NONE
DHUNINV	NO	NO	—	—	NONE
DHYAANITR	NO	NO	—	—	NONE
DIACABS	NO	NO	—	—	NONE
DIAMANT	NO	NO	—	—	NONE
DIAMINESQ	NO	NO	—	—	NONE
DIAMONDYD	NO	NO	—	—	NONE
DIANATEA	NO	NO	—	—	NONE
DICIND	NO	NO	—	—	NONE
DIDL	NO	NO	—	—	NONE
DIFFNKG	NO	NO	—	—	NONE
DIGIDRIVE	YES	YES	2026-06-25	2026-06-24 15:21	BACKFILL
DIGIKORE	NO	NO	—	—	NONE
DIGILOGIC	NO	NO	—	—	NONE
DIGISPICE	NO	NO	—	—	NONE
DIGITIDE	NO	NO	—	—	NONE
DIGJAMLMTD	NO	NO	—	—	NONE
DIL	NO	NO	—	—	NONE
DILIGENT	NO	NO	—	—	NONE
DIRL	NO	NO	—	—	NONE
DISAQ	NO	NO	—	—	NONE
DISHTV	NO	NO	—	—	NONE
DITCO	NO	NO	—	—	NONE
DIVGIITTS	NO	NO	—	—	NONE
DIVIDEND	NO	NO	—	—	NONE
DIVINEHIRA	NO	NO	—	—	NONE
DIVISLAB	NO	NO	—	—	NONE
DIVOPPBEES	NO	NO	—	—	NONE
DIVSHKT	NO	NO	—	—	NONE
DIVYADHAN	NO	NO	—	—	NONE
DIXON	NO	NO	—	—	NONE
DJML	NO	NO	—	—	NONE
DJSSS	NO	NO	—	—	NONE
DKEGL	NO	NO	—	—	NONE
DKUAL	NO	NO	—	—	NONE
DLCL	NO	NO	—	—	NONE
DLF	NO	NO	—	—	NONE
DLINKINDIA	NO	NO	—	—	NONE
DLTNCBL	NO	NO	—	—	NONE
DMART	NO	NO	—	—	NONE
DMCC	NO	NO	—	—	NONE
DML	NO	NO	—	—	NONE
DMR	NO	NO	—	—	NONE
DNAMEDIA	NO	NO	—	—	NONE
DODLA	NO	NO	—	—	NONE
DOLATALGO	NO	NO	—	—	NONE
DOLFIN	NO	NO	—	—	NONE
DOLLAR	NO	NO	—	—	NONE
DOLLEX	NO	NO	—	—	NONE
DOLPHIN	NO	NO	—	—	NONE
DOLPHMED	NO	NO	—	—	NONE
DOMS	YES	YES	2026-06-25	2026-06-24 15:21	BACKFILL
DONEAR	NO	NO	—	—	NONE
DPABHUSHAN	NO	NO	—	—	NONE
DPEL	YES	YES	2026-06-25	2026-06-23 09:15	BACKFILL
DPL	NO	NO	—	—	NONE
DPSCLTD	NO	NO	—	—	NONE
DPWIRES	NO	NO	—	—	NONE
DRA	NO	NO	—	—	NONE
DRAGARWQ	NO	NO	—	—	NONE
DRCSYSTEMS	NO	NO	—	—	NONE
DREAMFOLKS	NO	NO	—	—	NONE
DREDGECORP	YES	YES	2026-06-25	2026-06-24 15:21	BACKFILL
DRL	NO	NO	—	—	NONE
DRONACHRYA	NO	NO	—	—	NONE
DRONE	NO	NO	—	—	NONE
DRREDDY	YES	YES	2026-06-25	2026-06-24 15:28	BACKFILL
DRSDILIP	NO	NO	—	—	NONE
DSFCL	NO	NO	—	—	NONE
DSINVEST	NO	NO	—	—	NONE
DSSL	NO	NO	—	—	NONE
DTIL	NO	NO	—	—	NONE
DTL	NO	NO	—	—	NONE
DUCOL	NO	NO	—	—	NONE
DUCON	NO	NO	—	—	NONE
DUGLOBAL	NO	NO	—	—	NONE
DUKEOFS	NO	NO	—	—	NONE
DUNCANENG	NO	NO	—	—	NONE
DURLAX	NO	NO	—	—	NONE
DUROPACK	NO	NO	—	—	NONE
DUROPLY	NO	NO	—	—	NONE
DUTRON	NO	NO	—	—	NONE
DVL	NO	NO	—	—	NONE
DWARKESH	YES	YES	2026-06-25	2026-06-24 15:21	BACKFILL
DYCL	NO	NO	—	—	NONE
DYNAMATECH	NO	NO	—	—	NONE
DYNAMIC	NO	NO	—	—	NONE
DYNAMICP	NO	NO	—	—	NONE
DYNAVSN	NO	NO	—	—	NONE
DYNPRO	NO	NO	—	—	NONE
E2E	NO	NO	—	—	NONE
E2ERAIL	NO	NO	—	—	NONE
EARKART	NO	NO	—	—	NONE
EARTH	NO	NO	—	—	NONE
EASEMYTRIP	NO	NO	—	—	NONE
EASTINDIA	NO	NO	—	—	NONE
EASTRED	NO	NO	—	—	NONE
EASTSILK	NO	NO	—	—	NONE
EASTWEST	NO	NO	—	—	NONE
EASUN	NO	NO	—	—	NONE
EBANKNIFTY	NO	NO	—	—	NONE
EBBETF0430	NO	NO	—	—	NONE
EBBETF0431	NO	NO	—	—	NONE
EBBETF0433	NO	NO	—	—	NONE
EBGNG	NO	NO	—	—	NONE
EBIX	NO	NO	—	—	NONE
ECAPINSURE	NO	NO	—	—	NONE
ECLERX	NO	NO	—	—	NONE
ECOBOAR	NO	NO	—	—	NONE
ECOHOTELS	NO	NO	—	—	NONE
ECOLINE	NO	NO	—	—	NONE
ECOPLAST	NO	NO	—	—	NONE
ECORECO	NO	NO	—	—	NONE
ECOSMOBLTY	NO	NO	—	—	NONE
ECS	NO	NO	—	—	NONE
EDELWEISS	NO	NO	—	—	NONE
EDUCOMP	NO	NO	—	—	NONE
EDVENSWA	NO	NO	—	—	NONE
EENTER	NO	NO	—	—	NONE
EEPL	NO	NO	—	—	NONE
EFACTOR	NO	NO	—	—	NONE
EFCIL	NO	NO	—	—	NONE
EFFWA	NO	NO	—	—	NONE
EFORCE	NO	NO	—	—	NONE
EFORU	NO	NO	—	—	NONE
EGOLD	NO	NO	—	—	NONE
EICHERMOT	NO	NO	—	—	NONE
EIDPARRY	NO	NO	—	—	NONE
EIEL	NO	NO	—	—	NONE
EIFFL	NO	NO	—	—	NONE
EIGHTY	NO	NO	—	—	NONE
EIHAHOTELS	NO	NO	—	—	NONE
EIHOTEL	NO	NO	—	—	NONE
EIKO	NO	NO	—	—	NONE
EIMCOELECO	NO	NO	—	—	NONE
EKANSH	NO	NO	—	—	NONE
EKC	NO	NO	—	—	NONE
EKENNIS	NO	NO	—	—	NONE
EKI	NO	NO	—	—	NONE
ELAND	NO	NO	—	—	NONE
ELANGO	NO	NO	—	—	NONE
ELANTAS	NO	NO	—	—	NONE
ELDEHSG	NO	NO	—	—	NONE
ELECON	NO	NO	—	—	NONE
ELECTCAST	YES	YES	2026-06-25	2026-06-24 09:32	BACKFILL
ELECTHERM	NO	NO	—	—	NONE
ELEFLOR	NO	NO	—	—	NONE
ELEMARB	NO	NO	—	—	NONE
ELFIN	NO	NO	—	—	NONE
ELFORGE	NO	NO	—	—	NONE
ELGIEQUIP	NO	NO	—	—	NONE
ELGIRUBCO	NO	NO	—	—	NONE
ELGNZ	NO	NO	—	—	NONE
ELIN	NO	NO	—	—	NONE
ELIQUID	NO	NO	—	—	NONE
ELITECON	NO	NO	—	—	NONE
ELIXIR	NO	NO	—	—	NONE
ELLEN	NO	NO	—	—	NONE
ELM250	NO	NO	—	—	NONE
ELNET	NO	NO	—	—	NONE
ELPROINTL	NO	NO	—	—	NONE
EMAINDIA	NO	NO	—	—	NONE
EMAMILTD	NO	NO	—	—	NONE
EMAMIPAP	NO	NO	—	—	NONE
EMAMIREAL	NO	NO	—	—	NONE
EMAPARTNER	NO	NO	—	—	NONE
EMBASSY	NO	NO	—	—	NONE
EMBASSY.RR	NO	NO	—	—	NONE
EMBDL	YES	YES	2026-06-25	2026-06-24 15:21	BACKFILL
EMCURE	NO	NO	—	—	NONE
EMERALD	NO	NO	—	—	NONE
EMERALL	NO	NO	—	—	NONE
EMERGENT	NO	NO	—	—	NONE
EMIAC	NO	NO	—	—	NONE
EMIL	NO	NO	—	—	NONE
EMKAY	NO	NO	—	—	NONE
EMKAYTOOLS	NO	NO	—	—	NONE
EMMBI	NO	NO	—	—	NONE
EMMESSA	NO	NO	—	—	NONE
EMMFORCE	NO	NO	—	—	NONE
EMMIL	NO	NO	—	—	NONE
EMMVEE	NO	NO	—	—	NONE
EMPIND	NO	NO	—	—	NONE
EMPOWER	NO	NO	—	—	NONE
EMROCK	NO	NO	—	—	NONE
EMSLIMITED	NO	NO	—	—	NONE
EMUDHRA	NO	NO	—	—	NONE
EMULTIMQ	NO	NO	—	—	NONE
ENBETRD	NO	NO	—	—	NONE
ENCOMPAS	NO	NO	—	—	NONE
ENDURANCE	NO	NO	—	—	NONE
ENERGY	NO	NO	—	—	NONE
ENERGYDEV	NO	NO	—	—	NONE
ENERGYINF	NO	NO	—	—	NONE
ENEXT50	NO	NO	—	—	NONE
ENFUSE	NO	NO	—	—	NONE
ENGINERSIN	NO	NO	—	—	NONE
ENIFTY	NO	NO	—	—	NONE
ENIL	NO	NO	—	—	NONE
ENKEIWHEL	NO	NO	—	—	NONE
ENRIN	NO	NO	—	—	NONE
ENSER	NO	NO	—	—	NONE
ENTERO	NO	NO	—	—	NONE
ENTRINT	NO	NO	—	—	NONE
ENVAIREL	NO	NO	—	—	NONE
ENVIRO	NO	NO	—	—	NONE
EPACK	NO	NO	—	—	NONE
EPACKPEB	NO	NO	—	—	NONE
EPBIO	NO	NO	—	—	NONE
EPIC	NO	NO	—	—	NONE
EPIGRAL	NO	NO	—	—	NONE
EPL	NO	NO	—	—	NONE
EPSOMPRO	NO	NO	—	—	NONE
EPUJA	NO	NO	—	—	NONE
EPWINDIA	NO	NO	—	—	NONE
EQUAL200	NO	NO	—	—	NONE
EQUAL50	NO	NO	—	—	NONE
EQUAL50ADD	NO	NO	—	—	NONE
EQUIPPP	NO	NO	—	—	NONE
EQUITASBNK	NO	NO	—	—	NONE
ERIS	NO	NO	—	—	NONE
ESABINDIA	NO	NO	—	—	NONE
ESAFSFB	NO	NO	—	—	NONE
ESARIND	NO	NO	—	—	NONE
ESCONET	NO	NO	—	—	NONE
ESCORP	NO	NO	—	—	NONE
ESCORTS	YES	YES	2026-06-25	2026-06-24 15:21	BACKFILL
ESENSEX	NO	NO	—	—	NONE
ESFL	NO	NO	—	—	NONE
ESG	NO	NO	—	—	NONE
ESILVER	NO	NO	—	—	NONE
ESPIRE	NO	NO	—	—	NONE
ESPRIT	NO	NO	—	—	NONE
ESSARSHPNG	NO	NO	—	—	NONE
ESSENTIA	NO	NO	—	—	NONE
ESSEX	NO	NO	—	—	NONE
ESTER	NO	NO	—	—	NONE
ETERNAL	YES	YES	2026-06-25	2026-06-24 15:21	BACKFILL
ETHOSLTD	NO	NO	—	—	NONE
ETIL	NO	NO	—	—	NONE
ETL	NO	NO	—	—	NONE
ETML	NO	NO	—	—	NONE
EUPHORIAIT	NO	NO	—	—	NONE
EUREKAFORB	NO	NO	—	—	NONE
EUREKAI	NO	NO	—	—	NONE
EUROBOND	NO	NO	—	—	NONE
EUROLED	NO	NO	—	—	NONE
EUROPRATIK	NO	NO	—	—	NONE
EUROTEXIND	NO	NO	—	—	NONE
EVANS	NO	NO	—	—	NONE
EVEREADY	NO	NO	—	—	NONE
EVERESTIND	NO	NO	—	—	NONE
EVERESTO	NO	NO	—	—	NONE
EVEXIA	NO	NO	—	—	NONE
EVIETF	NO	NO	—	—	NONE
EVINDIA	NO	NO	—	—	NONE
EVOQ	NO	NO	—	—	NONE
EXATO	NO	NO	—	—	NONE
EXCELINDUS	NO	NO	—	—	NONE
EXCELLENT	NO	NO	—	—	NONE
EXCELSOFT	NO	NO	—	—	NONE
EXHICON	NO	NO	—	—	NONE
EXICOM	NO	NO	—	—	NONE
EXIDEIND	YES	YES	2026-06-25	2026-06-24 15:21	BACKFILL
EXIMROUTES	NO	NO	—	—	NONE
EXPLEOSOL	NO	NO	—	—	NONE
EXPLICITFIN	NO	NO	—	—	NONE
EXPOEAPL	NO	NO	—	—	NONE
EXXARO	NO	NO	—	—	NONE
EY	NO	NO	—	—	NONE
FAALCON	NO	NO	—	—	NONE
FABCLEAN	NO	NO	—	—	NONE
FABTECH	YES	YES	2026-06-25	2026-06-24 15:21	BACKFILL
FACORALL	NO	NO	—	—	NONE
FACT	NO	NO	—	—	NONE
FAIRCHEMOR	NO	NO	—	—	NONE
FALCONTECH	NO	NO	—	—	NONE
FAMILYCARE	NO	NO	—	—	NONE
FAZE3Q	NO	NO	—	—	NONE
FCL	NO	NO	—	—	NONE
FCONSUMER	NO	NO	—	—	NONE
FCSSOFT	NO	NO	—	—	NONE
FDC	NO	NO	—	—	NONE
FEDDERSHOL	NO	NO	—	—	NONE
FEDERALBNK	YES	YES	2026-06-25	2026-06-24 15:21	BACKFILL
FEDFINA	NO	NO	—	—	NONE
FEL	NO	NO	—	—	NONE
FELDVR	NO	NO	—	—	NONE
FELIX	NO	NO	—	—	NONE
FERMENTA	NO	NO	—	—	NONE
FERVENTSYN	NO	NO	—	—	NONE
FFPL	NO	NO	—	—	NONE
FGP	NO	NO	—	—	NONE
FIBERWEB	NO	NO	—	—	NONE
FIDEL	NO	NO	—	—	NONE
FIEMIND	NO	NO	—	—	NONE
FIL	NO	NO	—	—	NONE
FILATEX	NO	NO	—	—	NONE
FILATFASH	NO	NO	—	—	NONE
FILME	NO	NO	—	—	NONE
FILTRA	NO	NO	—	—	NONE
FILTRON	NO	NO	—	—	NONE
FINBUD	NO	NO	—	—	NONE
FINCABLES	NO	NO	—	—	NONE
FINELINE	NO	NO	—	—	NONE
FINEORG	NO	NO	—	—	NONE
FINIETF	NO	NO	—	—	NONE
FINKURVE	NO	NO	—	—	NONE
FINOPB	NO	NO	—	—	NONE
FINPIPE	NO	NO	—	—	NONE
FIRSTCRY	NO	NO	—	—	NONE
FIRSTFIN	NO	NO	—	—	NONE
FISCHER	NO	NO	—	—	NONE
FIVESTAR	NO	NO	—	—	NONE
FLAIR	NO	NO	—	—	NONE
FLEXFO	NO	NO	—	—	NONE
FLEXIADD	NO	NO	—	—	NONE
FLEXITUFF	NO	NO	—	—	NONE
FLFL	NO	NO	—	—	NONE
FLOMIC	NO	NO	—	—	NONE
FLORACORP	NO	NO	—	—	NONE
FLUIDOM	NO	NO	—	—	NONE
FLUOROCHEM	NO	NO	—	—	NONE
FLYSBS	NO	NO	—	—	NONE
FMCGADD	NO	NO	—	—	NONE
FMCGIETF	YES	YES	2026-06-25	2026-06-24 15:21	BACKFILL
FMEC	NO	NO	—	—	NONE
FMGOETZE	NO	NO	—	—	NONE
FMNL	NO	NO	—	—	NONE
FOCE	NO	NO	—	—	NONE
FOCUS	NO	NO	—	—	NONE
FONE4	NO	NO	—	—	NONE
FONEBOX	NO	NO	—	—	NONE
FOODSIN	NO	NO	—	—	NONE
FORBESCO	NO	NO	—	—	NONE
FORCAS	NO	NO	—	—	NONE
FORCEMOT	NO	NO	—	—	NONE
FORGEAUTO	NO	NO	—	—	NONE
FORINTL	NO	NO	—	—	NONE
FORTIS	NO	NO	—	—	NONE
FORTISMLR	NO	NO	—	—	NONE
FOSECOC	NO	NO	—	—	NONE
FOSECOIND	NO	NO	—	—	NONE
FRACTAL	NO	NO	—	—	NONE
FRANKLININD	NO	NO	—	—	NONE
FRASER	NO	NO	—	—	NONE
FRATELLI	NO	NO	—	—	NONE
FREDUN	NO	NO	—	—	NONE
FRESHARA	NO	NO	—	—	NONE
FROG	NO	NO	—	—	NONE
FRONTCAP	NO	NO	—	—	NONE
FRONTCORP	NO	NO	—	—	NONE
FRONTSP	NO	NO	—	—	NONE
FRUTION	NO	NO	—	—	NONE
FSL	NO	NO	—	—	NONE
FTL	NO	NO	—	—	NONE
FUNDVISER	NO	NO	—	—	NONE
FUSION	NO	NO	—	—	NONE
FUTSOL	NO	NO	—	—	NONE
FWSTC	NO	NO	—	—	NONE
FYNX	NO	NO	—	—	NONE
GABRIEL	YES	YES	2026-06-25	2026-06-24 15:21	BACKFILL
GAEL	NO	NO	—	—	NONE
GAGAN	NO	NO	—	—	NONE
GAIL	YES	YES	2026-06-25	2026-06-24 15:21	BACKFILL
GAJANAND	NO	NO	—	—	NONE
GAJANANSEC	NO	NO	—	—	NONE
GALACTICO	NO	NO	—	—	NONE
GALADA	NO	NO	—	—	NONE
GALAGEX	NO	NO	—	—	NONE
GALAPREC	NO	NO	—	—	NONE
GALAXYSURF	NO	NO	—	—	NONE
GALLANTT	NO	NO	—	—	NONE
GALLARD	NO	NO	—	—	NONE
GALLOPENT	NO	NO	—	—	NONE
GALXBRG	NO	NO	—	—	NONE
GAMCO	NO	NO	—	—	NONE
GANDHAR	NO	NO	—	—	NONE
GANDHITUBE	NO	NO	—	—	NONE
GANECOS	NO	NO	—	—	NONE
GANESHBE	NO	NO	—	—	NONE
GANESHCP	NO	NO	—	—	NONE
GANESHHOU	NO	NO	—	—	NONE
GANESHIN	NO	NO	—	—	NONE
GANGABATH	NO	NO	—	—	NONE
GANGAFORGE	NO	NO	—	—	NONE
GANGAPA	NO	NO	—	—	NONE
GANGESSECU	NO	NO	—	—	NONE
GANONPRO	NO	NO	—	—	NONE
GANVERSE	NO	NO	—	—	NONE
GARBIFIN	NO	NO	—	—	NONE
GARFIBRES	NO	NO	—	—	NONE
GARGFUR	NO	NO	—	—	NONE
GARGI	NO	NO	—	—	NONE
GARMNTMNTR	NO	NO	—	—	NONE
GARNET	NO	NO	—	—	NONE
GARNETINT	NO	NO	—	—	NONE
GARUDA	NO	NO	—	—	NONE
GARWAMAR	NO	NO	—	—	NONE
GARWAOFFS	NO	NO	—	—	NONE
GARWSYN	NO	NO	—	—	NONE
GATECH	YES	YES	2026-06-25	2026-06-24 09:26	BACKFILL
GATECHDVR	NO	NO	—	—	NONE
GATEWAY	NO	NO	—	—	NONE
GAUDIUMIVF	NO	NO	—	—	NONE
GAYAHWS	NO	NO	—	—	NONE
GAYAPROJ	NO	NO	—	—	NONE
GAYATRI	NO	NO	—	—	NONE
GAYATRIBI	NO	NO	—	—	NONE
GBFL	NO	NO	—	—	NONE
GBLINFRA	NO	NO	—	—	NONE
GBLOGISTIC	NO	NO	—	—	NONE
GCHOTELS	NO	NO	—	—	NONE
GCMCAPI	NO	NO	—	—	NONE
GCMCOMM	NO	NO	—	—	NONE
GCMSECU	NO	NO	—	—	NONE
GCONNECT	NO	NO	—	—	NONE
GCSL	NO	NO	—	—	NONE
GDLLEAS	NO	NO	—	—	NONE
GEE	NO	NO	—	—	NONE
GEECEE	NO	NO	—	—	NONE
GEEKAYWIRE	NO	NO	—	—	NONE
GEETANJ	NO	NO	—	—	NONE
GEL	NO	NO	—	—	NONE
GEMAROMA	NO	NO	—	—	NONE
GEMENVIRO	NO	NO	—	—	NONE
GEMSI	NO	NO	—	—	NONE
GENCON	YES	YES	2026-06-25	2026-06-24 15:21	BACKFILL
GENESYS	NO	NO	—	—	NONE
GENNEX	NO	NO	—	—	NONE
GENPHARMA	NO	NO	—	—	NONE
GENSOL	NO	NO	—	—	NONE
GENUSPAPER	NO	NO	—	—	NONE
GENUSPOWER	NO	NO	—	—	NONE
GENUSPRIME	NO	NO	—	—	NONE
GENXAI	NO	NO	—	—	NONE
GEOJITFSL	NO	NO	—	—	NONE
GESHIP	NO	NO	—	—	NONE
GETALONG	NO	NO	—	—	NONE
GFLLIMITED	NO	NO	—	—	NONE
GFSTEELS	NO	NO	—	—	NONE
GGAUTO	NO	NO	—	—	NONE
GGBL	NO	NO	—	—	NONE
GGDPROP	NO	NO	—	—	NONE
GGENG	NO	NO	—	—	NONE
GGL	NO	NO	—	—	NONE
GGPL	NO	NO	—	—	NONE
GHCL	NO	NO	—	—	NONE
GHCLTEXTIL	NO	NO	—	—	NONE
GHUSHINE	NO	NO	—	—	NONE
GHVINFRA	NO	NO	—	—	NONE
GIANLIFE	NO	NO	—	—	NONE
GICHSGFIN	NO	NO	—	—	NONE
GICL	NO	NO	—	—	NONE
GICRE	NO	NO	—	—	NONE
GILADAFINS	NO	NO	—	—	NONE
GILLANDERS	NO	NO	—	—	NONE
GILLETTE	YES	YES	2026-06-25	2026-06-24 15:21	BACKFILL
GILT10BETA	NO	NO	—	—	NONE
GILT5BETA	NO	NO	—	—	NONE
GILT5YBEES	NO	NO	—	—	NONE
GINISILK	NO	NO	—	—	NONE
GINNIFILA	NO	NO	—	—	NONE
GIPCL	NO	NO	—	—	NONE
GIRIRAJ	NO	NO	—	—	NONE
GITARENEW	NO	NO	—	—	NONE
GJL	NO	NO	—	—	NONE
GKB	NO	NO	—	—	NONE
GKCONS	NO	NO	—	—	NONE
GKENERGY	YES	YES	2026-06-25	2026-06-24 15:21	BACKFILL
GKL	NO	NO	—	—	NONE
GKP	NO	NO	—	—	NONE
GKSL	NO	NO	—	—	NONE
GKWLIMITED	NO	NO	—	—	NONE
GLANCE	NO	NO	—	—	NONE
GLAND	NO	NO	—	—	NONE
GLAXO	NO	NO	—	—	NONE
GLCL	NO	NO	—	—	NONE
GLEN	NO	NO	—	—	NONE
GLENMARK	NO	NO	—	—	NONE
GLFL	NO	NO	—	—	NONE
GLHRL	NO	NO	—	—	NONE
GLITTEKG	NO	NO	—	—	NONE
GLOBAL	NO	NO	—	—	NONE
GLOBALCA	NO	NO	—	—	NONE
GLOBALE	NO	NO	—	—	NONE
GLOBALLOG	NO	NO	—	—	NONE
GLOBALPET	NO	NO	—	—	NONE
GLOBALVECT	NO	NO	—	—	NONE
GLOBE	NO	NO	—	—	NONE
GLOBECIVIL	NO	NO	—	—	NONE
GLOBTIER	NO	NO	—	—	NONE
GLOBUSCON	NO	NO	—	—	NONE
GLOBUSSPR	NO	NO	—	—	NONE
GLOSTERLTD	NO	NO	—	—	NONE
GLOTTIS	NO	NO	—	—	NONE
GLPL	NO	NO	—	—	NONE
GMBREW	NO	NO	—	—	NONE
GMDCLTD	YES	YES	2026-06-25	2026-06-24 15:21	BACKFILL
GML	NO	NO	—	—	NONE
GMMPFAUDLR	NO	NO	—	—	NONE
GMPL	NO	NO	—	—	NONE
GMRAIRPORT	YES	YES	2026-06-25	2026-06-24 15:21	BACKFILL
GMRP&UI	NO	NO	—	—	NONE
GMRP_UI	NO	NO	—	—	NONE
GNA	NO	NO	—	—	NONE
GNFC	NO	NO	—	—	NONE
GNRL	NO	NO	—	—	NONE
GOACARBON	NO	NO	—	—	NONE
GOBLIN	NO	NO	—	—	NONE
GOCLCORP	NO	NO	—	—	NONE
GOCOLORS	NO	NO	—	—	NONE
GODAVARI	NO	NO	—	—	NONE
GODAVARIB	NO	NO	—	—	NONE
GODFRYPHLP	NO	NO	—	—	NONE
GODIGIT	NO	NO	—	—	NONE
GODREJAGRO	YES	YES	2026-06-25	2026-06-24 15:21	BACKFILL
GODREJCP	NO	NO	—	—	NONE
GODREJIND	NO	NO	—	—	NONE
GODREJPROP	NO	NO	—	—	NONE
GOEL	NO	NO	—	—	NONE
GOELCONS	NO	NO	—	—	NONE
GOKAKTEX	NO	NO	—	—	NONE
GOKEX	NO	NO	—	—	NONE
GOKUL	NO	NO	—	—	NONE
GOKULAGRO	NO	NO	—	—	NONE
GOLD1	NO	NO	—	—	NONE
GOLD360	NO	NO	—	—	NONE
GOLDADD	NO	NO	—	—	NONE
GOLDBEES	NO	NO	—	—	NONE
GOLDBETA	NO	NO	—	—	NONE
GOLDBND	NO	NO	—	—	NONE
GOLDCASE	YES	YES	2026-06-25	2026-06-24 15:21	BACKFILL
GOLDENTOBC	NO	NO	—	—	NONE
GOLDETF	NO	NO	—	—	NONE
GOLDIAM	NO	NO	—	—	NONE
GOLDIETF	NO	NO	—	—	NONE
GOLDLEG	NO	NO	—	—	NONE
GOLDSTAR	NO	NO	—	—	NONE
GOLDTECH	NO	NO	—	—	NONE
GOLKUNDIA	NO	NO	—	—	NONE
GOODLUCK	NO	NO	—	—	NONE
GOODRICKE	NO	NO	—	—	NONE
GOODYEAR	NO	NO	—	—	NONE
GOPAL	NO	NO	—	—	NONE
GORANIN	NO	NO	—	—	NONE
GOTHIPL	NO	NO	—	—	NONE
GOURMET	NO	NO	—	—	NONE
GOWRALE	NO	NO	—	—	NONE
GOYALALUM	NO	NO	—	—	NONE
GOYALASS	NO	NO	—	—	NONE
GOYALSALT	NO	NO	—	—	NONE
GPAPL	NO	NO	—	—	NONE
GPECO	NO	NO	—	—	NONE
GPIL	NO	NO	—	—	NONE
GPPL	NO	NO	—	—	NONE
GPSL	NO	NO	—	—	NONE
GPTHEALTH	NO	NO	—	—	NONE
GPTINFRA	NO	NO	—	—	NONE
GRADIENTE	NO	NO	—	—	NONE
GRAMEVA	NO	NO	—	—	NONE
GRANDMA	NO	NO	—	—	NONE
GRANDOAK	NO	NO	—	—	NONE
GRANULES	NO	NO	—	—	NONE
GRAPHISAD	NO	NO	—	—	NONE
GRAPHITE	NO	NO	—	—	NONE
GRASIM	YES	YES	2026-06-24	2026-06-24 15:29	ANGELONE
GRAUWEIL	NO	NO	—	—	NONE
GRAVISSHO	NO	NO	—	—	NONE
GRAVITA	NO	NO	—	—	NONE
GRAVITY	NO	NO	—	—	NONE
GRCL	NO	NO	—	—	NONE
GREAVESCOT	NO	NO	—	—	NONE
GREENCHEF	NO	NO	—	—	NONE
GREENCREST	NO	NO	—	—	NONE
GREENLAM	NO	NO	—	—	NONE
GREENLEAF	NO	NO	—	—	NONE
GREENPANEL	NO	NO	—	—	NONE
GREENPLY	NO	NO	—	—	NONE
GREENPOWER	YES	YES	2026-06-25	2026-06-24 15:21	BACKFILL
GRERENEW	NO	NO	—	—	NONE
GRETEX	NO	NO	—	—	NONE
GRINDWELL	YES	YES	2026-06-25	2026-06-24 15:21	BACKFILL
GRINFRA	NO	NO	—	—	NONE
GRMOVER	NO	NO	—	—	NONE
GROARC	NO	NO	—	—	NONE
GROBTEA	NO	NO	—	—	NONE
GROVY	NO	NO	—	—	NONE
GROWINGTON	NO	NO	—	—	NONE
GROWW	NO	NO	—	—	NONE
GROWWCAPM	NO	NO	—	—	NONE
GROWWCHEM	NO	NO	—	—	NONE
GROWWDEFNC	NO	NO	—	—	NONE
GROWWEV	NO	NO	—	—	NONE
GROWWGOLD	NO	NO	—	—	NONE
GROWWHOSPI	NO	NO	—	—	NONE
GROWWLIQID	NO	NO	—	—	NONE
GROWWLOVOL	NO	NO	—	—	NONE
GROWWMC150	NO	NO	—	—	NONE
GROWWMETAL	NO	NO	—	—	NONE
GROWWMOM50	NO	NO	—	—	NONE
GROWWN200	NO	NO	—	—	NONE
GROWWNET	NO	NO	—	—	NONE
GROWWNIFTY	NO	NO	—	—	NONE
GROWWNXT50	NO	NO	—	—	NONE
GROWWPOWER	NO	NO	—	—	NONE
GROWWPSE	NO	NO	—	—	NONE
GROWWPSUBK	NO	NO	—	—	NONE
GROWWRAIL	NO	NO	—	—	NONE
GROWWRLTY	NO	NO	—	—	NONE
GROWWSC250	NO	NO	—	—	NONE
GROWWSLVR	NO	NO	—	—	NONE
GRPLTD	NO	NO	—	—	NONE
GRSE	NO	NO	—	—	NONE
GRWRHITECH	NO	NO	—	—	NONE
GSAUTO	NO	NO	—	—	NONE
GSBFIN	NO	NO	—	—	NONE
GSEC10ABSL	NO	NO	—	—	NONE
GSEC10IETF	NO	NO	—	—	NONE
GSEC10YEAR	NO	NO	—	—	NONE
GSEC5IETF	NO	NO	—	—	NONE
GSFC	NO	NO	—	—	NONE
GSLSEC	NO	NO	—	—	NONE
GSLSU	NO	NO	—	—	NONE
GSLTD	NO	NO	—	—	NONE
GSMFOILS	NO	NO	—	—	NONE
GSPCROP	NO	NO	—	—	NONE
GSS	NO	NO	—	—	NONE
GSTL	NO	NO	—	—	NONE
GTECJAINX	NO	NO	—	—	NONE
GTEIT	NO	NO	—	—	NONE
GTIL	NO	NO	—	—	NONE
GTL	NO	NO	—	—	NONE
GTLINFRA	NO	NO	—	—	NONE
GTNINDS	NO	NO	—	—	NONE
GTNTEX	NO	NO	—	—	NONE
GTPL	NO	NO	—	—	NONE
GTTDATA	NO	NO	—	—	NONE
GTV	NO	NO	—	—	NONE
GUFICBIO	NO	NO	—	—	NONE
GUJALKALI	NO	NO	—	—	NONE
GUJAPOLLO	NO	NO	—	—	NONE
GUJARATPOLY	NO	NO	—	—	NONE
GUJCONT	NO	NO	—	—	NONE
GUJCOTEX	NO	NO	—	—	NONE
GUJCRAFT	NO	NO	—	—	NONE
GUJCRED	NO	NO	—	—	NONE
GUJGASLTD	NO	NO	—	—	NONE
GUJHOTE	NO	NO	—	—	NONE
GUJINJEC	NO	NO	—	—	NONE
GUJINTRX	NO	NO	—	—	NONE
GUJINV	NO	NO	—	—	NONE
GUJJUBHAI	NO	NO	—	—	NONE
GUJPETR	NO	NO	—	—	NONE
GUJRAFFIA	NO	NO	—	—	NONE
GUJSTATFIN	NO	NO	—	—	NONE
GUJTERC	NO	NO	—	—	NONE
GUJTHEM	NO	NO	—	—	NONE
GUJTLRM	NO	NO	—	—	NONE
GUJWIND	NO	NO	—	—	NONE
GULFOILLUB	NO	NO	—	—	NONE
GULFPETRO	NO	NO	—	—	NONE
GULPOLY	NO	NO	—	—	NONE
GURUNANAK	NO	NO	—	—	NONE
GVBL	NO	NO	—	—	NONE
GVFILM	NO	NO	—	—	NONE
GVKPIL	NO	NO	—	—	NONE
GVL	NO	NO	—	—	NONE
GVPIL	NO	NO	—	—	NONE
GVPTECH	NO	NO	—	—	NONE
GVPTECHPP.E1	NO	NO	—	—	NONE
GVT&D	NO	NO	—	—	NONE
GVT_D	NO	NO	—	—	NONE
GYANDEV	NO	NO	—	—	NONE
GYFTR	NO	NO	—	—	NONE
HAL	NO	NO	—	—	NONE
HALDER	NO	NO	—	—	NONE
HALDYNGL	NO	NO	—	—	NONE
HALEOSLABS	NO	NO	—	—	NONE
HAMPS	NO	NO	—	—	NONE
HAMPTON	NO	NO	—	—	NONE
HANNAH	NO	NO	—	—	NONE
HANSUGAR	NO	NO	—	—	NONE
HAPPSTMNDS	NO	NO	—	—	NONE
HAPPYFORGE	NO	NO	—	—	NONE
HARAFIN	NO	NO	—	—	NONE
HARCR	NO	NO	—	—	NONE
HARDCAS	NO	NO	—	—	NONE
HARDWYN	NO	NO	—	—	NONE
HARIAAPL	NO	NO	—	—	NONE
HARIAEXPO	NO	NO	—	—	NONE
HARIKANTA	NO	NO	—	—	NONE
HARIOMPIPE	NO	NO	—	—	NONE
HARISH	NO	NO	—	—	NONE
HARLETH	NO	NO	—	—	NONE
HARRMALAYA	NO	NO	—	—	NONE
HARSHA	NO	NO	—	—	NONE
HARSHDEEP	NO	NO	—	—	NONE
HARSHILAGR	NO	NO	—	—	NONE
HARYNACAP	NO	NO	—	—	NONE
HASTIFIN	NO	NO	—	—	NONE
HATHWAY	NO	NO	—	—	NONE
HATHWAYB	NO	NO	—	—	NONE
HATSUN	NO	NO	—	—	NONE
HAVELLS	NO	NO	—	—	NONE
HAVISHA	NO	NO	—	—	NONE
HAWAENG	NO	NO	—	—	NONE
HAWKINCOOK	NO	NO	—	—	NONE
HAZOOR	NO	NO	—	—	NONE
HBEL	NO	NO	—	—	NONE
HBESD	NO	NO	—	—	NONE
HBGHOTELS	NO	NO	—	—	NONE
HBLEAS	NO	NO	—	—	NONE
HBLENGINE	YES	YES	2026-06-25	2026-06-24 15:21	BACKFILL
HBPOR	NO	NO	—	—	NONE
HBSL	NO	NO	—	—	NONE
HCC	NO	NO	—	—	NONE
HCG	NO	NO	—	—	NONE
HCKKVENTURE	NO	NO	—	—	NONE
HCL_INSYS	NO	NO	—	—	NONE
HCLTECH	YES	YES	2026-06-25	2026-06-24 15:28	BACKFILL
HDBFS	NO	NO	—	—	NONE
HDFCAMC	NO	NO	—	—	NONE
HDFCBANK	YES	YES	2026-06-24	2026-06-24 15:29	ANGELONE
HDFCBSE500	NO	NO	—	—	NONE
HDFCGOLD	YES	YES	2026-06-25	2026-06-24 15:21	BACKFILL
HDFCGROWTH	NO	NO	—	—	NONE
HDFCLIFE	NO	NO	—	—	NONE
HDFCLIQUID	YES	YES	2026-06-25	2026-06-24 15:21	BACKFILL
HDFCLOWVOL	NO	NO	—	—	NONE
HDFCMID150	YES	YES	2026-06-25	2026-06-19 15:25	BACKFILL
HDFCMOMENT	NO	NO	—	—	NONE
HDFCNEXT50	NO	NO	—	—	NONE
HDFCNIF100	NO	NO	—	—	NONE
HDFCNIFBAN	NO	NO	—	—	NONE
HDFCNIFIT	NO	NO	—	—	NONE
HDFCNIFTY	NO	NO	—	—	NONE
HDFCPSUBK	NO	NO	—	—	NONE
HDFCPVTBAN	YES	YES	2026-06-25	2026-06-24 15:21	BACKFILL
HDFCQUAL	NO	NO	—	—	NONE
HDFCSENSEX	NO	NO	—	—	NONE
HDFCSILVER	NO	NO	—	—	NONE
HDFCSML250	NO	NO	—	—	NONE
HDFCVALUE	NO	NO	—	—	NONE
HDIL	NO	NO	—	—	NONE
HEADSUP	NO	NO	—	—	NONE
HEALTHADD	NO	NO	—	—	NONE
HEALTHCARE	NO	NO	—	—	NONE
HEALTHIETF	NO	NO	—	—	NONE
HEALTHX	NO	NO	—	—	NONE
HEALTHY	NO	NO	—	—	NONE
HEALTHYLIFE	NO	NO	—	—	NONE
HECPROJECT	NO	NO	—	—	NONE
HEERAISP	NO	NO	—	—	NONE
HEG	NO	NO	—	—	NONE
HEIDELBERG	NO	NO	—	—	NONE
HELLOJI	NO	NO	—	—	NONE
HELPAGE	NO	NO	—	—	NONE
HEMANG	NO	NO	—	—	NONE
HEMIPROP	NO	NO	—	—	NONE
HEMORGANIC	NO	NO	—	—	NONE
HERANBA	NO	NO	—	—	NONE
HERCULES	NO	NO	—	—	NONE
HERITGFOOD	NO	NO	—	—	NONE
HEROMOTOCO	NO	NO	—	—	NONE
HESTERBIO	NO	NO	—	—	NONE
HEXAGON	NO	NO	—	—	NONE
HEXATRADEX	NO	NO	—	—	NONE
HEXT	NO	NO	—	—	NONE
HFCL	NO	NO	—	—	NONE
HFIL	NO	NO	—	—	NONE
HGINFRA	NO	NO	—	—	NONE
HGM	NO	NO	—	—	NONE
HGS	NO	NO	—	—	NONE
HIGHENE	NO	NO	—	—	NONE
HIGHNESS	NO	NO	—	—	NONE
HIGREEN	NO	NO	—	—	NONE
HIIL	NO	NO	—	—	NONE
HIKAL	NO	NO	—	—	NONE
HILIKS	NO	NO	—	—	NONE
HILINFRA	NO	NO	—	—	NONE
HILLTONE	NO	NO	—	—	NONE
HILTON	NO	NO	—	—	NONE
HIMATSEIDE	NO	NO	—	—	NONE
HIMTEK	NO	NO	—	—	NONE
HINDADH	NO	NO	—	—	NONE
HINDALCO	YES	YES	2026-06-25	2026-06-24 15:21	BACKFILL
HINDALUMI	NO	NO	—	—	NONE
HINDAPL	NO	NO	—	—	NONE
HINDBIO	NO	NO	—	—	NONE
HINDCOMPOS	NO	NO	—	—	NONE
HINDCON	NO	NO	—	—	NONE
HINDCOPPER	NO	NO	—	—	NONE
HINDHARD	NO	NO	—	—	NONE
HINDMILL	NO	NO	—	—	NONE
HINDMOTORS	NO	NO	—	—	NONE
HINDOILEXP	NO	NO	—	—	NONE
HINDPETRO	NO	NO	—	—	NONE
HINDTIN	NO	NO	—	—	NONE
HINDUNILVR	YES	YES	2026-06-24	2026-06-24 15:29	ANGELONE
HINDUST	NO	NO	—	—	NONE
HINDWAREAP	NO	NO	—	—	NONE
HINDZINC	YES	YES	2026-06-25	2026-06-24 15:21	BACKFILL
HIRECT	NO	NO	—	—	NONE
HISARMETAL	NO	NO	—	—	NONE
HISARSP	NO	NO	—	—	NONE
HITECH	NO	NO	—	—	NONE
HITECHCORP	NO	NO	—	—	NONE
HITECHGEAR	NO	NO	—	—	NONE
HITKITGLO	NO	NO	—	—	NONE
HITTCO	NO	NO	—	—	NONE
HLEGLAS	NO	NO	—	—	NONE
HLVLTD	NO	NO	—	—	NONE
HMAAGRO	NO	NO	—	—	NONE
HMEML	NO	NO	—	—	NONE
HMT	NO	NO	—	—	NONE
HMVL	NO	NO	—	—	NONE
HNDFDS	NO	NO	—	—	NONE
HNGSNGBEES	NO	NO	—	—	NONE
HOACFOODS	NO	NO	—	—	NONE
HOCL	NO	NO	—	—	NONE
HOLMARC	NO	NO	—	—	NONE
HOM	NO	NO	—	—	NONE
HOMEFIRST	YES	YES	2026-06-25	2026-06-24 15:21	BACKFILL
HOMESFY	NO	NO	—	—	NONE
HONASA	NO	NO	—	—	NONE
HONAUT	NO	NO	—	—	NONE
HONDAPOWER	NO	NO	—	—	NONE
HOTLSILV	NO	NO	—	—	NONE
HPAL	YES	YES	2026-06-25	2026-06-24 15:21	BACKFILL
HPBL	NO	NO	—	—	NONE
HPCOTTON	NO	NO	—	—	NONE
HPIL	NO	NO	—	—	NONE
HPL	NO	NO	—	—	NONE
HPTL	NO	NO	—	—	NONE
HRHNEXT	NO	NO	—	—	NONE
HRMNYCP	NO	NO	—	—	NONE
HRS	NO	NO	—	—	NONE
HRYNSHP	NO	NO	—	—	NONE
HSBCGOLD	NO	NO	—	—	NONE
HSCL	NO	NO	—	—	NONE
HSIL	NO	NO	—	—	NONE
HTMEDIA	NO	NO	—	—	NONE
HUBTOWN	NO	NO	—	—	NONE
HUDCO	NO	NO	—	—	NONE
HUHTAMAKI	NO	NO	—	—	NONE
HVAX	NO	NO	—	—	NONE
HYBRIDFIN	NO	NO	—	—	NONE
HYPERSOFT	NO	NO	—	—	NONE
HYUNDAI	NO	NO	—	—	NONE
IBINFO	NO	NO	—	—	NONE
IBLFL	NO	NO	—	—	NONE
IBULLSLTD	NO	NO	—	—	NONE
ICDSLTD	NO	NO	—	—	NONE
ICEMAKE	NO	NO	—	—	NONE
ICICIAMC	NO	NO	—	—	NONE
ICICIB22	NO	NO	—	—	NONE
ICICIBANK	YES	YES	2026-06-24	2026-06-24 15:29	ANGELONE
ICICIGI	NO	NO	—	—	NONE
ICICIPRULI	NO	NO	—	—	NONE
ICIL	NO	NO	—	—	NONE
ICL	NO	NO	—	—	NONE
ICODEX	NO	NO	—	—	NONE
ICON	NO	NO	—	—	NONE
ICONIKSPEV	NO	NO	—	—	NONE
ICRA	YES	YES	2026-06-25	2026-06-24 15:21	BACKFILL
ICSL	NO	NO	—	—	NONE
IDBI	NO	NO	—	—	NONE
IDEA	NO	NO	—	—	NONE
IDEAFORGE	NO	NO	—	—	NONE
IDEALTECHO	NO	NO	—	—	NONE
IDENTICAL	NO	NO	—	—	NONE
IDENTIXWEB	NO	NO	—	—	NONE
IDFCFIRSTB	NO	NO	—	—	NONE
IDFNIFTYET	NO	NO	—	—	NONE
IDM	NO	NO	—	—	NONE
IDREAM	NO	NO	—	—	NONE
IECEDU	NO	NO	—	—	NONE
IEML	NO	NO	—	—	NONE
IEX	YES	YES	2026-06-25	2026-06-24 09:32	BACKFILL
IFBAGRO	NO	NO	—	—	NONE
IFBIND	NO	NO	—	—	NONE
IFCI	NO	NO	—	—	NONE
IFGLEXPOR	NO	NO	—	—	NONE
IFINSEC	NO	NO	—	—	NONE
IFINSER	NO	NO	—	—	NONE
IFL	NO	NO	—	—	NONE
IGARASHI	NO	NO	—	—	NONE
IGCIL	NO	NO	—	—	NONE
IGCL	NO	NO	—	—	NONE
IGIL	NO	NO	—	—	NONE
IGL	NO	NO	—	—	NONE
IGPL	NO	NO	—	—	NONE
IIFL	NO	NO	—	—	NONE
IIFLCAPS	NO	NO	—	—	NONE
IIRM	NO	NO	—	—	NONE
IISL	NO	NO	—	—	NONE
IITL	NO	NO	—	—	NONE
IITLPROJ	NO	NO	—	—	NONE
IKIO	NO	NO	—	—	NONE
IKOMA	NO	NO	—	—	NONE
IKS	NO	NO	—	—	NONE
IL&FSENGG	NO	NO	—	—	NONE
IL&FSTRANS	NO	NO	—	—	NONE
IL_FSENGG	NO	NO	—	—	NONE
IL_FSTRANS	NO	NO	—	—	NONE
IMAGICAA	NO	NO	—	—	NONE
IMEC	NO	NO	—	—	NONE
IMFA	NO	NO	—	—	NONE
IMPAL	NO	NO	—	—	NONE
IMPEXFERRO	NO	NO	—	—	NONE
INA	NO	NO	—	—	NONE
INANI	NO	NO	—	—	NONE
INCAP	NO	NO	—	—	NONE
INCON	NO	NO	—	—	NONE
INCREDIBLE	NO	NO	—	—	NONE
INDAG	NO	NO	—	—	NONE
INDAGIV	NO	NO	—	—	NONE
INDBANK	NO	NO	—	—	NONE
INDBNK	NO	NO	—	—	NONE
INDCEMCAP	NO	NO	—	—	NONE
INDCTST	NO	NO	—	—	NONE
INDERGR	NO	NO	—	—	NONE
INDGELA	NO	NO	—	—	NONE
INDGN	NO	NO	—	—	NONE
INDHOTEL	NO	NO	—	—	NONE
INDIACEM	NO	NO	—	—	NONE
INDIAGLYCO	NO	NO	—	—	NONE
INDIAHOME	NO	NO	—	—	NONE
INDIAHOMES	NO	NO	—	—	NONE
INDIAMART	NO	NO	—	—	NONE
INDIANACRY	NO	NO	—	—	NONE
INDIANB	NO	NO	—	—	NONE
INDIANCARD	NO	NO	—	—	NONE
INDIANHUME	NO	NO	—	—	NONE
INDIANVSH	NO	NO	—	—	NONE
INDIASHLTR	NO	NO	—	—	NONE
INDICAP	NO	NO	—	—	NONE
INDIFRA	NO	NO	—	—	NONE
INDIGO	NO	NO	—	—	NONE
INDIGOPNTS	NO	NO	—	—	NONE
INDIGRID	NO	NO	—	—	NONE
INDINFO	NO	NO	—	—	NONE
INDIQUBE	NO	NO	—	—	NONE
INDLEASE	NO	NO	—	—	NONE
INDNIPPON	NO	NO	—	—	NONE
INDOAMIN	NO	NO	—	—	NONE
INDOBELL	NO	NO	—	—	NONE
INDOBORAX	NO	NO	—	—	NONE
INDOCITY	NO	NO	—	—	NONE
INDOCO	NO	NO	—	—	NONE
INDOCRED	NO	NO	—	—	NONE
INDOEURO	NO	NO	—	—	NONE
INDOFARM	NO	NO	—	—	NONE
INDOKEM	NO	NO	—	—	NONE
INDONG	NO	NO	—	—	NONE
INDORAMA	NO	NO	—	—	NONE
INDOSMC	NO	NO	—	—	NONE
INDOSTAR	NO	NO	—	—	NONE
INDOTECH	NO	NO	—	—	NONE
INDOTHAI	NO	NO	—	—	NONE
INDOUS	NO	NO	—	—	NONE
INDOWIND	NO	NO	—	—	NONE
INDPRUD	NO	NO	—	—	NONE
INDRAMEDCO	NO	NO	—	—	NONE
INDRANIB	NO	NO	—	—	NONE
INDRENEW	NO	NO	—	—	NONE
INDSILHYD	NO	NO	—	—	NONE
INDSUCR	NO	NO	—	—	NONE
INDSWFTLAB	NO	NO	—	—	NONE
INDTERRAIN	NO	NO	—	—	NONE
INDTONER	NO	NO	—	—	NONE
INDUSFINL	NO	NO	—	—	NONE
INDUSINDBK	NO	NO	—	—	NONE
INDUSINVIT	NO	NO	—	—	NONE
INDUSTOWER	YES	YES	2026-06-25	2026-06-24 15:21	BACKFILL
INDXTRA	NO	NO	—	—	NONE
INFINITY	NO	NO	—	—	NONE
INFINIUM	NO	NO	—	—	NONE
INFLAME	NO	NO	—	—	NONE
INFLUX	NO	NO	—	—	NONE
INFOBEAN	NO	NO	—	—	NONE
INFOLLION	NO	NO	—	—	NONE
INFOMEDIA	NO	NO	—	—	NONE
INFONATIVE	NO	NO	—	—	NONE
INFORTEC	NO	NO	—	—	NONE
INFRA	NO	NO	—	—	NONE
INFRABEES	NO	NO	—	—	NONE
INFRAIETF	NO	NO	—	—	NONE
INFRONICS	NO	NO	—	—	NONE
INFY	YES	YES	2026-06-24	2026-06-24 15:29	ANGELONE
INGERRAND	NO	NO	—	—	NONE
INLANPR	NO	NO	—	—	NONE
INLCM	NO	NO	—	—	NONE
INM	NO	NO	—	—	NONE
INNOCORP	NO	NO	—	—	NONE
INNOKAIZ	NO	NO	—	—	NONE
INNOMET	NO	NO	—	—	NONE
INNOVACAP	NO	NO	—	—	NONE
INNOVANA	NO	NO	—	—	NONE
INNOVATIVE	NO	NO	—	—	NONE
INNOVATORS	NO	NO	—	—	NONE
INNOVISION	NO	NO	—	—	NONE
INNOVTEC	NO	NO	—	—	NONE
INOVSYNTH	NO	NO	—	—	NONE
INOXGREEN	NO	NO	—	—	NONE
INOXINDIA	NO	NO	—	—	NONE
INOXWIND	YES	YES	2026-06-25	2026-06-24 15:21	BACKFILL
INRADIA	NO	NO	—	—	NONE
INSECTICID	NO	NO	—	—	NONE
INSPIRE	NO	NO	—	—	NONE
INSPIRISYS	NO	NO	—	—	NONE
INTECCAP	NO	NO	—	—	NONE
INTEGFD	NO	NO	—	—	NONE
INTEGHIT	NO	NO	—	—	NONE
INTEGRAEN	NO	NO	—	—	NONE
INTEGRITY	NO	NO	—	—	NONE
INTEGSW	NO	NO	—	—	NONE
INTELLECT	NO	NO	—	—	NONE
INTENTECH	YES	YES	2026-06-25	2026-06-24 15:21	BACKFILL
INTERARCH	NO	NO	—	—	NONE
INTERDIGI	NO	NO	—	—	NONE
INTERNET	NO	NO	—	—	NONE
INTETHR	NO	NO	—	—	NONE
INTLCOMBQ	NO	NO	—	—	NONE
INTLCONV	NO	NO	—	—	NONE
INTRGLB	NO	NO	—	—	NONE
INTSTOIL	NO	NO	—	—	NONE
INVENTURE	NO	NO	—	—	NONE
INVICTA	NO	NO	—	—	NONE
INVIGO	NO	NO	—	—	NONE
INVPRECQ	NO	NO	—	—	NONE
IOB	NO	NO	—	—	NONE
IOC	YES	YES	2026-06-25	2026-06-24 15:21	BACKFILL
IOLCP	NO	NO	—	—	NONE
IONEXCHANG	NO	NO	—	—	NONE
IPCALAB	NO	NO	—	—	NONE
IPHL	NO	NO	—	—	NONE
IPL	NO	NO	—	—	NONE
IPOWER	NO	NO	—	—	NONE
IPRINGLTD	NO	NO	—	—	NONE
IPSL	NO	NO	—	—	NONE
IRB	NO	NO	—	—	NONE
IRCON	YES	YES	2026-06-25	2026-06-24 15:21	BACKFILL
IRCTC	YES	YES	2026-06-25	2026-06-24 15:21	BACKFILL
IREDA	YES	YES	2026-06-25	2026-06-24 15:21	BACKFILL
IRFC	YES	YES	2026-06-25	2026-06-24 15:21	BACKFILL
IRIS	NO	NO	—	—	NONE
IRISDOREME	NO	NO	—	—	NONE
IRMENERGY	NO	NO	—	—	NONE
IRONWOOD	NO	NO	—	—	NONE
ISFL	NO	NO	—	—	NONE
ISFT	NO	NO	—	—	NONE
ISGEC	NO	NO	—	—	NONE
ISHAN	NO	NO	—	—	NONE
ISHANCH	NO	NO	—	—	NONE
ISHITADR	NO	NO	—	—	NONE
ISIFHLSG	NO	NO	—	—	NONE
ISTLTD	NO	NO	—	—	NONE
ISTRNETWK	NO	NO	—	—	NONE
IT	NO	NO	—	—	NONE
ITADD	NO	NO	—	—	NONE
ITALIANE	NO	NO	—	—	NONE
ITBEES	NO	NO	—	—	NONE
ITBETA	NO	NO	—	—	NONE
ITC	YES	YES	2026-06-24	2026-06-24 15:29	ANGELONE
ITCHOTELS	NO	NO	—	—	NONE
ITCONS	NO	NO	—	—	NONE
ITDC	NO	NO	—	—	NONE
ITETF	NO	NO	—	—	NONE
ITHL	NO	NO	—	—	NONE
ITI	NO	NO	—	—	NONE
ITIETF	NO	NO	—	—	NONE
ITL	NO	NO	—	—	NONE
ITTL	NO	NO	—	—	NONE
IVALUE	NO	NO	—	—	NONE
IVC	NO	NO	—	—	NONE
IVP	NO	NO	—	—	NONE
IVZINGOLD	NO	NO	—	—	NONE
IVZINNIFTY	NO	NO	—	—	NONE
IWARE	NO	NO	—	—	NONE
IWP	NO	NO	—	—	NONE
IXIGO	NO	NO	—	—	NONE
IYKOTHITE	NO	NO	—	—	NONE
IZMO	NO	NO	—	—	NONE
J&KBANK	NO	NO	—	—	NONE
J_KBANK	NO	NO	—	—	NONE
JACKSON	NO	NO	—	—	NONE
JAFINANCE	NO	NO	—	—	NONE
JAGAJITIND	NO	NO	—	—	NONE
JAGANLAM	NO	NO	—	—	NONE
JAGJANANI	NO	NO	—	—	NONE
JAGRAN	NO	NO	—	—	NONE
JAGSNPHARM	NO	NO	—	—	NONE
JAGSONSER	NO	NO	—	—	NONE
JAIBALAJI	NO	NO	—	—	NONE
JAICORPLTD	NO	NO	—	—	NONE
JAIHIND	NO	NO	—	—	NONE
JAIMATAG	NO	NO	—	—	NONE
JAINAM	NO	NO	—	—	NONE
JAINCO	NO	NO	—	—	NONE
JAINEX	NO	NO	—	—	NONE
JAINIK	NO	NO	—	—	NONE
JAINREC	YES	YES	2026-06-25	2026-06-24 15:21	BACKFILL
JAIPAN	NO	NO	—	—	NONE
JAIPURKURT	NO	NO	—	—	NONE
JALAN	NO	NO	—	—	NONE
JAMESWARREN	NO	NO	—	—	NONE
JAMNAAUTO	NO	NO	—	—	NONE
JAMSHRI	NO	NO	—	—	NONE
JARO	YES	YES	2026-06-25	2026-06-24 15:21	BACKFILL
JASCH	NO	NO	—	—	NONE
JASH	NO	NO	—	—	NONE
JATTAINDUS	NO	NO	—	—	NONE
JAUSPOL	NO	NO	—	—	NONE
JAYAGROGN	NO	NO	—	—	NONE
JAYANT	NO	NO	—	—	NONE
JAYBARMARU	NO	NO	—	—	NONE
JAYBEE	NO	NO	—	—	NONE
JAYCH	NO	NO	—	—	NONE
JAYESH	NO	NO	—	—	NONE
JAYIND	NO	NO	—	—	NONE
JAYKAILASH	NO	NO	—	—	NONE
JAYKAY	NO	NO	—	—	NONE
JAYNECOIND	YES	YES	2026-06-25	2026-06-24 15:21	BACKFILL
JAYSREETEA	NO	NO	—	—	NONE
JAYSYNTH	NO	NO	—	—	NONE
JAYUSH	NO	NO	—	—	NONE
JBCHEPHARM	NO	NO	—	—	NONE
JBMA	NO	NO	—	—	NONE
JDCABLES	NO	NO	—	—	NONE
JEL	NO	NO	—	—	NONE
JENBURPH	NO	NO	—	—	NONE
JETFREIGHT	NO	NO	—	—	NONE
JETKINGQ	NO	NO	—	—	NONE
JETMALL	NO	NO	—	—	NONE
JEYYAM	NO	NO	—	—	NONE
JFL	NO	NO	—	—	NONE
JFLLIFE	NO	NO	—	—	NONE
JGCHEM	NO	NO	—	—	NONE
JGTL	NO	NO	—	—	NONE
JHACC	NO	NO	—	—	NONE
JHS	NO	NO	—	—	NONE
JIGAR	NO	NO	—	—	NONE
JINDALPHOT	NO	NO	—	—	NONE
JINDALPOLY	NO	NO	—	—	NONE
JINDALSAW	NO	NO	—	—	NONE
JINDALSTEL	NO	NO	—	—	NONE
JINDCAP	NO	NO	—	—	NONE
JINDHOT	NO	NO	—	—	NONE
JINDRILL	NO	NO	—	—	NONE
JINDWORLD	YES	YES	2026-06-25	2026-06-24 15:21	BACKFILL
JIOFIN	NO	NO	—	—	NONE
JISLDVREQS	NO	NO	—	—	NONE
JISLJALEQS	YES	YES	2026-06-25	2026-06-24 15:21	BACKFILL
JITFINFRA	NO	NO	—	—	NONE
JIWANRAM	NO	NO	—	—	NONE
JJFINCOR	NO	NO	—	—	NONE
JKAGRI	NO	NO	—	—	NONE
JKCEMENT	NO	NO	—	—	NONE
JKIL	NO	NO	—	—	NONE
JKIPL	NO	NO	—	—	NONE
JKLAKSHMI	NO	NO	—	—	NONE
JKPAPER	NO	NO	—	—	NONE
JKTYRE	NO	NO	—	—	NONE
JLHL	NO	NO	—	—	NONE
JLL	NO	NO	—	—	NONE
JMA	NO	NO	—	—	NONE
JMDVL	NO	NO	—	—	NONE
JMFINANCIL	NO	NO	—	—	NONE
JMGCORP	NO	NO	—	—	NONE
JMJFIN	NO	NO	—	—	NONE
JNKINDIA	NO	NO	—	—	NONE
JOCIL	NO	NO	—	—	NONE
JOHNPHARMA	NO	NO	—	—	NONE
JOINDRE	NO	NO	—	—	NONE
JOJO	NO	NO	—	—	NONE
JOLYPLS	NO	NO	—	—	NONE
JONJUA	NO	NO	—	—	NONE
JOSTS	NO	NO	—	—	NONE
JPOLYINVST	NO	NO	—	—	NONE
JPPOWER	NO	NO	—	—	NONE
JPTSEC	NO	NO	—	—	NONE
JSFB	NO	NO	—	—	NONE
JSHL	NO	NO	—	—	NONE
JSL	NO	NO	—	—	NONE
JSLL	NO	NO	—	—	NONE
JSTL	NO	NO	—	—	NONE
JSWCEMENT	YES	YES	2026-06-25	2026-06-24 15:21	BACKFILL
JSWDULUX	NO	NO	—	—	NONE
JSWENERGY	NO	NO	—	—	NONE
JSWHL	NO	NO	—	—	NONE
JSWINFRA	NO	NO	—	—	NONE
JSWSTEEL	YES	YES	2026-06-25	2026-06-24 15:28	BACKFILL
JTEKTINDIA	NO	NO	—	—	NONE
JTLDEFENCE	NO	NO	—	—	NONE
JTLIND	NO	NO	—	—	NONE
JUBLCPL	NO	NO	—	—	NONE
JUBLFOOD	YES	YES	2026-06-25	2026-06-24 15:21	BACKFILL
JUBLINGREA	NO	NO	—	—	NONE
JUBLPHARMA	NO	NO	—	—	NONE
JULIEN	NO	NO	—	—	NONE
JUMBO	NO	NO	—	—	NONE
JUNE	NO	NO	—	—	NONE
JUNGLECAMP	NO	NO	—	—	NONE
JUNIORBEES	NO	NO	—	—	NONE
JUNIPER	NO	NO	—	—	NONE
JUPITERIN	NO	NO	—	—	NONE
JUSTDIAL	NO	NO	—	—	NONE
JUSTO	NO	NO	—	—	NONE
JWL	NO	NO	—	—	NONE
JYOTHYLAB	NO	NO	—	—	NONE
JYOTI	NO	NO	—	—	NONE
JYOTICNC	NO	NO	—	—	NONE
JYOTIGLOBL	NO	NO	—	—	NONE
JYOTIRES	NO	NO	—	—	NONE
JYOTISTRUC	YES	YES	2026-06-25	2026-06-24 15:21	BACKFILL
K2INFRA	NO	NO	—	—	NONE
KABRADG	NO	NO	—	—	NONE
KABRAEXTRU	NO	NO	—	—	NONE
KABSON	NO	NO	—	—	NONE
KACHCHH	NO	NO	—	—	NONE
KACL	NO	NO	—	—	NONE
KAHAN	NO	NO	—	—	NONE
KAIZENAGRO	NO	NO	—	—	NONE
KAJARIACER	NO	NO	—	—	NONE
KAJARIR	NO	NO	—	—	NONE
KAKA	NO	NO	—	—	NONE
KAKATCEM	NO	NO	—	—	NONE
KAKTEX	NO	NO	—	—	NONE
KALAMANDIR	YES	YES	2026-06-25	2026-06-24 09:31	BACKFILL
KALANA	NO	NO	—	—	NONE
KALIND	NO	NO	—	—	NONE
KALLAM	NO	NO	—	—	NONE
KALPACOMME	NO	NO	—	—	NONE
KALPATARU	NO	NO	—	—	NONE
KALYANCAP	NO	NO	—	—	NONE
KALYANI	NO	NO	—	—	NONE
KALYANIFRG	NO	NO	—	—	NONE
KALYANKJIL	NO	NO	—	—	NONE
KAMADGIRI	NO	NO	—	—	NONE
KAMAHOLD	NO	NO	—	—	NONE
KAMANWALA	NO	NO	—	—	NONE
KAMATHOTEL	NO	NO	—	—	NONE
KAMATS	NO	NO	—	—	NONE
KAMDHENU	NO	NO	—	—	NONE
KAMOPAINTS	NO	NO	—	—	NONE
KANANIIND	NO	NO	—	—	NONE
KANCHI	NO	NO	—	—	NONE
KANCOTEA	NO	NO	—	—	NONE
KANDAGIRI	NO	NO	—	—	NONE
KANDARP	NO	NO	—	—	NONE
KANELIND	NO	NO	—	—	NONE
KANISHK	NO	NO	—	—	NONE
KANORICHEM	NO	NO	—	—	NONE
KANPRPLA	NO	NO	—	—	NONE
KANSAINER	NO	NO	—	—	NONE
KANSHST	NO	NO	—	—	NONE
KANUNGO	NO	NO	—	—	NONE
KAPILRAJ	NO	NO	—	—	NONE
KAPSTON	NO	NO	—	—	NONE
KARANWO	NO	NO	—	—	NONE
KARBON	NO	NO	—	—	NONE
KARMAENG	NO	NO	—	—	NONE
KARNAVATI	NO	NO	—	—	NONE
KARNAWATI	NO	NO	—	—	NONE
KARNIKA	NO	NO	—	—	NONE
KARURVYSYA	NO	NO	—	—	NONE
KASTURI	NO	NO	—	—	NONE
KATARIA	NO	NO	—	—	NONE
KATIPATANG	NO	NO	—	—	NONE
KATRSPG	NO	NO	—	—	NONE
KAUSHALYA	NO	NO	—	—	NONE
KAVDEFENCE	NO	NO	—	—	NONE
KAYA	NO	NO	—	—	NONE
KAYCEEI	NO	NO	—	—	NONE
KAYNES	NO	NO	—	—	NONE
KAYPOWR	NO	NO	—	—	NONE
KAYTEX	NO	NO	—	—	NONE
KBSINDIA	NO	NO	—	—	NONE
KCDGROUP	NO	NO	—	—	NONE
KCEIL	NO	NO	—	—	NONE
KCK	NO	NO	—	—	NONE
KCLINFRA	NO	NO	—	—	NONE
KCP	NO	NO	—	—	NONE
KCPSUGIND	NO	NO	—	—	NONE
KDDL	NO	NO	—	—	NONE
KDL	NO	NO	—	—	NONE
KEC	NO	NO	—	—	NONE
KECL	NO	NO	—	—	NONE
KEEPLEARN	NO	NO	—	—	NONE
KEERTHI	NO	NO	—	—	NONE
KEI	NO	NO	—	—	NONE
KEIL	NO	NO	—	—	NONE
KEL	NO	NO	—	—	NONE
KELENRG	NO	NO	—	—	NONE
KELLTONTEC	NO	NO	—	—	NONE
KEMISTAR	NO	NO	—	—	NONE
KEN	NO	NO	—	—	NONE
KENNAMET	NO	NO	—	—	NONE
KENRIK	NO	NO	—	—	NONE
KENVI	NO	NO	—	—	NONE
KERALAYUR	NO	NO	—	—	NONE
KERNEX	NO	NO	—	—	NONE
KESAR	NO	NO	—	—	NONE
KESARENT	NO	NO	—	—	NONE
KESARPE	NO	NO	—	—	NONE
KESORAMIND	NO	NO	—	—	NONE
KETOMOTORS	NO	NO	—	—	NONE
KEYCORP	NO	NO	—	—	NONE
KEYFINSERV	NO	NO	—	—	NONE
KFBL	NO	NO	—	—	NONE
KFINTECH	NO	NO	—	—	NONE
KGDENIM	NO	NO	—	—	NONE
KGES	NO	NO	—	—	NONE
KGVL	NO	NO	—	—	NONE
KHADIM	NO	NO	—	—	NONE
KHAICHEM	NO	NO	—	—	NONE
KHAITANLTD	NO	NO	—	—	NONE
KHANDSE	NO	NO	—	—	NONE
KHAZANCHI	NO	NO	—	—	NONE
KHFM	NO	NO	—	—	NONE
KHOOBSURAT	NO	NO	—	—	NONE
KHYATI	NO	NO	—	—	NONE
KIAASA	NO	NO	—	—	NONE
KICL	NO	NO	—	—	NONE
KIDUJA	NO	NO	—	—	NONE
KIFS	NO	NO	—	—	NONE
KILITCH	NO	NO	—	—	NONE
KIMIABL	NO	NO	—	—	NONE
KIMS	NO	NO	—	—	NONE
KINETICENG	NO	NO	—	—	NONE
KINETRU	NO	NO	—	—	NONE
KINGFA	NO	NO	—	—	NONE
KINGSINFR	NO	NO	—	—	NONE
KIOCL	NO	NO	—	—	NONE
KIRANVYPAR	NO	NO	—	—	NONE
KIRIINDUS	NO	NO	—	—	NONE
KIRLFER	NO	NO	—	—	NONE
KIRLOSBROS	NO	NO	—	—	NONE
KIRLOSENG	NO	NO	—	—	NONE
KIRLOSIND	NO	NO	—	—	NONE
KIRLPNU	NO	NO	—	—	NONE
KISAAN	NO	NO	—	—	NONE
KISAN	NO	NO	—	—	NONE
KISSHT	NO	NO	—	—	NONE
KITEX	NO	NO	—	—	NONE
KIZI	NO	NO	—	—	NONE
KJMCCORP	NO	NO	—	—	NONE
KJMCFIN	NO	NO	—	—	NONE
KKALPANAIND	NO	NO	—	—	NONE
KKCL	NO	NO	—	—	NONE
KKJEWELS	NO	NO	—	—	NONE
KKPLASTICK	NO	NO	—	—	NONE
KKSHL	NO	NO	—	—	NONE
KKSILK	NO	NO	—	—	NONE
KLBRENG_B	NO	NO	—	—	NONE
KLIFESTYL	NO	NO	—	—	NONE
KLL	NO	NO	—	—	NONE
KLRFM	NO	NO	—	—	NONE
KMCSHIL	NO	NO	—	—	NONE
KMEW	NO	NO	—	—	NONE
KMFBLDR	NO	NO	—	—	NONE
KMSUGAR	NO	NO	—	—	NONE
KNAGRI	NO	NO	—	—	NONE
KNRCON	NO	NO	—	—	NONE
KOBO	NO	NO	—	—	NONE
KODYTECH	NO	NO	—	—	NONE
KOHINOOR	NO	NO	—	—	NONE
KOIYAIN	NO	NO	—	—	NONE
KOKUYOCMLN	NO	NO	—	—	NONE
KOLTEPATIL	NO	NO	—	—	NONE
KONARKSY	NO	NO	—	—	NONE
KONNDOR	NO	NO	—	—	NONE
KONSTELEC	NO	NO	—	—	NONE
KONTOR	NO	NO	—	—	NONE
KOPRAN	NO	NO	—	—	NONE
KORE	NO	NO	—	—	NONE
KOTAKBANK	YES	YES	2026-06-24	2026-06-24 15:29	ANGELONE
KOTARISUG	NO	NO	—	—	NONE
KOTHARIPET	NO	NO	—	—	NONE
KOTHARIPRO	NO	NO	—	—	NONE
KOTIC	NO	NO	—	—	NONE
KOTYARK	NO	NO	—	—	NONE
KOURA	NO	NO	—	—	NONE
KOVAI	NO	NO	—	—	NONE
KPEL	NO	NO	—	—	NONE
KPGEL	NO	NO	—	—	NONE
KPIGREEN	NO	NO	—	—	NONE
KPIL	NO	NO	—	—	NONE
KPITTECH	NO	NO	—	—	NONE
KPL	NO	NO	—	—	NONE
KPRMILL	NO	NO	—	—	NONE
KPT	NO	NO	—	—	NONE
KRANTI	NO	NO	—	—	NONE
KRBL	NO	NO	—	—	NONE
KREBSBIO	NO	NO	—	—	NONE
KREONFIN	NO	NO	—	—	NONE
KRETTOSYS	NO	NO	—	—	NONE
KRIDHANINF	NO	NO	—	—	NONE
KRIFILIND	NO	NO	—	—	NONE
KRISHANA	NO	NO	—	—	NONE
KRISHCA	NO	NO	—	—	NONE
KRISHIVAL	NO	NO	—	—	NONE
KRISHNA	NO	NO	—	—	NONE
KRISHNACAP	NO	NO	—	—	NONE
KRISHNADEF	NO	NO	—	—	NONE
KRISHPP	NO	NO	—	—	NONE
KRISHPP.E1	NO	NO	—	—	NONE
KRITI	NO	NO	—	—	NONE
KRITIKA	NO	NO	—	—	NONE
KRITINUT	NO	NO	—	—	NONE
KRMAYURVED	NO	NO	—	—	NONE
KRN	NO	NO	—	—	NONE
KRONOX	NO	NO	—	—	NONE
KROSS	NO	NO	—	—	NONE
KRRAIL	NO	NO	—	—	NONE
KRSNAA	NO	NO	—	—	NONE
KRT	NO	NO	—	—	NONE
KRT.RR	NO	NO	—	—	NONE
KRUPALU	NO	NO	—	—	NONE
KRYPTONQ	NO	NO	—	—	NONE
KRYSTAL	NO	NO	—	—	NONE
KSB	NO	NO	—	—	NONE
KSCL	NO	NO	—	—	NONE
KSE	NO	NO	—	—	NONE
KSHINTL	YES	YES	2026-06-25	2026-06-24 15:21	BACKFILL
KSHITIJPOL	NO	NO	—	—	NONE
KSL	NO	NO	—	—	NONE
KSOLVES	NO	NO	—	—	NONE
KSR	NO	NO	—	—	NONE
KSSMART	NO	NO	—	—	NONE
KTIL	NO	NO	—	—	NONE
KTKBANK	NO	NO	—	—	NONE
KUANTUM	NO	NO	—	—	NONE
KUBERJI	NO	NO	—	—	NONE
KUMPFIN	NO	NO	—	—	NONE
KUNSTOFF	NO	NO	—	—	NONE
KUSHIND	NO	NO	—	—	NONE
KUWERIN	NO	NO	—	—	NONE
KVFORGE	NO	NO	—	—	NONE
KVSCASTING	NO	NO	—	—	NONE
KVTOYS	NO	NO	—	—	NONE
KWIL	NO	NO	—	—	NONE
KZLFIN	NO	NO	—	—	NONE
LABELKRAFT	NO	NO	—	—	NONE
LACTOSE	NO	NO	—	—	NONE
LADDERUP	NO	NO	—	—	NONE
LADDU	NO	NO	—	—	NONE
LAFFANSQ	NO	NO	—	—	NONE
LAGNAM	NO	NO	—	—	NONE
LAHL	NO	NO	—	—	NONE
LAHOTIOV	NO	NO	—	—	NONE
LAKESHORE	NO	NO	—	—	NONE
LAKHOTIA	NO	NO	—	—	NONE
LAKPRE	NO	NO	—	—	NONE
LAKSELEC	NO	NO	—	—	NONE
LAKSHMIEW	NO	NO	—	—	NONE
LAKSHMIMIL	NO	NO	—	—	NONE
LAKSHYA	NO	NO	—	—	NONE
LAL	NO	NO	—	—	NONE
LALPATHLAB	NO	NO	—	—	NONE
LAMBODHARA	NO	NO	—	—	NONE
LAMOSAIC	NO	NO	—	—	NONE
LANCER	NO	NO	—	—	NONE
LANCORHOL	YES	YES	2026-06-25	2026-06-24 15:21	BACKFILL
LANDMARC	NO	NO	—	—	NONE
LANDMARK	NO	NO	—	—	NONE
LANDSMILL	NO	NO	—	—	NONE
LAOPALA	NO	NO	—	—	NONE
LASA	NO	NO	—	—	NONE
LASTMILE	NO	NO	—	—	NONE
LATENTVIEW	NO	NO	—	—	NONE
LATIMMETAL	NO	NO	—	—	NONE
LATTEYS	NO	NO	—	—	NONE
LAURUSLABS	NO	NO	—	—	NONE
LAXMICOT	NO	NO	—	—	NONE
LAXMIDENTL	NO	NO	—	—	NONE
LAXMIINDIA	NO	NO	—	—	NONE
LAXMIPATI	NO	NO	—	—	NONE
LCCINFOTEC	NO	NO	—	—	NONE
LEENEE	NO	NO	—	—	NONE
LEHAR	NO	NO	—	—	NONE
LELAVOIR	NO	NO	—	—	NONE
LEMERITE	YES	YES	2026-06-25	2026-06-24 15:21	BACKFILL
LEMONTREE	NO	NO	—	—	NONE
LENSKART	NO	NO	—	—	NONE
LESHAIND	NO	NO	—	—	NONE
LEX	NO	NO	—	—	NONE
LEXGLOBAL	NO	NO	—	—	NONE
LEXORAA	NO	NO	—	—	NONE
LEXUS	NO	NO	—	—	NONE
LFIC	NO	NO	—	—	NONE
LGBBROSLTD	NO	NO	—	—	NONE
LGBFORGE	NO	NO	—	—	NONE
LGEINDIA	NO	NO	—	—	NONE
LGHL	NO	NO	—	—	NONE
LGLL	NO	NO	—	—	NONE
LGT	NO	NO	—	—	NONE
LIBAS	NO	NO	—	—	NONE
LIBERTSHOE	NO	NO	—	—	NONE
LIBORD	NO	NO	—	—	NONE
LIBORDFIN	NO	NO	—	—	NONE
LICHSGFIN	NO	NO	—	—	NONE
LICI	YES	YES	2026-06-25	2026-06-24 15:21	BACKFILL
LICMFGOLD	NO	NO	—	—	NONE
LICNETFGSC	NO	NO	—	—	NONE
LICNETFN50	NO	NO	—	—	NONE
LICNETFSEN	NO	NO	—	—	NONE
LICNFNHGP	NO	NO	—	—	NONE
LICNMID100	NO	NO	—	—	NONE
LIKHAMI	NO	NO	—	—	NONE
LIKHITHA	NO	NO	—	—	NONE
LIMECHM	NO	NO	—	—	NONE
LINC	YES	YES	2026-06-25	2026-06-24 15:21	BACKFILL
LINCOLN	NO	NO	—	—	NONE
LINDEINDIA	NO	NO	—	—	NONE
LINKPH	NO	NO	—	—	NONE
LIPPISYS	NO	NO	—	—	NONE
LIQGRWBEES	NO	NO	—	—	NONE
LIQUID	NO	NO	—	—	NONE
LIQUID1	NO	NO	—	—	NONE
LIQUIDADD	NO	NO	—	—	NONE
LIQUIDBEES	NO	NO	—	—	NONE
LIQUIDBETF	NO	NO	—	—	NONE
LIQUIDCASE	YES	YES	2026-06-25	2026-06-24 09:32	BACKFILL
LIQUIDETF	NO	NO	—	—	NONE
LIQUIDIETF	NO	NO	—	—	NONE
LIQUIDPLUS	NO	NO	—	—	NONE
LIQUIDSBI	NO	NO	—	—	NONE
LIQUIDSHRI	NO	NO	—	—	NONE
LKMEHTA	NO	NO	—	—	NONE
LKPSEC	NO	NO	—	—	NONE
LLFICL	NO	NO	—	—	NONE
LLOYDS	NO	NO	—	—	NONE
LLOYDSENGG	YES	YES	2026-06-25	2026-06-24 15:21	BACKFILL
LLOYDSENT	NO	NO	—	—	NONE
LLOYDSME	NO	NO	—	—	NONE
LMW	NO	NO	—	—	NONE
LODHA	NO	NO	—	—	NONE
LOGICA	NO	NO	—	—	NONE
LOGICIEL	NO	NO	—	—	NONE
LOKESHMACH	NO	NO	—	—	NONE
LONGSPUR	NO	NO	—	—	NONE
LOOKS	NO	NO	—	—	NONE
LORDSCHLO	NO	NO	—	—	NONE
LOTUSCHO	NO	NO	—	—	NONE
LOTUSDEV	NO	NO	—	—	NONE
LOTUSEYE	NO	NO	—	—	NONE
LOVABLE	NO	NO	—	—	NONE
LOWVOL	NO	NO	—	—	NONE
LOWVOL1	NO	NO	—	—	NONE
LOWVOLIETF	NO	NO	—	—	NONE
LOYAL	NO	NO	—	—	NONE
LOYALTEX	NO	NO	—	—	NONE
LPDC	NO	NO	—	—	NONE
LRRPL	NO	NO	—	—	NONE
LT	YES	YES	2026-06-24	2026-06-24 15:29	ANGELONE
LTELEVATOR	NO	NO	—	—	NONE
LTF	YES	YES	2026-06-25	2026-06-24 15:21	BACKFILL
LTFOODS	NO	NO	—	—	NONE
LTGILTBEES	NO	NO	—	—	NONE
LTGILTCASE	NO	NO	—	—	NONE
LTM	NO	NO	—	—	NONE
LTTS	NO	NO	—	—	NONE
LUDLOWJUT	NO	NO	—	—	NONE
LUMAXIND	NO	NO	—	—	NONE
LUMAXTECH	NO	NO	—	—	NONE
LUPIN	NO	NO	—	—	NONE
LUXIND	NO	NO	—	—	NONE
LUXURY	NO	NO	—	—	NONE
LWSKNIT	NO	NO	—	—	NONE
LXCHEM	NO	NO	—	—	NONE
LYKALABS	YES	YES	2026-06-25	2026-06-24 15:21	BACKFILL
LYKISLTD	NO	NO	—	—	NONE
LYONSCO	NO	NO	—	—	NONE
LYPSAGEMS	NO	NO	—	—	NONE
M&M	NO	NO	—	—	NONE
M&MFIN	YES	YES	2026-06-25	2026-06-19 15:25	BACKFILL
M_M	NO	NO	—	—	NONE
M_MFIN	NO	NO	—	—	NONE
MAANALU	YES	YES	2026-06-25	2026-06-24 15:21	BACKFILL
MACH	NO	NO	—	—	NONE
MACHLTD	NO	NO	—	—	NONE
MACOBSTECH	NO	NO	—	—	NONE
MACPLASQ	NO	NO	—	—	NONE
MACPOWER	NO	NO	—	—	NONE
MADALA	NO	NO	—	—	NONE
MADHAV	NO	NO	—	—	NONE
MADHAVBAUG	NO	NO	—	—	NONE
MADHAVIPL	NO	NO	—	—	NONE
MADHUCON	NO	NO	—	—	NONE
MADHUDIN	NO	NO	—	—	NONE
MADHUSE	NO	NO	—	—	NONE
MADHUSUDAN	NO	NO	—	—	NONE
MADRASFERT	NO	NO	—	—	NONE
MAFANG	NO	NO	—	—	NONE
MAFATIND	NO	NO	—	—	NONE
MAFIA	NO	NO	—	—	NONE
MAGADSUGAR	NO	NO	—	—	NONE
MAGENTA	NO	NO	—	—	NONE
MAGNAELQ	NO	NO	—	—	NONE
MAGNUM	NO	NO	—	—	NONE
MAGNUS	NO	NO	—	—	NONE
MAGSON	NO	NO	—	—	NONE
MAHABANK	NO	NO	—	—	NONE
MAHACORP	NO	NO	—	—	NONE
MAHALIFE	NO	NO	—	—	NONE
MAHALXSE	NO	NO	—	—	NONE
MAHANIN	NO	NO	—	—	NONE
MAHAPEXLTD	NO	NO	—	—	NONE
MAHASTEEL	NO	NO	—	—	NONE
MAHAVEER	NO	NO	—	—	NONE
MAHEPC	NO	NO	—	—	NONE
MAHESHWARI	NO	NO	—	—	NONE
MAHICKRA	NO	NO	—	—	NONE
MAHIP	NO	NO	—	—	NONE
MAHKTECH	NO	NO	—	—	NONE
MAHLIFE	NO	NO	—	—	NONE
MAHLOG	NO	NO	—	—	NONE
MAHSCOOTER	NO	NO	—	—	NONE
MAHSEAMLES	NO	NO	—	—	NONE
MAIDEN	NO	NO	—	—	NONE
MAINFRA	NO	NO	—	—	NONE
MAITHANALL	NO	NO	—	—	NONE
MAITREYA	NO	NO	—	—	NONE
MAJESAUT	NO	NO	—	—	NONE
MAKEINDIA	NO	NO	—	—	NONE
MAKERSL	NO	NO	—	—	NONE
MAKS	NO	NO	—	—	NONE
MAL	NO	NO	—	—	NONE
MALLCOM	NO	NO	—	—	NONE
MALPANI	NO	NO	—	—	NONE
MALUPAPER	NO	NO	—	—	NONE
MAMATA	NO	NO	—	—	NONE
MANAKALUCO	NO	NO	—	—	NONE
MANAKCOAT	YES	YES	2026-06-25	2026-06-24 15:21	BACKFILL
MANAKSIA	NO	NO	—	—	NONE
MANAKSTEEL	NO	NO	—	—	NONE
MANALIPETC	NO	NO	—	—	NONE
MANAPPURAM	NO	NO	—	—	NONE
MANAV	NO	NO	—	—	NONE
MANBA	NO	NO	—	—	NONE
MANBRO	NO	NO	—	—	NONE
MANCREDIT	NO	NO	—	—	NONE
MANDEEP	NO	NO	—	—	NONE
MANGALAM	NO	NO	—	—	NONE
MANGALCOMP	NO	NO	—	—	NONE
MANGIND	NO	NO	—	—	NONE
MANGLMCEM	NO	NO	—	—	NONE
MANILAM	NO	NO	—	—	NONE
MANINDS	NO	NO	—	—	NONE
MANINFRA	NO	NO	—	—	NONE
MANIVENI	NO	NO	—	—	NONE
MANKIND	NO	NO	—	—	NONE
MANOJJEWEL	NO	NO	—	—	NONE
MANOMAY	NO	NO	—	—	NONE
MANORAMA	NO	NO	—	—	NONE
MANORG	NO	NO	—	—	NONE
MANSIFIN	NO	NO	—	—	NONE
MANTRA	NO	NO	—	—	NONE
MANUFGBEES	NO	NO	—	—	NONE
MANUGRAPH	NO	NO	—	—	NONE
MANYAVAR	NO	NO	—	—	NONE
MAPMYINDIA	NO	NO	—	—	NONE
MAPROIN	NO	NO	—	—	NONE
MARALOVER	NO	NO	—	—	NONE
MARATHON	NO	NO	—	—	NONE
MARBLE	NO	NO	—	—	NONE
MARBU	NO	NO	—	—	NONE
MARC	NO	NO	—	—	NONE
MARCLOIRE	NO	NO	—	—	NONE
MARCO	NO	NO	—	—	NONE
MARGOFIN	NO	NO	—	—	NONE
MARICO	NO	NO	—	—	NONE
MARINE	NO	NO	—	—	NONE
MARINETRAN	NO	NO	—	—	NONE
MARIS	NO	NO	—	—	NONE
MARKOLINES	YES	YES	2026-06-25	2026-06-24 15:21	BACKFILL
MARKSANS	NO	NO	—	—	NONE
MARSONS	NO	NO	—	—	NONE
MARUSHIKA	NO	NO	—	—	NONE
MARUTI	YES	YES	2026-06-25	2026-06-24 15:28	BACKFILL
MASFIN	NO	NO	—	—	NONE
MASKINVEST	NO	NO	—	—	NONE
MASON	NO	NO	—	—	NONE
MASPTOP50	NO	NO	—	—	NONE
MASTEK	NO	NO	—	—	NONE
MASTER	NO	NO	—	—	NONE
MASTERTR	NO	NO	—	—	NONE
MATRIMONY	NO	NO	—	—	NONE
MAWANASUG	NO	NO	—	—	NONE
MAXESTATES	NO	NO	—	—	NONE
MAXGROW	NO	NO	—	—	NONE
MAXHEALTH	NO	NO	—	—	NONE
MAXHEIGHTS	NO	NO	—	—	NONE
MAXIMUS	NO	NO	—	—	NONE
MAXIND	NO	NO	—	—	NONE
MAXPOSURE	NO	NO	—	—	NONE
MAXVOLT	NO	NO	—	—	NONE
MAYASHEEL	NO	NO	—	—	NONE
MAYUR	NO	NO	—	—	NONE
MAYURUNIQ	NO	NO	—	—	NONE
MAZDA	NO	NO	—	—	NONE
MAZDOCK	NO	NO	—	—	NONE
MBAPL	NO	NO	—	—	NONE
MBEL	NO	NO	—	—	NONE
MBLINFRA	NO	NO	—	—	NONE
MCCHRLS_B	NO	NO	—	—	NONE
MCFL	NO	NO	—	—	NONE
MCL	NO	NO	—	—	NONE
MCLEODRUSS	NO	NO	—	—	NONE
MCLOUD	NO	NO	—	—	NONE
MCON	NO	NO	—	—	NONE
MCPL	NO	NO	—	—	NONE
MCX	NO	NO	—	—	NONE
MDL	NO	NO	—	—	NONE
MDRC	NO	NO	—	—	NONE
MDRNSTL	NO	NO	—	—	NONE
MEAPL	NO	NO	—	—	NONE
MEDANTA	NO	NO	—	—	NONE
MEDIASSIST	NO	NO	—	—	NONE
MEDICAMEQ	NO	NO	—	—	NONE
MEDICAPQ	NO	NO	—	—	NONE
MEDICO	NO	NO	—	—	NONE
MEDIORG	NO	NO	—	—	NONE
MEDISTEP	NO	NO	—	—	NONE
MEDPLUS	NO	NO	—	—	NONE
MEERA	NO	NO	—	—	NONE
MEESHO	NO	NO	—	—	NONE
MEFCOMCAP	NO	NO	—	—	NONE
MEGACOR	NO	NO	—	—	NONE
MEGAFLEX	NO	NO	—	—	NONE
MEGAMONT	NO	NO	—	—	NONE
MEGASTAR	NO	NO	—	—	NONE
MEGATHERM	NO	NO	—	—	NONE
MEGRISOFT	NO	NO	—	—	NONE
MEHAI	NO	NO	—	—	NONE
MEHIF	NO	NO	—	—	NONE
MEHSECU	NO	NO	—	—	NONE
MEHUL	NO	NO	—	—	NONE
MEIL	NO	NO	—	—	NONE
MENAMANI	NO	NO	—	—	NONE
MENNPIS	NO	NO	—	—	NONE
MENONBE	NO	NO	—	—	NONE
MEP	NO	NO	—	—	NONE
MERCANTILE	NO	NO	—	—	NONE
MERCTRD	NO	NO	—	—	NONE
MERCURYEV	NO	NO	—	—	NONE
MERCURYLAB	NO	NO	—	—	NONE
META	NO	NO	—	—	NONE
METAINFO	NO	NO	—	—	NONE
METAL	NO	NO	—	—	NONE
METALCO	NO	NO	—	—	NONE
METALFUND	NO	NO	—	—	NONE
METALIETF	YES	YES	2026-06-25	2026-06-24 15:21	BACKFILL
METHODHUB	NO	NO	—	—	NONE
METROBRAND	NO	NO	—	—	NONE
METROGLOBL	NO	NO	—	—	NONE
METROPOLIS	NO	NO	—	—	NONE
METSL	NO	NO	—	—	NONE
MFLINDIA	NO	NO	—	—	NONE
MFML	NO	NO	—	—	NONE
MFSINTRCRP	NO	NO	—	—	NONE
MFSL	NO	NO	—	—	NONE
MGEL	NO	NO	—	—	NONE
MGIL	NO	NO	—	—	NONE
MGL	NO	NO	—	—	NONE
MGSL	NO	NO	—	—	NONE
MHEL	NO	NO	—	—	NONE
MHHL	NO	NO	—	—	NONE
MHLXMIRU	NO	NO	—	—	NONE
MHRIL	NO	NO	—	—	NONE
MHSGRMS	NO	NO	—	—	NONE
MICEL	NO	NO	—	—	NONE
MICROPRO	NO	NO	—	—	NONE
MID150	NO	NO	—	—	NONE
MID150BEES	NO	NO	—	—	NONE
MID150CASE	NO	NO	—	—	NONE
MIDCAP	YES	YES	2026-06-25	2026-06-19 15:25	BACKFILL
MIDCAPADD	NO	NO	—	—	NONE
MIDCAPBETA	NO	NO	—	—	NONE
MIDCAPETF	NO	NO	—	—	NONE
MIDCAPIETF	NO	NO	—	—	NONE
MIDEASTP	NO	NO	—	—	NONE
MIDHANI	NO	NO	—	—	NONE
MIDINDIA	NO	NO	—	—	NONE
MIDQ50ADD	NO	NO	—	—	NONE
MIDSELIETF	NO	NO	—	—	NONE
MIDSMALL	NO	NO	—	—	NONE
MIDWEST	NO	NO	—	—	NONE
MIDWESTLTD	NO	NO	—	—	NONE
MIEL	NO	NO	—	—	NONE
MIHIKA	NO	NO	—	—	NONE
MIIL	NO	NO	—	—	NONE
MIL	NO	NO	—	—	NONE
MILEFUR	NO	NO	—	—	NONE
MILESTONE	NO	NO	—	—	NONE
MILLENNIUM	NO	NO	—	—	NONE
MILTON	NO	NO	—	—	NONE
MINALIND	NO	NO	—	—	NONE
MINAXI	NO	NO	—	—	NONE
MINDACORP	NO	NO	—	—	NONE
MINDSPACE	NO	NO	—	—	NONE
MINDSPACE.RR	NO	NO	—	—	NONE
MINDTECK	NO	NO	—	—	NONE
MINID	NO	NO	—	—	NONE
MINOLTAF	NO	NO	—	—	NONE
MIRCELECTR	NO	NO	—	—	NONE
MIRZAINT	NO	NO	—	—	NONE
MISHDESIGN	NO	NO	—	—	NONE
MISHKA	NO	NO	—	—	NONE
MISHTANN	NO	NO	—	—	NONE
MISQUITA	NO	NO	—	—	NONE
MITCON	NO	NO	—	—	NONE
MITSHI	NO	NO	—	—	NONE
MITSU	NO	NO	—	—	NONE
MITTAL	NO	NO	—	—	NONE
MITTALSTL	NO	NO	—	—	NONE
MIZVEN	NO	NO	—	—	NONE
MKEXIM	NO	NO	—	—	NONE
MKPL	NO	NO	—	—	NONE
MKPMOB	NO	NO	—	—	NONE
MKTCREAT	NO	NO	—	—	NONE
MKVENTURES	NO	NO	—	—	NONE
MLKFOOD	NO	NO	—	—	NONE
MMEL	NO	NO	—	—	NONE
MMFL	NO	NO	—	—	NONE
MMLF	NO	NO	—	—	NONE
MMP	NO	NO	—	—	NONE
MMRUBBR_B	NO	NO	—	—	NONE
MMTC	NO	NO	—	—	NONE
MMWL	NO	NO	—	—	NONE
MNC	NO	NO	—	—	NONE
MNFL	NO	NO	—	—	NONE
MNIL	NO	NO	—	—	NONE
MNPLFIN	NO	NO	—	—	NONE
MOALPHA50	NO	NO	—	—	NONE
MOBANK10	NO	NO	—	—	NONE
MOBAVENUE	NO	NO	—	—	NONE
MOBIKWIK	NO	NO	—	—	NONE
MOBILISE	NO	NO	—	—	NONE
MOCAPITAL	NO	NO	—	—	NONE
MODAIRY	NO	NO	—	—	NONE
MODEFENCE	NO	NO	—	—	NONE
MODINATUR	NO	NO	—	—	NONE
MODINSU	NO	NO	—	—	NONE
MODIPON	NO	NO	—	—	NONE
MODIRUBBER	NO	NO	—	—	NONE
MODIS	NO	NO	—	—	NONE
MODISONLTD	NO	NO	—	—	NONE
MODMA	NO	NO	—	—	NONE
MODRNSH	NO	NO	—	—	NONE
MODTHREAD	NO	NO	—	—	NONE
MODULEX	NO	NO	—	—	NONE
MODWOOL	NO	NO	—	—	NONE
MOENERGY	NO	NO	—	—	NONE
MOGOLD	NO	NO	—	—	NONE
MOGSEC	NO	NO	—	—	NONE
MOHEALTH	NO	NO	—	—	NONE
MOHITE	NO	NO	—	—	NONE
MOHITIND	NO	NO	—	—	NONE
MOHITPPR	NO	NO	—	—	NONE
MOIL	YES	YES	2026-06-25	2026-06-24 15:21	BACKFILL
MOINFRA	NO	NO	—	—	NONE
MOIPO	NO	NO	—	—	NONE
MOKSH	NO	NO	—	—	NONE
MOL	NO	NO	—	—	NONE
MOLDTECH	NO	NO	—	—	NONE
MOLDTKPAC	NO	NO	—	—	NONE
MOLOWVOL	NO	NO	—	—	NONE
MOM100	NO	NO	—	—	NONE
MOM30IETF	NO	NO	—	—	NONE
MOM50	NO	NO	—	—	NONE
MOMENTUM	NO	NO	—	—	NONE
MOMENTUM30	NO	NO	—	—	NONE
MOMENTUM50	NO	NO	—	—	NONE
MOMGF	NO	NO	—	—	NONE
MOMIDMTM	NO	NO	—	—	NONE
MOMNC	NO	NO	—	—	NONE
MOMOMENTUM	NO	NO	—	—	NONE
MON100	NO	NO	—	—	NONE
MON50EQUAL	NO	NO	—	—	NONE
MONARCH	NO	NO	—	—	NONE
MONEXT50	NO	NO	—	—	NONE
MONEYBOXX	NO	NO	—	—	NONE
MONGIPA	NO	NO	—	—	NONE
MONIFTY100	NO	NO	—	—	NONE
MONIFTY500	NO	NO	—	—	NONE
MONIKA	NO	NO	—	—	NONE
MONOLITH	NO	NO	—	—	NONE
MONOPHARMA	NO	NO	—	—	NONE
MONOT	NO	NO	—	—	NONE
MONQ50	NO	NO	—	—	NONE
MONTECARLO	NO	NO	—	—	NONE
MOPSE	NO	NO	—	—	NONE
MOQUALITY	NO	NO	—	—	NONE
MORARJEE	NO	NO	—	—	NONE
MORARKFI	NO	NO	—	—	NONE
MOREALTY	NO	NO	—	—	NONE
MOREPENLAB	NO	NO	—	—	NONE
MORGAN	NO	NO	—	—	NONE
MOS	NO	NO	—	—	NONE
MOSCHIP	NO	NO	—	—	NONE
MOSERVICE	NO	NO	—	—	NONE
MOSILVER	NO	NO	—	—	NONE
MOSMALL250	NO	NO	—	—	NONE
MOTHERSON	NO	NO	—	—	NONE
MOTILALOFS	NO	NO	—	—	NONE
MOTISONS	NO	NO	—	—	NONE
MOTOGENFIN	NO	NO	—	—	NONE
MOTOUR	NO	NO	—	—	NONE
MOVALUE	NO	NO	—	—	NONE
MOXSH	NO	NO	—	—	NONE
MPAGI	NO	NO	—	—	NONE
MPCOSEMB	NO	NO	—	—	NONE
MPDL	NO	NO	—	—	NONE
MPEL	NO	NO	—	—	NONE
MPHASIS	NO	NO	—	—	NONE
MPILCORPL	NO	NO	—	—	NONE
MPKSTEELS	NO	NO	—	—	NONE
MPL	NO	NO	—	—	NONE
MPSLTD	NO	NO	—	—	NONE
MPTODAY	NO	NO	—	—	NONE
MRCAGRO	NO	NO	—	—	NONE
MRF	NO	NO	—	—	NONE
MRIL	NO	NO	—	—	NONE
MRP	NO	NO	—	—	NONE
MRPL	YES	YES	2026-06-25	2026-06-24 15:21	BACKFILL
MRTX	NO	NO	—	—	NONE
MRUTR	NO	NO	—	—	NONE
MSAFE	NO	NO	—	—	NONE
MSCI360	NO	NO	—	—	NONE
MSCIADD	NO	NO	—	—	NONE
MSCIINDIA	NO	NO	—	—	NONE
MSCTC	NO	NO	—	—	NONE
MSECL	NO	NO	—	—	NONE
MSL	NO	NO	—	—	NONE
MSPL	NO	NO	—	—	NONE
MSRINDIA	NO	NO	—	—	NONE
MSTCLTD	NO	NO	—	—	NONE
MSUMI	YES	YES	2026-06-25	2026-06-24 15:21	BACKFILL
MTARTECH	NO	NO	—	—	NONE
MTEDUCARE	NO	NO	—	—	NONE
MTL	NO	NO	—	—	NONE
MTNL	NO	NO	—	—	NONE
MTPL	NO	NO	—	—	NONE
MUDUNURU	NO	NO	—	—	NONE
MUFIN	NO	NO	—	—	NONE
MUFTI	NO	NO	—	—	NONE
MUKANDLTD	NO	NO	—	—	NONE
MUKATPIP	NO	NO	—	—	NONE
MUKESHB	NO	NO	—	—	NONE
MUKKA	NO	NO	—	—	NONE
MUKTA	NO	NO	—	—	NONE
MUKTAARTS	NO	NO	—	—	NONE
MUL	NO	NO	—	—	NONE
MULLER	NO	NO	—	—	NONE
MULTIBASE	NO	NO	—	—	NONE
MULTICAP	YES	YES	2026-06-25	2026-06-24 09:32	BACKFILL
MUNISH	NO	NO	—	—	NONE
MUNJALAU	NO	NO	—	—	NONE
MUNJALSHOW	NO	NO	—	—	NONE
MUNOTHFI	NO	NO	—	—	NONE
MURUDCERA	NO	NO	—	—	NONE
MUTHOOTCAP	NO	NO	—	—	NONE
MUTHOOTFIN	NO	NO	—	—	NONE
MUTHOOTMF	NO	NO	—	—	NONE
MVGJL	NO	NO	—	—	NONE
MVKAGRO	NO	NO	—	—	NONE
MWL	NO	NO	—	—	NONE
MYMONEY	NO	NO	—	—	NONE
MYMUDRA	NO	NO	—	—	NONE
MYSORPETRO	NO	NO	—	—	NONE
MYSTICELE	NO	NO	—	—	NONE
NACDAC	NO	NO	—	—	NONE
NACLIND	NO	NO	—	—	NONE
NAGPI	NO	NO	—	—	NONE
NAGREEKCAP	NO	NO	—	—	NONE
NAGREEKEXP	NO	NO	—	—	NONE
NAGTECH	NO	NO	—	—	NONE
NAHARCAP	NO	NO	—	—	NONE
NAHARINDUS	NO	NO	—	—	NONE
NAHARPOLY	NO	NO	—	—	NONE
NAHARSPING	NO	NO	—	—	NONE
NAKSH	NO	NO	—	—	NONE
NAM_INDIA	NO	NO	—	—	NONE
NAMAN	NO	NO	—	—	NONE
NAMOEWASTE	NO	NO	—	—	NONE
NANTA	NO	NO	—	—	NONE
NAPEROL	NO	NO	—	—	NONE
NAPL	NO	NO	—	—	NONE
NAPSGLOBAL	NO	NO	—	—	NONE
NARMADA	NO	NO	—	—	NONE
NARMADESH	NO	NO	—	—	NONE
NARMP	NO	NO	—	—	NONE
NARPROP	NO	NO	—	—	NONE
NATCAPSUQ	NO	NO	—	—	NONE
NATCOPHARM	NO	NO	—	—	NONE
NATFIT	NO	NO	—	—	NONE
NATGENI	NO	NO	—	—	NONE
NATHBIOGEN	NO	NO	—	—	NONE
NATHIND	NO	NO	—	—	NONE
NATHUEC	NO	NO	—	—	NONE
NATIONALUM	YES	YES	2026-06-25	2026-06-24 15:21	BACKFILL
NATIONSTD	NO	NO	—	—	NONE
NATPLAS	NO	NO	—	—	NONE
NATPLASTI	NO	NO	—	—	NONE
NATPLY	NO	NO	—	—	NONE
NATRAJPR	NO	NO	—	—	NONE
NATURAL	NO	NO	—	—	NONE
NATURO	NO	NO	—	—	NONE
NAUKRI	NO	NO	—	—	NONE
NAVA	NO	NO	—	—	NONE
NAVIGANT	NO	NO	—	—	NONE
NAVINFLUOR	NO	NO	—	—	NONE
NAVKARCORP	NO	NO	—	—	NONE
NAVKARURB	NO	NO	—	—	NONE
NAVNETEDUL	NO	NO	—	—	NONE
NAZARA	YES	YES	2026-06-25	2026-06-24 09:32	BACKFILL
NBCC	NO	NO	—	—	NONE
NBFOOT	NO	NO	—	—	NONE
NBIFIN	NO	NO	—	—	NONE
NBL	NO	NO	—	—	NONE
NCC	NO	NO	—	—	NONE
NCCBLUE	NO	NO	—	—	NONE
NCLIND	NO	NO	—	—	NONE
NCLRESE	NO	NO	—	—	NONE
NCML	NO	NO	—	—	NONE
NDASEC	NO	NO	—	—	NONE
NDGL	NO	NO	—	—	NONE
NDL	NO	NO	—	—	NONE
NDLVENTURE	NO	NO	—	—	NONE
NDRAUTO	YES	YES	2026-06-25	2026-06-24 15:21	BACKFILL
NDRINVIT	NO	NO	—	—	NONE
NDTV	NO	NO	—	—	NONE
NEAGI	NO	NO	—	—	NONE
NECCLTD	NO	NO	—	—	NONE
NECLIFE	NO	NO	—	—	NONE
NEELAM	NO	NO	—	—	NONE
NEELKAN	NO	NO	—	—	NONE
NEELKANTH	NO	NO	—	—	NONE
NEERAJ	NO	NO	—	—	NONE
NEETUYOSHI	NO	NO	—	—	NONE
NEIL	NO	NO	—	—	NONE
NELCAST	NO	NO	—	—	NONE
NELCO	NO	NO	—	—	NONE
NEOCHEM	NO	NO	—	—	NONE
NEOGEN	NO	NO	—	—	NONE
NEOINFRA	NO	NO	—	—	NONE
NEPHROCARE	NO	NO	—	—	NONE
NEPHROPLUS	NO	NO	—	—	NONE
NEPLOG	NO	NO	—	—	NONE
NEPTUNE	NO	NO	—	—	NONE
NESCO	NO	NO	—	—	NONE
NESTLEIND	NO	NO	—	—	NONE
NETF	NO	NO	—	—	NONE
NETLINK	NO	NO	—	—	NONE
NETPIX	NO	NO	—	—	NONE
NETTLINX	NO	NO	—	—	NONE
NETWEB	NO	NO	—	—	NONE
NETWORK18	NO	NO	—	—	NONE
NEUEON	NO	NO	—	—	NONE
NEULANDLAB	NO	NO	—	—	NONE
NEWGEN	YES	YES	2026-06-25	2026-06-24 15:21	BACKFILL
NEWINFRA	NO	NO	—	—	NONE
NEWJAISA	NO	NO	—	—	NONE
NEWLIGHT	NO	NO	—	—	NONE
NEWTRAC	NO	NO	—	—	NONE
NEXOME	NO	NO	—	—	NONE
NEXT30ADD	NO	NO	—	—	NONE
NEXT50	NO	NO	—	—	NONE
NEXT50ADD	NO	NO	—	—	NONE
NEXT50BETA	NO	NO	—	—	NONE
NEXT50ETF	NO	NO	—	—	NONE
NEXT50IETF	NO	NO	—	—	NONE
NEXTMEDIA	NO	NO	—	—	NONE
NEXUSSURGL	NO	NO	—	—	NONE
NEXXUS	NO	NO	—	—	NONE
NFL	NO	NO	—	—	NONE
NFPSAMPOOR	NO	NO	—	—	NONE
NGIL	NO	NO	—	—	NONE
NGIND	NO	NO	—	—	NONE
NGLFINE	NO	NO	—	—	NONE
NH	NO	NO	—	—	NONE
NHCFOODS	NO	NO	—	—	NONE
NHIT	NO	NO	—	—	NONE
NHL	NO	NO	—	—	NONE
NHPC	YES	YES	2026-06-25	2026-06-24 15:21	BACKFILL
NIACL	NO	NO	—	—	NONE
NIBE	NO	NO	—	—	NONE
NIBL	NO	NO	—	—	NONE
NICCOPAR	NO	NO	—	—	NONE
NIDAN	NO	NO	—	—	NONE
NIDHGRN	NO	NO	—	—	NONE
NIF100BEES	NO	NO	—	—	NONE
NIF100IETF	NO	NO	—	—	NONE
NIFTY	YES	YES	2026-06-24	2026-06-24 15:29	ANGELONE
NIFTY1	NO	NO	—	—	NONE
NIFTY100EW	NO	NO	—	—	NONE
NIFTYADD	NO	NO	—	—	NONE
NIFTYBEES	NO	NO	—	—	NONE
NIFTYBETA	NO	NO	—	—	NONE
NIFTYBETF	NO	NO	—	—	NONE
NIFTYCASE	NO	NO	—	—	NONE
NIFTYETF	NO	NO	—	—	NONE
NIFTYIETF	NO	NO	—	—	NONE
NIFTYQLITY	NO	NO	—	—	NONE
NIHARINF	NO	NO	—	—	NONE
NIITLTD	NO	NO	—	—	NONE
NIITMTS	NO	NO	—	—	NONE
NIKHILAD	NO	NO	—	—	NONE
NIKITA	NO	NO	—	—	NONE
NIKSTECH	NO	NO	—	—	NONE
NILACHAL	NO	NO	—	—	NONE
NILAINFRA	NO	NO	—	—	NONE
NILASPACES	NO	NO	—	—	NONE
NILE	NO	NO	—	—	NONE
NILKAMAL	NO	NO	—	—	NONE
NIMBSPROJ	NO	NO	—	—	NONE
NINSYS	NO	NO	—	—	NONE
NIPPOBATRY	NO	NO	—	—	NONE
NIRAJ	NO	NO	—	—	NONE
NIRAJISPAT	NO	NO	—	—	NONE
NIRLON	NO	NO	—	—	NONE
NIRMAN	NO	NO	—	—	NONE
NISMGMT	NO	NO	—	—	NONE
NISUS	NO	NO	—	—	NONE
NITCO	NO	NO	—	—	NONE
NITINCAST	NO	NO	—	—	NONE
NITINSPIN	NO	NO	—	—	NONE
NITIRAJ	NO	NO	—	—	NONE
NITTAGELA	NO	NO	—	—	NONE
NIVABUPA	NO	NO	—	—	NONE
NIVAKA	NO	NO	—	—	NONE
NIYOGIN	NO	NO	—	—	NONE
NKIND	NO	NO	—	—	NONE
NLCINDIA	NO	NO	—	—	NONE
NLFL	NO	NO	—	—	NONE
NMDC	YES	YES	2026-06-25	2026-06-24 15:21	BACKFILL
NMSGLOBAL	NO	NO	—	—	NONE
NMSTEEL	NO	NO	—	—	NONE
NNTL	NO	NO	—	—	NONE
NOBPOL	NO	NO	—	—	NONE
NOCIL	YES	YES	2026-06-25	2026-06-24 15:21	BACKFILL
NOIDATOLL	NO	NO	—	—	NONE
NOL	NO	NO	—	—	NONE
NORBTEAEXP	NO	NO	—	—	NONE
NORRIS	NO	NO	—	—	NONE
NORTHARC	YES	YES	2026-06-25	2026-06-24 15:21	BACKFILL
NORTHLINK	NO	NO	—	—	NONE
NOUVEAU	NO	NO	—	—	NONE
NOVAAGRI	NO	NO	—	—	NONE
NOVARTIND	NO	NO	—	—	NONE
NOVELIX	NO	NO	—	—	NONE
NOVIS	NO	NO	—	—	NONE
NOVUS	NO	NO	—	—	NONE
NPBET	NO	NO	—	—	NONE
NPFL	NO	NO	—	—	NONE
NPL	NO	NO	—	—	NONE
NPRFIN	NO	NO	—	—	NONE
NPST	NO	NO	—	—	NONE
NRAIL	NO	NO	—	—	NONE
NRBBEARING	NO	NO	—	—	NONE
NRL	NO	NO	—	—	NONE
NRVANDANA	NO	NO	—	—	NONE
NSBBPO	NO	NO	—	—	NONE
NSDL	NO	NO	—	—	NONE
NSIL	NO	NO	—	—	NONE
NSL	NO	NO	—	—	NONE
NSLNISP	YES	YES	2026-06-25	2026-06-24 15:21	BACKFILL
NTCIND	NO	NO	—	—	NONE
NTPC	YES	YES	2026-06-24	2026-06-24 15:29	ANGELONE
NTPCGREEN	YES	YES	2026-06-25	2026-06-24 15:21	BACKFILL
NUCLEUS	NO	NO	—	—	NONE
NUKLEUS	NO	NO	—	—	NONE
NURECA	NO	NO	—	—	NONE
NUTECGLOB	NO	NO	—	—	NONE
NUVAMA	NO	NO	—	—	NONE
NUVOCO	NO	NO	—	—	NONE
NV20	NO	NO	—	—	NONE
NV20BEES	NO	NO	—	—	NONE
NV20IETF	NO	NO	—	—	NONE
NVENTURES	NO	NO	—	—	NONE
NWIL	NO	NO	—	—	NONE
NXST	NO	NO	—	—	NONE
NXST.RR	NO	NO	—	—	NONE
NXT_INFRA	NO	NO	—	—	NONE
NYKAA	NO	NO	—	—	NONE
NYSSACORP	NO	NO	—	—	NONE
OAL	NO	NO	—	—	NONE
OASISEC	NO	NO	—	—	NONE
OBCL	NO	NO	—	—	NONE
OBEROIRLTY	NO	NO	—	—	NONE
OBSCP	NO	NO	—	—	NONE
OCCLLTD	NO	NO	—	—	NONE
OCTAL	NO	NO	—	—	NONE
OCTAVE	NO	NO	—	—	NONE
OCTAVIUSPL	NO	NO	—	—	NONE
OCTAWARE	NO	NO	—	—	NONE
ODIGMA	NO	NO	—	—	NONE
ODYCORP	NO	NO	—	—	NONE
ODYSSEY	NO	NO	—	—	NONE
OFSS	NO	NO	—	—	NONE
OIL	YES	YES	2026-06-25	2026-06-24 15:21	BACKFILL
OILCOUNTUB	NO	NO	—	—	NONE
OILIETF	YES	YES	2026-06-25	2026-06-24 15:21	BACKFILL
OIVL	NO	NO	—	—	NONE
OKPLA	NO	NO	—	—	NONE
OLAELEC	NO	NO	—	—	NONE
OLATECH	NO	NO	—	—	NONE
OLECTRA	NO	NO	—	—	NONE
OLIL	NO	NO	—	—	NONE
OLPCL	NO	NO	—	—	NONE
OLYMPTX	NO	NO	—	—	NONE
OLYMTFI	NO	NO	—	—	NONE
OMANSH	NO	NO	—	—	NONE
OMAXAUTO	NO	NO	—	—	NONE
OMAXE	NO	NO	—	—	NONE
OMEAG	NO	NO	—	—	NONE
OMEGAIN	NO	NO	—	—	NONE
OMFREIGHT	NO	NO	—	—	NONE
OMFURN	NO	NO	—	—	NONE
OMINFRAL	NO	NO	—	—	NONE
OMKAR	NO	NO	—	—	NONE
OMKARPH	NO	NO	—	—	NONE
OML	NO	NO	—	—	NONE
OMNI	NO	NO	—	—	NONE
OMNIAX	NO	NO	—	—	NONE
OMNIPOTENT	NO	NO	—	—	NONE
OMNITEX	NO	NO	—	—	NONE
OMPOWER	NO	NO	—	—	NONE
ONDOOR	NO	NO	—	—	NONE
ONEGLOBAL	NO	NO	—	—	NONE
ONELIFECAP	NO	NO	—	—	NONE
ONEPOINT	NO	NO	—	—	NONE
ONESOURCE	NO	NO	—	—	NONE
ONGC	YES	YES	2026-06-24	2026-06-24 15:29	ANGELONE
ONIXSOLAR	NO	NO	—	—	NONE
ONMOBILE	NO	NO	—	—	NONE
ONTIC	NO	NO	—	—	NONE
ONWARDTEC	NO	NO	—	—	NONE
ONYX	NO	NO	—	—	NONE
OONE	NO	NO	—	—	NONE
OPTIEMUS	NO	NO	—	—	NONE
OPTIFIN	NO	NO	—	—	NONE
OPTIVALUE	NO	NO	—	—	NONE
ORBTEXP	NO	NO	—	—	NONE
ORCHASP	NO	NO	—	—	NONE
ORCHPHARMA	NO	NO	—	—	NONE
ORGANICREC	NO	NO	—	—	NONE
ORGCOAT	NO	NO	—	—	NONE
ORIANA	NO	NO	—	—	NONE
ORIBEVER	NO	NO	—	—	NONE
ORICONENT	NO	NO	—	—	NONE
ORIENTALTL	NO	NO	—	—	NONE
ORIENTBELL	NO	NO	—	—	NONE
ORIENTCEM	YES	YES	2026-06-25	2026-06-24 15:21	BACKFILL
ORIENTCER	NO	NO	—	—	NONE
ORIENTELEC	NO	NO	—	—	NONE
ORIENTHOT	NO	NO	—	—	NONE
ORIENTLTD	NO	NO	—	—	NONE
ORIENTPPR	NO	NO	—	—	NONE
ORIENTTECH	NO	NO	—	—	NONE
ORIENTTR	NO	NO	—	—	NONE
ORIRAIL	NO	NO	—	—	NONE
ORISSAMINE	NO	NO	—	—	NONE
ORKLAINDIA	NO	NO	—	—	NONE
OROSMITHS	NO	NO	—	—	NONE
ORTEL	NO	NO	—	—	NONE
ORTINGLOBE	NO	NO	—	—	NONE
OSCARGLO	NO	NO	—	—	NONE
OSELDEVICE	NO	NO	—	—	NONE
OSIAHYPER	NO	NO	—	—	NONE
OSIAJEE	NO	NO	—	—	NONE
OSWALAGRO	NO	NO	—	—	NONE
OSWALEA	NO	NO	—	—	NONE
OSWALGREEN	NO	NO	—	—	NONE
OSWALPUMPS	NO	NO	—	—	NONE
OSWALSEEDS	NO	NO	—	—	NONE
OSWAYRN	NO	NO	—	—	NONE
OTCO	NO	NO	—	—	NONE
OVAL	NO	NO	—	—	NONE
OVOBELE	NO	NO	—	—	NONE
OWAIS	NO	NO	—	—	NONE
OXFORDIN	NO	NO	—	—	NONE
OXYGENTAPH	NO	NO	—	—	NONE
PACE	NO	NO	—	—	NONE
PACEDIGITK	NO	NO	—	—	NONE
PACIFICI	NO	NO	—	—	NONE
PADAMCO	NO	NO	—	—	NONE
PADMAIND	NO	NO	—	—	NONE
PADMALAYAT	NO	NO	—	—	NONE
PAEL	NO	NO	—	—	NONE
PAGEIND	NO	NO	—	—	NONE
PAISALO	YES	YES	2026-06-25	2026-06-24 15:21	BACKFILL
PAJSON	NO	NO	—	—	NONE
PAKKA	NO	NO	—	—	NONE
PALASHSECU	NO	NO	—	—	NONE
PALCO	NO	NO	—	—	NONE
PALMJEWELS	NO	NO	—	—	NONE
PALREDTEC	NO	NO	—	—	NONE
PANABYTE	NO	NO	—	—	NONE
PANACEABIO	NO	NO	—	—	NONE
PANACHE	NO	NO	—	—	NONE
PANAENERG	NO	NO	—	—	NONE
PANAFIC	NO	NO	—	—	NONE
PANAMAPET	NO	NO	—	—	NONE
PANCARBON	NO	NO	—	—	NONE
PANCHMAHQ	NO	NO	—	—	NONE
PANCHSHEEL	NO	NO	—	—	NONE
PANCM	NO	NO	—	—	NONE
PANELEC	NO	NO	—	—	NONE
PANHR	NO	NO	—	—	NONE
PANINDIAC	NO	NO	—	—	NONE
PANJON	NO	NO	—	—	NONE
PANKAJPO	NO	NO	—	—	NONE
PANORAMA	NO	NO	—	—	NONE
PANSARI	NO	NO	—	—	NONE
PANTH	NO	NO	—	—	NONE
PAOS	NO	NO	—	—	NONE
PAR	YES	YES	2026-06-25	2026-06-24 15:21	BACKFILL
PARACABLES	NO	NO	—	—	NONE
PARADEEP	YES	YES	2026-06-25	2026-06-24 15:21	BACKFILL
PARAGMILK	NO	NO	—	—	NONE
PARAGON	NO	NO	—	—	NONE
PARAGONF	NO	NO	—	—	NONE
PARAMATRIX	NO	NO	—	—	NONE
PARAMOUNT	NO	NO	—	—	NONE
PARAMPARA	NO	NO	—	—	NONE
PARAS	NO	NO	—	—	NONE
PARASPETRO	NO	NO	—	—	NONE
PARIN	NO	NO	—	—	NONE
PARKERAC	NO	NO	—	—	NONE
PARKHOSPS	NO	NO	—	—	NONE
PARKHOTELS	NO	NO	—	—	NONE
PARLEIND	NO	NO	—	—	NONE
PARMAX	NO	NO	—	—	NONE
PARMCOS_B	NO	NO	—	—	NONE
PARMESHWAR	NO	NO	—	—	NONE
PARMSILK	NO	NO	—	—	NONE
PARNAXLAB	NO	NO	—	—	NONE
PARSHVA	NO	NO	—	—	NONE
PARSHWANA	NO	NO	—	—	NONE
PARSVNATH	NO	NO	—	—	NONE
PARTH	NO	NO	—	—	NONE
PARTYCRUS	NO	NO	—	—	NONE
PARVATI	NO	NO	—	—	NONE
PASARI	NO	NO	—	—	NONE
PASHUPATI	NO	NO	—	—	NONE
PASUFIN	NO	NO	—	—	NONE
PASUPTAC	NO	NO	—	—	NONE
PASUSPG	NO	NO	—	—	NONE
PATANJALI	NO	NO	—	—	NONE
PATELCHEM	NO	NO	—	—	NONE
PATELENG	NO	NO	—	—	NONE
PATELRMART	NO	NO	—	—	NONE
PATELSAI	NO	NO	—	—	NONE
PATILAUTOM	NO	NO	—	—	NONE
PATINTLOG	NO	NO	—	—	NONE
PATRON	NO	NO	—	—	NONE
PATSPINLTD	NO	NO	—	—	NONE
PATTECH	NO	NO	—	—	NONE
PAUSHAKLTD	NO	NO	—	—	NONE
PAVNAIND	NO	NO	—	—	NONE
PAYTM	NO	NO	—	—	NONE
PBAINFRA	NO	NO	—	—	NONE
PBMPOLY	NO	NO	—	—	NONE
PCBL	NO	NO	—	—	NONE
PCCL	NO	NO	—	—	NONE
PCCOSMA	NO	NO	—	—	NONE
PCJEWELLER	YES	YES	2026-06-25	2026-06-24 15:21	BACKFILL
PCL	NO	NO	—	—	NONE
PCS	NO	NO	—	—	NONE
PDMJEPAPER	NO	NO	—	—	NONE
PDSL	NO	NO	—	—	NONE
PEARLPOLY	NO	NO	—	—	NONE
PEETISEC	NO	NO	—	—	NONE
PEIL	NO	NO	—	—	NONE
PELATRO	NO	NO	—	—	NONE
PENIND	NO	NO	—	—	NONE
PENINLAND	NO	NO	—	—	NONE
PENTAGON	NO	NO	—	—	NONE
PERFEPA	NO	NO	—	—	NONE
PERMAGN	NO	NO	—	—	NONE
PERSISTENT	NO	NO	—	—	NONE
PERVASIVE	NO	NO	—	—	NONE
PESB	NO	NO	—	—	NONE
PETRONET	NO	NO	—	—	NONE
PFC	NO	NO	—	—	NONE
PFIZER	NO	NO	—	—	NONE
PFL	NO	NO	—	—	NONE
PFLINFOTC	NO	NO	—	—	NONE
PFOCUS	NO	NO	—	—	NONE
PFS	NO	NO	—	—	NONE
PGCRL	NO	NO	—	—	NONE
PGEL	NO	NO	—	—	NONE
PGFOILQ	NO	NO	—	—	NONE
PGHH	NO	NO	—	—	NONE
PGHL	NO	NO	—	—	NONE
PGIL	NO	NO	—	—	NONE
PHANTOMFX	NO	NO	—	—	NONE
PHARMABEES	NO	NO	—	—	NONE
PHARMAID	NO	NO	—	—	NONE
PHCAP	NO	NO	—	—	NONE
PHOENIXLTD	NO	NO	—	—	NONE
PHOENXINTL	NO	NO	—	—	NONE
PHOGLOBAL	NO	NO	—	—	NONE
PHOSPHATE	NO	NO	—	—	NONE
PHOTON	NO	NO	—	—	NONE
PHOTOQUP	NO	NO	—	—	NONE
PHRMASI	NO	NO	—	—	NONE
PHYTO	NO	NO	—	—	NONE
PICCADIL	NO	NO	—	—	NONE
PICCASUG	NO	NO	—	—	NONE
PICTUREHS	NO	NO	—	—	NONE
PIDILITIND	NO	NO	—	—	NONE
PIGL	NO	NO	—	—	NONE
PIIND	NO	NO	—	—	NONE
PILANIINVS	NO	NO	—	—	NONE
PILITA	NO	NO	—	—	NONE
PINELABS	YES	YES	2026-06-25	2026-06-24 15:21	BACKFILL
PIONEEREMB	NO	NO	—	—	NONE
PIONRINV	NO	NO	—	—	NONE
PIOTEX	NO	NO	—	—	NONE
PIRAMALFIN	YES	YES	2026-06-25	2026-06-24 15:21	BACKFILL
PITTIENG	NO	NO	—	—	NONE
PIXTRANS	NO	NO	—	—	NONE
PKTEA	NO	NO	—	—	NONE
PLADAINFO	NO	NO	—	—	NONE
PLASTIBLEN	NO	NO	—	—	NONE
PLATIND	NO	NO	—	—	NONE
PLAZACABLE	NO	NO	—	—	NONE
PMCFIN	NO	NO	—	—	NONE
PML	NO	NO	—	—	NONE
PMTELELIN	NO	NO	—	—	NONE
PNB	NO	NO	—	—	NONE
PNBGILTS	NO	NO	—	—	NONE
PNBHOUSING	NO	NO	—	—	NONE
PNC	NO	NO	—	—	NONE
PNCINFRA	NO	NO	—	—	NONE
PNGJL	NO	NO	—	—	NONE
PNGSREVA	NO	NO	—	—	NONE
PNTKYOR	NO	NO	—	—	NONE
POBS	NO	NO	—	—	NONE
POCL	YES	YES	2026-06-25	2026-06-24 15:21	BACKFILL
PODDARMENT	NO	NO	—	—	NONE
POEL	NO	NO	—	—	NONE
POKARNA	NO	NO	—	—	NONE
POLICYBZR	NO	NO	—	—	NONE
POLYCAB	NO	NO	—	—	NONE
POLYCHEM	NO	NO	—	—	NONE
POLYCHMP	NO	NO	—	—	NONE
POLYCON	NO	NO	—	—	NONE
POLYLINK	NO	NO	—	—	NONE
POLYMAC	NO	NO	—	—	NONE
POLYMED	NO	NO	—	—	NONE
POLYPLEX	NO	NO	—	—	NONE
POLYSIL	NO	NO	—	—	NONE
POLYSPIN	NO	NO	—	—	NONE
POLYTEX	NO	NO	—	—	NONE
PONNIERODE	NO	NO	—	—	NONE
POOJA	NO	NO	—	—	NONE
POOJAENT	NO	NO	—	—	NONE
POONADAL	NO	NO	—	—	NONE
POONAWALLA	NO	NO	—	—	NONE
POPEES	NO	NO	—	—	NONE
POPULARES	NO	NO	—	—	NONE
PORWAL	NO	NO	—	—	NONE
POSITRON	NO	NO	—	—	NONE
POWERGRID	YES	YES	2026-06-24	2026-06-24 15:29	ANGELONE
POWERICA	NO	NO	—	—	NONE
POWERINDIA	NO	NO	—	—	NONE
POWERMECH	NO	NO	—	—	NONE
PPAP	NO	NO	—	—	NONE
PPARIVAH	NO	NO	—	—	NONE
PPL	NO	NO	—	—	NONE
PPLPHARMA	NO	NO	—	—	NONE
PPSL	NO	NO	—	—	NONE
PQIF	NO	NO	—	—	NONE
PRABHA	NO	NO	—	—	NONE
PRABHHANS	NO	NO	—	—	NONE
PRADPME	NO	NO	—	—	NONE
PRAENG	NO	NO	—	—	NONE
PRAGBOS	NO	NO	—	—	NONE
PRAJIND	NO	NO	—	—	NONE
PRAKASH	NO	NO	—	—	NONE
PRAKASHSTL	NO	NO	—	—	NONE
PRAMARA	NO	NO	—	—	NONE
PRANIK	NO	NO	—	—	NONE
PRARUH	NO	NO	—	—	NONE
PRATHAM	NO	NO	—	—	NONE
PRATIK	NO	NO	—	—	NONE
PRATIKSH	NO	NO	—	—	NONE
PRAVEG	NO	NO	—	—	NONE
PRAXIS	NO	NO	—	—	NONE
PRECAM	NO	NO	—	—	NONE
PRECISIO	NO	NO	—	—	NONE
PRECISION	NO	NO	—	—	NONE
PRECOT	NO	NO	—	—	NONE
PRECWIRE	NO	NO	—	—	NONE
PREMCAP	NO	NO	—	—	NONE
PREMCAPM	NO	NO	—	—	NONE
PREMCO	NO	NO	—	—	NONE
PREMEXPLN	NO	NO	—	—	NONE
PREMIER	NO	NO	—	—	NONE
PREMIERENE	NO	NO	—	—	NONE
PREMIERPOL	NO	NO	—	—	NONE
PREMIUM	NO	NO	—	—	NONE
PREMSYN	NO	NO	—	—	NONE
PRERINFRA	NO	NO	—	—	NONE
PRESSTONIC	NO	NO	—	—	NONE
PRESTIGE	NO	NO	—	—	NONE
PREVEST	NO	NO	—	—	NONE
PRICOLLTD	NO	NO	—	—	NONE
PRIMAGR	NO	NO	—	—	NONE
PRIMAIN	NO	NO	—	—	NONE
PRIMAPLA	NO	NO	—	—	NONE
PRIMECAB	NO	NO	—	—	NONE
PRIMECAPM	NO	NO	—	—	NONE
PRIMEFRESH	NO	NO	—	—	NONE
PRIMEPRO	NO	NO	—	—	NONE
PRIMESECU	NO	NO	—	—	NONE
PRIMEURB	NO	NO	—	—	NONE
PRIMIND	NO	NO	—	—	NONE
PRIMO	NO	NO	—	—	NONE
PRINCEPIPE	NO	NO	—	—	NONE
PRISMMEDI	NO	NO	—	—	NONE
PRISMX	NO	NO	—	—	NONE
PRITHVIEXCH	NO	NO	—	—	NONE
PRITI	NO	NO	—	—	NONE
PRITIKA	NO	NO	—	—	NONE
PRITIKAUTO	NO	NO	—	—	NONE
PRIVISCL	NO	NO	—	—	NONE
PRIZOR	NO	NO	—	—	NONE
PRLIND	NO	NO	—	—	NONE
PROCLB	NO	NO	—	—	NONE
PRODOCS	NO	NO	—	—	NONE
PROFINC	NO	NO	—	—	NONE
PROFX	NO	NO	—	—	NONE
PROGREXV	NO	NO	—	—	NONE
PROLIFE	NO	NO	—	—	NONE
PROMACT	NO	NO	—	—	NONE
PROMAX	NO	NO	—	—	NONE
PROPEQUITY	NO	NO	—	—	NONE
PROSTARM	NO	NO	—	—	NONE
PROTEAN	NO	NO	—	—	NONE
PROV	NO	NO	—	—	NONE
PROZONER	NO	NO	—	—	NONE
PRSMJOHNSN	NO	NO	—	—	NONE
PRSNTIN	NO	NO	—	—	NONE
PRUDENT	NO	NO	—	—	NONE
PRUDMOULI	NO	NO	—	—	NONE
PSB	NO	NO	—	—	NONE
PSFL	NO	NO	—	—	NONE
PSITINFRA	NO	NO	—	—	NONE
PSPPROJECT	NO	NO	—	—	NONE
PSRAJ	NO	NO	—	—	NONE
PSUBANK	NO	NO	—	—	NONE
PSUBANKADD	NO	NO	—	—	NONE
PSUBNKBEES	NO	NO	—	—	NONE
PSUBNKIETF	NO	NO	—	—	NONE
PTC	NO	NO	—	—	NONE
PTCIL	YES	YES	2026-06-25	2026-06-24 15:21	BACKFILL
PTL	NO	NO	—	—	NONE
PULSRIN	NO	NO	—	—	NONE
PULZ	NO	NO	—	—	NONE
PUNJABCHEM	NO	NO	—	—	NONE
PUNJCOMMU	NO	NO	—	—	NONE
PURETROP	NO	NO	—	—	NONE
PUROHITCON	NO	NO	—	—	NONE
PURPLE	NO	NO	—	—	NONE
PURPLEFIN	NO	NO	—	—	NONE
PURPLEUTED	NO	NO	—	—	NONE
PURPLEWAVE	NO	NO	—	—	NONE
PURSHOTTAM	NO	NO	—	—	NONE
PURVA	NO	NO	—	—	NONE
PURVFLEXI	NO	NO	—	—	NONE
PUSHPA	NO	NO	—	—	NONE
PVP	NO	NO	—	—	NONE
PVRINOX	NO	NO	—	—	NONE
PVSL	NO	NO	—	—	NONE
PVTBANIETF	NO	NO	—	—	NONE
PVTBANKADD	YES	YES	2026-06-25	2026-06-24 15:21	BACKFILL
PVTBKGROWW	NO	NO	—	—	NONE
PVVINFRA	NO	NO	—	—	NONE
PWASML	NO	NO	—	—	NONE
PWL	YES	YES	2026-06-25	2026-06-24 15:21	BACKFILL
PYRAMID	NO	NO	—	—	NONE
QFIL	NO	NO	—	—	NONE
QGO	NO	NO	—	—	NONE
QGOLDHALF	NO	NO	—	—	NONE
QLINE	NO	NO	—	—	NONE
QLL	NO	NO	—	—	NONE
QMSMEDI	NO	NO	—	—	NONE
QNIFTY	NO	NO	—	—	NONE
QPOWER	NO	NO	—	—	NONE
QRIL	NO	NO	—	—	NONE
QUADFUTURE	NO	NO	—	—	NONE
QUADPRO	NO	NO	—	—	NONE
QUADRANT	NO	NO	—	—	NONE
QUAL30IETF	NO	NO	—	—	NONE
QUALITY30	NO	NO	—	—	NONE
QUESS	NO	NO	—	—	NONE
QUESTCAP	NO	NO	—	—	NONE
QUESTFLOW	NO	NO	—	—	NONE
QUESTLAB	NO	NO	—	—	NONE
QUICKHEAL	NO	NO	—	—	NONE
QUICKTOUCH	NO	NO	—	—	NONE
QUINT	YES	YES	2026-06-25	2026-06-24 15:21	BACKFILL
QUINTEGRA	NO	NO	—	—	NONE
QVCEL	NO	NO	—	—	NONE
RAAJMEDI	NO	NO	—	—	NONE
RACE	NO	NO	—	—	NONE
RACHIT	NO	NO	—	—	NONE
RACLGEAR	NO	NO	—	—	NONE
RACONTEUR	NO	NO	—	—	NONE
RADAAN	NO	NO	—	—	NONE
RADHEDE	NO	NO	—	—	NONE
RADHIKAJWE	NO	NO	—	—	NONE
RADIANTCMS	NO	NO	—	—	NONE
RADICO	NO	NO	—	—	NONE
RADIOCITY	NO	NO	—	—	NONE
RADIOWALLA	NO	NO	—	—	NONE
RADIXIND	NO	NO	—	—	NONE
RAFL	NO	NO	—	—	NONE
RAGHUNAT	NO	NO	—	—	NONE
RAGHUSYN	NO	NO	—	—	NONE
RAGHUTOB	NO	NO	—	—	NONE
RAILTEL	YES	YES	2026-06-25	2026-06-24 15:21	BACKFILL
RAIN	NO	NO	—	—	NONE
RAINBOW	NO	NO	—	—	NONE
RAINBOWF	NO	NO	—	—	NONE
RAJABAH	NO	NO	—	—	NONE
RAJESH	NO	NO	—	—	NONE
RAJESHEXPO	NO	NO	—	—	NONE
RAJINDLTD	NO	NO	—	—	NONE
RAJINFRA	NO	NO	—	—	NONE
RAJKOTINV	NO	NO	—	—	NONE
RAJKSYN	NO	NO	—	—	NONE
RAJMET	NO	NO	—	—	NONE
RAJNISH	NO	NO	—	—	NONE
RAJOOENG	NO	NO	—	—	NONE
RAJPACK	NO	NO	—	—	NONE
RAJPALAYAM	NO	NO	—	—	NONE
RAJPUTANA	NO	NO	—	—	NONE
RAJRATAN	NO	NO	—	—	NONE
RAJRILTD	NO	NO	—	—	NONE
RAJSEC	NO	NO	—	—	NONE
RAJSPTR	NO	NO	—	—	NONE
RAJSREESUG	NO	NO	—	—	NONE
RAJTUBE	NO	NO	—	—	NONE
RAJTV	NO	NO	—	—	NONE
RAJVI	NO	NO	—	—	NONE
RAJVIR	NO	NO	—	—	NONE
RAL	NO	NO	—	—	NONE
RALEGRA	NO	NO	—	—	NONE
RALLIS	NO	NO	—	—	NONE
RAMANEWS	NO	NO	—	—	NONE
RAMAPETRO	NO	NO	—	—	NONE
RAMAPHO	NO	NO	—	—	NONE
RAMAPPR_B	NO	NO	—	—	NONE
RAMASIGNS	NO	NO	—	—	NONE
RAMASTEEL	NO	NO	—	—	NONE
RAMAVISION	NO	NO	—	—	NONE
RAMCOCEM	NO	NO	—	—	NONE
RAMCOIND	NO	NO	—	—	NONE
RAMCOSYS	NO	NO	—	—	NONE
RAMGOPOLY	NO	NO	—	—	NONE
RAMINFO	NO	NO	—	—	NONE
RAMKY	NO	NO	—	—	NONE
RAMRAT	NO	NO	—	—	NONE
RAMSONS	NO	NO	—	—	NONE
RANASUG	NO	NO	—	—	NONE
RANDER	NO	NO	—	—	NONE
RANEHOLDIN	NO	NO	—	—	NONE
RANJEET	NO	NO	—	—	NONE
RANJITSE	NO	NO	—	—	NONE
RAP	NO	NO	—	—	NONE
RAPICUT	NO	NO	—	—	NONE
RAPID	NO	NO	—	—	NONE
RAPIDFLEET	NO	NO	—	—	NONE
RAPIDIN	NO	NO	—	—	NONE
RAPPID	NO	NO	—	—	NONE
RASANDIK	NO	NO	—	—	NONE
RASIELEC	NO	NO	—	—	NONE
RASRESOR	NO	NO	—	—	NONE
RATEGAIN	NO	NO	—	—	NONE
RATHIBAR	NO	NO	—	—	NONE
RATHIST	NO	NO	—	—	NONE
RATNAMANI	NO	NO	—	—	NONE
RATNAVEER	NO	NO	—	—	NONE
RAUNAQ	NO	NO	—	—	NONE
RAVEL	NO	NO	—	—	NONE
RAWEDGE	NO	NO	—	—	NONE
RAYALEMA	NO	NO	—	—	NONE
RAYMOND	YES	YES	2026-06-25	2026-06-24 15:21	BACKFILL
RAYMONDLSL	NO	NO	—	—	NONE
RAYMONDREL	NO	NO	—	—	NONE
RBA	NO	NO	—	—	NONE
RBLBANK	YES	YES	2026-06-25	2026-06-24 15:21	BACKFILL
RBMINFRA	NO	NO	—	—	NONE
RBS	NO	NO	—	—	NONE
RBZJEWEL	NO	NO	—	—	NONE
RCAN	NO	NO	—	—	NONE
RCCL	NO	NO	—	—	NONE
RCDL	NO	NO	—	—	NONE
RCF	YES	YES	2026-06-25	2026-06-24 15:21	BACKFILL
RCL	NO	NO	—	—	NONE
RCOM	NO	NO	—	—	NONE
RDBIPL	NO	NO	—	—	NONE
RDBRL	NO	NO	—	—	NONE
RDEL	NO	NO	—	—	NONE
RDGAIL	NO	NO	—	—	NONE
READYMIX	NO	NO	—	—	NONE
REALECO	NO	NO	—	—	NONE
RECLTD	NO	NO	—	—	NONE
RECODE	NO	NO	—	—	NONE
REDINGTON	NO	NO	—	—	NONE
REDTAPE	NO	NO	—	—	NONE
REETECH	NO	NO	—	—	NONE
REFEX	NO	NO	—	—	NONE
REFEXRENEW	NO	NO	—	—	NONE
REFRACTORY	NO	NO	—	—	NONE
REGAAL	NO	NO	—	—	NONE
REGAL	NO	NO	—	—	NONE
REGANTO	NO	NO	—	—	NONE
REGENCERAM	NO	NO	—	—	NONE
REGENCY	NO	NO	—	—	NONE
REGENTRP	NO	NO	—	—	NONE
REGIS	NO	NO	—	—	NONE
RELAXO	NO	NO	—	—	NONE
RELCHEMQ	NO	NO	—	—	NONE
RELIABLE	NO	NO	—	—	NONE
RELIABVEN	NO	NO	—	—	NONE
RELIANCE	YES	YES	2026-06-24	2026-06-24 15:29	ANGELONE
RELICAB	NO	NO	—	—	NONE
RELIGARE	NO	NO	—	—	NONE
RELINFRA	NO	NO	—	—	NONE
RELTD	YES	YES	2026-06-25	2026-06-24 15:21	BACKFILL
REMIEDEL	NO	NO	—	—	NONE
REMSONSIND	NO	NO	—	—	NONE
REMUS	NO	NO	—	—	NONE
RENUKA	YES	YES	2026-06-25	2026-06-24 15:21	BACKFILL
REPCOHOME	NO	NO	—	—	NONE
REPL	NO	NO	—	—	NONE
REPONO	NO	NO	—	—	NONE
REPRO	NO	NO	—	—	NONE
RESGEN	NO	NO	—	—	NONE
RESONANCE	NO	NO	—	—	NONE
RESPONIND	NO	NO	—	—	NONE
RESPONSINF	NO	NO	—	—	NONE
RESTILE	NO	NO	—	—	NONE
RETAGGIO	NO	NO	—	—	NONE
RETAIL	NO	NO	—	—	NONE
RETINA	NO	NO	—	—	NONE
REXNORD	NO	NO	—	—	NONE
REXPIPES	NO	NO	—	—	NONE
REXPRO	NO	NO	—	—	NONE
REXSEAL	NO	NO	—	—	NONE
RFBL	NO	NO	—	—	NONE
RFIL	NO	NO	—	—	NONE
RFL	NO	NO	—	—	NONE
RFLL	NO	NO	—	—	NONE
RFSL	NO	NO	—	—	NONE
RGF	NO	NO	—	—	NONE
RGIL	NO	NO	—	—	NONE
RGL	NO	NO	—	—	NONE
RGRL	NO	NO	—	—	NONE
RHETAN	NO	NO	—	—	NONE
RHFL	NO	NO	—	—	NONE
RHIM	NO	NO	—	—	NONE
RHL	NO	NO	—	—	NONE
RIBATEX	NO	NO	—	—	NONE
RICHA	NO	NO	—	—	NONE
RICHUNV	NO	NO	—	—	NONE
RICOAUTO	NO	NO	—	—	NONE
RIDDHI	NO	NO	—	—	NONE
RIDDHICORP	NO	NO	—	—	NONE
RIIL	NO	NO	—	—	NONE
RIIT	NO	NO	—	—	NONE
RIKHAV	NO	NO	—	—	NONE
RILINFRA	NO	NO	—	—	NONE
RIR	NO	NO	—	—	NONE
RISAINTL	NO	NO	—	—	NONE
RISHABH	NO	NO	—	—	NONE
RISHDIGA	NO	NO	—	—	NONE
RISHILASE	NO	NO	—	—	NONE
RISHIROOP	NO	NO	—	—	NONE
RISHITECH	NO	NO	—	—	NONE
RITCO	NO	NO	—	—	NONE
RITES	NO	NO	—	—	NONE
RITESHIN	NO	NO	—	—	NONE
RITEZONE	NO	NO	—	—	NONE
RJSHAH	NO	NO	—	—	NONE
RKDAGRRTL	NO	NO	—	—	NONE
RKDL	NO	NO	—	—	NONE
RKEC	NO	NO	—	—	NONE
RKFORGE	NO	NO	—	—	NONE
RKSWAMY	NO	NO	—	—	NONE
RLF	NO	NO	—	—	NONE
RLFL	NO	NO	—	—	NONE
RMC	NO	NO	—	—	NONE
RMDRIP	NO	NO	—	—	NONE
RML	NO	NO	—	—	NONE
RNBDENIMS	NO	NO	—	—	NONE
RNFI	NO	NO	—	—	NONE
RNITAI	NO	NO	—	—	NONE
RNPL	NO	NO	—	—	NONE
ROADSTAR	NO	NO	—	—	NONE
ROBU	NO	NO	—	—	NONE
ROCKINGDCE	NO	NO	—	—	NONE
ROCKPP.E1	NO	NO	—	—	NONE
RODIUM	NO	NO	—	—	NONE
ROHLTD	NO	NO	—	—	NONE
ROJL	NO	NO	—	—	NONE
ROLCOEN	NO	NO	—	—	NONE
ROLEXRINGS	YES	YES	2026-06-25	2026-06-24 15:21	BACKFILL
ROLLT	NO	NO	—	—	NONE
ROML	NO	NO	—	—	NONE
RONI	NO	NO	—	—	NONE
ROOPAIND	NO	NO	—	—	NONE
ROSELABS	NO	NO	—	—	NONE
ROSEMER	NO	NO	—	—	NONE
ROSSARI	NO	NO	—	—	NONE
ROSSELLIND	NO	NO	—	—	NONE
ROSSTECH	NO	NO	—	—	NONE
ROTO	NO	NO	—	—	NONE
ROUTE	NO	NO	—	—	NONE
ROXHITECH	NO	NO	—	—	NONE
ROYAL	NO	NO	—	—	NONE
ROYALARC	NO	NO	—	—	NONE
ROYALCU	NO	NO	—	—	NONE
ROYALIND	NO	NO	—	—	NONE
RPEL	NO	NO	—	—	NONE
RPGLIFE	NO	NO	—	—	NONE
RPOWER	NO	NO	—	—	NONE
RPPINFRA	NO	NO	—	—	NONE
RPPL	NO	NO	—	—	NONE
RPSGVENT	NO	NO	—	—	NONE
RPTECH	NO	NO	—	—	NONE
RRECL	NO	NO	—	—	NONE
RRETAIL	NO	NO	—	—	NONE
RRFIN	NO	NO	—	—	NONE
RRIL	NO	NO	—	—	NONE
RRKABEL	NO	NO	—	—	NONE
RRMETAL	NO	NO	—	—	NONE
RRPDEFENSE	NO	NO	—	—	NONE
RRSECUR	NO	NO	—	—	NONE
RSCINT	NO	NO	—	—	NONE
RSDFIN	NO	NO	—	—	NONE
RSL	NO	NO	—	—	NONE
RSSOFTWARE	NO	NO	—	—	NONE
RSTL	NO	NO	—	—	NONE
RSWM	NO	NO	—	—	NONE
RSYSTEMS	NO	NO	—	—	NONE
RTL	NO	NO	—	—	NONE
RTNINDIA	NO	NO	—	—	NONE
RTNPOWER	NO	NO	—	—	NONE
RTSPOWR	NO	NO	—	—	NONE
RUBFILA	NO	NO	—	—	NONE
RUBICON	NO	NO	—	—	NONE
RUBYMILLS	NO	NO	—	—	NONE
RUCHINFRA	NO	NO	—	—	NONE
RUCHIRA	NO	NO	—	—	NONE
RUDRA	NO	NO	—	—	NONE
RUDRAECO	NO	NO	—	—	NONE
RUDRAGAS	NO	NO	—	—	NONE
RULKA	NO	NO	—	—	NONE
RUNGTAIR	NO	NO	—	—	NONE
RUPA	NO	NO	—	—	NONE
RUSHIL	NO	NO	—	—	NONE
RUSTOMJEE	NO	NO	—	—	NONE
RVHL	NO	NO	—	—	NONE
RVNL	NO	NO	—	—	NONE
RVTH	NO	NO	—	—	NONE
S&SPOWER	NO	NO	—	—	NONE
SAAKSHI	NO	NO	—	—	NONE
SAATVIKGL	YES	YES	2026-06-25	2026-06-24 15:21	BACKFILL
SAB	NO	NO	—	—	NONE
SABAR	NO	NO	—	—	NONE
SABEVENTS	NO	NO	—	—	NONE
SABOOSOD	NO	NO	—	—	NONE
SACHEEROME	NO	NO	—	—	NONE
SACHEMT	NO	NO	—	—	NONE
SADBHAV	YES	YES	2026-06-25	2026-06-24 15:21	BACKFILL
SADBHIN	NO	NO	—	—	NONE
SADHAV	NO	NO	—	—	NONE
SADHNANIQ	NO	NO	—	—	NONE
SAENTER	NO	NO	—	—	NONE
SAFARI	NO	NO	—	—	NONE
SAFE	NO	NO	—	—	NONE
SAFECURE	NO	NO	—	—	NONE
SAFEENTP	NO	NO	—	—	NONE
SAFFRON	NO	NO	—	—	NONE
SAGARDEEP	NO	NO	—	—	NONE
SAGARSOFT	NO	NO	—	—	NONE
SAGCEM	NO	NO	—	—	NONE
SAGILITY	YES	YES	2026-06-25	2026-06-24 15:21	BACKFILL
SAHAJSOLAR	NO	NO	—	—	NONE
SAHANA	NO	NO	—	—	NONE
SAHARAHOUS	NO	NO	—	—	NONE
SAHASRA	NO	NO	—	—	NONE
SAHLIBHFI	NO	NO	—	—	NONE
SAHYADRI	NO	NO	—	—	NONE
SAICAPI	NO	NO	—	—	NONE
SAICOM	NO	NO	—	—	NONE
SAIFL	NO	NO	—	—	NONE
SAIL	YES	YES	2026-06-25	2026-06-24 15:21	BACKFILL
SAILIFE	NO	NO	—	—	NONE
SAINIK	NO	NO	—	—	NONE
SAIPARENT	NO	NO	—	—	NONE
SAJHOTELS	NO	NO	—	—	NONE
SAKAR	NO	NO	—	—	NONE
SAKHTISUG	NO	NO	—	—	NONE
SAKSOFT	NO	NO	—	—	NONE
SAKTHIFIN	NO	NO	—	—	NONE
SAKUMA	NO	NO	—	—	NONE
SALASAR	NO	NO	—	—	NONE
SALAUTO	NO	NO	—	—	NONE
SALEM	NO	NO	—	—	NONE
SALONA	NO	NO	—	—	NONE
SALORAINTL	NO	NO	—	—	NONE
SALSAIN	NO	NO	—	—	NONE
SALSTEEL	NO	NO	—	—	NONE
SALZERELEC	NO	NO	—	—	NONE
SAMAY	NO	NO	—	—	NONE
SAMBANDAM	NO	NO	—	—	NONE
SAMBHAAV	NO	NO	—	—	NONE
SAMBHV	NO	NO	—	—	NONE
SAMHI	NO	NO	—	—	NONE
SAMINDUS	NO	NO	—	—	NONE
SAMKRG	NO	NO	—	—	NONE
SAMMAANCAP	YES	YES	2026-06-25	2026-06-24 15:21	BACKFILL
SAMOR	NO	NO	—	—	NONE
SAMPANN	NO	NO	—	—	NONE
SAMPAT	NO	NO	—	—	NONE
SAMPRE	NO	NO	—	—	NONE
SAMRATFORG	NO	NO	—	—	NONE
SAMRATPH	NO	NO	—	—	NONE
SAMSRITA	NO	NO	—	—	NONE
SAMTELIN	NO	NO	—	—	NONE
SAMTEX	NO	NO	—	—	NONE
SAMYAKINT	NO	NO	—	—	NONE
SANATHAN	NO	NO	—	—	NONE
SANBLUE	NO	NO	—	—	NONE
SANCO	NO	NO	—	—	NONE
SANCODE	NO	NO	—	—	NONE
SANCTRN	NO	NO	—	—	NONE
SANDESH	NO	NO	—	—	NONE
SANDHAR	NO	NO	—	—	NONE
SANDUMA	YES	YES	2026-06-25	2026-06-24 15:21	BACKFILL
SANDUPHQ	NO	NO	—	—	NONE
SANGAMFIN	NO	NO	—	—	NONE
SANGAMIND	NO	NO	—	—	NONE
SANGANI	NO	NO	—	—	NONE
SANGHVIMOV	NO	NO	—	—	NONE
SANGINITA	NO	NO	—	—	NONE
SANINFRA	NO	NO	—	—	NONE
SANJIVIN	NO	NO	—	—	NONE
SANOFI	NO	NO	—	—	NONE
SANOFICONR	NO	NO	—	—	NONE
SANPA	NO	NO	—	—	NONE
SANSERA	NO	NO	—	—	NONE
SANSTAR	NO	NO	—	—	NONE
SANTETX	NO	NO	—	—	NONE
SANWARIA	NO	NO	—	—	NONE
SAPL	NO	NO	—	—	NONE
SAPPHIRE	NO	NO	—	—	NONE
SAPPL	NO	NO	—	—	NONE
SARDAEN	NO	NO	—	—	NONE
SAREGAMA	NO	NO	—	—	NONE
SARLAPOLY	NO	NO	—	—	NONE
SAROJA	NO	NO	—	—	NONE
SARTELE	NO	NO	—	—	NONE
SARTHAKGL	NO	NO	—	—	NONE
SARTHAKIND	NO	NO	—	—	NONE
SARUPINDUS	NO	NO	—	—	NONE
SARVESHWAR	NO	NO	—	—	NONE
SARVOTTAM	NO	NO	—	—	NONE
SASHWAT	NO	NO	—	—	NONE
SASKEN	NO	NO	—	—	NONE
SATANIBRG	NO	NO	—	—	NONE
SATCH	NO	NO	—	—	NONE
SATECH	NO	NO	—	—	NONE
SATIA	NO	NO	—	—	NONE
SATIN	NO	NO	—	—	NONE
SATIPOLY	NO	NO	—	—	NONE
SATKARTAR	NO	NO	—	—	NONE
SATTRIX	NO	NO	—	—	NONE
SATTVAENGG	NO	NO	—	—	NONE
SATTVASUKU	NO	NO	—	—	NONE
SAUMYA	NO	NO	—	—	NONE
SAURASHCEM	NO	NO	—	—	NONE
SAVERA	NO	NO	—	—	NONE
SAVY	NO	NO	—	—	NONE
SAWACA	NO	NO	—	—	NONE
SAWALIYA	NO	NO	—	—	NONE
SAYAJIHOTL	NO	NO	—	—	NONE
SAYAJIIND	NO	NO	—	—	NONE
SBC	YES	YES	2026-06-25	2026-06-24 15:21	BACKFILL
SBCL	NO	NO	—	—	NONE
SBECSUG	NO	NO	—	—	NONE
SBECSYS	NO	NO	—	—	NONE
SBFC	NO	NO	—	—	NONE
SBFL	NO	NO	—	—	NONE
SBGLP	NO	NO	—	—	NONE
SBIBPB	NO	NO	—	—	NONE
SBICARD	NO	NO	—	—	NONE
SBIETFCON	NO	NO	—	—	NONE
SBIETFIT	NO	NO	—	—	NONE
SBIETFPB	NO	NO	—	—	NONE
SBIETFQLTY	NO	NO	—	—	NONE
SBILIFE	NO	NO	—	—	NONE
SBILIQETF	NO	NO	—	—	NONE
SBIMIDMOM	NO	NO	—	—	NONE
SBIN	YES	YES	2026-06-25	2026-06-24 15:28	BACKFILL
SBINEQWETF	NO	NO	—	—	NONE
SBINMID150	NO	NO	—	—	NONE
SBISENSEX	NO	NO	—	—	NONE
SBISILVER	YES	YES	2026-06-25	2026-06-24 15:21	BACKFILL
SBISMLETF	NO	NO	—	—	NONE
SBIVALETF	NO	NO	—	—	NONE
SBL	NO	NO	—	—	NONE
SBLI	NO	NO	—	—	NONE
SBRANDS	NO	NO	—	—	NONE
SBVCL	NO	NO	—	—	NONE
SCAGRO	NO	NO	—	—	NONE
SCANPRO	NO	NO	—	—	NONE
SCANSTL	NO	NO	—	—	NONE
SCBL	NO	NO	—	—	NONE
SCC	NO	NO	—	—	NONE
SCDL	NO	NO	—	—	NONE
SCHAEFFLER	NO	NO	—	—	NONE
SCHAND	YES	YES	2026-06-25	2026-06-24 15:21	BACKFILL
SCHNEIDER	NO	NO	—	—	NONE
SCI	NO	NO	—	—	NONE
SCILAL	NO	NO	—	—	NONE
SCML	NO	NO	—	—	NONE
SCODATUBES	NO	NO	—	—	NONE
SCOOBEEDAY	NO	NO	—	—	NONE
SCPL	NO	NO	—	—	NONE
SCTL	NO	NO	—	—	NONE
SDBL	NO	NO	—	—	NONE
SDL	NO	NO	—	—	NONE
SDREAMS	NO	NO	—	—	NONE
SEALMATIC	NO	NO	—	—	NONE
SEAMECLTD	NO	NO	—	—	NONE
SEASONST	NO	NO	—	—	NONE
SEATV	NO	NO	—	—	NONE
SECMARK	NO	NO	—	—	NONE
SECURKLOUD	NO	NO	—	—	NONE
SEDEMAC	NO	NO	—	—	NONE
SEIL	NO	NO	—	—	NONE
SEITINVIT	NO	NO	—	—	NONE
SEJALLTD	NO	NO	—	—	NONE
SEKURITIND	NO	NO	—	—	NONE
SEL	NO	NO	—	—	NONE
SELECTIPO	NO	NO	—	—	NONE
SELLOWRAP	NO	NO	—	—	NONE
SELLWIN	NO	NO	—	—	NONE
SELMC	NO	NO	—	—	NONE
SEMAC	NO	NO	—	—	NONE
SEML	NO	NO	—	—	NONE
SENCO	NO	NO	—	—	NONE
SENINFO	NO	NO	—	—	NONE
SENORES	NO	NO	—	—	NONE
SENSEX	YES	YES	2026-06-24	2026-06-24 15:29	ANGELONE
SENSEX1	NO	NO	—	—	NONE
SENSEXADD	NO	NO	—	—	NONE
SENSEXBEES	NO	NO	—	—	NONE
SENSEXBETA	NO	NO	—	—	NONE
SENSEXETF	NO	NO	—	—	NONE
SENSEXIETF	NO	NO	—	—	NONE
SEPC	NO	NO	—	—	NONE
SERA	NO	NO	—	—	NONE
SERVICE	NO	NO	—	—	NONE
SERVOTECH	NO	NO	—	—	NONE
SESHACHAL	NO	NO	—	—	NONE
SESHAPAPER	NO	NO	—	—	NONE
SETCO	NO	NO	—	—	NONE
SETF10GILT	NO	NO	—	—	NONE
SETFBSE100	NO	NO	—	—	NONE
SETFGOLD	YES	YES	2026-06-25	2026-06-24 15:21	BACKFILL
SETFNIF50	NO	NO	—	—	NONE
SETFNIFBK	NO	NO	—	—	NONE
SETFNN50	NO	NO	—	—	NONE
SETFSN50	NO	NO	—	—	NONE
SETL	NO	NO	—	—	NONE
SETUINFRA	NO	NO	—	—	NONE
SEVL	NO	NO	—	—	NONE
SEYAIND	NO	NO	—	—	NONE
SFL	NO	NO	—	—	NONE
SFML	NO	NO	—	—	NONE
SFPIL	NO	NO	—	—	NONE
SGFIN	NO	NO	—	—	NONE
SGFRL	NO	NO	—	—	NONE
SGIL	NO	NO	—	—	NONE
SGL	NO	NO	—	—	NONE
SGLRES	NO	NO	—	—	NONE
SGMART	NO	NO	—	—	NONE
SGNTE	NO	NO	—	—	NONE
SGRL	NO	NO	—	—	NONE
SHADOWFAX	NO	NO	—	—	NONE
SHAH	NO	NO	—	—	NONE
SHAHALLOYS	NO	NO	—	—	NONE
SHAHFOOD	NO	NO	—	—	NONE
SHAHISHIP	NO	NO	—	—	NONE
SHAHLON	NO	NO	—	—	NONE
SHAILY	YES	YES	2026-06-25	2026-06-24 15:21	BACKFILL
SHAKTIPR	NO	NO	—	—	NONE
SHAKTIPUMP	YES	YES	2026-06-25	2026-06-24 15:21	BACKFILL
SHALBY	NO	NO	—	—	NONE
SHALIWIR	NO	NO	—	—	NONE
SHALPAINTS	NO	NO	—	—	NONE
SHALPRO	NO	NO	—	—	NONE
SHAMROIN	NO	NO	—	—	NONE
SHANGAR	NO	NO	—	—	NONE
SHANKARA	NO	NO	—	—	NONE
SHANMUGA	NO	NO	—	—	NONE
SHANTAI	NO	NO	—	—	NONE
SHANTHALA	NO	NO	—	—	NONE
SHANTI	NO	NO	—	—	NONE
SHANTIDENM	NO	NO	—	—	NONE
SHANTIGEAR	NO	NO	—	—	NONE
SHANTIGOLD	NO	NO	—	—	NONE
SHANTIGURU	NO	NO	—	—	NONE
SHAQUAK	NO	NO	—	—	NONE
SHARDACROP	NO	NO	—	—	NONE
SHARDAMOTR	NO	NO	—	—	NONE
SHARDUL	NO	NO	—	—	NONE
SHAREINDIA	NO	NO	—	—	NONE
SHARIABEES	NO	NO	—	—	NONE
SHARIKA	NO	NO	—	—	NONE
SHARMEH	NO	NO	—	—	NONE
SHARP	NO	NO	—	—	NONE
SHARPINV	NO	NO	—	—	NONE
SHARPLINE	NO	NO	—	—	NONE
SHARVAYA	NO	NO	—	—	NONE
SHASHIJIT	NO	NO	—	—	NONE
SHAWGELTIN	NO	NO	—	—	NONE
SHAYONAENG	NO	NO	—	—	NONE
SHBAJRG	NO	NO	—	—	NONE
SHEEL	NO	NO	—	—	NONE
SHEETAL	NO	NO	—	—	NONE
SHEKHAWATI	NO	NO	—	—	NONE
SHELTER	NO	NO	—	—	NONE
SHEMAROO	NO	NO	—	—	NONE
SHENTRA	NO	NO	—	—	NONE
SHERA	NO	NO	—	—	NONE
SHERVANI	NO	NO	—	—	NONE
SHESHAINDS	NO	NO	—	—	NONE
SHETHJI	NO	NO	—	—	NONE
SHETR	NO	NO	—	—	NONE
SHHARICH	NO	NO	—	—	NONE
SHIGAN	NO	NO	—	—	NONE
SHIKHAR	NO	NO	—	—	NONE
SHILCTECH	NO	NO	—	—	NONE
SHILGRAVQ	NO	NO	—	—	NONE
SHILINDORE	NO	NO	—	—	NONE
SHILPAMED	NO	NO	—	—	NONE
SHINDL	NO	NO	—	—	NONE
SHINEFASH	NO	NO	—	—	NONE
SHIPWAVES	NO	NO	—	—	NONE
SHISHIND	NO	NO	—	—	NONE
SHIVA	NO	NO	—	—	NONE
SHIVAAGRO	NO	NO	—	—	NONE
SHIVACEM	NO	NO	—	—	NONE
SHIVAGR	NO	NO	—	—	NONE
SHIVALIK	NO	NO	—	—	NONE
SHIVAM	NO	NO	—	—	NONE
SHIVAMAUTO	NO	NO	—	—	NONE
SHIVAMILLS	NO	NO	—	—	NONE
SHIVASHRIT	NO	NO	—	—	NONE
SHIVATEX	NO	NO	—	—	NONE
SHIVAUM	NO	NO	—	—	NONE
SHIVTEXCHEM	NO	NO	—	—	NONE
SHK	NO	NO	—	—	NONE
SHKARTP	NO	NO	—	—	NONE
SHKSIL	NO	NO	—	—	NONE
SHLOKKA	NO	NO	—	—	NONE
SHOORA	NO	NO	—	—	NONE
SHOPERSTOP	NO	NO	—	—	NONE
SHPLPUNE	NO	NO	—	—	NONE
SHRAAITECH	NO	NO	—	—	NONE
SHRADDHA	NO	NO	—	—	NONE
SHRADHA	NO	NO	—	—	NONE
SHRAJSYNQ	NO	NO	—	—	NONE
SHRDAIS	NO	NO	—	—	NONE
SHREDIGCEM	NO	NO	—	—	NONE
SHREE	NO	NO	—	—	NONE
SHREECEM	NO	NO	—	—	NONE
SHREEGANES	NO	NO	—	—	NONE
SHREEJISPG	NO	NO	—	—	NONE
SHREEKARNI	NO	NO	—	—	NONE
SHREENATH	NO	NO	—	—	NONE
SHREEOSFM	NO	NO	—	—	NONE
SHREEPAC	NO	NO	—	—	NONE
SHREEPUSHK	NO	NO	—	—	NONE
SHREERAMA	NO	NO	—	—	NONE
SHREEREF	NO	NO	—	—	NONE
SHREESEC	NO	NO	—	—	NONE
SHREMETAL	NO	NO	—	—	NONE
SHREMINVIT	NO	NO	—	—	NONE
SHRENIK	NO	NO	—	—	NONE
SHREYANIND	NO	NO	—	—	NONE
SHREYASI	NO	NO	—	—	NONE
SHRIAHIMSA	NO	NO	—	—	NONE
SHRIDINE	NO	NO	—	—	NONE
SHRIGANG	NO	NO	—	—	NONE
SHRIKANHA	NO	NO	—	—	NONE
SHRIKRISH	NO	NO	—	—	NONE
SHRINGARMS	NO	NO	—	—	NONE
SHRINIWAS	NO	NO	—	—	NONE
SHRIPISTON	NO	NO	—	—	NONE
SHRIRAMFIN	YES	YES	2026-06-25	2026-06-24 15:21	BACKFILL
SHRIRAMPPS	NO	NO	—	—	NONE
SHRISTI	NO	NO	—	—	NONE
SHRITECH	NO	NO	—	—	NONE
SHRJAGP	NO	NO	—	—	NONE
SHRMFGC	NO	NO	—	—	NONE
SHRYDUS	NO	NO	—	—	NONE
SHTL	NO	NO	—	—	NONE
SHUBHAM	NO	NO	—	—	NONE
SHUBHLAXMI	NO	NO	—	—	NONE
SHUBHSHREE	NO	NO	—	—	NONE
SHUKJEW	NO	NO	—	—	NONE
SHUKRAPHAR	NO	NO	—	—	NONE
SHVFL	NO	NO	—	—	NONE
SHYAMACOMP	NO	NO	—	—	NONE
SHYAMCENT	YES	YES	2026-06-25	2026-06-24 15:21	BACKFILL
SHYAMDHANI	NO	NO	—	—	NONE
SHYAMMETL	NO	NO	—	—	NONE
SHYAMTEL	NO	NO	—	—	NONE
SHYMINV	NO	NO	—	—	NONE
SIBARAUT	NO	NO	—	—	NONE
SICAGEN	NO	NO	—	—	NONE
SICALLOG	NO	NO	—	—	NONE
SIDDHA	NO	NO	—	—	NONE
SIDDHEGA	NO	NO	—	—	NONE
SIDDHICOTS	NO	NO	—	—	NONE
SIDDHIKA	NO	NO	—	—	NONE
SIEL	NO	NO	—	—	NONE
SIEMENS	NO	NO	—	—	NONE
SIGACHI	NO	NO	—	—	NONE
SIGIND	NO	NO	—	—	NONE
SIGMA	NO	NO	—	—	NONE
SIGMAADV	NO	NO	—	—	NONE
SIGNATURE	NO	NO	—	—	NONE
SIGNORIA	NO	NO	—	—	NONE
SIGNPOST	NO	NO	—	—	NONE
SIHORA	NO	NO	—	—	NONE
SIIL	NO	NO	—	—	NONE
SIKA	NO	NO	—	—	NONE
SIKKO	NO	NO	—	—	NONE
SIKOZY	NO	NO	—	—	NONE
SIL	NO	NO	—	—	NONE
SILGO	NO	NO	—	—	NONE
SILICON	NO	NO	—	—	NONE
SILINV	NO	NO	—	—	NONE
SILKFLEX	NO	NO	—	—	NONE
SILKY	NO	NO	—	—	NONE
SILLYMONKS	NO	NO	—	—	NONE
SILVER	NO	NO	—	—	NONE
SILVER1	NO	NO	—	—	NONE
SILVER360	NO	NO	—	—	NONE
SILVERADD	NO	NO	—	—	NONE
SILVERAG	NO	NO	—	—	NONE
SILVERBEES	YES	YES	2026-06-25	2026-06-24 15:21	BACKFILL
SILVERBETA	NO	NO	—	—	NONE
SILVERBND	NO	NO	—	—	NONE
SILVERCASE	NO	NO	—	—	NONE
SILVERIETF	NO	NO	—	—	NONE
SILVERO	NO	NO	—	—	NONE
SILVERTUC	NO	NO	—	—	NONE
SILVOAK	NO	NO	—	—	NONE
SIMANDHAR	NO	NO	—	—	NONE
SIMBHALS	NO	NO	—	—	NONE
SIMCA	NO	NO	—	—	NONE
SIMMOND	NO	NO	—	—	NONE
SIMPLEXCAS	NO	NO	—	—	NONE
SIMPLEXINF	NO	NO	—	—	NONE
SIMPLXPAP	NO	NO	—	—	NONE
SIMRAN	NO	NO	—	—	NONE
SINCLAIR	NO	NO	—	—	NONE
SINDHUTRAD	NO	NO	—	—	NONE
SINGERIND	NO	NO	—	—	NONE
SINNAR	NO	NO	—	—	NONE
SINTERCOM	NO	NO	—	—	NONE
SIPL	NO	NO	—	—	NONE
SIRCA	NO	NO	—	—	NONE
SIS	NO	NO	—	—	NONE
SITAENT	NO	NO	—	—	NONE
SITINET	NO	NO	—	—	NONE
SIYARAM	NO	NO	—	—	NONE
SIYSIL	NO	NO	—	—	NONE
SIZEMASTER	NO	NO	—	—	NONE
SJLOGISTIC	NO	NO	—	—	NONE
SJS	NO	NO	—	—	NONE
SJVN	YES	YES	2026-06-25	2026-06-24 15:21	BACKFILL
SKCIL	NO	NO	—	—	NONE
SKFINDIA	NO	NO	—	—	NONE
SKFINDUS	NO	NO	—	—	NONE
SKIEL	NO	NO	—	—	NONE
SKIFL	NO	NO	—	—	NONE
SKIL	NO	NO	—	—	NONE
SKIPPER	NO	NO	—	—	NONE
SKM	NO	NO	—	—	NONE
SKMEGGPROD	NO	NO	—	—	NONE
SKP	NO	NO	—	—	NONE
SKPSEC	NO	NO	—	—	NONE
SKYBIOTECH	NO	NO	—	—	NONE
SKYGOLD	NO	NO	—	—	NONE
SKYIND	NO	NO	—	—	NONE
SKYLMILAR	NO	NO	—	—	NONE
SLONE	NO	NO	—	—	NONE
SLSTLQ	NO	NO	—	—	NONE
SMALL250	NO	NO	—	—	NONE
SMALLADD	NO	NO	—	—	NONE
SMALLCAP	YES	YES	2026-06-25	2026-06-19 15:25	BACKFILL
SMARITIME	NO	NO	—	—	NONE
SMARTEN	NO	NO	—	—	NONE
SMARTFIN	NO	NO	—	—	NONE
SMARTLINK	NO	NO	—	—	NONE
SMARTWORKS	NO	NO	—	—	NONE
SMAUTO	NO	NO	—	—	NONE
SMCGLOBAL	NO	NO	—	—	NONE
SMFIL	NO	NO	—	—	NONE
SMGOLD	NO	NO	—	—	NONE
SML100CASE	NO	NO	—	—	NONE
SMLMAH	NO	NO	—	—	NONE
SMLT	NO	NO	—	—	NONE
SMR	NO	NO	—	—	NONE
SMRUTHIORG	NO	NO	—	—	NONE
SMSPHARMA	NO	NO	—	—	NONE
SMTEL	NO	NO	—	—	NONE
SMVD	NO	NO	—	—	NONE
SNEHAA	NO	NO	—	—	NONE
SNL	NO	NO	—	—	NONE
SNOWMAN	NO	NO	—	—	NONE
SNXT30BEES	NO	NO	—	—	NONE
SNXT50BEES	NO	NO	—	—	NONE
SNXT50BETA	NO	NO	—	—	NONE
SOBHA	NO	NO	—	—	NONE
SOBME	NO	NO	—	—	NONE
SOCL	NO	NO	—	—	NONE
SODHACAP	NO	NO	—	—	NONE
SOFCOM	NO	NO	—	—	NONE
SOFTRAKV	NO	NO	—	—	NONE
SOFTTECH	NO	NO	—	—	NONE
SOLARA	NO	NO	—	—	NONE
SOLARINDS	NO	NO	—	—	NONE
SOLARIUM	NO	NO	—	—	NONE
SOLARWORLD	NO	NO	—	—	NONE
SOLEX	NO	NO	—	—	NONE
SOLIDSTON	NO	NO	—	—	NONE
SOLIMAC	NO	NO	—	—	NONE
SOLVEX	NO	NO	—	—	NONE
SOMANYCERA	NO	NO	—	—	NONE
SOMATEX	NO	NO	—	—	NONE
SOMICONVEY	NO	NO	—	—	NONE
SONACOMS	NO	NO	—	—	NONE
SONAL	NO	NO	—	—	NONE
SONALAD	NO	NO	—	—	NONE
SONALIS	NO	NO	—	—	NONE
SONAMAC	NO	NO	—	—	NONE
SONAMLTD	NO	NO	—	—	NONE
SONATSOFTW	NO	NO	—	—	NONE
SONUINFRA	NO	NO	—	—	NONE
SOTL	NO	NO	—	—	NONE
SOURCEIND	NO	NO	—	—	NONE
SOURCENTRL	NO	NO	—	—	NONE
SOUTHBANK	YES	YES	2026-06-25	2026-06-24 15:21	BACKFILL
SOUTHERNIN	NO	NO	—	—	NONE
SOUTHMG	NO	NO	—	—	NONE
SOUTHWEST	NO	NO	—	—	NONE
SOUTLAT	NO	NO	—	—	NONE
SOVERDIA	NO	NO	—	—	NONE
SPACAPS	NO	NO	—	—	NONE
SPACEINCUBA	NO	NO	—	—	NONE
SPAL	NO	NO	—	—	NONE
SPANDANA	NO	NO	—	—	NONE
SPAR	NO	NO	—	—	NONE
SPARC	NO	NO	—	—	NONE
SPARKLEGR	NO	NO	—	—	NONE
SPCAPIT	NO	NO	—	—	NONE
SPCENET	NO	NO	—	—	NONE
SPCL	NO	NO	—	—	NONE
SPCON	NO	NO	—	—	NONE
SPEB	NO	NO	—	—	NONE
SPECFOOD	NO	NO	—	—	NONE
SPECIALITY	YES	YES	2026-06-25	2026-06-24 15:21	BACKFILL
SPECTRA	NO	NO	—	—	NONE
SPECTRUM	NO	NO	—	—	NONE
SPECTSTM	NO	NO	—	—	NONE
SPELS	NO	NO	—	—	NONE
SPENCERS	NO	NO	—	—	NONE
SPENTA	NO	NO	—	—	NONE
SPIC	NO	NO	—	—	NONE
SPICEISLIN	NO	NO	—	—	NONE
SPICEJET	NO	NO	—	—	NONE
SPICELOUNG	NO	NO	—	—	NONE
SPINAROO	NO	NO	—	—	NONE
SPITZE	NO	NO	—	—	NONE
SPL	NO	NO	—	—	NONE
SPLIL	NO	NO	—	—	NONE
SPLPETRO	NO	NO	—	—	NONE
SPML	NO	NO	—	—	NONE
SPMLINFRA	NO	NO	—	—	NONE
SPORTKING	NO	NO	—	—	NONE
SPPPOLY	NO	NO	—	—	NONE
SPRAYKING	NO	NO	—	—	NONE
SPRIGHT	NO	NO	—	—	NONE
SPRL	NO	NO	—	—	NONE
SPSL	NO	NO	—	—	NONE
SPTRSHI	NO	NO	—	—	NONE
SPUNWEB	NO	NO	—	—	NONE
SRAMSET	NO	NO	—	—	NONE
SRD	NO	NO	—	—	NONE
SRDAPRT	NO	NO	—	—	NONE
SRECR	NO	NO	—	—	NONE
SREEL	NO	NO	—	—	NONE
SRESTHA	NO	NO	—	—	NONE
SRF	NO	NO	—	—	NONE
SRGFFL	NO	NO	—	—	NONE
SRGHFL	NO	NO	—	—	NONE
SRHHYPOLTD	NO	NO	—	—	NONE
SRICC	NO	NO	—	—	NONE
SRIGEE	NO	NO	—	—	NONE
SRIKPRIND	NO	NO	—	—	NONE
SRINACHA	NO	NO	—	—	NONE
SRIVASAVI	NO	NO	—	—	NONE
SRM	NO	NO	—	—	NONE
SRMCL	NO	NO	—	—	NONE
SRMENERGY	NO	NO	—	—	NONE
SRPL	NO	NO	—	—	NONE
SRSOLTD	NO	NO	—	—	NONE
SRTL	NO	NO	—	—	NONE
SRUSTEELS	NO	NO	—	—	NONE
SSDL	NO	NO	—	—	NONE
SSEGL	NO	NO	—	—	NONE
SSFL	NO	NO	—	—	NONE
SSFLPP.E1	NO	NO	—	—	NONE
SSL	NO	NO	—	—	NONE
SSLEL	NO	NO	—	—	NONE
SSMD	NO	NO	—	—	NONE
SSPDL	NO	NO	—	—	NONE
SSPNFIN	NO	NO	—	—	NONE
SSTL	NO	NO	—	—	NONE
SSWL	NO	NO	—	—	NONE
SSWRL	NO	NO	—	—	NONE
STAL	NO	NO	—	—	NONE
STALLION	YES	YES	2026-06-25	2026-06-24 15:21	BACKFILL
STANBIK	NO	NO	—	—	NONE
STANCAP	NO	NO	—	—	NONE
STANLEY	NO	NO	—	—	NONE
STANROS	NO	NO	—	—	NONE
STAR	NO	NO	—	—	NONE
STARCEMENT	NO	NO	—	—	NONE
STARCOM	NO	NO	—	—	NONE
STARDELTA	NO	NO	—	—	NONE
STARHEALTH	NO	NO	—	—	NONE
STARHFL	NO	NO	—	—	NONE
STARIMAGIN	NO	NO	—	—	NONE
STARLENT	NO	NO	—	—	NONE
STARLOG	NO	NO	—	—	NONE
STARPAPER	NO	NO	—	—	NONE
STARSOURCE	NO	NO	—	—	NONE
STARTECK	NO	NO	—	—	NONE
STCINDIA	NO	NO	—	—	NONE
STCORP	NO	NO	—	—	NONE
STDBAT	NO	NO	—	—	NONE
STDSFAC	NO	NO	—	—	NONE
STDSHOE	NO	NO	—	—	NONE
STEELCAS	NO	NO	—	—	NONE
STEELCITY	NO	NO	—	—	NONE
STEELCO	NO	NO	—	—	NONE
STEELXIND	YES	YES	2026-06-25	2026-06-24 15:21	BACKFILL
STEL	NO	NO	—	—	NONE
STELLANT	NO	NO	—	—	NONE
STERPOW	NO	NO	—	—	NONE
STERTOOLS	NO	NO	—	—	NONE
STHINPA	NO	NO	—	—	NONE
STL	NO	NO	—	—	NONE
STLNETWORK	NO	NO	—	—	NONE
STLSTRINF	NO	NO	—	—	NONE
STLTECH	NO	NO	—	—	NONE
STML	NO	NO	—	—	NONE
STOVACQ	NO	NO	—	—	NONE
STOVEKRAFT	NO	NO	—	—	NONE
STRATMONT	NO	NO	—	—	NONE
STRGRENWO	NO	NO	—	—	NONE
STRIDERS	NO	NO	—	—	NONE
STUDDS	NO	NO	—	—	NONE
STUDIOLSD	NO	NO	—	—	NONE
STURDY	NO	NO	—	—	NONE
STYL	NO	NO	—	—	NONE
STYLAMIND	NO	NO	—	—	NONE
STYLEBAAZA	NO	NO	—	—	NONE
STYRENIX	NO	NO	—	—	NONE
SUBAHOTELS	NO	NO	—	—	NONE
SUBAM	NO	NO	—	—	NONE
SUBEXLTD	NO	NO	—	—	NONE
SUBROS	NO	NO	—	—	NONE
SUCROSA	NO	NO	—	—	NONE
SUDAI	NO	NO	—	—	NONE
SUDARCOLOR	NO	NO	—	—	NONE
SUDARSCHEM	NO	NO	—	—	NONE
SUDARSHAN	NO	NO	—	—	NONE
SUDEEPPHRM	NO	NO	—	—	NONE
SUDTIND_B	NO	NO	—	—	NONE
SUGALDAM	NO	NO	—	—	NONE
SUGSLLOYD	NO	NO	—	—	NONE
SUJALA	NO	NO	—	—	NONE
SUKHJITS	NO	NO	—	—	NONE
SULA	NO	NO	—	—	NONE
SULABEN	NO	NO	—	—	NONE
SUMEDHA	NO	NO	—	—	NONE
SUMEETINDS	NO	NO	—	—	NONE
SUMERUIND	NO	NO	—	—	NONE
SUMICHEM	NO	NO	—	—	NONE
SUMIT	NO	NO	—	—	NONE
SUMMITSEC	NO	NO	—	—	NONE
SUNCITYSY	NO	NO	—	—	NONE
SUNCLAY	NO	NO	—	—	NONE
SUNDARAM	NO	NO	—	—	NONE
SUNDARMFIN	NO	NO	—	—	NONE
SUNDRMBRAK	NO	NO	—	—	NONE
SUNDRMFAST	NO	NO	—	—	NONE
SUNDROP	NO	NO	—	—	NONE
SUNFLAG	NO	NO	—	—	NONE
SUNGOLD	NO	NO	—	—	NONE
SUNILAGR	NO	NO	—	—	NONE
SUNILTX	NO	NO	—	—	NONE
SUNITATOOL	NO	NO	—	—	NONE
SUNLITE	NO	NO	—	—	NONE
SUNPHARMA	YES	YES	2026-06-24	2026-06-24 15:29	ANGELONE
SUNRAJDI	NO	NO	—	—	NONE
SUNRAKSHAK	NO	NO	—	—	NONE
SUNREST	NO	NO	—	—	NONE
SUNRETAIL	NO	NO	—	—	NONE
SUNSHIEL	NO	NO	—	—	NONE
SUNSKY	NO	NO	—	—	NONE
SUNTECH	NO	NO	—	—	NONE
SUNTECK	NO	NO	—	—	NONE
SUNTV	NO	NO	—	—	NONE
SUPER	NO	NO	—	—	NONE
SUPERBAK	NO	NO	—	—	NONE
SUPERHOUSE	NO	NO	—	—	NONE
SUPERIOR	NO	NO	—	—	NONE
SUPERIRON	NO	NO	—	—	NONE
SUPERSPIN	NO	NO	—	—	NONE
SUPERTEX	NO	NO	—	—	NONE
SUPHA	NO	NO	—	—	NONE
SUPRAJIT	NO	NO	—	—	NONE
SUPRAPFSL	NO	NO	—	—	NONE
SUPRATRE	NO	NO	—	—	NONE
SUPREME	NO	NO	—	—	NONE
SUPREMEENG	NO	NO	—	—	NONE
SUPREMEIND	NO	NO	—	—	NONE
SUPREMEINF	NO	NO	—	—	NONE
SUPREMEPWR	NO	NO	—	—	NONE
SUPRIYA	NO	NO	—	—	NONE
SUPTANERY	NO	NO	—	—	NONE
SURAJ	NO	NO	—	—	NONE
SURAJEST	NO	NO	—	—	NONE
SURAJINDPP	NO	NO	—	—	NONE
SURAJLTD	NO	NO	—	—	NONE
SURAKSHA	NO	NO	—	—	NONE
SURANASOL	NO	NO	—	—	NONE
SURANAT&P	NO	NO	—	—	NONE
SURANAT_P	NO	NO	—	—	NONE
SURANI	NO	NO	—	—	NONE
SURATRAML	NO	NO	—	—	NONE
SURBHIN	NO	NO	—	—	NONE
SURFI	NO	NO	—	—	NONE
SURJIND	NO	NO	—	—	NONE
SURYALA	NO	NO	—	—	NONE
SURYALAXMI	NO	NO	—	—	NONE
SURYAROSNI	YES	YES	2026-06-25	2026-06-24 15:21	BACKFILL
SURYODAY	YES	YES	2026-06-25	2026-06-24 15:21	BACKFILL
SURYVANSP	NO	NO	—	—	NONE
SUTLEJTEX	YES	YES	2026-06-25	2026-06-24 15:21	BACKFILL
SUVEN	NO	NO	—	—	NONE
SUVIDHAA	NO	NO	—	—	NONE
SUYOG	NO	NO	—	—	NONE
SUZLON	NO	NO	—	—	NONE
SVAMSOF	NO	NO	—	—	NONE
SVARTCORP	NO	NO	—	—	NONE
SVCIND	NO	NO	—	—	NONE
SVJ	NO	NO	—	—	NONE
SVLL	NO	NO	—	—	NONE
SVPGLOB	NO	NO	—	—	NONE
SVRL	NO	NO	—	—	NONE
SVS	NO	NO	—	—	NONE
SWADEIN	NO	NO	—	—	NONE
SWADHATURE	NO	NO	—	—	NONE
SWADPOL	NO	NO	—	—	NONE
SWAGTAM	NO	NO	—	—	NONE
SWANAGRO	NO	NO	—	—	NONE
SWANCORP	NO	NO	—	—	NONE
SWANDEF	NO	NO	—	—	NONE
SWARAJ	NO	NO	—	—	NONE
SWARAJENG	NO	NO	—	—	NONE
SWARNSAR	NO	NO	—	—	NONE
SWASTH	NO	NO	—	—	NONE
SWASTIK	NO	NO	—	—	NONE
SWASTIKA	NO	NO	—	—	NONE
SWASTIKAAL	NO	NO	—	—	NONE
SWASTIVI	NO	NO	—	—	NONE
SWATIPRO	NO	NO	—	—	NONE
SWELECTES	NO	NO	—	—	NONE
SWIGGY	NO	NO	—	—	NONE
SWISSMLTRY	NO	NO	—	—	NONE
SWITCHTE	NO	NO	—	—	NONE
SWOJAS	NO	NO	—	—	NONE
SWRNASE	NO	NO	—	—	NONE
SWSOLAR	NO	NO	—	—	NONE
SYBLY	NO	NO	—	—	NONE
SYLPH	NO	NO	—	—	NONE
SYLVANPLY	NO	NO	—	—	NONE
SYMBIOX	NO	NO	—	—	NONE
SYMPHONY	NO	NO	—	—	NONE
SYNCOMF	NO	NO	—	—	NONE
SYNGENE	NO	NO	—	—	NONE
SYNOPTICS	NO	NO	—	—	NONE
SYRMA	NO	NO	—	—	NONE
SYSCHEM	NO	NO	—	—	NONE
SYSTANGO	NO	NO	—	—	NONE
SYSTEMATIC	NO	NO	—	—	NONE
SYSTMTXC	NO	NO	—	—	NONE
SYTIXSE	NO	NO	—	—	NONE
TAALTECH	NO	NO	—	—	NONE
TAC	NO	NO	—	—	NONE
TAHMARENT	NO	NO	—	—	NONE
TAIIND	NO	NO	—	—	NONE
TAINWALCHM	NO	NO	—	—	NONE
TAJGVK	NO	NO	—	—	NONE
TAKE	NO	NO	—	—	NONE
TAKYON	NO	NO	—	—	NONE
TALBROAUTO	NO	NO	—	—	NONE
TALBROSENG	NO	NO	—	—	NONE
TAMBOLIIN	NO	NO	—	—	NONE
TANAA	NO	NO	—	—	NONE
TANDHANIN	NO	NO	—	—	NONE
TANFACIND	NO	NO	—	—	NONE
TANKUP	NO	NO	—	—	NONE
TANLA	NO	NO	—	—	NONE
TANVI	NO	NO	—	—	NONE
TAPARIA	NO	NO	—	—	NONE
TAPIFRUIT	NO	NO	—	—	NONE
TARACHAND	NO	NO	—	—	NONE
TARAI	NO	NO	—	—	NONE
TARAPUR	NO	NO	—	—	NONE
TARC	NO	NO	—	—	NONE
TARIL	YES	YES	2026-06-25	2026-06-24 15:21	BACKFILL
TARINI	NO	NO	—	—	NONE
TARMAT	NO	NO	—	—	NONE
TARSONS	NO	NO	—	—	NONE
TASTYBITE	NO	NO	—	—	NONE
TATACAP	NO	NO	—	—	NONE
TATACHEM	NO	NO	—	—	NONE
TATACOMM	NO	NO	—	—	NONE
TATACONSUM	NO	NO	—	—	NONE
TATAELXSI	YES	YES	2026-06-25	2026-06-24 15:21	BACKFILL
TATAGOLD	NO	NO	—	—	NONE
TATAINVEST	NO	NO	—	—	NONE
TATAPOWER	NO	NO	—	—	NONE
TATASTEEL	YES	YES	2026-06-24	2026-06-24 15:29	ANGELONE
TATATECH	NO	NO	—	—	NONE
TATIAGLOB	NO	NO	—	—	NONE
TATSILV	NO	NO	—	—	NONE
TATVA	NO	NO	—	—	NONE
TAURIAN	NO	NO	—	—	NONE
TBI	NO	NO	—	—	NONE
TBOTEK	NO	NO	—	—	NONE
TBZ	NO	NO	—	—	NONE
TCC	NO	NO	—	—	NONE
TCFCFINQ	NO	NO	—	—	NONE
TCI	NO	NO	—	—	NONE
TCIEXP	YES	YES	2026-06-25	2026-06-24 15:21	BACKFILL
TCIFINANCE	NO	NO	—	—	NONE
TCIIND	NO	NO	—	—	NONE
TCL	NO	NO	—	—	NONE
TCMLMTD	NO	NO	—	—	NONE
TCPLPACK	NO	NO	—	—	NONE
TCS	YES	YES	2026-06-24	2026-06-24 15:29	ANGELONE
TDPOWERSYS	NO	NO	—	—	NONE
TDSL	NO	NO	—	—	NONE
TEAM24	NO	NO	—	—	NONE
TEAMGTY	NO	NO	—	—	NONE
TEAMLEASE	NO	NO	—	—	NONE
TEAMTECH	NO	NO	—	—	NONE
TECH	NO	NO	—	—	NONE
TECHD	NO	NO	—	—	NONE
TECHERA	NO	NO	—	—	NONE
TECHKGREEN	NO	NO	—	—	NONE
TECHLABS	NO	NO	—	—	NONE
TECHM	NO	NO	—	—	NONE
TECHNICHEM	NO	NO	—	—	NONE
TECHNOE	NO	NO	—	—	NONE
TECHNOPACK	NO	NO	—	—	NONE
TECHNVISN	NO	NO	—	—	NONE
TECILCHEM	NO	NO	—	—	NONE
TEEAI	NO	NO	—	—	NONE
TEGA	NO	NO	—	—	NONE
TEJASCARGO	NO	NO	—	—	NONE
TEJASNET	NO	NO	—	—	NONE
TEJNAKSH	NO	NO	—	—	NONE
TELECANOR	NO	NO	—	—	NONE
TELGE	NO	NO	—	—	NONE
TELOGICA	NO	NO	—	—	NONE
TEMBO	NO	NO	—	—	NONE
TENNIND	NO	NO	—	—	NONE
TERAI	NO	NO	—	—	NONE
TERASOFT	NO	NO	—	—	NONE
TEXELIN	NO	NO	—	—	NONE
TEXINFRA	NO	NO	—	—	NONE
TEXMOPIPES	NO	NO	—	—	NONE
TEXRAIL	YES	YES	2026-06-25	2026-06-24 15:21	BACKFILL
TFCILTD	NO	NO	—	—	NONE
TFL	NO	NO	—	—	NONE
TFSL	NO	NO	—	—	NONE
TGBHOTELS	NO	NO	—	—	NONE
TGIF	NO	NO	—	—	NONE
TGL	NO	NO	—	—	NONE
TGVSL	NO	NO	—	—	NONE
THACKER	NO	NO	—	—	NONE
THAKDEV	NO	NO	—	—	NONE
THAKRAL	NO	NO	—	—	NONE
THANGAMAYL	NO	NO	—	—	NONE
THEINVEST	NO	NO	—	—	NONE
THEJO	NO	NO	—	—	NONE
THELEELA	NO	NO	—	—	NONE
THEMISMED	NO	NO	—	—	NONE
THERMAX	NO	NO	—	—	NONE
THESL	NO	NO	—	—	NONE
THINKINK	NO	NO	—	—	NONE
THOMASCOOK	NO	NO	—	—	NONE
THOMASCOTT	NO	NO	—	—	NONE
THREEMPAPE	NO	NO	—	—	NONE
THRIVE	NO	NO	—	—	NONE
THYROCARE	NO	NO	—	—	NONE
TI	NO	NO	—	—	NONE
TICL	NO	NO	—	—	NONE
TIERRA	NO	NO	—	—	NONE
TIGERLOGS	NO	NO	—	—	NONE
TIGLOB	NO	NO	—	—	NONE
TIHIL	NO	NO	—	—	NONE
TIIL	NO	NO	—	—	NONE
TIINDIA	NO	NO	—	—	NONE
TIJARIA	NO	NO	—	—	NONE
TIL	NO	NO	—	—	NONE
TILAK	NO	NO	—	—	NONE
TILPP	NO	NO	—	—	NONE
TILPP.E1	NO	NO	—	—	NONE
TIMESCAN	NO	NO	—	—	NONE
TIMESGREEN	NO	NO	—	—	NONE
TIMETECHNO	YES	YES	2026-06-25	2026-06-24 15:21	BACKFILL
TIMEX	NO	NO	—	—	NONE
TIMKEN	YES	YES	2026-06-25	2026-06-24 15:21	BACKFILL
TINNARUBR	NO	NO	—	—	NONE
TIPCO	NO	NO	—	—	NONE
TIPSFILMS	YES	YES	2026-06-25	2026-06-24 15:21	BACKFILL
TIPSMUSIC	NO	NO	—	—	NONE
TIRSARJ	NO	NO	—	—	NONE
TIRTPLS	NO	NO	—	—	NONE
TIRUFOAM	NO	NO	—	—	NONE
TIRUMALCHM	NO	NO	—	—	NONE
TIRUPATI	NO	NO	—	—	NONE
TIRUPATIFL	NO	NO	—	—	NONE
TIRUPATIIN	NO	NO	—	—	NONE
TIRUSTA	NO	NO	—	—	NONE
TITAANIUM	NO	NO	—	—	NONE
TITAGARH	YES	YES	2026-06-25	2026-06-24 15:21	BACKFILL
TITAN	YES	YES	2026-06-24	2026-06-24 15:29	ANGELONE
TITANBIO	NO	NO	—	—	NONE
TITANIN	NO	NO	—	—	NONE
TITANSEC	NO	NO	—	—	NONE
TLL	NO	NO	—	—	NONE
TMB	NO	NO	—	—	NONE
TMCV	YES	YES	2026-06-25	2026-06-24 15:21	BACKFILL
TMPV	YES	YES	2026-06-25	2026-06-24 15:21	BACKFILL
TNIDETF	NO	NO	—	—	NONE
TNPETRO	NO	NO	—	—	NONE
TNPL	NO	NO	—	—	NONE
TNSTLTU	NO	NO	—	—	NONE
TNTELE	NO	NO	—	—	NONE
TOKYOFIN	NO	NO	—	—	NONE
TOKYOPLAST	NO	NO	—	—	NONE
TOLINS	NO	NO	—	—	NONE
TOP100CASE	NO	NO	—	—	NONE
TOP10ADD	NO	NO	—	—	NONE
TOP15IETF	NO	NO	—	—	NONE
TOP20	NO	NO	—	—	NONE
TORNTPHARM	NO	NO	—	—	NONE
TORNTPOWER	NO	NO	—	—	NONE
TOTAL	NO	NO	—	—	NONE
TOTEM	NO	NO	—	—	NONE
TOUCHWOOD	NO	NO	—	—	NONE
TOYAMSL	NO	NO	—	—	NONE
TPHQ	YES	YES	2026-06-25	2026-06-24 15:21	BACKFILL
TPINDIA	NO	NO	—	—	NONE
TPLPLASTEH	NO	NO	—	—	NONE
TPROJECT	NO	NO	—	—	NONE
TRABI	NO	NO	—	—	NONE
TRACXN	NO	NO	—	—	NONE
TRADEUNO	NO	NO	—	—	NONE
TRADEWELL	NO	NO	—	—	NONE
TRANSCHEM	NO	NO	—	—	NONE
TRANSCOR	NO	NO	—	—	NONE
TRANSFRE	NO	NO	—	—	NONE
TRANSPACT	NO	NO	—	—	NONE
TRANSPEK	NO	NO	—	—	NONE
TRANSRAILL	NO	NO	—	—	NONE
TRANSTEEL	NO	NO	—	—	NONE
TRANSVOY	NO	NO	—	—	NONE
TRANSWIND	NO	NO	—	—	NONE
TRANSWORLD	NO	NO	—	—	NONE
TRAVELFOOD	NO	NO	—	—	NONE
TRAVELS	NO	NO	—	—	NONE
TREEHOUSE	NO	NO	—	—	NONE
TREJHARA	NO	NO	—	—	NONE
TREL	NO	NO	—	—	NONE
TRENT	NO	NO	—	—	NONE
TRESCON	NO	NO	—	—	NONE
TRF	NO	NO	—	—	NONE
TRICOMFRU	NO	NO	—	—	NONE
TRIDENT	YES	YES	2026-06-25	2026-06-24 15:21	BACKFILL
TRIDHYA	NO	NO	—	—	NONE
TRIGYN	NO	NO	—	—	NONE
TRILIANCE	NO	NO	—	—	NONE
TRIOMERC	NO	NO	—	—	NONE
TRISHAKT	NO	NO	—	—	NONE
TRITONV	NO	NO	—	—	NONE
TRITURBINE	NO	NO	—	—	NONE
TRIUMPIN	NO	NO	—	—	NONE
TRIVENI	NO	NO	—	—	NONE
TRIVENIENT	NO	NO	—	—	NONE
TRIVENIGQ	NO	NO	—	—	NONE
TRL	NO	NO	—	—	NONE
TROM	NO	NO	—	—	NONE
TRU	NO	NO	—	—	NONE
TRUALT	NO	NO	—	—	NONE
TRUECOLORS	NO	NO	—	—	NONE
TRUEGREEN	NO	NO	—	—	NONE
TRUST	NO	NO	—	—	NONE
TRUSTEDGE	NO	NO	—	—	NONE
TSC	NO	NO	—	—	NONE
TSFINV	NO	NO	—	—	NONE
TSPIRITUAL	NO	NO	—	—	NONE
TTC	NO	NO	—	—	NONE
TTFL	NO	NO	—	—	NONE
TTGIL	NO	NO	—	—	NONE
TTIENT	NO	NO	—	—	NONE
TTKHLTCARE	NO	NO	—	—	NONE
TTKPRESTIG	NO	NO	—	—	NONE
TTL	NO	NO	—	—	NONE
TTML	NO	NO	—	—	NONE
TULASEEBIOE	NO	NO	—	—	NONE
TULIVE	NO	NO	—	—	NONE
TULSYAN	NO	NO	—	—	NONE
TUNITEX	NO	NO	—	—	NONE
TUNWAL	NO	NO	—	—	NONE
TUSALDAH	NO	NO	—	—	NONE
TUTIALKA	NO	NO	—	—	NONE
TVSELECT	NO	NO	—	—	NONE
TVSHLTD	NO	NO	—	—	NONE
TVSINVIT	NO	NO	—	—	NONE
TVSMOTOR	NO	NO	—	—	NONE
TVSSCS	NO	NO	—	—	NONE
TVSSRICHAK	NO	NO	—	—	NONE
TVTODAY	NO	NO	—	—	NONE
TVVISION	NO	NO	—	—	NONE
TWCGOLDETF	NO	NO	—	—	NONE
TYCHE	NO	NO	—	—	NONE
TYROON	NO	NO	—	—	NONE
UBL	NO	NO	—	—	NONE
UCAL	NO	NO	—	—	NONE
UCIL	NO	NO	—	—	NONE
UCL	NO	NO	—	—	NONE
UCOBANK	NO	NO	—	—	NONE
UDAYJEW	NO	NO	—	—	NONE
UDS	NO	NO	—	—	NONE
UEL	NO	NO	—	—	NONE
UFBL	NO	NO	—	—	NONE
UFLEX	NO	NO	—	—	NONE
UFO	YES	YES	2026-06-25	2026-06-24 15:21	BACKFILL
UGARSUGAR	NO	NO	—	—	NONE
UGROCAP	NO	NO	—	—	NONE
UHMVL	NO	NO	—	—	NONE
UHTL	NO	NO	—	—	NONE
UHZAVERI	NO	NO	—	—	NONE
UJJIVANSFB	YES	YES	2026-06-25	2026-06-24 15:21	BACKFILL
ULTRACAB	NO	NO	—	—	NONE
ULTRACEMCO	YES	YES	2026-06-24	2026-06-24 15:29	ANGELONE
ULTRAMAR	YES	YES	2026-06-25	2026-06-24 15:21	BACKFILL
UMA	NO	NO	—	—	NONE
UMAEXPORTS	NO	NO	—	—	NONE
UMESLTD	NO	NO	—	—	NONE
UMIYA	NO	NO	—	—	NONE
UMIYA_MRO	NO	NO	—	—	NONE
UML	NO	NO	—	—	NONE
UNIABEXAL	NO	NO	—	—	NONE
UNIAUTO	NO	NO	—	—	NONE
UNICHEMLAB	NO	NO	—	—	NONE
UNIDT	NO	NO	—	—	NONE
UNIECOM	NO	NO	—	—	NONE
UNIENTER	NO	NO	—	—	NONE
UNIFIED	NO	NO	—	—	NONE
UNIHEALTH	NO	NO	—	—	NONE
UNIINFO	NO	NO	—	—	NONE
UNILEX	NO	NO	—	—	NONE
UNIMECH	NO	NO	—	—	NONE
UNIONBANK	YES	YES	2026-06-25	2026-06-24 15:21	BACKFILL
UNIONGOLD	NO	NO	—	—	NONE
UNIPARTS	NO	NO	—	—	NONE
UNIQUEO	NO	NO	—	—	NONE
UNIROYAL	NO	NO	—	—	NONE
UNISEM	NO	NO	—	—	NONE
UNISHIRE	NO	NO	—	—	NONE
UNISON	NO	NO	—	—	NONE
UNITDCR	NO	NO	—	—	NONE
UNITDSPR	YES	YES	2026-06-25	2026-06-24 15:21	BACKFILL
UNITECH	YES	YES	2026-06-25	2026-06-24 09:32	BACKFILL
UNITEDPOLY	NO	NO	—	—	NONE
UNITEDTE	NO	NO	—	—	NONE
UNITEDTEA	NO	NO	—	—	NONE
UNITINT	NO	NO	—	—	NONE
UNIVAFOODS	NO	NO	—	—	NONE
UNIVARTS	NO	NO	—	—	NONE
UNIVASTU	NO	NO	—	—	NONE
UNIVCABLES	NO	NO	—	—	NONE
UNIVPHOTO	NO	NO	—	—	NONE
UNIVSTAR	NO	NO	—	—	NONE
UNJHAFOR	NO	NO	—	—	NONE
UNOMINDA	NO	NO	—	—	NONE
UNQTYMI	NO	NO	—	—	NONE
UNRYLMA	NO	NO	—	—	NONE
UNTTEMI	NO	NO	—	—	NONE
UPHOT	NO	NO	—	—	NONE
UPL	NO	NO	—	—	NONE
UPROTECH	NO	NO	—	—	NONE
UPSURGE	NO	NO	—	—	NONE
URAVIDEF	NO	NO	—	—	NONE
URBAN	NO	NO	—	—	NONE
URBANCO	YES	YES	2026-06-25	2026-06-24 15:21	BACKFILL
URJA	NO	NO	—	—	NONE
URSUGAR	NO	NO	—	—	NONE
USASEEDS	NO	NO	—	—	NONE
USGTECH	NO	NO	—	—	NONE
USHAFIN	NO	NO	—	—	NONE
USHAKIRA	NO	NO	—	—	NONE
USHAMART	NO	NO	—	—	NONE
USK	NO	NO	—	—	NONE
UTCRFS2DGR	NO	NO	—	—	NONE
UTIAMC	NO	NO	—	—	NONE
UTIQUE	NO	NO	—	—	NONE
UTKARSHBNK	NO	NO	—	—	NONE
UTLINDS	NO	NO	—	—	NONE
UTLSOLAR	NO	NO	—	—	NONE
UTSSAV	NO	NO	—	—	NONE
UTTAMSUGAR	NO	NO	—	—	NONE
UVDRHOR	NO	NO	—	—	NONE
UVS	NO	NO	—	—	NONE
UWCSL	NO	NO	—	—	NONE
UYFINCORP	NO	NO	—	—	NONE
V2RETAIL	NO	NO	—	—	NONE
VAARAD	NO	NO	—	—	NONE
VADILALIND	NO	NO	—	—	NONE
VAHH	NO	NO	—	—	NONE
VAIBHAVGBL	NO	NO	—	—	NONE
VAICC	NO	NO	—	—	NONE
VAISHALI	NO	NO	—	—	NONE
VAKRANGEE	NO	NO	—	—	NONE
VAL30IETF	NO	NO	—	—	NONE
VALENCIA	NO	NO	—	—	NONE
VALIANT	NO	NO	—	—	NONE
VALIANTLAB	NO	NO	—	—	NONE
VALIANTORG	NO	NO	—	—	NONE
VALINDIA	NO	NO	—	—	NONE
VALLABHSQ	NO	NO	—	—	NONE
VALPLAST	NO	NO	—	—	NONE
VALSONQ	NO	NO	—	—	NONE
VALUE	NO	NO	—	—	NONE
VALUE360	NO	NO	—	—	NONE
VAMA	NO	NO	—	—	NONE
VAMSHIRU	NO	NO	—	—	NONE
VANDAN	NO	NO	—	—	NONE
VANDU	NO	NO	—	—	NONE
VANICOM	NO	NO	—	—	NONE
VANTABIO	NO	NO	—	—	NONE
VAPIENTER	NO	NO	—	—	NONE
VARDHACRLC	NO	NO	—	—	NONE
VARDHMAN	NO	NO	—	—	NONE
VARDMNPOLY	NO	NO	—	—	NONE
VARIMAN	NO	NO	—	—	NONE
VARROC	NO	NO	—	—	NONE
VARYAA	NO	NO	—	—	NONE
VASA	NO	NO	—	—	NONE
VASCONEQ	NO	NO	—	—	NONE
VASHISHTHA	NO	NO	—	—	NONE
VASINFRA	NO	NO	—	—	NONE
VASUDHAGAM	NO	NO	—	—	NONE
VASUPRADA	NO	NO	—	—	NONE
VASWANI	NO	NO	—	—	NONE
VBDESAI	NO	NO	—	—	NONE
VBIND	NO	NO	—	—	NONE
VBL	NO	NO	—	—	NONE
VCL	NO	NO	—	—	NONE
VCU	NO	NO	—	—	NONE
VDEAL	NO	NO	—	—	NONE
VEDANTASSET	NO	NO	—	—	NONE
VEDAVAAG	NO	NO	—	—	NONE
VEDL	YES	YES	2026-06-25	2026-06-24 09:32	BACKFILL
VEEDOL	NO	NO	—	—	NONE
VEEFIN	NO	NO	—	—	NONE
VEEKAYEM	NO	NO	—	—	NONE
VEERENRGY	NO	NO	—	—	NONE
VEERHEALTH	NO	NO	—	—	NONE
VEERKRUPA	NO	NO	—	—	NONE
VEGA	NO	NO	—	—	NONE
VEL	NO	NO	—	—	NONE
VELHO	NO	NO	—	—	NONE
VELJAN	NO	NO	—	—	NONE
VENKEYS	NO	NO	—	—	NONE
VENLONENT	NO	NO	—	—	NONE
VENMAX	NO	NO	—	—	NONE
VENTIVE	NO	NO	—	—	NONE
VENTURA	NO	NO	—	—	NONE
VENUSPIPES	NO	NO	—	—	NONE
VENUSREM	NO	NO	—	—	NONE
VERANDA	NO	NO	—	—	NONE
VERITAAS	NO	NO	—	—	NONE
VERITAS	NO	NO	—	—	NONE
VERTEX	NO	NO	—	—	NONE
VERTEXPLUS	NO	NO	—	—	NONE
VERTEXPP	NO	NO	—	—	NONE
VERTIS	NO	NO	—	—	NONE
VERTOZ	NO	NO	—	—	NONE
VESUVIUS	NO	NO	—	—	NONE
VETO	NO	NO	—	—	NONE
VGCL	NO	NO	—	—	NONE
VGIL	NO	NO	—	—	NONE
VGINFOTECH	NO	NO	—	—	NONE
VGL	NO	NO	—	—	NONE
VGUARD	NO	NO	—	—	NONE
VHL	NO	NO	—	—	NONE
VHLTD	NO	NO	—	—	NONE
VIAZ	NO	NO	—	—	NONE
VICTMILL	NO	NO	—	—	NONE
VICTORYEV	NO	NO	—	—	NONE
VIDHIING	NO	NO	—	—	NONE
VIDYAWIRES	YES	YES	2026-06-25	2026-06-24 15:21	BACKFILL
VIESL	NO	NO	—	—	NONE
VIGOR	NO	NO	—	—	NONE
VIJAYA	NO	NO	—	—	NONE
VIJAYPD	NO	NO	—	—	NONE
VIJIFIN	NO	NO	—	—	NONE
VIJSOLX	NO	NO	—	—	NONE
VIKALPS	NO	NO	—	—	NONE
VIKASECO	NO	NO	—	—	NONE
VIKASLIFE	NO	NO	—	—	NONE
VIKASPROP	NO	NO	—	—	NONE
VIKASWSP	NO	NO	—	—	NONE
VIKRAMAR	NO	NO	—	—	NONE
VIKRAMSOLR	NO	NO	—	—	NONE
VIKRAMTH	NO	NO	—	—	NONE
VIKRAN	NO	NO	—	—	NONE
VILAS	NO	NO	—	—	NONE
VILINBIO	NO	NO	—	—	NONE
VIMTALABS	NO	NO	—	—	NONE
VINATIORGA	NO	NO	—	—	NONE
VINAYAKPOL	NO	NO	—	—	NONE
VINCOFE	YES	YES	2026-06-25	2026-06-24 15:21	BACKFILL
VINDHYATEL	NO	NO	—	—	NONE
VINEETLAB	NO	NO	—	—	NONE
VINNY	NO	NO	—	—	NONE
VINRKLB	NO	NO	—	—	NONE
VINSYS	NO	NO	—	—	NONE
VINTAGES	NO	NO	—	—	NONE
VINYAS	NO	NO	—	—	NONE
VINYLINDIA	NO	NO	—	—	NONE
VINYOFL	NO	NO	—	—	NONE
VIPCLOTHNG	NO	NO	—	—	NONE
VIPIND	NO	NO	—	—	NONE
VIPPYSP	NO	NO	—	—	NONE
VIPULLTD	NO	NO	—	—	NONE
VIPULORG	NO	NO	—	—	NONE
VIRAT	NO	NO	—	—	NONE
VIRATCRA	NO	NO	—	—	NONE
VIRGOGLOB	NO	NO	—	—	NONE
VIRINCHI	NO	NO	—	—	NONE
VIRTUALG	NO	NO	—	—	NONE
VIRYA	NO	NO	—	—	NONE
VISACHROME	NO	NO	—	—	NONE
VISAGAR	NO	NO	—	—	NONE
VISAKAIND	NO	NO	—	—	NONE
VISHAL	NO	NO	—	—	NONE
VISHALBL	NO	NO	—	—	NONE
VISHNU	NO	NO	—	—	NONE
VISHNUINFR	NO	NO	—	—	NONE
VISHWARAJ	NO	NO	—	—	NONE
VISHWAS	NO	NO	—	—	NONE
VISIONCINE	NO	NO	—	—	NONE
VISIONCO	NO	NO	—	—	NONE
VISTAPH	NO	NO	—	—	NONE
VISTARAMAR	NO	NO	—	—	NONE
VISVEN	NO	NO	—	—	NONE
VITAL	NO	NO	—	—	NONE
VIVAA	NO	NO	—	—	NONE
VIVANTA	NO	NO	—	—	NONE
VIVANZA	NO	NO	—	—	NONE
VIVIANA	NO	NO	—	—	NONE
VIVIDEL	NO	NO	—	—	NONE
VIVIDHA	NO	NO	—	—	NONE
VIVIDIND	NO	NO	—	—	NONE
VIVIDM	NO	NO	—	—	NONE
VIVIMEDLAB	NO	NO	—	—	NONE
VIVO	NO	NO	—	—	NONE
VIVOBIOT	NO	NO	—	—	NONE
VIYASH	NO	NO	—	—	NONE
VJLAXMIE	NO	NO	—	—	NONE
VJTFEDU	NO	NO	—	—	NONE
VKAL	NO	NO	—	—	NONE
VKGLOBAL	NO	NO	—	—	NONE
VLEGOV	NO	NO	—	—	NONE
VLINFRA	NO	NO	—	—	NONE
VLSFINANCE	NO	NO	—	—	NONE
VMARCIND	NO	NO	—	—	NONE
VMART	NO	NO	—	—	NONE
VMM	NO	NO	—	—	NONE
VMS	NO	NO	—	—	NONE
VMSTMT	NO	NO	—	—	NONE
VOEPL	NO	NO	—	—	NONE
VOITHPAPR	NO	NO	—	—	NONE
VOLERCAR	NO	NO	—	—	NONE
VOLKAI	NO	NO	—	—	NONE
VOLLF	NO	NO	—	—	NONE
VOLTAMP	NO	NO	—	—	NONE
VOLTAS	NO	NO	—	—	NONE
VPAL	NO	NO	—	—	NONE
VPL	NO	NO	—	—	NONE
VPRPL	NO	NO	—	—	NONE
VR	NO	NO	—	—	NONE
VRAJ	NO	NO	—	—	NONE
VRFILMS	NO	NO	—	—	NONE
VRL	NO	NO	—	—	NONE
VRLLOG	NO	NO	—	—	NONE
VRUDDHI	NO	NO	—	—	NONE
VSCL	NO	NO	—	—	NONE
VSFPROJ	NO	NO	—	—	NONE
VSL	NO	NO	—	—	NONE
VSSL	NO	NO	—	—	NONE
VSTIND	NO	NO	—	—	NONE
VSTL	NO	NO	—	—	NONE
VSTTILLERS	YES	YES	2026-06-25	2026-06-24 15:21	BACKFILL
VTL	NO	NO	—	—	NONE
VTMLTD	NO	NO	—	—	NONE
VVIPIL	NO	NO	—	—	NONE
VXLINSTR	NO	NO	—	—	NONE
WAA	NO	NO	—	—	NONE
WAAREE	NO	NO	—	—	NONE
WAAREEENER	NO	NO	—	—	NONE
WAAREEINDO	NO	NO	—	—	NONE
WAAREERTL	NO	NO	—	—	NONE
WABAG	NO	NO	—	—	NONE
WAGEND	NO	NO	—	—	NONE
WAKEFIT	NO	NO	—	—	NONE
WALCHANNAG	YES	YES	2026-06-25	2026-06-24 15:21	BACKFILL
WALCHPF	NO	NO	—	—	NONE
WALLFORT	NO	NO	—	—	NONE
WALPAR	NO	NO	—	—	NONE
WANBURY	NO	NO	—	—	NONE
WARDINMOBI	NO	NO	—	—	NONE
WARDWIZFBL	NO	NO	—	—	NONE
WARRENTEA	NO	NO	—	—	NONE
WATERBASE	NO	NO	—	—	NONE
WCIL	NO	NO	—	—	NONE
WEALTH	NO	NO	—	—	NONE
WEBELSOLAR	NO	NO	—	—	NONE
WEIZMANIND	NO	NO	—	—	NONE
WEL	NO	NO	—	—	NONE
WELCORP	NO	NO	—	—	NONE
WELCURE	NO	NO	—	—	NONE
WELENT	NO	NO	—	—	NONE
WELINV	NO	NO	—	—	NONE
WELSPLSOL	NO	NO	—	—	NONE
WELSPUNLIV	NO	NO	—	—	NONE
WENDT	NO	NO	—	—	NONE
WEPSOLN	NO	NO	—	—	NONE
WESTLEIRES	NO	NO	—	—	NONE
WESTLIFE	NO	NO	—	—	NONE
WEWIN	NO	NO	—	—	NONE
WEWORK	NO	NO	—	—	NONE
WHBRADY	NO	NO	—	—	NONE
WHEELS	NO	NO	—	—	NONE
WHIRLPOOL	NO	NO	—	—	NONE
WHITEFORCE	NO	NO	—	—	NONE
WHITEORG	NO	NO	—	—	NONE
WILLAMAGOR	NO	NO	—	—	NONE
WILLIMFI	NO	NO	—	—	NONE
WIMPLAST	NO	NO	—	—	NONE
WINDLAS	NO	NO	—	—	NONE
WINDMACHIN	NO	NO	—	—	NONE
WINNY	NO	NO	—	—	NONE
WINSOL	NO	NO	—	—	NONE
WINSOMBR	NO	NO	—	—	NONE
WINSOME	NO	NO	—	—	NONE
WINSOMTX	NO	NO	—	—	NONE
WIPL	NO	NO	—	—	NONE
WIPRO	YES	YES	2026-06-25	2026-06-24 15:28	BACKFILL
WIREFABR	NO	NO	—	—	NONE
WMINIMT	NO	NO	—	—	NONE
WOCKPHARMA	NO	NO	—	—	NONE
WOL3D	NO	NO	—	—	NONE
WOMANCART	NO	NO	—	—	NONE
WOMENNET	NO	NO	—	—	NONE
WONDERLA	NO	NO	—	—	NONE
WOODSVILA	NO	NO	—	—	NONE
WORKMATES	NO	NO	—	—	NONE
WORTH	NO	NO	—	—	NONE
WORTHPERI	NO	NO	—	—	NONE
WOSAL	NO	NO	—	—	NONE
WPIL	NO	NO	—	—	NONE
WSFX	NO	NO	—	—	NONE
WSI	NO	NO	—	—	NONE
WSTCSTPAPR	NO	NO	—	—	NONE
WTICAB	NO	NO	—	—	NONE
WWALUM	NO	NO	—	—	NONE
XCHANGING	NO	NO	—	—	NONE
XELPMOC	NO	NO	—	—	NONE
XPROINDIA	NO	NO	—	—	NONE
XTGLOBAL	NO	NO	—	—	NONE
YAANENT	NO	NO	—	—	NONE
YAAP	NO	NO	—	—	NONE
YAASHVI	NO	NO	—	—	NONE
YAJUR	NO	NO	—	—	NONE
YAMNINV	NO	NO	—	—	NONE
YARNSYN	NO	NO	—	—	NONE
YASHCHEM	NO	NO	—	—	NONE
YASHHTEJ	NO	NO	—	—	NONE
YASHHV	NO	NO	—	—	NONE
YASHINNO	NO	NO	—	—	NONE
YASHMGM	NO	NO	—	—	NONE
YASHO	NO	NO	—	—	NONE
YASHOPTICS	NO	NO	—	—	NONE
YASHRAJC	NO	NO	—	—	NONE
YATHARTH	NO	NO	—	—	NONE
YATRA	NO	NO	—	—	NONE
YCCL	NO	NO	—	—	NONE
YESBANK	YES	YES	2026-06-25	2026-06-24 15:21	BACKFILL
YOGI	NO	NO	—	—	NONE
YOGISUNG	NO	NO	—	—	NONE
YORKEXP	NO	NO	—	—	NONE
YUDIZ	NO	NO	—	—	NONE
YUG	NO	NO	—	—	NONE
YUKEN	NO	NO	—	—	NONE
YUNIKM	NO	NO	—	—	NONE
YURANUS	NO	NO	—	—	NONE
YUVRAAJHPL	NO	NO	—	—	NONE
ZAGGLE	NO	NO	—	—	NONE
ZAPPFRESH	NO	NO	—	—	NONE
ZBINTXPP	NO	NO	—	—	NONE
ZEAL	NO	NO	—	—	NONE
ZEEL	YES	YES	2026-06-25	2026-06-24 15:21	BACKFILL
ZEELEARN	NO	NO	—	—	NONE
ZEEMEDIA	YES	YES	2026-06-25	2026-06-24 15:21	BACKFILL
ZELIO	NO	NO	—	—	NONE
ZENIFIB	NO	NO	—	—	NONE
ZENITHDRUG	NO	NO	—	—	NONE
ZENITHEXPO	NO	NO	—	—	NONE
ZENITHHE	NO	NO	—	—	NONE
ZENITHSTL	NO	NO	—	—	NONE
ZENLABS	NO	NO	—	—	NONE
ZENOTECH	NO	NO	—	—	NONE
ZENSARTECH	NO	NO	—	—	NONE
ZENTEC	NO	NO	—	—	NONE
ZFCVINDIA	NO	NO	—	—	NONE
ZFSTEERING	NO	NO	—	—	NONE
ZIMLAB	NO	NO	—	—	NONE
ZINEMA	NO	NO	—	—	NONE
ZMILGFIN	NO	NO	—	—	NONE
ZODIAC	NO	NO	—	—	NONE
ZODIACLOTH	NO	NO	—	—	NONE
ZODIACVEN	NO	NO	—	—	NONE
ZODJRDMKJ	NO	NO	—	—	NONE
ZOTA	NO	NO	—	—	NONE
ZR2	NO	NO	—	—	NONE
ZSARACOM	NO	NO	—	—	NONE
ZSVARAJT	NO	NO	—	—	NONE
ZTECH	NO	NO	—	—	NONE
ZUARI	NO	NO	—	—	NONE
ZUARIIND	NO	NO	—	—	NONE
ZWELCAST	NO	NO	—	—	NONE
ZYDUSLIFE	NO	NO	—	—	NONE
ZYDUSWELL	NO	NO	—	—	NONE
