id,ticker,name,exchange,logo,base_price
3633,GILLETTE,Gillette India Limited,NSE,https://s3-symbol-logo.tradingview.com/gillette-india.svg,7982.5
3634,HPAL,HP Adhesives Ltd.,BSE,https://s3-symbol-logo.tradingview.com/hp-adhesives-limited.svg,44.54
3635,DPEL,Divine Power Energy Ltd.,NSE,https://s3-symbol-logo.tradingview.com/divine-power-energy-ltd.svg,263.5
3636,CANFINHOME,Can Fin Homes Ltd.,BSE,https://s3-symbol-logo.tradingview.com/can-fin-homes.svg,932.95
3637,SHYAMCENT,Shyam Century Ferrous Ltd.,BSE,https://s3-symbol-logo.tradingview.com/shyam-century-ferrous-limited.svg,6.28
3638,STALLION,Stallion India Fluorochemicals Limited,BSE,https://s3-symbol-logo.tradingview.com/stallion-india-fluorochemicals.svg,207.0
3639,SABOOSOD,Saboo Sodium Chloro Limited,BSE,https://s3-symbol-logo.tradingview.com/saboo-sodium-chloro-ltd.svg,13.28
3640,LINC,Linc Limited,NSE,https://s3-symbol-logo.tradingview.com/linc-limited.svg,113.51
3641,UNIROYAL,Uniroyal Industries Limited,BSE,https://s3-symbol-logo.tradingview.com/uniroyal-industries-ltd.svg,20.0
3642,PVTBANKADD,DSP Nifty Private Bank ETF Exchange Traded Fund Units,NSE,https://s3-symbol-logo.tradingview.com/dsp-blackrock-mutu.svg,28.91
3643,INDIANACRY,Indian Acrylics Limited,BSE,https://s3-symbol-logo.tradingview.com/indian-acrylics-ltd.svg,6.66
3644,NORTHARC,Northern Arc Capital Ltd.,BSE,https://s3-symbol-logo.tradingview.com/northern-arc-capital-ltd.svg,251.85
3645,MAANALU,Maan Aluminium Limited,BSE,https://s3-symbol-logo.tradingview.com/maan-aluminium-ltd.svg,167.5
3646,SURYODAY,Suryoday Small Finance Bank Limited,BSE,https://s3-symbol-logo.tradingview.com/suryoday-small-fin-bk-ltd.svg,134.4
3647,HDFCMID150,HDFC Nifty Midcap 150 ETF,BSE,https://s3-symbol-logo.tradingview.com/hdfc-bank.svg,22.51
3648,ESCORTS,Escorts Kubota Limited,BSE,https://s3-symbol-logo.tradingview.com/escorts.svg,3739.75
3649,DREDGECORP,Dredging Corporation of India Limited,BSE,https://s3-symbol-logo.tradingview.com/dredging-of-india.svg,975.2
3650,GABRIEL,Gabriel India Limited,BSE,https://s3-symbol-logo.tradingview.com/gabriel-india.svg,1041.75
3664,HERCULES,Hercules Investments Ltd,NSE,https://s3-symbol-logo.tradingview.com/hercules-hoists.svg,164.0
3665,CROPSTER,Cropster Agro Ltd,BSE,https://s3-symbol-logo.tradingview.com/cropster-agro-limited.svg,19.94
3666,BHARTIHEXA,Bharti Hexacom Limited,BSE,https://s3-symbol-logo.tradingview.com/bharti-hexacom-limited.svg,1815.0
50,TMCV,Tata Motors Limited,NSE,TM,423.0
51,NHIT,National Highways Infra Trust Units,BSE,https://s3-symbol-logo.tradingview.com/national-highw-infra-trus.svg,148.15
52,TATASTEEL,Tata Steel Limited,NSE,https://s3-symbol-logo.tradingview.com/tata.svg,171.25
53,SAGILITY,Sagility Limited,NSE,https://s3-symbol-logo.tradingview.com/sagility-india-ltd.svg,52.83
55,ABFRL,Aditya Birla Fashion and Retail Ltd,NSE,https://s3-symbol-logo.tradingview.com/aditya-birla-fash.svg,79.12
56,ABLBL,Aditya Birla Lifestyle Brands Limited,NSE,https://s3-symbol-logo.tradingview.com/aditya-birla-fash.svg,121.4
57,TPHQ,Teamo Productions HQ Limited,NSE,https://s3-symbol-logo.tradingview.com/teamo-productions-hq-ltd.svg,0.69
58,SANDUMA,Sandur Manganese & Iron Ores Ltd,NSE,https://s3-symbol-logo.tradingview.com/sandur-mang-and-iron-ores-l.svg,229.94
59,SHRIRAMFIN,Shriram Finance Limited,NSE,https://s3-symbol-logo.tradingview.com/shriram.svg,951.55
60,STEELXIND,Steel Exchange India Limited,NSE,https://s3-symbol-logo.tradingview.com/steel-exchange-india-ltd.svg,9.28
61,PRADHIN,Pradhin Limited,BSE,https://s3-symbol-logo.tradingview.com/pradhin-limited.svg,0.25
62,SAIL,Steel Authority of India Limited,NSE,https://s3-symbol-logo.tradingview.com/steel-authority-of-india.svg,133.55
63,GOLDCASE,Zerodha Gold ETF Exchange Traded Fund Units,NSE,https://s3-symbol-logo.tradingview.com/zerodha-mutual-fund.svg,21.52
64,ORIENTCEM,Orient Cement Ltd.,NSE,https://s3-symbol-logo.tradingview.com/orient-cement.svg,172.4
65,SOUTHBANK,South Indian Bank Limited,NSE,https://s3-symbol-logo.tradingview.com/south-indian-bank.svg,39.39
66,AMBUJACEM,Ambuja Cements Limited,NSE,https://s3-symbol-logo.tradingview.com/ambuja-cements.svg,551.4
68,WELCURE,Welcure Drugs and Pharmaceuticals Ltd.,BSE,https://s3-symbol-logo.tradingview.com/welcure-drugs-and-pharmaceutical.svg,0.46
69,M&MFIN,Mahindra & Mahindra Financial Services Ltd.,NSE,https://s3-symbol-logo.tradingview.com/mahindra-finance.svg,381.15
70,METALIETF,ICICI Prudential Nifty Metal ETF,NSE,https://s3-symbol-logo.tradingview.com/icici-prudential-bank.svg,10.8
71,RAILTEL,RailTel Corp. of India Ltd.,NSE,https://s3-symbol-logo.tradingview.com/railtel.svg,372.35
72,HINDZINC,Hindustan Zinc Limited,NSE,https://s3-symbol-logo.tradingview.com/hindustan-zinc.svg,609.5
73,TEXRAIL,Texmaco Rail & Engineering Limited,NSE,https://s3-symbol-logo.tradingview.com/texmaco-rail-and-engineering.svg,137.85
74,NATIONALUM,National Aluminium Co. Ltd.,NSE,https://s3-symbol-logo.tradingview.com/national-aluminum.svg,292.65
75,VIDYAWIRES,Vidya Wires Limited,NSE,https://s3-symbol-logo.tradingview.com/vidya-wires-ltd.svg,52.28
76,IREDA,Indian Renewable Energy Development Agency Ltd.,NSE,https://s3-symbol-logo.tradingview.com/indian-renewable-energy.svg,140.3
77,LIQUIDCASE,Zerodha Nifty 1D Rate Liquid ETF Units Exchange Traded Fund,NSE,https://s3-symbol-logo.tradingview.com/zerodha-mutual-fund.svg,111.96
78,TMPV,Tata Motors Passenger Vehicles Ltd,NSE,https://s3-symbol-logo.tradingview.com/tata.svg,366.2
79,BELRISE,Belrise Industries Limited,BSE,https://s3-symbol-logo.tradingview.com/belrise-industries-limited.svg,170.35
80,NMDC,NMDC Limited,BSE,https://s3-symbol-logo.tradingview.com/nmdc.svg,81.98
81,FILATFASH,Filatex Fashions Limited,BSE,https://s3-symbol-logo.tradingview.com/filatex-fashions-ltd.svg,0.38
82,ETERNAL,Eternal Limited,NSE,https://s3-symbol-logo.tradingview.com/zomato.svg,285.15
3667,DGCONTENT,Digicontent Ltd.,NSE,https://s3-symbol-logo.tradingview.com/digicontent-ltd.svg,33.08
3668,PIRAMALFIN,Piramal Finance Limited,BSE,https://s3-symbol-logo.tradingview.com/piramal.svg,1576.7
3669,PATINTLOG,Patel Integrated Logistics Ltd.,BSE,https://s3-symbol-logo.tradingview.com/patel-integrated-logistics-ltd.svg,13.81
3670,SUCROSA,Super Crop Safe Limited,BSE,https://s3-symbol-logo.tradingview.com/super-crop-safe-ltd.svg,8.6
3671,DHATRE,Dhatre Udyog Ltd,BSE,https://s3-symbol-logo.tradingview.com/dhatre-udyog-limited.svg,5.8
3672,CPCAP,CP Capital Ltd,NSE,https://s3-symbol-logo.tradingview.com/career-point.svg,117.46
3673,NEWGEN,Newgen Software Technologies Limited,BSE,https://s3-symbol-logo.tradingview.com/newgen-software.svg,854.1
3674,UFO,UFO Moviez India Ltd.,BSE,https://s3-symbol-logo.tradingview.com/ufo-moviez.svg,85.71
3675,ASMS,Bartronics India Limited,BSE,https://s3-symbol-logo.tradingview.com/bartronics-india-ltd.svg,12.18
3676,MYMUDRA,My Mudra Fincorp Ltd.,NSE,https://s3-symbol-logo.tradingview.com/my-mudra-fincorp-ltd.svg,84.0
3677,PACE,Pace E-Commerce Ventures Ltd.,BSE,https://s3-symbol-logo.tradingview.com/pace-e-commerce-ventures-limit.svg,19.5
3678,SAHASRA,Sahasra Electronic Solutions Limited,NSE,https://s3-symbol-logo.tradingview.com/sahasra-electronic-solu-l.svg,281.1
3679,GCHOTELS,Grand Continent Hotels Ltd.,NSE,https://s3-symbol-logo.tradingview.com/grand-continent-hotels-l.svg,159.0
3680,AGARWALTUF,Agarwal Toughened Glass India Limited,NSE,https://s3-symbol-logo.tradingview.com/agarwal-tough-glass-ind-l.svg,119.0
3681,MAXVOLT,Maxvolt Energy Industries Limited,NSE,https://s3-symbol-logo.tradingview.com/maxvolt-energy-indus-l.svg,500.0
3682,AAATECH,AAA Technologies Ltd.,NSE,https://s3-symbol-logo.tradingview.com/aaa-technologies-limited.svg,98.88
3683,POPEES,Popees Cares Limited,BSE,https://s3-symbol-logo.tradingview.com/archana-software-ltd.svg,13.13
3684,CENTURYPLY,Century Plyboards (India) Ltd.,BSE,https://s3-symbol-logo.tradingview.com/century-plyboards-i.svg,832.0
3685,SUTLEJTEX,Sutlej Textiles & Industries Ltd.,NSE,https://s3-symbol-logo.tradingview.com/sutlej-textiles.svg,32.75
3686,ICRA,ICRA Limited,NSE,https://s3-symbol-logo.tradingview.com/icra-ltd.svg,6215.5
3687,B2BSOFT,B2B Software Technologies Limited,BSE,https://s3-symbol-logo.tradingview.com/b2b-software-technologies-ltd.svg,29.38
3688,RELTD,Ravindra Energy Ltd.,BSE,https://s3-symbol-logo.tradingview.com/ravindra-energy-limited.svg,163.8
3689,AVL,Aditya Vision Ltd.,BSE,https://s3-symbol-logo.tradingview.com/aditya-vision-ltd.svg,499.3
3690,TIMKEN,Timken India Limited,NSE,https://s3-symbol-logo.tradingview.com/timken-india-ltd.svg,3082.1
3691,PHOTOQUP,Photoquip India Ltd.,BSE,https://s3-symbol-logo.tradingview.com/photoquip-india-ltd.svg,12.14
3692,PRIMEURB,Prime Urban Development India Limited,BSE,https://s3-symbol-logo.tradingview.com/prime-urban-development-india.svg,9.68
3693,JARO,Jaro Institute of Technology Management and Research Limited,BSE,https://s3-symbol-logo.tradingview.com/jaro-ins-of-tec-mg-n-re-l.svg,545.0
146,KSHINTL,KSH International Ltd.,NSE,KS,352.75
101,AEROFLEX,Aeroflex Industries Ltd.,NSE,https://s3-symbol-logo.tradingview.com/aeroflex-industries-ltd.svg,204.45
102,NSLNISP,NMDC Steel Limited,NSE,https://s3-symbol-logo.tradingview.com/nmdc-steel-limited.svg,42.05
103,VEDL,Vedanta Limited,NSE,https://s3-symbol-logo.tradingview.com/steel-dynamics.svg,588.3
104,CANHLIFE,Canara HSBC Life Insurance Company Limited,NSE,https://s3-symbol-logo.tradingview.com/canara-hsbc-life-insurance-company-limited.svg,136.53
105,NAZARA,Nazara Technologies Ltd.,NSE,https://s3-symbol-logo.tradingview.com/nazara-technologies-ltd.svg,246.4
106,GMDCLTD,Gujarat Mineral Development Corporation Limited,NSE,https://s3-symbol-logo.tradingview.com/gujarat-mineral-development-co.svg,531.6
107,IOC,Indian Oil Corp. Ltd.,NSE,https://s3-symbol-logo.tradingview.com/indian-oil.svg,163.66
108,SHAKTIPUMP,Shakti Pumps (India) Limited,NSE,https://s3-symbol-logo.tradingview.com/shakti-pumps-india.svg,735.0
109,DCXINDIA,DCX Systems Limited,NSE,https://s3-symbol-logo.tradingview.com/dcx-systems-limited.svg,195.23
110,SJVN,SJVN Limited,NSE,https://s3-symbol-logo.tradingview.com/sjvn.svg,74.98
111,FCONSUMER,Future Consumer Limited,NSE,https://s3-symbol-logo.tradingview.com/future-consumer-lt.svg,0.45
112,GMRAIRPORT,GMR Airports Ltd,NSE,https://s3-symbol-logo.tradingview.com/gmr.svg,102.9
151,URBANCO,Urban Company Limited,NSE,https://s3-symbol-logo.tradingview.com/urban-company-limited.svg,125.25
152,LLOYDSENGG,Lloyds Engineering Works Ltd,NSE,https://s3-symbol-logo.tradingview.com/lloyds-steels-industries-limit.svg,58.58
153,SEACOAST,Seacoast Shipping Services Ltd.,BSE,https://s3-symbol-logo.tradingview.com/seacoast-shipping-services-lim.svg,0.88
154,SBC,SBC Exports Ltd.,NSE,https://s3-symbol-logo.tradingview.com/sbc-exports-limited.svg,28.59
155,INOXWIND,Inox Wind Ltd.,NSE,https://s3-symbol-logo.tradingview.com/inox-wind.svg,127.31
156,HDFCGOLD,HDFC Gold Exchange Traded Fund,NSE,https://s3-symbol-logo.tradingview.com/hdfc-bank.svg,116.82
157,SPRIGHT,Spright Agro Limited,BSE,https://s3-symbol-logo.tradingview.com/tine-agro-limited.svg,0.79
158,JYOTISTRUC,Jyoti Structures Ltd.,NSE,https://s3-symbol-logo.tradingview.com/jyoti-structures-ltd.svg,9.99
159,MSUMI,Motherson Sumi Wiring India Ltd,NSE,https://s3-symbol-logo.tradingview.com/motherson-sumi-wiring-india-li.svg,45.49
160,SAMMAANCAP,Sammaan Capital Ltd,NSE,https://s3-symbol-logo.tradingview.com/indiabulls.svg,141.6
161,PCJEWELLER,PC Jeweller Ltd.,BSE,https://s3-symbol-logo.tradingview.com/pc-jeweller-ltd.svg,9.7
162,YESBANK,Yes Bank Limited,BSE,https://s3-symbol-logo.tradingview.com/yes-bank.svg,21.82
163,UNIONBANK,Union Bank of India Limited,NSE,https://s3-symbol-logo.tradingview.com/union-bank-of-india.svg,152.2
164,KRETTOSYS,Kretto Syscon Ltd,BSE,https://s3-symbol-logo.tradingview.com/kretto-syscon-limited.svg,1.0
3694,TRIVENIGQ,Triveni Glass Limited,BSE,https://s3-symbol-logo.tradingview.com/triveni-glass-ltd.svg,9.5
3695,RAMINFO,RAMINFO Limited,BSE,https://s3-symbol-logo.tradingview.com/raminfo-limited.svg,71.8
3696,PHARMAID,Pharmaids Pharmaceuticals Ltd.,BSE,https://s3-symbol-logo.tradingview.com/pharmaids-pharmaceuticals-ltd.svg,48.55
3697,HOMEFIRST,Home First Finance Company India Ltd.,BSE,https://s3-symbol-logo.tradingview.com/home-first.svg,1126.25
3698,LYKALABS,Lyka Labs Limited,NSE,https://s3-symbol-logo.tradingview.com/lyka.svg,76.6
3699,MUL,Mauria Udyog Limited,BSE,https://s3-symbol-logo.tradingview.com/mauria-udyog-limited.svg,12.3
3700,PAR,Par Drugs and Chemicals Limited,NSE,https://s3-symbol-logo.tradingview.com/par-drugs-and-chem-ltd.svg,106.33
3714,NSBBPO,NSB BPO Solutions Limited,BSE,https://s3-symbol-logo.tradingview.com/nsb-bpo-solutions-limited.svg,98.0
3715,BEACON,Beacon Trusteeship Ltd.,NSE,https://s3-symbol-logo.tradingview.com/beacon-trusteeship-ltd.svg,84.0
3716,BEWLTD,BEW Engineering Ltd.,NSE,https://s3-symbol-logo.tradingview.com/bew-engineering-ltd.svg,122.95
3717,CAPINVIT,Capital Infra Trust,BSE,https://s3-symbol-logo.tradingview.com/capital-infra-trust.svg,74.26
3718,GLOBOFFS,Global Offshore Services Limited,BSE,https://s3-symbol-logo.tradingview.com/global-offshore-services-ltd.svg,58.29
3719,UNITDSPR,United Spirits Limited,BSE,https://s3-symbol-logo.tradingview.com/united-spirits.svg,1434.6
3720,GODREJAGRO,Godrej Agrovet Limited,BSE,https://s3-symbol-logo.tradingview.com/godrej-agrovet.svg,574.45
3721,LEMERITE,Le Merite Exports Ltd.,NSE,https://s3-symbol-logo.tradingview.com/le-merite-exports.svg,504.85
3722,DIGIDRIVE,Digidrive Distributors Limited,NSE,https://s3-symbol-logo.tradingview.com/digidrive-distributors-l.svg,26.35
3723,PATELSAI,Patels Airtemp India Ltd.,BSE,https://s3-symbol-logo.tradingview.com/patels-airtemp-india-ltd.svg,267.6
3724,INTENTECH,Intense Technologies Limited,NSE,https://s3-symbol-logo.tradingview.com/intense-technologi.svg,116.01
3725,MULTICAP,Mirae Asset Nifty500 Multicap 502525 ETF Exchange Traded Fund Units,BSE,https://s3-symbol-logo.tradingview.com/mirae-asset-sec.svg,16.58
3726,FMCGIETF,ICICI Prudential Nifty FMCG ETF,BSE,https://s3-symbol-logo.tradingview.com/icici-prudential-bank.svg,58.93
3727,ECOSMOBLTY,ECOS (India) Mobility & Hospitality Limited,BSE,https://s3-symbol-logo.tradingview.com/ecos-india-mob-and-hosp-l.svg,210.6
3728,ONDOOR,On Door Concepts Limited,NSE,https://s3-symbol-logo.tradingview.com/on-door-concepts-l.svg,121.95
3729,POOJAENT,Vashu Bhagnani Industries Limited,BSE,https://s3-symbol-logo.tradingview.com/pooja-entertainment-and-films.svg,71.7
3730,TCIEXP,TCI Express Ltd.,NSE,https://s3-symbol-logo.tradingview.com/tci-express.svg,589.45
3731,MINAXI,Minaxi Textiles Ltd,BSE,https://s3-symbol-logo.tradingview.com/minaxi-textiles-ltd.svg,1.6
3732,NDRAUTO,NDR Auto Components Ltd.,NSE,https://s3-symbol-logo.tradingview.com/ndr-auto-components-limited.svg,835.9
3733,GRINDWELL,Grindwell Norton Limited,NSE,https://s3-symbol-logo.tradingview.com/grindwell-norton.svg,1595.4
3734,MAHASTEEL,Mahamaya Steel Industries Ltd.,NSE,https://s3-symbol-logo.tradingview.com/mahamaya-steel-industries-ltd.svg,884.0
3735,NOCIL,NOCIL Limited,BSE,https://s3-symbol-logo.tradingview.com/nocil.svg,158.0
7874,ANNVRPP,ANNVRRIDHHI VENTURES Ltd TEMP,BSE,AN,2.12
7875,RAL,Resourceful Automobile Limited,BSE,https://s3-symbol-logo.tradingview.com/resourceful-automobile-limited.svg,53.0
211,PWL,PhysicsWallah Ltd.,NSE,PW,134.02
201,BAJAJHFL,Bajaj Housing Finance Ltd.,NSE,https://s3-symbol-logo.tradingview.com/bajaj-finance.svg,95.95
202,ICICIBANK,ICICI Bank Limited,NSE,https://s3-symbol-logo.tradingview.com/icici-bank.svg,1361.1
203,WALCHANNAG,Walchandnagar Industries Limited,NSE,https://s3-symbol-logo.tradingview.com/walchandnagar-ind.svg,197.68
204,UJJIVANSFB,Ujjivan Small Finance Bank Ltd.,NSE,https://s3-symbol-logo.tradingview.com/ujjivan-small-financ-bank.svg,52.95
205,NTPC,NTPC Limited,NSE,https://s3-symbol-logo.tradingview.com/ntpc.svg,324.05
206,JAYNECOIND,Jayaswal Neco Industries Limited,NSE,https://s3-symbol-logo.tradingview.com/jayaswal-neco-ind.svg,77.19
207,HINDALCO,Hindalco Industries Limited,NSE,https://s3-symbol-logo.tradingview.com/hindalco.svg,865.3
208,TITAGARH,Titagarh Rail Systems Ltd,NSE,https://s3-symbol-logo.tradingview.com/titagarh-wagons.svg,849.35
209,NECLIFE,Nectar Lifesciences Ltd.,NSE,https://s3-symbol-logo.tradingview.com/neclifes-gdr.svg,22.03
210,TRIDENT,Trident Limited,NSE,https://s3-symbol-logo.tradingview.com/trident.svg,27.17
212,UNITECH,Unitech Limited,NSE,https://s3-symbol-logo.tradingview.com/unitech-ltd.svg,5.84
213,AXISGOLD,Axis Gold ETF,NSE,https://s3-symbol-logo.tradingview.com/axis-bank.svg,114.4
214,LTF,L&T Finance Ltd,NSE,https://s3-symbol-logo.tradingview.com/l-and-t-finance.svg,303.0
215,GENPHARMA,Genpharmasec Limited,BSE,https://s3-symbol-logo.tradingview.com/genpharmasec-limited.svg,1.31
216,ZEEL,Zee Entertainment Enterprises Limited,NSE,https://s3-symbol-logo.tradingview.com/zee-entertain.svg,91.68
217,IRFC,Indian Railway Finance Corp. Ltd.,BSE,https://s3-symbol-logo.tradingview.com/indian-railway-finance-corporation.svg,121.9
218,FEDERALBNK,Federal Bank Ltd. (India),NSE,https://s3-symbol-logo.tradingview.com/fed-bank.svg,265.9
219,SYLPH,Sylph Industries Limited,BSE,https://s3-symbol-logo.tradingview.com/sylph-technologies-ltd.svg,0.71
220,ALOKINDS,Alok Industries Limited,BSE,https://s3-symbol-logo.tradingview.com/alok-industries.svg,16.8
221,TARIL,Transformers and Rectifiers (India) Limited,NSE,https://s3-symbol-logo.tradingview.com/transformers-and-rectifiers-i.svg,302.55
222,SETFGOLD,SBI Gold ETF,NSE,https://s3-symbol-logo.tradingview.com/sbi-mutual-fund.svg,116.65
223,IRCON,IRCON International Ltd.,BSE,https://s3-symbol-logo.tradingview.com/ircon-international.svg,175.3
224,ROLEXRINGS,Rolex Rings Limited,NSE,https://s3-symbol-logo.tradingview.com/rolex-rings-limited.svg,130.82
225,CASTROLIND,Castrol India Limited,NSE,https://s3-symbol-logo.tradingview.com/castrol-india.svg,186.16
3736,KALAMANDIR,Sai Silks (Kalamandir) Ltd.,BSE,https://s3-symbol-logo.tradingview.com/sai-silks-kalamandir-l.svg,156.85
3737,NSL,Northern Spirits Ltd.,BSE,https://s3-symbol-logo.tradingview.com/northern-spirits-limited.svg,150.35
3738,KUSHIND,Kush Industries Limited,BSE,https://s3-symbol-logo.tradingview.com/kush-industries-limited.svg,7.85
3739,TIPSFILMS,Tips Films Limited,NSE,https://s3-symbol-logo.tradingview.com/tips-industries-ltd.svg,454.3
3740,PMTELELIN,P.M. Telelinnks Ltd.,BSE,https://s3-symbol-logo.tradingview.com/pmtelelinnks-ltd.svg,11.07
3741,RSSOFTWARE,R. S. Software (India) Limited,BSE,https://s3-symbol-logo.tradingview.com/rssoftware-india-ltd.svg,54.0
3742,MANAKCOAT,Manaksia Coated Metals & Industries Ltd,BSE,https://s3-symbol-logo.tradingview.com/manaksia-coated-metals-and-indus.svg,130.9
3743,ULTRAMAR,Ultramarine & Pigments Limited,BSE,https://s3-symbol-logo.tradingview.com/ultramarine-and-pigments-ltd.svg,416.85
3744,NIMBSPROJ,Nimbus Projects Limited,BSE,https://s3-symbol-logo.tradingview.com/nimbus-projects-ltd.svg,266.0
3745,ANLON,Anlon Technology Solutions Limited,NSE,https://s3-symbol-logo.tradingview.com/anlon-tech-sol-ltd.svg,410.0
3746,AXTEL,Axtel Industries Limited,BSE,https://s3-symbol-logo.tradingview.com/axtel-industries.svg,416.05
3747,SPECFOOD,Spectrum Foods Limited,BSE,https://s3-symbol-logo.tradingview.com/spectrum-foods-ltd.svg,14.85
3748,VANTABIO,Vanta Bioscience Ltd.,BSE,https://s3-symbol-logo.tradingview.com/vanta-bioscience-limited.svg,20.79
3749,DWARKESH,Dwarikesh Sugar Industries Ltd.,BSE,https://s3-symbol-logo.tradingview.com/dwarikesh-sugar-industries.svg,37.31
3750,HDFCLIQUID,HDFC Nifty 1D Rate Liquid ETF - Growth,NSE,https://s3-symbol-logo.tradingview.com/hdfc-bank.svg,1041.29
3777,COLPAL,Colgate-Palmolive (India) Limited,BSE,https://s3-symbol-logo.tradingview.com/colgate-palmolive.svg,2107.4
3778,BIRLACABLE,Birla Cable Limited,NSE,https://s3-symbol-logo.tradingview.com/birla-cable-ltd.svg,136.7
3779,SHAILY,Shaily Engineering Plastics Limited,BSE,https://s3-symbol-logo.tradingview.com/shaily-eng-plastics-ltd.svg,2387.6
3780,COMPINFO,Compuage Infocom Ltd,BSE,https://s3-symbol-logo.tradingview.com/compuage-infocom-ltd.svg,1.76
3781,DOMS,DOMS Industries Limited,NSE,https://s3-symbol-logo.tradingview.com/doms-industries-ltd.svg,2571.5
3782,ARISINFRA,ArisInfra Solutions Limited,BSE,https://s3-symbol-logo.tradingview.com/arisinfra-solutions-ltd.svg,137.5
3783,GOLKUNDIA,Golkunda Diamonds & Jewellery Ltd.,BSE,https://s3-symbol-logo.tradingview.com/golkunda-diamonds-and-jewellery.svg,201.45
3785,JINDWORLD,Jindal Worldwide Limited,BSE,https://s3-symbol-logo.tradingview.com/jindal-worldwide.svg,30.0
251,RCOM,Reliance Communications Limited,NSE,https://s3-symbol-logo.tradingview.com/reliance-comm.svg,1.13
252,SBISILVER,SBI Silver ETF,NSE,https://s3-symbol-logo.tradingview.com/sbi-mutual-fund.svg,206.68
296,MOIL,Moil Limited,NSE,https://s3-symbol-logo.tradingview.com/moil.svg,344.4
301,GKENERGY,GK Energy Limited,NSE,https://s3-symbol-logo.tradingview.com/gk-energy-ltd.svg,153.03
302,PARADEEP,Paradeep Phosphates Ltd.,NSE,https://s3-symbol-logo.tradingview.com/paradeep-phosphates-limited.svg,161.4
303,ARSSBL,Anand Rathi Share and Stock Brokers Limited,NSE,https://s3-symbol-logo.tradingview.com/anand-rathi-share-and-stock-brokers-limited.svg,657.65
304,NCLRESE,NCL Research & Financial Services Ltd.,BSE,https://s3-symbol-logo.tradingview.com/ncl-research-and-financial-servi.svg,0.5
305,FCONSUMER,Future Consumer Limited,BSE,https://s3-symbol-logo.tradingview.com/future-consumer-lt.svg,0.45
306,RBLBANK,RBL Bank Ltd.,NSE,https://s3-symbol-logo.tradingview.com/rbl-bank.svg,306.1
307,GAIL,GAIL (India) Limited,NSE,https://s3-symbol-logo.tradingview.com/gail.svg,172.46
308,NTPCGREEN,NTPC Green Energy Limited,NSE,https://s3-symbol-logo.tradingview.com/ntpc-green-energy-limited.svg,90.5
309,RCF,Rashtriya Chemicals & Fertilizers Ltd.,NSE,https://s3-symbol-logo.tradingview.com/rashtriya-chemicals-and-fertilizers.svg,143.81
310,VINCOFE,Vintage Coffee and Beverages Limited,NSE,https://s3-symbol-logo.tradingview.com/vintage-coffee-and-beverages-l.svg,159.46
311,SADBHAV,Sadbhav Engineering Limited,NSE,https://s3-symbol-logo.tradingview.com/sadbhav-engineering.svg,13.49
312,ATALREAL,Atal Realtech Limited,NSE,https://s3-symbol-logo.tradingview.com/atal-realtech-ltd.svg,25.4
313,WARDINMOBI,Wardwizard Innovations & Mobility Ltd.,BSE,https://s3-symbol-logo.tradingview.com/wardwizard-innovations-and-mob.svg,8.02
314,SILVERBEES,Nippon India Silver ETF,BSE,https://s3-symbol-logo.tradingview.com/nippon-life-india-asset.svg,201.97
315,SAATVIKGL,Saatvik Green Energy Ltd.,NSE,https://s3-symbol-logo.tradingview.com/saatvik-green-energy-ltd.svg,389.0
317,BIOCON,Biocon Limited,NSE,https://s3-symbol-logo.tradingview.com/biocon.svg,399.65
318,TIMETECHNO,Time Technoplast Limited,NSE,https://s3-symbol-logo.tradingview.com/time-technoplast.svg,185.91
319,ZEEMEDIA,Zee Media Corp. Ltd.,NSE,https://s3-symbol-logo.tradingview.com/zee-media-limited.svg,9.4
321,MRPL,Mangalore Refinery & Petrochemicals Ltd.,NSE,https://s3-symbol-logo.tradingview.com/mangalore-ref-and-pet.svg,147.16
322,EMBDL,Embassy Developments Limited,NSE,https://s3-symbol-logo.tradingview.com/indiabulls.svg,64.3
323,TATASTEEL,Tata Steel Limited,BSE,https://s3-symbol-logo.tradingview.com/tata.svg,170.85
324,IEX,Indian Energy Exchange Ltd.,NSE,https://s3-symbol-logo.tradingview.com/indian-energy-exchange.svg,142.63
326,RENUKA,Shree Renuka Sugars Limited,NSE,https://s3-symbol-logo.tradingview.com/shree-renuka-sugar.svg,25.98
327,PAISALO,Paisalo Digital Ltd.,NSE,https://s3-symbol-logo.tradingview.com/paisalo-digital-ltd.svg,35.9
328,INDUSTOWER,Indus Towers Limited,NSE,https://s3-symbol-logo.tradingview.com/bharti-infratel.svg,414.65
329,SELLWIN,Sellwin Traders Ltd.,BSE,https://s3-symbol-logo.tradingview.com/sellwin-traders-limited.svg,9.26
3786,SPECIALITY,Speciality Restaurants Ltd.,BSE,https://s3-symbol-logo.tradingview.com/speciality-restaur.svg,115.5
3787,CERA,Cera Sanitaryware Limited,NSE,https://s3-symbol-logo.tradingview.com/cera-sanitaryware.svg,5290.5
3788,AUROLAB,Auro Laboratories Limited,BSE,https://s3-symbol-logo.tradingview.com/auro-laboratories-ltd.svg,265.0
3789,PTCIL,PTC Industries Ltd,NSE,https://s3-symbol-logo.tradingview.com/ptc-industries-ltd.svg,18169.0
3791,VSTTILLERS,VST Tillers Tractors Limited,NSE,https://s3-symbol-logo.tradingview.com/vst-tillers-tract.svg,5985.0
3792,MARKOLINES,Markolines Pavement Technologies Limited,BSE,https://s3-symbol-logo.tradingview.com/markolines-pavement-technologi.svg,166.3
3793,AARON,Aaron Industries Ltd.,NSE,https://s3-symbol-logo.tradingview.com/aaron-industries-ltd.svg,181.06
3794,SURYAROSNI,Surya Roshni Limited,BSE,https://s3-symbol-logo.tradingview.com/surya-roshni-ltd.svg,271.7
3795,ELM250,Edelweiss Nifty LargeMidcap 250 ETF Units Exchange Traded Fund,NSE,https://s3-symbol-logo.tradingview.com/edelweiss-fin-serv.svg,16.83
3796,RAYMOND,Raymond Limited,BSE,https://s3-symbol-logo.tradingview.com/raymond.svg,436.25
3797,PRATIK,Pratik Panels Limited,BSE,https://s3-symbol-logo.tradingview.com/pratik-panels-ltd.svg,7.4
3798,TATAELXSI,Tata Elxsi Limited,BSE,https://s3-symbol-logo.tradingview.com/tata.svg,5450.5
3799,POCL,Pondy Oxides & Chemicals Ltd.,BSE,https://s3-symbol-logo.tradingview.com/pondy-oxides-and-chemicals-ltd.svg,1345.0
3800,ANJANIFIN,Anjani Finance Limited,BSE,https://s3-symbol-logo.tradingview.com/anjani-finance-ltd.svg,11.41
3805,BABAFP,Baba Food Processing (India) Limited,NSE,https://s3-symbol-logo.tradingview.com/baba-food-processi.svg,31.75
3806,LGLL,Landmark Global Learning Ltd,BSE,https://s3-symbol-logo.tradingview.com/landmark-immigration-consultan.svg,52.2
3808,PRESSTONIC,Presstonic Engineering Limited,NSE,https://s3-symbol-logo.tradingview.com/presstonic-enginee.svg,60.8
3809,JAYKAILASH,Jay Kailash Namkeen Limited,BSE,https://s3-symbol-logo.tradingview.com/jay-kailash-namkeen-limited.svg,21.99
3810,SELLOWRAP,Sellowrap Industries Limited,NSE,https://s3-symbol-logo.tradingview.com/sellowrap-industries-ltd.svg,85.0
3811,CURRENT,Current Infraprojects Limited,NSE,https://s3-symbol-logo.tradingview.com/current-infraprojects-limited.svg,142.0
3812,MEHUL,Mehul Colours Ltd.,BSE,https://s3-symbol-logo.tradingview.com/mehul-colours-limited.svg,76.0
359,PINELABS,Pine Labs Limited,NSE,PI,235.34
3813,LANCORHOL,Lancor Holdings Limited,NSE,https://s3-symbol-logo.tradingview.com/lancor-ltd.svg,24.9
3814,CAPRICORN,Capricorn Systems Global Solutions Limited,BSE,https://s3-symbol-logo.tradingview.com/capricorn-systems-global-solut.svg,21.72
3815,GOYALASS,Goyal Associates Limited,BSE,https://s3-symbol-logo.tradingview.com/goyal-associates-ltd.svg,1.03
3816,TRANSWORLD,Transworld Shipping Lines Ltd,BSE,https://s3-symbol-logo.tradingview.com/shreyas-ship-and-lo.svg,200.25
3817,SEML,Sunrise Efficient Marketing Ltd.,BSE,https://s3-symbol-logo.tradingview.com/sunrise-efficient-marketing-li.svg,280.0
3818,QUINT,Quint Digital Ltd,BSE,https://s3-symbol-logo.tradingview.com/quint-digital-limited.svg,34.49
3819,LYKISLTD,Lykis Limited,BSE,https://s3-symbol-logo.tradingview.com/lykis-limited.svg,43.2
3820,SCHAND,S Chand And Company Limited,NSE,https://s3-symbol-logo.tradingview.com/s-chand-and-company-limited.svg,164.67
351,IRCTC,Indian Railway Catering & Tourism Corp. Ltd.,NSE,https://s3-symbol-logo.tradingview.com/indian-rail-tour-corp-ltd.svg,685.6
352,MONOT,Monotype India Ltd.,BSE,https://s3-symbol-logo.tradingview.com/monotype-india-ltd.svg,0.43
353,JPASSOCIAT,Jaiprakash Associates Limited,NSE,https://s3-symbol-logo.tradingview.com/jaiprakash-associa.svg,3.8
354,JAINREC,Jain Resource Recycling Limited,NSE,https://s3-symbol-logo.tradingview.com/jain-resource-recycling-limited.svg,423.0
355,GENCON,Generic Engineering Construction & Projects Ltd.,NSE,https://s3-symbol-logo.tradingview.com/generic-engineering-constructi.svg,47.07
356,ELECTCAST,Electrosteel Castings Ltd.,NSE,https://s3-symbol-logo.tradingview.com/electrosteel-cast.svg,77.67
357,FABTECH,Fabtech Technologies Limited,NSE,https://s3-symbol-logo.tradingview.com/fabtech-technologies-cleanroom.svg,210.4
358,GREENPOWER,Orient Green Power Company Ltd,NSE,https://s3-symbol-logo.tradingview.com/orient-green-power.svg,12.04
360,OILIETF,ICICI Prudential Nifty Oil & Gas ETF,NSE,https://s3-symbol-logo.tradingview.com/icici-prudential-bank.svg,12.23
361,HBLENGINE,HBL Engineering Limited,NSE,https://s3-symbol-logo.tradingview.com/hbl-power-systems.svg,876.0
362,PULSRIN,Pulsar International Ltd,BSE,https://s3-symbol-logo.tradingview.com/pulsar-international-ltd.svg,1.28
363,OIL,Oil India Limited,NSE,https://s3-symbol-logo.tradingview.com/oil-india.svg,412.35
364,GUJTLRM,Gujarat Toolroom Limited,BSE,https://s3-symbol-logo.tradingview.com/gujarat-toolroom-ltd.svg,0.74
365,AXITA,Axita Cotton Ltd.,NSE,https://s3-symbol-logo.tradingview.com/axita-cotton-ltd.svg,12.98
401,STLTECH,Sterlite Technologies Limited,NSE,https://s3-symbol-logo.tradingview.com/sterlite-technologies.svg,105.28
403,JISLJALEQS,Jain Irrigation Systems Limited,NSE,https://s3-symbol-logo.tradingview.com/jain-irrigation-systems.svg,41.36
405,JSWCEMENT,JSW Cement Limited,NSE,https://s3-symbol-logo.tradingview.com/jsw.svg,118.64
406,JUBLFOOD,Jubilant Foodworks Limited,NSE,https://s3-symbol-logo.tradingview.com/jubilant-foodworks.svg,567.55
407,LICI,Life Insurance Corp. of India,NSE,https://s3-symbol-logo.tradingview.com/life-insurance-corporation-of-india.svg,855.8
408,GATECH,GACM Technologies Limited,BSE,https://s3-symbol-logo.tradingview.com/gacm-technologies-limited.svg,0.59
409,AKSHAR,Akshar Spintex Ltd.,NSE,https://s3-symbol-logo.tradingview.com/akshar-spintex-limited.svg,0.54
410,EXIDEIND,Exide Industries Limited,NSE,https://s3-symbol-logo.tradingview.com/exide.svg,370.65
3821,UMIYA_MRO,Umiya Buildcon Limited,NSE,https://s3-symbol-logo.tradingview.com/mro-tek-realty-limited.svg,87.98
3822,HDFCPVTBAN,HDFC Nifty Private Bank ETF Exchange Traded Fund Units,BSE,https://s3-symbol-logo.tradingview.com/hdfc-bank.svg,29.05
3823,LOTUSEYE,Lotus Eye Hospital And Institute Ltd,NSE,https://s3-symbol-logo.tradingview.com/lotus-eye-hospital-and-institu.svg,126.2
3824,ANIKINDS,Anik Industries Limited,NSE,https://s3-symbol-logo.tradingview.com/anik-industries-ltd.svg,53.02
3825,VARDHACRLC,Vardhman Acrylics Ltd.,NSE,https://s3-symbol-logo.tradingview.com/vardhaman.svg,37.76
3826,MAXIMUS,Maximus International Ltd.,BSE,https://s3-symbol-logo.tradingview.com/maximus-international-limited.svg,11.0
3827,AIRAN,Airan Ltd.,BSE,https://s3-symbol-logo.tradingview.com/airan-ltd.svg,18.58
3828,AMERISE,Amerise Biosciences Limited,BSE,https://s3-symbol-logo.tradingview.com/amerise-biosciences-limited.svg,0.63
3829,ANUROOP,Anuroop Packaging Ltd.,BSE,https://s3-symbol-logo.tradingview.com/anuroop-packaging-limited.svg,12.99
3830,FACT,Fertilizers & Chemicals Travancore Ltd.,BSE,https://s3-symbol-logo.tradingview.com/fertilizers-and-chem.svg,899.4
3831,MTARTECH,MTAR Technologies Ltd.,BSE,https://s3-symbol-logo.tradingview.com/mtar-technologies-ltd.svg,2424.25
3832,EUROBOND,Euro Panel Products Limited,NSE,https://s3-symbol-logo.tradingview.com/euro-panel-product.svg,184.0
3833,BILVYAPAR,Bil Vyapar Ltd,BSE,https://s3-symbol-logo.tradingview.com/binani-industries.svg,7.4
3834,KPEL,K.P. Energy Ltd.,BSE,https://s3-symbol-logo.tradingview.com/kp-energy-limited.svg,345.95
3835,SRD,Shankar Lal Rampal Dye-Chem Ltd.,NSE,https://s3-symbol-logo.tradingview.com/shankar-lal-rampal-dye-chem-li.svg,69.45
3836,EVERESTIND,Everest Industries Limited,NSE,https://s3-symbol-logo.tradingview.com/everest-industries.svg,510.1
3837,SHALPAINTS,Shalimar Paints Ltd,BSE,https://s3-symbol-logo.tradingview.com/shalimar-paints.svg,58.79
3838,SGLTL,Standard Glass Lining Technology Ltd.,BSE,https://s3-symbol-logo.tradingview.com/standard-glass-lining-technolo.svg,154.75
3839,GROWWPOWER,Groww BSE Power ETF units Exchange Traded Fund,BSE,https://s3-symbol-logo.tradingview.com/growwamc-growwdefnc.svg,9.78
3840,ARMANFIN,Arman Financial Services Limited,NSE,https://s3-symbol-logo.tradingview.com/arman-financial-services-ltd.svg,1480.0
3841,SHRADHA,Shradha Infraprojects Ltd.,NSE,https://s3-symbol-logo.tradingview.com/shradha-infraprojects-ltd.svg,39.36
3842,CHEMBONDCH,Chembond Chemicals Limited,NSE,https://s3-symbol-logo.tradingview.com/chembond-chemical-ltd.svg,165.5
3843,RAFL,Raghuvansh Agrofarms Ltd.,BSE,https://s3-symbol-logo.tradingview.com/raghuvansh-agrofarms-limited.svg,64.86
3844,INFOMEDIA,Infomedia Press Ltd.,NSE,https://s3-symbol-logo.tradingview.com/infomedia-press-ltd.svg,6.39
3845,NOIDATOLL,Noida Toll Bridge Co. Ltd.,BSE,https://s3-symbol-logo.tradingview.com/noida-toll-bridge-company-ltd.svg,4.34
3846,ONELIFECAP,Onelife Capital Advisors Limited,NSE,https://s3-symbol-logo.tradingview.com/onelife-capital-advisors-ltd.svg,15.45
6141,DLINKINDIA,D-Link (India) Ltd.,BSE,https://s3-symbol-logo.tradingview.com/d-link.svg,422.7
451,MID150CASE,Zerodha Nifty Midcap 150 ETF Exchange Traded Fund Units,NSE,https://s3-symbol-logo.tradingview.com/zerodha-mutual-fd.svg,11.15
452,BDL,Bharat Dynamics Ltd.,NSE,https://s3-symbol-logo.tradingview.com/bharat-dynamics-limited.svg,1434.7
453,J&KBANK,Jammu & Kashmir Bank Ltd.,NSE,https://s3-symbol-logo.tradingview.com/jammu-and-kashmir-bank.svg,99.96
454,MISHTANN,Mishtann Foods Ltd.,BSE,https://s3-symbol-logo.tradingview.com/mishtann-foods-limited.svg,4.76
455,EPACK,Epack Durable Limited,NSE,https://s3-symbol-logo.tradingview.com/epack-durable-ltd.svg,278.5
456,ACC,ACC Limited,NSE,https://s3-symbol-logo.tradingview.com/acc.svg,1763.1
457,FIRSTCRY,Brainbees Solutions Limited,NSE,https://s3-symbol-logo.tradingview.com/brainbees-solutions-ltd.svg,299.45
458,YATRA,Yatra Online Limited,NSE,https://s3-symbol-logo.tradingview.com/yatra-online.svg,177.15
459,URJA,Urja Global Limited,NSE,https://s3-symbol-logo.tradingview.com/urja-global.svg,11.07
460,UTLSOLAR,Fujiyama Power Systems Limited,NSE,https://s3-symbol-logo.tradingview.com/fujiyama-power-systems-limited.svg,207.22
461,OSIAHYPER,Osia Hyper Retail Limited,NSE,https://s3-symbol-logo.tradingview.com/osia-hyper-retail-ltd.svg,16.13
462,LIQUIDBEES,Nippon India ETF Nifty 1D Rate Liquid BeES,NSE,https://s3-symbol-logo.tradingview.com/nippon-life-india-asset.svg,1000.0
463,KOTAKBANK,Kotak Mahindra Bank Limited,NSE,https://s3-symbol-logo.tradingview.com/kotak-mahindra-bank.svg,2162.5
464,AONEGOLD,Angel One Gold ETF Units Exchange Traded Fund,NSE,https://s3-symbol-logo.tradingview.com/angel-broking.svg,12.78
465,PSUBNKBEES,Nippon India ETF Nifty PSU Bank BeES,NSE,https://s3-symbol-logo.tradingview.com/nippon-life-india-asset.svg,93.0
466,KNRCON,KNR Constructions Limited,NSE,https://s3-symbol-logo.tradingview.com/knr-constructions.svg,157.53
467,FIVESTAR,Five-Star Business Finance Limited,NSE,https://s3-symbol-logo.tradingview.com/five-star-business-finance-ltd.svg,570.0
468,SMALLCAP,Mirae Asset Nifty Smallcap 250 Momentum Quality 100 ETF Units Exchange Traded Fund,NSE,https://s3-symbol-logo.tradingview.com/mirae-asset-sec.svg,44.46
469,HEG,HEG Limited,NSE,https://s3-symbol-logo.tradingview.com/heg-ltd.svg,541.0
470,SYNCOMF,Syncom Formulation (India) Ltd.,NSE,https://s3-symbol-logo.tradingview.com/syncom-formu-i-ltd.svg,14.83
471,TMPV,Tata Motors Passenger Vehicles Ltd,BSE,https://s3-symbol-logo.tradingview.com/tata.svg,365.4
472,DBREALTY,Valor Estate Ltd,NSE,https://s3-symbol-logo.tradingview.com/db-realty-ltd.svg,123.52
474,UMAEXPORTS,Uma Exports Ltd.,NSE,https://s3-symbol-logo.tradingview.com/uma-exports-limited.svg,42.7
475,ELECTHERM,Electrotherm (India) Limited,NSE,https://s3-symbol-logo.tradingview.com/electrotherm-india-ltd.svg,936.65
476,RDBIPL,RDB Infrastructure and Power Limited,BSE,https://s3-symbol-logo.tradingview.com/rdb-real-estate-constructions.svg,57.64
3847,UMESLTD,Usha Martin Education & Solutions Limited,BSE,https://s3-symbol-logo.tradingview.com/usha-martin-education-and-soluti.svg,5.06
3848,ICIL,Indo Count Industries Limited,BSE,https://s3-symbol-logo.tradingview.com/indo-count-industries.svg,272.4
3849,STYRENIX,Styrenix Performance Materials Ltd,NSE,https://s3-symbol-logo.tradingview.com/styrenix-performance-materials.svg,2017.0
3850,KALLAM,Kallam Textiles Ltd,BSE,https://s3-symbol-logo.tradingview.com/kallam-textiles-ltd.svg,3.44
3873,SANDHAR,Sandhar Technologies Ltd.,BSE,https://s3-symbol-logo.tradingview.com/sandhar-technologi.svg,578.15
3874,ASIANPAINT,Asian Paints Ltd.,BSE,https://s3-symbol-logo.tradingview.com/asian-paints.svg,2798.45
3875,VALIANT,Valiant Communications Limited,BSE,https://s3-symbol-logo.tradingview.com/valiant-communications-ltd.svg,800.0
3876,SAFARI,Safari Industries (India) Limited,NSE,https://s3-symbol-logo.tradingview.com/safari-industries-india-ltd.svg,2197.0
3877,NAGREEKEXP,Nagreeka Exports Ltd,NSE,https://s3-symbol-logo.tradingview.com/nagreeka-exports-ltd.svg,27.44
3878,GALLANTT,Gallantt Ispat Limited,BSE,https://s3-symbol-logo.tradingview.com/gallantt-ispat-ltd.svg,513.25
3879,SVARTCORP,Swasti Vinayaka Art & Heritage Corp. Ltd.,BSE,https://s3-symbol-logo.tradingview.com/swasti-vinayaka-art-and-herita.svg,3.75
3880,ZENSARTECH,Zensar Technologies Limited,BSE,https://s3-symbol-logo.tradingview.com/zensar-technologies.svg,744.05
3881,DURLAX,Durlax Top Surface Limited,NSE,https://s3-symbol-logo.tradingview.com/durlax-top-surface-ltd.svg,41.55
3882,AVAX,Avax Apparels and Ornaments Limited,BSE,https://s3-symbol-logo.tradingview.com/avax-apparels-and-ornaments-li.svg,235.0
3883,TITAANIUM,Titaanium Ten Enterprise Ltd.,BSE,https://s3-symbol-logo.tradingview.com/titaanium-ten-enterprise-limit.svg,72.01
3884,SSFL,Srivari Spices and Foods Limited,NSE,https://s3-symbol-logo.tradingview.com/srivari-spices.svg,134.95
3885,SKP,SKP Bearing Industries Ltd.,NSE,https://s3-symbol-logo.tradingview.com/skp-bearing-indust.svg,170.0
3886,SHELTER,Shelter Pharma Ltd.,BSE,https://s3-symbol-logo.tradingview.com/shelter-pharma-limited.svg,38.5
3887,SHERA,Shera Energy Limited,NSE,https://s3-symbol-logo.tradingview.com/shera-energy-ltd.svg,132.05
3888,PCL,Prospect Consumer Products Ltd,BSE,https://s3-symbol-logo.tradingview.com/prospect-commodities-limited.svg,66.0
3889,SHIVAM,Shivam Chemicals Limited,BSE,https://s3-symbol-logo.tradingview.com/shivam-chemicals-limited.svg,64.17
3890,MAXPOSURE,Maxposure Limited,NSE,https://s3-symbol-logo.tradingview.com/maxposure-ltd.svg,47.25
3891,ASTONEALAB,Astonea Labs Limited,BSE,https://s3-symbol-logo.tradingview.com/astonea-labs-limited.svg,160.0
3892,JIWANRAM,Jiwanram Sheoduttrai Industries Ltd.,NSE,https://s3-symbol-logo.tradingview.com/jiwanram-sheoduttr.svg,6.25
3893,OMFURN,Omfurn India Ltd.,NSE,https://s3-symbol-logo.tradingview.com/omfurn-india-ltd.svg,92.5
3894,SVS,SVS Ventures Ltd.,BSE,https://s3-symbol-logo.tradingview.com/svs-ventures-limited.svg,14.8
3895,ASLIND,ASL Industries Ltd.,NSE,https://s3-symbol-logo.tradingview.com/asl-industries-ltd.svg,114.05
559,EXATO,Exato Technologies Limited,BSE,EX,410.35
501,SONACOMS,Sona BLW Precision Forgings Ltd.,NSE,https://s3-symbol-logo.tradingview.com/sona-blw-precision.svg,489.85
502,KAYNES,Kaynes Technology India Ltd.,NSE,https://s3-symbol-logo.tradingview.com/kaynes-technology-india-limite.svg,4156.0
503,GEOJITFSL,Geojit Financial Services Ltd,NSE,https://s3-symbol-logo.tradingview.com/geojit-financial-services.svg,79.55
504,METAL,Mirae Asset Nifty Metal ETF Exchange Traded Fund Units,NSE,https://s3-symbol-logo.tradingview.com/mirae-asset-sec.svg,10.81
505,AFIL,Akme Fintrade (India) Limited,NSE,https://s3-symbol-logo.tradingview.com/akme-fintrade-india-limited.svg,6.83
506,M&M,Mahindra & Mahindra Ltd.,NSE,https://s3-symbol-logo.tradingview.com/mahindra.svg,3623.5
507,CONCOR,Container Corporation of India Limited,NSE,https://s3-symbol-logo.tradingview.com/container.svg,516.9
551,MOSMALL250,Motilal Oswal Nifty Smallcap 250 ETF Units Exchange Traded Fund,NSE,https://s3-symbol-logo.tradingview.com/motilal.svg,16.72
552,DIXON,Dixon Technologies (India) Ltd.,NSE,https://s3-symbol-logo.tradingview.com/dixon-technologie.svg,12831.0
553,ALPHA,Kotak Nifty Alpha 50 ETF,NSE,https://s3-symbol-logo.tradingview.com/kotak-mahindra-ast.svg,48.9
554,MARICO,Marico Limited,NSE,https://s3-symbol-logo.tradingview.com/marico.svg,729.3
555,TRIVENI,Triveni Engineering and Industries Limited,NSE,https://s3-symbol-logo.tradingview.com/triveni-engineering-and-industries.svg,396.5
556,KALAMANDIR,Sai Silks (Kalamandir) Ltd.,NSE,https://s3-symbol-logo.tradingview.com/sai-silks-kalamandir-l.svg,156.85
557,INVENTURE,Inventure Growth & Securities Ltd.,NSE,https://s3-symbol-logo.tradingview.com/inventure-growth-and.svg,1.21
558,JSWENERGY,JSW Energy Limited,NSE,https://s3-symbol-logo.tradingview.com/jsw-energy.svg,484.0
560,NV20IETF,ICICI Prudential Nifty50 Value 20 ETF,NSE,https://s3-symbol-logo.tradingview.com/icici-prudential-bank.svg,15.19
561,CANBK,Canara Bank,BSE,https://s3-symbol-logo.tradingview.com/canara-bank.svg,150.35
563,REFEX,Refex Industries Limited,NSE,https://s3-symbol-logo.tradingview.com/refex-industries-l.svg,272.25
564,TVTODAY,TV Today Network Ltd.,NSE,https://s3-symbol-logo.tradingview.com/tv-today-network.svg,134.43
566,TARC,TARC Limited,NSE,https://s3-symbol-logo.tradingview.com/tarc-limited.svg,149.68
567,BAJAJHFL,Bajaj Housing Finance Ltd.,BSE,https://s3-symbol-logo.tradingview.com/bajaj-finance.svg,96.0
568,YAMNINV,Yamini Investments Co. Ltd.,BSE,https://s3-symbol-logo.tradingview.com/yamini-investments-company-ltd.svg,0.68
569,NHPC,NHPC Limited,BSE,https://s3-symbol-logo.tradingview.com/nhpc.svg,78.5
570,GROWWGOLD,Groww Gold ETF Units Exchange Traded Fund,NSE,https://s3-symbol-logo.tradingview.com/growwamc-growwdefnc.svg,134.06
571,IIFLCAPS,IIFL Capital Services Ltd,NSE,https://s3-symbol-logo.tradingview.com/iifl.svg,333.4
3896,FAALCON,Faalcon Concepts Ltd.,BSE,https://s3-symbol-logo.tradingview.com/faalcon-concepts-limited.svg,43.8
3897,CHEMKART,Chemkart India Ltd.,BSE,https://s3-symbol-logo.tradingview.com/chemkart-india-limited.svg,106.0
3898,TARINI,Tarini International Ltd,BSE,https://s3-symbol-logo.tradingview.com/tarini-international-ltd.svg,12.47
3899,MANOJJEWEL,Manoj Jewellers Limited,BSE,https://s3-symbol-logo.tradingview.com/manoj-jewellers-limited.svg,49.65
3900,3BFILMS,3B Films Limited,BSE,https://s3-symbol-logo.tradingview.com/3b-films-limited.svg,29.0
3919,NPFL,Neopolitan Pizza and Foods Limited,BSE,https://s3-symbol-logo.tradingview.com/neopolitan-pizza-and-foods-lim.svg,10.05
3920,JETMALL,Jetmall Spices & Masala Ltd.,BSE,https://s3-symbol-logo.tradingview.com/jetmall-spices-and-masala-limi.svg,38.23
3921,DKEGL,D.K. Enterprises Global Limited,NSE,https://s3-symbol-logo.tradingview.com/dk-enterprises-glo.svg,79.0
3922,MEGATHERM,Megatherm Induction Limited,NSE,https://s3-symbol-logo.tradingview.com/megatherm-inductio.svg,228.55
3923,ATENPAPERS,Aten Papers & Foam Limited,BSE,https://s3-symbol-logo.tradingview.com/aten-papers-and-foam-limited.svg,27.85
3924,BROACH,Broach Lifecare Hospital Limited,BSE,https://s3-symbol-logo.tradingview.com/broach-lifecare-hospital-limit.svg,13.31
3925,SHRITECH,Shri Techtex Limited,NSE,https://s3-symbol-logo.tradingview.com/shri-techtex-ltd.svg,60.0
3926,MARCO,Marco Cables & Conductors Ltd.,NSE,https://s3-symbol-logo.tradingview.com/marco-cables-and-con.svg,40.5
3927,GBLOGISTIC,GB Logistics Commerce Limited,BSE,https://s3-symbol-logo.tradingview.com/gb-logistics-commerce-limited.svg,48.5
3928,FRASER,Fraser & Company Limited,BSE,https://s3-symbol-logo.tradingview.com/fraser-and-company-limited.svg,11.14
3929,RSWM,RSWM Ltd,NSE,https://s3-symbol-logo.tradingview.com/rswm.svg,151.43
3930,PRITI,Priti International Ltd.,NSE,https://s3-symbol-logo.tradingview.com/priti-international-ltd.svg,58.62
3931,UMESLTD,Usha Martin Education & Solutions Limited,NSE,https://s3-symbol-logo.tradingview.com/usha-martin-education-and-soluti.svg,5.02
3932,DMART,Avenue Supermarts Ltd.,BSE,https://s3-symbol-logo.tradingview.com/avenue-supermarts.svg,3833.2
3933,THOMASCOTT,Thomas Scott (India) Limited,NSE,https://s3-symbol-logo.tradingview.com/thomas-scott-india-limited.svg,334.1
3934,RITCO,Ritco Logistics Ltd.,NSE,https://s3-symbol-logo.tradingview.com/ritco-logistics-limited.svg,277.2
3935,SANOFI,Sanofi India Limited,NSE,https://s3-symbol-logo.tradingview.com/sanofi.svg,4086.9
3936,20MICRONS,20 Microns Limited,BSE,https://s3-symbol-logo.tradingview.com/20-microns-ltd.svg,198.0
3937,BGIL,BGIL Films & Technologies Limited,BSE,https://s3-symbol-logo.tradingview.com/bgil-films-and-technologies-ltd.svg,12.29
3938,EMAMIPAP,Emami Paper Mills Limited,NSE,https://s3-symbol-logo.tradingview.com/emami-paper-mills-ltd.svg,87.02
3939,NEXT50,Mirae Asset Nifty Next 50 ETF Units Exchange Traded Fund,NSE,https://s3-symbol-logo.tradingview.com/mirae-asset-sec.svg,708.61
3940,UCIL,Unifinz Capital India Limited,BSE,https://s3-symbol-logo.tradingview.com/unifinz-capital-india-limited.svg,104.0
3941,HYPERSOFT,Hypersoft Technologies Ltd.,BSE,https://s3-symbol-logo.tradingview.com/hypersoft-technologies-limited.svg,66.24
3942,INDCEMCAP,India Cements Capital Limited,BSE,https://s3-symbol-logo.tradingview.com/india-cements-capital-ltd.svg,14.0
3943,GANDHAR,Gandhar Oil Refinery (India) Limited,BSE,https://s3-symbol-logo.tradingview.com/gandhar-oil-refine-ind-l.svg,147.4
3944,KANDAGIRI,Kandagiri Spinning Mills Limited,BSE,https://s3-symbol-logo.tradingview.com/kandagiri-spinning-mills-ltd.svg,48.7
601,TEJASNET,Tejas Networks Ltd.,NSE,https://s3-symbol-logo.tradingview.com/tejas-networks.svg,455.7
602,EASEMYTRIP,Easy Trip Planners Ltd.,BSE,https://s3-symbol-logo.tradingview.com/easy-trip-planners-limited.svg,7.6
603,RAJOOENG,Rajoo Engineers Limited,NSE,https://s3-symbol-logo.tradingview.com/rajoo-engineers-ltd.svg,63.61
604,GATEWAY,Gateway Distriparks Limited,NSE,https://s3-symbol-logo.tradingview.com/gateway-distriparks-limited.svg,63.08
605,BALAJITELE,Balaji Telefilms Limited,NSE,https://s3-symbol-logo.tradingview.com/balaji-telefilms.svg,111.15
606,SML100CASE,Zerodha Nifty Smallcap 100 ETF Exchange Traded Fund Units,NSE,https://s3-symbol-logo.tradingview.com/zerodha-mutual-fd.svg,9.98
607,JINDRILL,Jindal Drilling & Industries Ltd.,NSE,https://s3-symbol-logo.tradingview.com/jindal-drilling-and-industries-l.svg,551.65
608,RATNAVEER,Ratnaveer Precision Engineering Ltd.,NSE,https://s3-symbol-logo.tradingview.com/ratnaveer-precision-engineerin.svg,164.36
609,SEQUENT,Sequent Scientific Limited,NSE,https://s3-symbol-logo.tradingview.com/sequent.svg,218.1
610,TUNITEX,Tuni Textile Mills Limited,BSE,https://s3-symbol-logo.tradingview.com/tuni-textile-mills-ltd.svg,1.29
611,DDIL,Deep Diamond India Ltd.,BSE,https://s3-symbol-logo.tradingview.com/deep-diamond-india-limited.svg,6.79
612,AAYUSH,Aayush Wellness Ltd,BSE,https://s3-symbol-logo.tradingview.com/aayush-wellness-ltd.svg,52.43
613,POLICYBZR,PB Fintech Limited,NSE,https://s3-symbol-logo.tradingview.com/pb-fintech.svg,1915.0
614,ORIENTCEM,Orient Cement Ltd.,BSE,https://s3-symbol-logo.tradingview.com/orient-cement.svg,172.0
615,GTL,GTL Limited,NSE,https://s3-symbol-logo.tradingview.com/gtl-ltd.svg,8.18
616,DHARAN,Dharan Infra-EPC Ltd,BSE,https://s3-symbol-logo.tradingview.com/kbc-global-limited.svg,0.27
617,GODREJCP,Godrej Consumer Products Limited,NSE,https://s3-symbol-logo.tradingview.com/godrej.svg,1198.0
618,EBIX,Eraaya Lifespaces Ltd,BSE,https://s3-symbol-logo.tradingview.com/eraaya-lifespaces-limited.svg,28.89
621,CUPID,Cupid Limited,BSE,https://s3-symbol-logo.tradingview.com/cupid-ltd.svg,465.5
651,JINDALSTEL,Jindal Steel Limited,NSE,https://s3-symbol-logo.tradingview.com/jindal.svg,1014.5
652,BCLIND,BCL Industries Ltd,NSE,https://s3-symbol-logo.tradingview.com/bcl-industries-limited.svg,32.3
3945,COUNCODOS,Country Condo's Limited,BSE,https://s3-symbol-logo.tradingview.com/country-condos-ltd.svg,5.51
3946,COMPUSOFT,Compucom Software Limited,BSE,https://s3-symbol-logo.tradingview.com/compucom-software-ltd.svg,16.35
3947,EIMCOELECO,Eimco Elecon (India) Ltd.,NSE,https://s3-symbol-logo.tradingview.com/eimco-elecon-india.svg,1565.5
3948,RHIM,RHI Magnesita India Limited,BSE,https://s3-symbol-logo.tradingview.com/rhi-magnesita-india.svg,452.9
3949,MANCREDIT,Mangal Credit & Fincorp Ltd.,BSE,https://s3-symbol-logo.tradingview.com/mangal-credit-and-fincorp-ltd.svg,170.75
3950,RMC,RMC Switchgears Ltd.,BSE,https://s3-symbol-logo.tradingview.com/rmc-switchgears-limited.svg,423.05
3954,SPENTA,Spenta International Limited,BSE,https://s3-symbol-logo.tradingview.com/spenta-international-ltd.svg,99.4
3955,KACL,Kaiser Corporation Limited,BSE,https://s3-symbol-logo.tradingview.com/kaiser-limited.svg,4.68
3956,FAZE3Q,Faze Three Ltd.,NSE,https://s3-symbol-logo.tradingview.com/faze-three-ltd.svg,449.05
3957,TELECANOR,TeleCanor Global Limited,BSE,https://s3-symbol-logo.tradingview.com/telecanor-global-ltd.svg,33.34
3958,GOKUL,Gokul Refoils & Solvent Ltd.,NSE,https://s3-symbol-logo.tradingview.com/gokul-refoils-and-solvent-ltd.svg,38.75
3959,NV20,Kotak Nifty 50 value 20 ETF,NSE,https://s3-symbol-logo.tradingview.com/country/IN.svg,155.9
3960,OMNIAX,Omni Ax's Software Ltd.,BSE,https://s3-symbol-logo.tradingview.com/omni-axs-software-ltd.svg,4.07
3961,VASINFRA,Vas Infrastructure Limited,BSE,https://s3-symbol-logo.tradingview.com/vas-infrastructure-ltd.svg,14.15
3962,TICL,Twamev Construction And Infrastructure Limited,BSE,https://s3-symbol-logo.tradingview.com/tantia-constructions-ltd.svg,23.75
3963,GARWAMAR,Garware Marine Industries Limited,BSE,https://s3-symbol-logo.tradingview.com/garware-marine-industries-ltd.svg,28.27
3964,TARAPUR,Tarapur Transformers Limited,NSE,https://s3-symbol-logo.tradingview.com/tarapur-transformers-ltd.svg,29.32
3965,SUPRAPFSL,Supra Pacific Financial Services Ltd,BSE,https://s3-symbol-logo.tradingview.com/supra-pacific-financial-servic.svg,27.17
3966,SCHNEIDER,Schneider Electric Infrastructure Limited,BSE,https://s3-symbol-logo.tradingview.com/schneider.svg,740.8
3967,LINDEINDIA,Linde India Ltd.,NSE,https://s3-symbol-logo.tradingview.com/linde.svg,5900.0
3968,GODREJCP,Godrej Consumer Products Limited,BSE,https://s3-symbol-logo.tradingview.com/godrej.svg,1203.1
3969,GEETANJ,Geetanjali Credit & Capital Ltd.,BSE,https://s3-symbol-logo.tradingview.com/geetanjali-credit-and-capital.svg,4.98
3970,VILAS,Vilas Transcore Limited,NSE,https://s3-symbol-logo.tradingview.com/vilas-transcore-ltd.svg,400.0
694,CAMS,Computer Age Management Services Ltd,NSE,CA,760.1
701,URBANCO,Urban Company Limited,BSE,https://s3-symbol-logo.tradingview.com/urban-company-limited.svg,125.6
702,MOBIKWIK,One Mobikwik Systems Limited,NSE,https://s3-symbol-logo.tradingview.com/one-mobikwik-systems-limited.svg,236.36
703,MANKIND,Mankind Pharma Ltd.,NSE,https://s3-symbol-logo.tradingview.com/mankind-pharma-limited.svg,2224.2
704,RADHIKAJWE,Radhika Jeweltech Ltd,NSE,https://s3-symbol-logo.tradingview.com/radhika-jeweltech-ltd.svg,76.88
705,REDINGTON,Redington Limited,NSE,https://s3-symbol-logo.tradingview.com/redington-india.svg,274.85
706,LGEINDIA,LG Electronics India Limited,NSE,https://s3-symbol-logo.tradingview.com/lg-display.svg,1564.3
707,WOCKPHARMA,Wockhardt Limited,NSE,https://s3-symbol-logo.tradingview.com/wockhardt.svg,1439.0
708,PVVINFRA,PVV Infra Limited,BSE,https://s3-symbol-logo.tradingview.com/pvv-infra-limited.svg,4.86
709,BLUECLOUDS,Blue Cloud Softech Solutions Ltd.,BSE,https://s3-symbol-logo.tradingview.com/blue-cloud-softech-solutions-l.svg,24.45
710,DISHTV,Dish TV India Limited,BSE,https://s3-symbol-logo.tradingview.com/dish-tv-india.svg,3.99
711,FISCHER,Fischer Medical Ventures Ltd,NSE,https://s3-symbol-logo.tradingview.com/fischer-medical-ventures-ltd.svg,43.06
712,JAYBARMARU,Jay Bharat Maruti Limited,NSE,https://s3-symbol-logo.tradingview.com/jay-bharat-maruti.svg,93.58
713,RALLIS,Rallis India Limited,BSE,https://s3-symbol-logo.tradingview.com/rallis-india.svg,275.0
714,NAVKARURB,Navkar Urbanstructure Limited,BSE,https://s3-symbol-logo.tradingview.com/navkar-urbanstructure-limited.svg,1.27
715,NAVKARCORP,Navkar Corporation Ltd,NSE,https://s3-symbol-logo.tradingview.com/navkar.svg,105.06
717,MOL,Meghmani Organics Limited,NSE,https://s3-symbol-logo.tradingview.com/meghmani-organics.svg,65.79
719,BANKBARODA,Bank of Baroda,BSE,https://s3-symbol-logo.tradingview.com/bank-of-baroda.svg,292.8
720,MOTILALOFS,Motilal Oswal Financial Services Limited,NSE,https://s3-symbol-logo.tradingview.com/motilal.svg,878.85
721,ATGL,Adani Total Gas Ltd.,NSE,https://s3-symbol-logo.tradingview.com/adani.svg,564.3
722,TILAK,Tilak Ventures Ltd,BSE,https://s3-symbol-logo.tradingview.com/tilak-ventures-limited.svg,1.94
725,EIEL,Enviro Infra Engineers Limited,NSE,https://s3-symbol-logo.tradingview.com/enviro-infra-engineers-limited.svg,208.69
726,ASHOKLEY,Ashok Leyland Limited,BSE,https://s3-symbol-logo.tradingview.com/ashok-leyland.svg,176.9
727,SKYGOLD,Sky Gold and Diamonds Limited,NSE,https://s3-symbol-logo.tradingview.com/sky-gold-limited.svg,333.4
728,PARACABLES,Paramount Communications Limited,NSE,https://s3-symbol-logo.tradingview.com/paramount-communic.svg,35.59
729,LICHSGFIN,LIC Housing Finance Ltd,NSE,https://s3-symbol-logo.tradingview.com/lic-housing.svg,534.6
730,BLKASHYAP,B.L. Kashyap & Sons Ltd.,NSE,https://s3-symbol-logo.tradingview.com/blkashyap-and-sons-ltd.svg,52.23
733,HINDZINC,Hindustan Zinc Limited,BSE,https://s3-symbol-logo.tradingview.com/hindustan-zinc.svg,608.6
734,ITC,ITC Limited,BSE,https://s3-symbol-logo.tradingview.com/itc.svg,404.6
3971,SAILIFE,SAI Life Sciences Ltd.,BSE,https://s3-symbol-logo.tradingview.com/sai-life-sciences-ltd.svg,901.65
3972,AAVAS,Aavas Financiers Ltd.,BSE,https://s3-symbol-logo.tradingview.com/aavas-financiers.svg,1466.25
3973,MANINFRA,Man Infraconstruction Limited,BSE,https://s3-symbol-logo.tradingview.com/man-infraconstruct.svg,130.8
3974,MEP,MEP Infrastructure Developers Ltd.,BSE,https://s3-symbol-logo.tradingview.com/mep-infrastructure.svg,2.07
3975,VALIANTLAB,Valiant Laboratories Ltd.,NSE,https://s3-symbol-logo.tradingview.com/valiant-laboratories-ltd.svg,69.75
3976,GGBL,Ganesh Green Bharat Limited,NSE,https://s3-symbol-logo.tradingview.com/ganesh-green-bharat-ltd.svg,330.0
3977,AGRITECH,Agri-Tech (India) Ltd.,NSE,https://s3-symbol-logo.tradingview.com/agri-tech-india-ltd.svg,162.0
3978,NAHARPOLY,Nahar Poly Films Limited,NSE,https://s3-symbol-logo.tradingview.com/nahar-capital-and.svg,250.1
3979,PVP,PVP Ventures Limited,BSE,https://s3-symbol-logo.tradingview.com/pvp-ventures-ltd.svg,33.7
3980,JMJFIN,JMJ Fintech Limited,BSE,https://s3-symbol-logo.tradingview.com/jmj-fintech-limited.svg,15.82
3981,AVI,AVI Polymers Ltd.,BSE,https://s3-symbol-logo.tradingview.com/avi-polymers-ltd.svg,18.63
3982,UNIVAFOODS,Univa Foods Limited,NSE,https://s3-symbol-logo.tradingview.com/univa-foods-ltd.svg,14.24
3983,ARROWGREEN,Arrow Greentech Limited,NSE,https://s3-symbol-logo.tradingview.com/arrow-greentech-limited.svg,513.6
3984,AIRTELPP,Bharti Airtel Limited TEMP,BSE,https://s3-symbol-logo.tradingview.com/airtel.svg,1704.4
3985,MONQ50,Motilal Oswal Nasdaq Q 50 ETF Exchange Traded Fund Units,BSE,https://s3-symbol-logo.tradingview.com/motilal.svg,99.58
3986,SIGNATURE,Signatureglobal (India) Limited,BSE,https://s3-symbol-logo.tradingview.com/signatureglobal-india-ltd.svg,1140.05
753,PAJSON,Pajson Agro India Ltd.,BSE,PA,150.65
3987,FLORACORP,Flora Corp. Ltd.,BSE,https://s3-symbol-logo.tradingview.com/flora-limited.svg,8.34
3988,MASTERTR,Master Trust Limited,BSE,https://s3-symbol-logo.tradingview.com/master-trust-ltd.svg,117.55
3989,COHANCE,Cohance Lifesciences Ltd,BSE,https://s3-symbol-logo.tradingview.com/suven-pharmaceuticals-ltd.svg,535.8
3990,BROOKS,Brooks Laboratories Limited,NSE,https://s3-symbol-logo.tradingview.com/brooks-laboratories-ltd.svg,93.98
3991,DUCOL,Ducol Organics & Colours Ltd.,NSE,https://s3-symbol-logo.tradingview.com/ducol-organics-and.svg,154.8
3992,URBAN,Urban Enviro Waste Management Limited,NSE,https://s3-symbol-logo.tradingview.com/urban-enviro-waste.svg,150.0
3993,VEEFIN,Veefin Solutions Ltd.,BSE,https://s3-symbol-logo.tradingview.com/veefin-solutions-limited.svg,365.6
3994,AADHARHFC,Aadhar Housing Finance Ltd,BSE,https://s3-symbol-logo.tradingview.com/aadhar-housing-finance-limited.svg,482.05
3995,INDOCITY,Indo-City Infotech Limited,BSE,https://s3-symbol-logo.tradingview.com/indo-city-infotech-ltd.svg,13.48
3996,ZYDUSWELL,Zydus Wellness Limited,BSE,https://s3-symbol-logo.tradingview.com/zydus-wellness-limited.svg,422.7
3997,DCMNVL,DCM Nouvelle Ltd.,NSE,https://s3-symbol-logo.tradingview.com/dcm-nouvelle-ltd.svg,127.6
751,PFOCUS,Prime Focus Limited,BSE,https://s3-symbol-logo.tradingview.com/prime-focus.svg,230.0
752,PTC,PTC India Limited,NSE,https://s3-symbol-logo.tradingview.com/ptc-india.svg,159.25
754,SJVN,SJVN Limited,BSE,https://s3-symbol-logo.tradingview.com/sjvn.svg,75.15
755,IDFCFIRSTB,IDFC First Bank Ltd.,BSE,https://s3-symbol-logo.tradingview.com/idfc-first-bank.svg,85.21
757,UNITECH,Unitech Limited,BSE,https://s3-symbol-logo.tradingview.com/unitech-ltd.svg,5.83
758,MOTHERSON,Samvardhana Motherson International Limited,BSE,https://s3-symbol-logo.tradingview.com/motherson.svg,120.35
759,SHISHIND,Shish Industries Ltd.,BSE,https://s3-symbol-logo.tradingview.com/shish-industries-limited.svg,15.45
760,CCCL,Consolidated Construction Consortium Limited,NSE,https://s3-symbol-logo.tradingview.com/consolidated-construction-cons.svg,18.28
761,SWANCORP,Swan Corp Limited,NSE,https://s3-symbol-logo.tradingview.com/swan-energy-ltd.svg,464.45
762,POONAWALLA,Poonawalla Fincorp Limited,NSE,https://s3-symbol-logo.tradingview.com/poonawalla-fincorp.svg,469.0
763,FACT,Fertilizers & Chemicals Travancore Ltd.,NSE,https://s3-symbol-logo.tradingview.com/fertilizers-and-chem.svg,902.6
765,FSL,Firstsource Solutions Limited,NSE,https://s3-symbol-logo.tradingview.com/firstsource-solutions.svg,351.5
801,ASTERDM,Aster DM Healthcare Ltd.,NSE,https://s3-symbol-logo.tradingview.com/aster-dm-healthcare.svg,595.0
802,GREENPLY,Greenply Industries Ltd,NSE,https://s3-symbol-logo.tradingview.com/greenply.svg,261.2
803,BHARATFORG,Bharat Forge Ltd,NSE,https://s3-symbol-logo.tradingview.com/bharat-forge.svg,1461.4
804,AEROENTER,Aeroflex Enterprises Ltd,NSE,https://s3-symbol-logo.tradingview.com/sat-industries-ltd.svg,88.9
805,UJJIVANSFB,Ujjivan Small Finance Bank Ltd.,BSE,https://s3-symbol-logo.tradingview.com/ujjivan-small-financ-bank.svg,53.3
806,AURUM,Aurum Proptech Limited,NSE,https://s3-symbol-logo.tradingview.com/aurum-proptech.svg,185.1
807,SURYAROSNI,Surya Roshni Limited,NSE,https://s3-symbol-logo.tradingview.com/surya-roshni-ltd.svg,271.95
808,VIMTALABS,Vimta Labs Limited,NSE,https://s3-symbol-logo.tradingview.com/vimta-laboratories.svg,636.65
809,MMLF,Money Masters Leasing & Finance Ltd.,BSE,https://s3-symbol-logo.tradingview.com/money-masters-leasing-and-financ.svg,0.78
810,CESC,CESC Ltd,NSE,https://s3-symbol-logo.tradingview.com/cesc.svg,168.07
811,AWHCL,Antony Waste Handling Cell Ltd.,BSE,https://s3-symbol-logo.tradingview.com/antony-waste-handling.svg,540.7
812,INTERDIGI,Interworld Digital Limited,BSE,https://s3-symbol-logo.tradingview.com/interworld-digital-ltd.svg,0.29
813,BCG,Brightcom Group Limited,BSE,https://s3-symbol-logo.tradingview.com/brightcom-group.svg,10.94
814,GAEL,Gujarat Ambuja Exports Limited,NSE,https://s3-symbol-logo.tradingview.com/gujarat-ambuja-exports.svg,121.04
3998,IPL,India Pesticides Ltd.,BSE,https://s3-symbol-logo.tradingview.com/india-pesticides.svg,175.0
3999,EXXARO,Exxaro Tiles Ltd.,BSE,https://s3-symbol-logo.tradingview.com/exxaro-tiles-ltd.svg,8.18
4000,AARVI,Aarvi Encon Ltd.,NSE,https://s3-symbol-logo.tradingview.com/aarvi-encon-ltd.svg,130.0
4033,BEEYU,Beeyu Overseas Ltd.,BSE,https://s3-symbol-logo.tradingview.com/beeyu-overseas-ltd.svg,2.95
4034,EIHOTEL,EIH Limited,BSE,https://s3-symbol-logo.tradingview.com/eih.svg,366.7
4035,REMIEDEL,Remi Edelstahl Tubulars Limited,BSE,https://s3-symbol-logo.tradingview.com/remi-edelstahl-tubulars-limite.svg,142.45
4036,GSLSU,Global Surfaces Limited,NSE,https://s3-symbol-logo.tradingview.com/global-surfaces-ltd.svg,107.14
4037,DEVX,Dev Accelerator Limited,BSE,https://s3-symbol-logo.tradingview.com/dev-accelerator-limited.svg,42.23
4038,QUESS,Quess Corp. Ltd.,BSE,https://s3-symbol-logo.tradingview.com/quess.svg,210.25
4039,BMWVENTLTD,Bmw Ventures Limited,BSE,https://s3-symbol-logo.tradingview.com/bmw-ventures-limited.svg,58.54
4040,ASRL,Add-Shop E-Retail Ltd.,BSE,https://s3-symbol-logo.tradingview.com/add-shop-e-retail-limited.svg,8.71
4041,BLACKROSE,Black Rose Industries Limited,BSE,https://s3-symbol-logo.tradingview.com/black-rose-industries-ltd.svg,96.0
4042,DIVSHKT,Divyashakti Limited,BSE,https://s3-symbol-logo.tradingview.com/divyashakti-limited.svg,54.59
4043,PIONEEREMB,Pioneer Embroideries Limited,NSE,https://s3-symbol-logo.tradingview.com/pioneer-embroideries-ltd.svg,30.1
4044,CTL,Capital Trade Links Ltd,BSE,https://s3-symbol-logo.tradingview.com/capital-trade-links-ltd.svg,27.65
4045,PEARLPOLY,Pearl Polymers Limited,NSE,https://s3-symbol-logo.tradingview.com/pearl-polymers.svg,22.35
4046,SUPERSPIN,Super Spinning Mills Limited,NSE,https://s3-symbol-logo.tradingview.com/super-spinning-mills-ltd.svg,8.43
4047,AMJLAND,AMJ Land Holdings Ltd.,NSE,https://s3-symbol-logo.tradingview.com/amj-land-limited.svg,52.18
4048,SGL,STL Global Limited,NSE,https://s3-symbol-logo.tradingview.com/standard-group.svg,12.92
4049,OSWALAGRO,Oswal Agro Mills Ltd.,BSE,https://s3-symbol-logo.tradingview.com/oswal-agro-mills-ltd.svg,58.85
4050,BSLNIFTY,Aditya Birla Sun Life Nifty 50 ETF,BSE,https://s3-symbol-logo.tradingview.com/aditya-birla-fash.svg,30.46
4062,OCCLLTD,OCCL Limited,BSE,https://s3-symbol-logo.tradingview.com/occl-limited.svg,103.95
4063,JPOLYINVST,Jindal Poly Investment and Finance Co. Ltd.,NSE,https://s3-symbol-logo.tradingview.com/jindal-poly-inv-and.svg,1079.5
4064,BHARATWIRE,Bharat Wire Ropes Ltd.,BSE,https://s3-symbol-logo.tradingview.com/bharat-wire-ropes.svg,183.05
4065,RAMCOCEM,Ramco Cements Limited,BSE,https://s3-symbol-logo.tradingview.com/ramco-cements.svg,1042.7
4066,CMSINFO,CMS Info Systems Ltd.,BSE,https://s3-symbol-logo.tradingview.com/cms-info-systems-limited.svg,349.05
4067,RNBDENIMS,R&B Denims Ltd,NSE,https://s3-symbol-logo.tradingview.com/randb-denims-ltd.svg,119.15
4068,MORARJEE,Morarjee Textiles Limited,NSE,https://s3-symbol-logo.tradingview.com/morarjee-textiles.svg,8.01
4069,BANKBEES,Nippon India ETF Nifty Bank BeES,BSE,https://s3-symbol-logo.tradingview.com/nippon-life-india-asset.svg,611.08
4070,PRIMIND,Prime Industries Limited,BSE,https://s3-symbol-logo.tradingview.com/prime-industries-ltd.svg,42.01
851,SHAREINDIA,Share India Securities Ltd,NSE,https://s3-symbol-logo.tradingview.com/share-ind-securities-ltd.svg,174.18
852,ONMOBILE,OnMobile Global Limited,NSE,https://s3-symbol-logo.tradingview.com/onmobile-global-ltd.svg,60.51
853,UFBL,United Foodbrands Limited,NSE,https://s3-symbol-logo.tradingview.com/barbeque-nation-hosp-ltd.svg,188.76
854,AUTOIETF,ICICI Prudential Nifty Auto ETF,NSE,https://s3-symbol-logo.tradingview.com/icici-prudential-bank.svg,28.64
855,PVP,PVP Ventures Limited,NSE,https://s3-symbol-logo.tradingview.com/pvp-ventures-ltd.svg,33.51
856,AEGISVOPAK,Aegis Vopak Terminals Limited,NSE,https://s3-symbol-logo.tradingview.com/aegis-vopak-terminals-ltd.svg,249.3
857,SPCENET,Spacenet Enterprises India Ltd.,NSE,https://s3-symbol-logo.tradingview.com/spacenet-enterpris.svg,6.84
858,MPHASIS,Mphasis Limited,NSE,https://s3-symbol-logo.tradingview.com/mphasis.svg,2924.3
859,UNITDSPR,United Spirits Limited,NSE,https://s3-symbol-logo.tradingview.com/united-spirits.svg,1434.6
860,BIOGEN,Biogen Pharmachem Industries Limited,BSE,https://s3-symbol-logo.tradingview.com/biogen-pharmachem-industries-l.svg,0.71
861,CENTRALBK,Central Bank of India,BSE,https://s3-symbol-logo.tradingview.com/central-bank-of-india.svg,37.09
862,BHARATWIRE,Bharat Wire Ropes Ltd.,NSE,https://s3-symbol-logo.tradingview.com/bharat-wire-ropes.svg,182.88
863,DELHIVERY,Delhivery Limited,BSE,https://s3-symbol-logo.tradingview.com/delhivery-limited.svg,411.7
864,CRAMC,Canara Robeco Asset Management Co. Ltd.,NSE,https://s3-symbol-logo.tradingview.com/canara-robeco-amc-ltd.svg,302.55
865,CHOLAFIN,Cholamandalam Investment and Finance Co. Ltd.,BSE,https://s3-symbol-logo.tradingview.com/cholamandalam.svg,1694.9
866,ARKADE,Arkade Developers Limited,NSE,https://s3-symbol-logo.tradingview.com/arkade-developers-limited.svg,138.63
867,SHREEJISPG,Shreeji Shipping Global Limited,NSE,https://s3-symbol-logo.tradingview.com/shreeji-shipping-global-limited.svg,324.95
868,HDBFS,HDB Financial Services Limited,NSE,https://s3-symbol-logo.tradingview.com/hdb-financial-services-l.svg,761.25
869,NTPC,NTPC Limited,BSE,https://s3-symbol-logo.tradingview.com/ntpc.svg,324.3
870,VISAGAR,Visagar Financial Services Limited,BSE,https://s3-symbol-logo.tradingview.com/visagar-polytex-ltd.svg,0.43
871,SHALBY,Shalby Ltd.,NSE,https://s3-symbol-logo.tradingview.com/shalby-limited.svg,198.5
872,SHIVAMAUTO,Shivam Autotech Limited,NSE,https://s3-symbol-logo.tradingview.com/shivam-autotech-ltd.svg,25.23
873,PRAKASHSTL,Prakash Steelage Limited,NSE,https://s3-symbol-logo.tradingview.com/prakash-steelage-ltd.svg,4.0
874,WELCORP,Welspun Corp Limited,NSE,https://s3-symbol-logo.tradingview.com/welspun.svg,817.0
4071,OSELDEVICE,Osel Devices Limited,NSE,https://s3-symbol-logo.tradingview.com/osel-devices-ltd.svg,568.0
4072,PRIZOR,Prizor Viztech Ltd.,NSE,https://s3-symbol-logo.tradingview.com/prizor-viztech-ltd.svg,291.5
4073,RHL,Robust Hotels Ltd.,NSE,https://s3-symbol-logo.tradingview.com/robust-hotels-limited.svg,194.61
4074,GLCL,Globe Commercials Ltd.,BSE,https://s3-symbol-logo.tradingview.com/globe-commercials-limited.svg,21.18
4075,AARTIDRUGS,Aarti Drugs Limited,BSE,https://s3-symbol-logo.tradingview.com/aarti-drugs.svg,396.75
4076,ACESOFT,Ace Software Exports Limited,BSE,https://s3-symbol-logo.tradingview.com/ace-software-exports-ltd.svg,199.5
4077,BANKBETF,Bajaj Finserv Nifty Bank ETF Units Exchange Traded Fund,NSE,https://s3-symbol-logo.tradingview.com/bajaj-finserv-mutual-fund.svg,60.01
4078,ITETF,Mirae Asset Nifty IT ETF Exchange Traded Fund Units,BSE,https://s3-symbol-logo.tradingview.com/mirae-asset-sec.svg,41.06
4079,BIKAJI,Bikaji Foods International Ltd.,BSE,https://s3-symbol-logo.tradingview.com/bikaji-foods-intern-ltd.svg,747.15
4080,IMAGICAA,Imagicaaworld Entertainment Ltd.,BSE,https://s3-symbol-logo.tradingview.com/imagicaaworld-ent-ltd.svg,49.34
4081,PVTBANIETF,ICICI Prudential Nifty Private Bank ETF,BSE,https://s3-symbol-logo.tradingview.com/icici-prudential-bank.svg,28.69
4082,PASUPTAC,Pasupati Acrylon Limited,BSE,https://s3-symbol-logo.tradingview.com/pasupati-acrylon-ltd.svg,54.05
4083,TSPIRITUAL,T. Spiritual World Limited,BSE,https://s3-symbol-logo.tradingview.com/tspiritual-world-ltd.svg,1.87
4084,SBICARD,SBI Cards & Payment Services Ltd,BSE,https://s3-symbol-logo.tradingview.com/sbi-cards-and-paymen.svg,873.05
4085,VTMLTD,VTM Limited,BSE,https://s3-symbol-logo.tradingview.com/vtm-ltd.svg,72.0
4086,SUPREME,Supreme Holdings & Hospitality (India) Limited,NSE,https://s3-symbol-logo.tradingview.com/supreme-and-hospitality.svg,78.38
4087,CHOLAHLDNG,Cholamandalam Financial Holdings Ltd,BSE,https://s3-symbol-logo.tradingview.com/cholamandalam-fin.svg,1900.45
4088,LUXIND,Lux Industries Ltd.,NSE,https://s3-symbol-logo.tradingview.com/lux-industries.svg,1123.0
4089,HAVISHA,Sri Havisha Hospitality And Infrastructure Ltd,NSE,https://s3-symbol-logo.tradingview.com/sri-havisha-hospitality-infras.svg,1.81
4090,SURYALAXMI,Suryalakshmi Cotton Mills Ltd.,NSE,https://s3-symbol-logo.tradingview.com/suryalakshmi-cotton-mills-ltd.svg,57.0
4091,GENUSPOWER,Genus Power Infrastructures Limited,BSE,https://s3-symbol-logo.tradingview.com/genus-power-infrastructures.svg,306.0
4092,SUNGOLD,Sungold Capital Limited,BSE,https://s3-symbol-logo.tradingview.com/sungold-capital-ltd.svg,3.61
4093,UNOMINDA,UNO Minda Limited,BSE,https://s3-symbol-logo.tradingview.com/minda-industries.svg,1293.65
4094,ONIXSOLAR,Onix Solar Energy Ltd.,BSE,https://s3-symbol-logo.tradingview.com/abc-gas-international-ltd.svg,405.6
901,BSLGOLDETF,Aditya Birla Sun Life Gold ETF,NSE,https://s3-symbol-logo.tradingview.com/aditya-birla-fash.svg,120.0
902,RICOAUTO,Rico Auto Industries Limited,BSE,https://s3-symbol-logo.tradingview.com/rico-auto-inds.svg,127.65
903,APOLLO,Apollo Micro Systems Ltd.,BSE,https://s3-symbol-logo.tradingview.com/apollo-micro-systems-limited.svg,262.15
906,ASTRAL,Astral Limited,NSE,https://s3-symbol-logo.tradingview.com/astral-poly-techni.svg,1413.3
951,JKTYRE,JK Tyre & Industries Limited,BSE,https://s3-symbol-logo.tradingview.com/jk-tyre-and-industries.svg,512.55
952,WSI,W.S. Industries (India) Limited,NSE,https://s3-symbol-logo.tradingview.com/wsindustries-india-ltd.svg,91.95
953,3IINFOLTD,3i Infotech Limited,NSE,https://s3-symbol-logo.tradingview.com/3i-infotech-ltd.svg,17.17
954,ANGELONE,Angel One Limited,NSE,https://s3-symbol-logo.tradingview.com/angel-broking.svg,2566.5
955,TDPOWERSYS,TD Power Systems Limited,NSE,https://s3-symbol-logo.tradingview.com/td-power-systems-p.svg,726.5
956,STARLENT,Starlineps Enterprises Ltd.,BSE,https://s3-symbol-logo.tradingview.com/starlineps-enterprises-limited.svg,3.08
957,DWARKESH,Dwarikesh Sugar Industries Ltd.,NSE,https://s3-symbol-logo.tradingview.com/dwarikesh-sugar-industries.svg,37.4
958,HINDALCO,Hindalco Industries Limited,BSE,https://s3-symbol-logo.tradingview.com/hindalco.svg,868.6
959,MIDWESTLTD,Midwest Limited,NSE,https://s3-symbol-logo.tradingview.com/midwest-limited.svg,1586.7
960,METALIETF,ICICI Prudential Nifty Metal ETF,BSE,https://s3-symbol-logo.tradingview.com/icici-prudential-bank.svg,10.8
961,PFS,PTC India Financial Services Limited,NSE,https://s3-symbol-logo.tradingview.com/ptc-india-financia.svg,33.49
962,GROWWPOWER,Groww BSE Power ETF units Exchange Traded Fund,NSE,https://s3-symbol-logo.tradingview.com/growwamc-growwdefnc.svg,9.82
963,SBICARD,SBI Cards & Payment Services Ltd,NSE,https://s3-symbol-logo.tradingview.com/sbi-cards-and-paymen.svg,872.15
964,FEDDERSHOL,Fedders Holding Ltd,BSE,https://s3-symbol-logo.tradingview.com/fedders-limited.svg,53.47
965,MCL,Madhav Copper Ltd.,NSE,https://s3-symbol-logo.tradingview.com/madhav-copper-ltd.svg,50.2
966,SANDHAR,Sandhar Technologies Ltd.,NSE,https://s3-symbol-logo.tradingview.com/sandhar-technologi.svg,577.35
967,STURDY,Sturdy Industries Ltd.,BSE,https://s3-symbol-logo.tradingview.com/sturdy-industries-ltd.svg,0.23
968,ICICIPRULI,ICICI Prudential Life Insurance Co. Ltd.,NSE,https://s3-symbol-logo.tradingview.com/icici-prudential-life-insurance.svg,650.6
969,SAPPHIRE,Sapphire Foods India Ltd.,NSE,https://s3-symbol-logo.tradingview.com/sapphire-foods-india-ltd.svg,240.78
970,JTLIND,JTL Industries Limited,NSE,https://s3-symbol-logo.tradingview.com/jtl-industries-limited.svg,60.62
971,KIMS,Krishna Institute of Medical Sciences Limited,NSE,https://s3-symbol-logo.tradingview.com/krishna-institute-of-medical-s.svg,641.0
972,APTUS,Aptus Value Housing Finance India Limited,NSE,https://s3-symbol-logo.tradingview.com/aptus-value.svg,282.1
973,GENUSPOWER,Genus Power Infrastructures Limited,NSE,https://s3-symbol-logo.tradingview.com/genus-power-infrastructures.svg,308.3
974,BANKBEES,Nippon India ETF Nifty Bank BeES,NSE,https://s3-symbol-logo.tradingview.com/nippon-life-india-asset.svg,611.0
975,BIRET.RR,Brookfield India Real Estate Trust,NSE,https://s3-symbol-logo.tradingview.com/brookfield.svg,330.0
4095,GILLANDERS,Gillanders Arbuthnot & Co. Ltd.,NSE,https://s3-symbol-logo.tradingview.com/gillanders-arbuthnot-and-coltd.svg,103.39
4096,BAJAJCON,Bajaj Consumer Care Limited,BSE,https://s3-symbol-logo.tradingview.com/bajaj-consumer-care.svg,262.6
4097,SUNRAKSHAK,Sunrakshakk Industries India Ltd,BSE,https://s3-symbol-logo.tradingview.com/sunrakshakk-industries-india-ltd.svg,207.0
4098,CARTRADE,CarTrade Tech Ltd.,BSE,https://s3-symbol-logo.tradingview.com/cartrade.svg,2793.6
4099,REGENTRP,Regent Enterprises Limited,BSE,https://s3-symbol-logo.tradingview.com/regent-enterprises-limited.svg,6.29
4117,BANCOINDIA,Banco Products (India) Limited,BSE,https://s3-symbol-logo.tradingview.com/banco-products.svg,701.0
4118,WANBURY,Wanbury Limited,NSE,https://s3-symbol-logo.tradingview.com/wanbury-ltd.svg,232.0
4119,KHANDSE,Khandwala Securities Limited,NSE,https://s3-symbol-logo.tradingview.com/khandwala-securities-ltd.svg,21.78
4120,LIBERTSHOE,Liberty Shoes Limited,NSE,https://s3-symbol-logo.tradingview.com/liberty-shoes.svg,278.7
4121,KAJARIACER,Kajaria Ceramics Limited,BSE,https://s3-symbol-logo.tradingview.com/kajaria-ceramics.svg,1027.65
4122,METROPOLIS,Metropolis Healthcare Ltd.,NSE,https://s3-symbol-logo.tradingview.com/metropolis-healthcare.svg,1888.3
4123,HINDOILEXP,"Hindustan Oil Exploration Co., Ltd.",BSE,https://s3-symbol-logo.tradingview.com/hindustan-oil.svg,156.25
4124,SHARIABEES,Nippon India ETF Nifty 50 Shariah BeES,NSE,https://s3-symbol-logo.tradingview.com/nippon-life-india-asset.svg,521.49
4125,TIIL,Technocraft Industries (India) Limited,NSE,https://s3-symbol-logo.tradingview.com/technocraft-indust.svg,2259.2
4126,ORIENTHOT,Oriental Hotels Limited,BSE,https://s3-symbol-logo.tradingview.com/oriental-hotels.svg,104.1
4127,CHECKPOINT,Checkpoint Trends Limited,BSE,https://s3-symbol-logo.tradingview.com/checkpoint-trends-limited.svg,102.77
4128,PRITIKAUTO,Pritika Auto Industries Ltd,BSE,https://s3-symbol-logo.tradingview.com/pritika-auto-indus-ltd.svg,13.32
4129,JHS,JHS Svendgaard Laboratories Limited,BSE,https://s3-symbol-logo.tradingview.com/jhs-svendgaard-laboratories-lt.svg,10.08
4130,MAHAPEXLTD,Maha Rashtra Apex Corporation Limited,NSE,https://s3-symbol-logo.tradingview.com/maha-rashtra-apex.svg,106.55
4131,CHEMBOND,Chembond Material Technologies Limited,NSE,https://s3-symbol-logo.tradingview.com/chembond-chemicals-ltd.svg,158.71
4132,PFIZER,PFIZER LIMITED,NSE,https://s3-symbol-logo.tradingview.com/pfizer.svg,5041.6
4133,RAJKSYN,Rajkamal Synthetics Limited,BSE,https://s3-symbol-logo.tradingview.com/rajkamal-synthetics-ltd.svg,40.0
4134,SENCO,Senco Gold Limited,BSE,https://s3-symbol-logo.tradingview.com/senco-gold-ltd.svg,321.7
4135,MINDACORP,Minda Corp. Ltd.,BSE,https://s3-symbol-logo.tradingview.com/minda.svg,599.75
4136,JYOTHYLAB,Jyothy Labs Limited,BSE,https://s3-symbol-logo.tradingview.com/jyothy-laboratories.svg,284.65
4137,HDFCNEXT50,HDFC Nifty Next 50 Units Exchange Traded Fund,BSE,https://s3-symbol-logo.tradingview.com/hdfc-bank.svg,70.34
4138,GRINFRA,G R Infraprojects Ltd.,NSE,https://s3-symbol-logo.tradingview.com/g-r-infraprojects.svg,1029.8
4139,VOLTAMP,Voltamp Transformers Limited,NSE,https://s3-symbol-logo.tradingview.com/voltamp-transformers.svg,7912.0
4140,SHRIRAMPPS,Shriram Properties Ltd.,BSE,https://s3-symbol-logo.tradingview.com/shriram.svg,86.17
4141,RVHL,Ravinder Heights Ltd,NSE,https://s3-symbol-logo.tradingview.com/ravinder-heights-limited.svg,55.38
4142,ALEMBICLTD,Alembic Limited,BSE,https://s3-symbol-logo.tradingview.com/alembic.svg,101.51
4143,IMFA,Indian Metals & Ferro Alloys Ltd.,BSE,https://s3-symbol-logo.tradingview.com/indian-metals-and-fe.svg,1428.9
4144,SHRADDHA,Shraddha Prime Projects Limited,BSE,https://s3-symbol-logo.tradingview.com/shraddha-prime-projects-ltd.svg,200.1
1054,TENNIND,Tenneco Clean Air India Limited,BSE,"https://t2.gstatic.com/faviconV2?client=SOCIAL&type=FAVICON&fallback_opts=TYPE,SIZE,URL&url=http://tenneco.com&size=128",501.35
1001,QUESS,Quess Corp. Ltd.,NSE,https://s3-symbol-logo.tradingview.com/quess.svg,210.04
1002,THOMASCOOK,Thomas Cook (India) Limited,NSE,https://s3-symbol-logo.tradingview.com/thomas-cook-india-ltd.svg,144.67
1004,MOCAPITAL,Motilal Oswal Nifty Capital Market ETF Exchange Traded Fund Units,NSE,https://s3-symbol-logo.tradingview.com/motilal.svg,47.39
1005,WHIRLPOOL,Whirlpool Of India Limited,BSE,https://s3-symbol-logo.tradingview.com/whirlpool.svg,941.2
1006,ROTO,Roto Pumps Limited,BSE,https://s3-symbol-logo.tradingview.com/roto-pumps-ltd.svg,71.63
1007,AONETOTAL,Angel One Nifty Total Market ETF Units Exchange Traded Fund,NSE,https://s3-symbol-logo.tradingview.com/angel-broking.svg,12.04
1008,GMBREW,G.M. Breweries Ltd.,NSE,https://s3-symbol-logo.tradingview.com/gm-breweries.svg,1029.0
1009,SUNDARAM,Sundaram Multi Pap Limited,NSE,https://s3-symbol-logo.tradingview.com/sundaram-multi-pap-ltd.svg,1.74
1010,JAYNECOIND,Jayaswal Neco Industries Limited,BSE,https://s3-symbol-logo.tradingview.com/jayaswal-neco-ind.svg,77.1
1011,CARBORUNIV,Carborundum Universal Limited,NSE,https://s3-symbol-logo.tradingview.com/carborundum-unvrsl.svg,841.95
1012,SADBHAV,Sadbhav Engineering Limited,BSE,https://s3-symbol-logo.tradingview.com/sadbhav-engineering.svg,13.57
1013,JBCHEPHARM,JB Chemicals & Pharmaceuticals Ltd.,NSE,https://s3-symbol-logo.tradingview.com/jbchemicals-and-pharmaceutical.svg,1802.1
1014,HDFCMID150,HDFC Nifty Midcap 150 ETF,NSE,https://s3-symbol-logo.tradingview.com/hdfc-bank.svg,22.56
1015,SAMHI,Samhi Hotels Limited,NSE,https://s3-symbol-logo.tradingview.com/samhi-hotels-ltd.svg,182.37
1016,POWERGRID,Power Grid Corporation of India Limited,BSE,https://s3-symbol-logo.tradingview.com/power-grid.svg,268.7
1017,PRICOLLTD,Pricol Ltd.,NSE,https://s3-symbol-logo.tradingview.com/pricol.svg,639.0
1051,CHOTHANI,Chothani Foods Ltd.,BSE,https://s3-symbol-logo.tradingview.com/chothani-foods-limited.svg,19.39
1052,CHALET,Chalet Hotels Ltd.,NSE,https://s3-symbol-logo.tradingview.com/chalet-hotels.svg,899.7
1053,GUJGASLTD,Gujarat Gas Ltd.,NSE,https://s3-symbol-logo.tradingview.com/gujarat-gas.svg,398.25
1055,RAJMET,Rajnandini Metal Ltd.,NSE,https://s3-symbol-logo.tradingview.com/rajnandini-metal-ltd.svg,3.97
4145,VISHWARAJ,Vishwaraj Sugar Industries Ltd.,BSE,https://s3-symbol-logo.tradingview.com/vishwaraj-sugar-industries-lim.svg,7.0
4146,UNIPARTS,Uniparts India Ltd.,BSE,https://s3-symbol-logo.tradingview.com/uniparts-india-ltd.svg,499.1
4147,ASTRAMICRO,Astra Microwave Products Ltd.,BSE,https://s3-symbol-logo.tradingview.com/astra-microwave-products.svg,948.8
4148,BHAGYANGR,Bhagyanagar India Limited,BSE,https://s3-symbol-logo.tradingview.com/bhagyanagar-india-ltd.svg,137.85
4149,SWASTH,Swasth Foodtech India Limited,BSE,https://s3-symbol-logo.tradingview.com/swasth-foodtech-india-limited.svg,26.0
4150,RAPID,Rapid Multimodal Logistics Limited,BSE,https://s3-symbol-logo.tradingview.com/rapid-multimodal-logistics-lim.svg,86.22
4175,ACEEDU,ACE Edutrend Limited,BSE,https://s3-symbol-logo.tradingview.com/ace-edutrend-ltd.svg,4.45
4176,ULTRACEMCO,UltraTech Cement Limited,BSE,https://s3-symbol-logo.tradingview.com/ultratech-cement.svg,11698.3
4177,MFSINTRCRP,MFS Intercorp Limited,BSE,https://s3-symbol-logo.tradingview.com/mfs-intercorp-ltd.svg,15.65
4178,ROCKINGDCE,RockingDeals Circular Economy Limited,NSE,https://s3-symbol-logo.tradingview.com/rockingdeals-circu.svg,223.0
4179,BEMHY,Bemco Hydraulics Limited,BSE,https://s3-symbol-logo.tradingview.com/bemco-hydraulics-limited.svg,100.25
4180,PILITA,PIL Italica Lifestyle Limited,BSE,https://s3-symbol-logo.tradingview.com/pil-italica-lifest.svg,10.49
4181,NELCO,Nelco Limited,BSE,https://s3-symbol-logo.tradingview.com/nelco.svg,755.7
4182,BLUEDART,Blue Dart Express Limited,NSE,https://s3-symbol-logo.tradingview.com/blue-dart-express.svg,5452.5
4183,INSECTICID,Insecticides (India) Limited,NSE,https://s3-symbol-logo.tradingview.com/insecticides-india.svg,704.95
4184,EICHERMOT,Eicher Motors Limited,BSE,https://s3-symbol-logo.tradingview.com/eicher-motors.svg,7323.25
4185,BUTTERFLY,Butterfly Gandhimathi Appliances Limited,NSE,https://s3-symbol-logo.tradingview.com/butterfly-gandhima.svg,648.25
4186,LORDSCHLO,Lords Chloro Alkali Limited,NSE,https://s3-symbol-logo.tradingview.com/lords-chloro-alkali-ltd.svg,173.65
4187,PADALPO,Padmanabh Alloys & Polymers Ltd,BSE,https://s3-symbol-logo.tradingview.com/padmanabh-alloys-and-polymers-lt.svg,16.0
4188,FUSION,Fusion Finance Ltd,BSE,https://s3-symbol-logo.tradingview.com/fusion-micro-finance-limited.svg,161.55
4189,KOBO,Kobo Biotech Ltd,BSE,https://s3-symbol-logo.tradingview.com/kobo-biotech-limited.svg,2.6
4190,HPBL,HCP Plastene Bulkpack Limited,BSE,https://s3-symbol-logo.tradingview.com/hcp-plastene-bulkpack-limited.svg,186.9
4191,BSL,BSL Ltd,BSE,https://s3-symbol-logo.tradingview.com/bsl-ltd.svg,154.4
1101,GRASIM,Grasim Industries Ltd.,NSE,https://s3-symbol-logo.tradingview.com/grasim.svg,2831.0
1102,THYROCARE,Thyrocare Technologies Ltd,NSE,https://s3-symbol-logo.tradingview.com/thyrocare.svg,449.0
1103,JMFINANCIL,JM Financial Limited,BSE,https://s3-symbol-logo.tradingview.com/jm-financial.svg,145.35
1104,GOKEX,Gokaldas Exports Limited,NSE,https://s3-symbol-logo.tradingview.com/gokaldas-exports.svg,796.05
1105,GCMSECU,GCM Securities Ltd.,BSE,https://s3-symbol-logo.tradingview.com/gcm-securities-ltd.svg,0.8
1106,GILT5YBEES,Nippon India ETF Nifty 5 yr Benchmark G-Sec,NSE,https://s3-symbol-logo.tradingview.com/nippon-life-india-asset.svg,63.16
1107,AVANTEL,Avantel Limited,BSE,https://s3-symbol-logo.tradingview.com/avantel-ltd.svg,162.0
1109,KAPILRAJ,Kapil Raj Finance Ltd.,BSE,https://s3-symbol-logo.tradingview.com/kapil-raj-finance-ltd.svg,3.22
1110,PRAVEG,Praveg Limited,BSE,https://s3-symbol-logo.tradingview.com/praveg-limited.svg,330.15
1111,FLAIR,Flair Writing Industries Limited,NSE,https://s3-symbol-logo.tradingview.com/flair-writing-indust-ltd.svg,300.95
1112,FCL,Fineotex Chemical Limited,BSE,https://s3-symbol-logo.tradingview.com/fineotex-chemical-ltd.svg,24.59
1113,EQUITASBNK,Equitas Small Finance Bank Ltd.,BSE,https://s3-symbol-logo.tradingview.com/equitas-bank.svg,61.11
1114,CHOLAHLDNG,Cholamandalam Financial Holdings Ltd,NSE,https://s3-symbol-logo.tradingview.com/cholamandalam-fin.svg,1895.8
1115,PRECAM,Precision Camshafts Ltd.,NSE,https://s3-symbol-logo.tradingview.com/precision-camshaf.svg,164.5
1116,JINDALSAW,Jindal Saw Limited,BSE,https://s3-symbol-logo.tradingview.com/jindal-saw-ltd.svg,170.0
1117,MCLOUD,Magellanic Cloud Ltd.,BSE,https://s3-symbol-logo.tradingview.com/magellanic-cloud-limited.svg,26.22
1118,TRU,TruCap Finance Limited,NSE,https://s3-symbol-logo.tradingview.com/trucap-finance-limited.svg,8.21
1119,ESCORTS,Escorts Kubota Limited,NSE,https://s3-symbol-logo.tradingview.com/escorts.svg,3744.6
1120,TANLA,Tanla Platforms Ltd,NSE,https://s3-symbol-logo.tradingview.com/tanla.svg,547.45
1121,RATEGAIN,RateGain Travel Technologies Ltd.,NSE,https://s3-symbol-logo.tradingview.com/rategain-travel-techn-ltd.svg,653.15
1122,NOCIL,NOCIL Limited,NSE,https://s3-symbol-logo.tradingview.com/nocil.svg,158.35
1123,TRACXN,Tracxn Technologies Ltd.,NSE,https://s3-symbol-logo.tradingview.com/tracxn-technologies-ltd.svg,41.0
1124,BSOFT,Birlasoft Limited,BSE,https://s3-symbol-logo.tradingview.com/birlasoft-india.svg,456.45
1125,TATACHEM,Tata Chemicals Limited,NSE,https://s3-symbol-logo.tradingview.com/tata.svg,775.45
1126,TARIL,Transformers and Rectifiers (India) Limited,BSE,https://s3-symbol-logo.tradingview.com/transformers-and-rectifiers-i.svg,302.0
1127,HUDCO,Housing & Urban Development Corp. Ltd.,BSE,https://s3-symbol-logo.tradingview.com/housing-urban-dev.svg,217.2
1128,SWIGGY,Swiggy Limited,BSE,https://s3-symbol-logo.tradingview.com/swiggy-ltd.svg,401.1
1129,SENCO,Senco Gold Limited,NSE,https://s3-symbol-logo.tradingview.com/senco-gold-ltd.svg,321.0
1130,MASPTOP50,Mirae Asset S&P 500 Top 50 ETF Units Exchange Traded Fund,NSE,https://s3-symbol-logo.tradingview.com/mirae-asset-sec.svg,71.67
1131,MIDSMALL,Mirae Asset Nifty MidSmallcap400 Momentum Quality 100 ETF,NSE,https://s3-symbol-logo.tradingview.com/mirae-asset-sec.svg,48.61
4192,AHLADA,Ahlada Engineers Limited,NSE,https://s3-symbol-logo.tradingview.com/ahlada-engineers-ltd.svg,49.98
4193,ALPHAGEO,Alphageo (India) Ltd.,NSE,https://s3-symbol-logo.tradingview.com/alphageo-india-ltd.svg,223.5
4194,DCAL,Dishman Carbogen Amcis Ltd.,BSE,https://s3-symbol-logo.tradingview.com/dishman-carbogen.svg,251.9
4195,NIITMTS,NIIT Learning Systems Ltd,BSE,https://s3-symbol-logo.tradingview.com/niit-learning-systems-ltd.svg,434.9
4196,OROSMITHS,Orosil Smiths India Limited,BSE,https://s3-symbol-logo.tradingview.com/orosil-smiths-india-ltd.svg,4.59
4197,SIMPLEXCAS,Simplex Castings Limited,BSE,https://s3-symbol-logo.tradingview.com/simplex-castings-ltd.svg,503.4
4198,ELAND,E-Land Apparel Limited,BSE,https://s3-symbol-logo.tradingview.com/e-land-apparel-limited.svg,13.4
4199,SCODATUBES,Scoda Tubes Ltd.,BSE,https://s3-symbol-logo.tradingview.com/scoda-tubes-ltd.svg,155.35
4200,BHAGCHEM,Bhagiradha Chemicals & Industries Ltd.,BSE,https://s3-symbol-logo.tradingview.com/bhagiradha-chem-and-inds-l.svg,227.95
4203,LIBAS,Libas Consumer Products Ltd.,NSE,https://s3-symbol-logo.tradingview.com/libas-designs-ltd.svg,10.87
4204,TTGIL,Tomorrow Technologies Global Innovations Ltd,BSE,https://s3-symbol-logo.tradingview.com/cni-research-ltd.svg,9.38
4205,RATEGAIN,RateGain Travel Technologies Ltd.,BSE,https://s3-symbol-logo.tradingview.com/rategain-travel-techn-ltd.svg,655.15
4206,RADICO,Radico Khaitan Limited,BSE,https://s3-symbol-logo.tradingview.com/radico-khaitan.svg,3281.6
4207,UNIONGOLD,Union Gold ETF Units Exchange Traded Fund,NSE,https://s3-symbol-logo.tradingview.com/unionamc-uniongold.svg,133.6
4208,AMDIND,AMD Industries Limited,NSE,https://s3-symbol-logo.tradingview.com/amd-industries-ltd.svg,48.4
4209,HDFCNIFBAN,HDFC Nifty Banking ETF,NSE,https://s3-symbol-logo.tradingview.com/hdfc-bank.svg,60.75
4210,ADOR,Ador Welding Limited,NSE,https://s3-symbol-logo.tradingview.com/ador-welding.svg,1032.7
4211,BHARATAGRI,Bharat Agri Fert & Realty Ltd.,BSE,https://s3-symbol-logo.tradingview.com/bharat-agri-fert-and-realty-ltd.svg,31.0
4212,SCILAL,Shipping Corporation of India Land and Assets Limited,BSE,https://s3-symbol-logo.tradingview.com/shipping-of-india.svg,47.1
4213,NH,Narayana Hrudayalaya Ltd.,BSE,https://s3-symbol-logo.tradingview.com/narayana-hrudayalaya.svg,1874.9
4214,SFSL,Shashwat Furnishing Solutions Ltd.,BSE,https://s3-symbol-logo.tradingview.com/shashwat-furnishing-solutions.svg,133.0
4215,CMNL,Chaman Metallics Ltd.,NSE,https://s3-symbol-logo.tradingview.com/chaman-metallics-l.svg,125.0
4216,PROLIFE,Prolife Industries Ltd.,NSE,https://s3-symbol-logo.tradingview.com/prolife-industries.svg,80.0
4217,FELIX,Felix Industries Ltd,NSE,https://s3-symbol-logo.tradingview.com/felix-industries-l.svg,159.05
4218,MAHICKRA,Mahickra Chemicals Ltd.,NSE,https://s3-symbol-logo.tradingview.com/mahickra-chemicals.svg,146.95
1146,FWSTC,Flywings Simulator Training Centre Limited,NSE,"https://t2.gstatic.com/faviconV2?client=SOCIAL&type=FAVICON&fallback_opts=TYPE,SIZE,URL&url=http://fwstc.in&size=128",235.75
7876,GILT10BETA,UTI Nifty 10 yr Benchmark G-Sec ETF Exchange Traded Fund Units,NSE,GI,26.06
7877,MIDCAPBETA,UTI Nifty Midcap 150 ETF Units Exchange Traded Fund,NSE,MI,223.87
1151,NIFTYIETF,ICICI Prudential Nifty 50 ETF,NSE,https://s3-symbol-logo.tradingview.com/icici-prudential-bank.svg,294.36
1152,MOMENTUM50,Motilal Oswal Nifty 500 Momentum 50 ETF Units Exchange Traded Fund,NSE,https://s3-symbol-logo.tradingview.com/motilal.svg,53.21
1153,ESSENTIA,Integra Essentia Limited,BSE,https://s3-symbol-logo.tradingview.com/integra-essentia-ltd.svg,1.56
1154,SHRIRAMPPS,Shriram Properties Ltd.,NSE,https://s3-symbol-logo.tradingview.com/shriram.svg,86.14
1155,VERTOZ,Vertoz Ltd,NSE,https://s3-symbol-logo.tradingview.com/vertoz-ltd.svg,73.81
1156,OSWALGREEN,Oswal Greentech Ltd.,NSE,https://s3-symbol-logo.tradingview.com/oswal-greentech-ltd.svg,33.27
1157,PIRAMALFIN,Piramal Finance Limited,NSE,https://s3-symbol-logo.tradingview.com/piramal.svg,1574.5
1158,ASIANTILES,Asian Granito India Limited,BSE,https://s3-symbol-logo.tradingview.com/asian-granito.svg,71.46
1201,GRSE,Garden Reach Shipbuilders & Engineers Ltd.,BSE,https://s3-symbol-logo.tradingview.com/garden-reach-shipbuilders-and-en.svg,2434.4
1202,SHK,S H Kelkar and Company Ltd,NSE,https://s3-symbol-logo.tradingview.com/keva.svg,177.99
1203,GROWWDEFNC,Groww Nifty India Defence ETF Units Exchange Traded Fund,NSE,https://s3-symbol-logo.tradingview.com/growwamc-growwdefnc.svg,77.59
1204,RADHEDE,Radhe Developers (India) Limited,BSE,https://s3-symbol-logo.tradingview.com/radhe-developers-india-ltd.svg,1.99
1205,EXCELSOFT,Excelsoft Technologies Limited,BSE,https://s3-symbol-logo.tradingview.com/excelsoft-technologies-limited.svg,89.3
1206,INFOBEAN,InfoBeans Technologies Ltd.,NSE,https://s3-symbol-logo.tradingview.com/infobeans-technologies-limited.svg,798.5
1207,TIINDIA,Tube Investments of India Limited,NSE,https://s3-symbol-logo.tradingview.com/tube-investments-of-india.svg,2602.2
1208,BANKNIFTY1,Kotak Nifty Bank ETF,NSE,https://s3-symbol-logo.tradingview.com/kotak-mahindra-ast.svg,612.49
1209,ABAN,Aban Offshore Limited,NSE,https://s3-symbol-logo.tradingview.com/aban-offshore-ltd.svg,23.52
1210,RAYMOND,Raymond Limited,NSE,https://s3-symbol-logo.tradingview.com/raymond.svg,437.0
1211,HPL,HPL Electric & Power Limited,NSE,https://s3-symbol-logo.tradingview.com/hpl-electric-power.svg,413.65
1212,HLVLTD,HLV Limited,NSE,https://s3-symbol-logo.tradingview.com/hlv-ltd.svg,9.83
1213,IMAGICAA,Imagicaaworld Entertainment Ltd.,NSE,https://s3-symbol-logo.tradingview.com/imagicaaworld-ent-ltd.svg,49.26
1214,RADICO,Radico Khaitan Limited,NSE,https://s3-symbol-logo.tradingview.com/radico-khaitan.svg,3287.9
1215,SHREDIGCEM,Shree Digvijay Cement Co. Ltd.,NSE,https://s3-symbol-logo.tradingview.com/shree-digvijay-cement-co.svg,90.38
1216,DMART,Avenue Supermarts Ltd.,NSE,https://s3-symbol-logo.tradingview.com/avenue-supermarts.svg,3833.3
1217,KEI,KEI Industries Limited,NSE,https://s3-symbol-logo.tradingview.com/kei-industries.svg,4419.7
1218,GESHIP,Great Eastern Shipping Co. Ltd.,NSE,https://s3-symbol-logo.tradingview.com/great-eastern-shipping.svg,1106.7
4219,HOACFOODS,HOAC Foods India Limited,NSE,https://s3-symbol-logo.tradingview.com/hoac-foods-india.svg,360.0
4220,LRRPL,Lead Reclaim & Rubber Products Ltd.,NSE,https://s3-symbol-logo.tradingview.com/lead-reclaim-and-rub.svg,76.8
4221,HARSHDEEP,Harshdeep Hortico Ltd.,BSE,https://s3-symbol-logo.tradingview.com/harshdeep-hortico-limited.svg,95.0
4222,NIVAKA,Nivaka Fashions Ltd.,BSE,https://s3-symbol-logo.tradingview.com/nivaka-fashions-limited.svg,3.52
4223,EIKO,Eiko Lifesciences Limited,BSE,https://s3-symbol-logo.tradingview.com/eiko-lifesciences-limited.svg,51.25
4224,AVG,AVG Logistics Ltd.,NSE,https://s3-symbol-logo.tradingview.com/avg-logistics-limited.svg,182.94
4225,SABTNL,Sri Adhikari Brothers Television Network Limited,NSE,https://s3-symbol-logo.tradingview.com/sri-adhikari-bros.svg,1594.0
4226,FIBERWEB,Fiberweb (India) Limited,NSE,https://s3-symbol-logo.tradingview.com/fiberweb-india-ltd.svg,36.31
4227,ORIENTPPR,Orient Paper & Industries Ltd.,BSE,https://s3-symbol-logo.tradingview.com/orient-paper-and-industries-ltd.svg,23.05
4228,RUBFILA,Rubfila International Limited,NSE,https://s3-symbol-logo.tradingview.com/rubfila-international-ltd.svg,74.39
4229,HNGSNGBEES,Nippon India ETF Hang Seng BeES,BSE,https://s3-symbol-logo.tradingview.com/nippon-life-india-asset.svg,503.53
4230,AUTOIETF,ICICI Prudential Nifty Auto ETF,BSE,https://s3-symbol-logo.tradingview.com/icici-prudential-bank.svg,28.62
4231,GLOBALVECT,Global Vectra Helicorp Limited,NSE,https://s3-symbol-logo.tradingview.com/global-vectra-helicorp-ltd.svg,198.0
4232,INDGN,Indegene Limited,BSE,https://s3-symbol-logo.tradingview.com/indegene-limited.svg,533.25
4234,LINCOLN,Lincoln Pharmaceuticals Ltd,NSE,https://s3-symbol-logo.tradingview.com/lincoln-pharmaceuticals.svg,494.5
4235,ACL,Andhra Cements Limited,NSE,https://s3-symbol-logo.tradingview.com/andhra-cements-ltd.svg,67.0
4236,MEGASTAR,Megastar Foods Ltd.,NSE,https://s3-symbol-logo.tradingview.com/megastar-foods-limited.svg,235.0
4237,MISHKA,Mishka Exim Ltd,BSE,https://s3-symbol-logo.tradingview.com/mishka-exim-limited.svg,42.9
4238,INFOLLION,Infollion Research Services Limited,NSE,https://s3-symbol-logo.tradingview.com/infollion-research.svg,378.0
4239,SRF,Srf Limited,BSE,https://s3-symbol-logo.tradingview.com/srf.svg,3100.25
4240,VGUARD,V-Guard Industries Limited,BSE,https://s3-symbol-logo.tradingview.com/v-guard.svg,335.15
4241,CYBERPP.E1,Cyber Media (India) Limited TEMP,NSE,https://s3-symbol-logo.tradingview.com/cyber-media-india-ltd.svg,6.31
4242,VIJAYTX,Vijay Textiles Ltd,BSE,https://s3-symbol-logo.tradingview.com/vijay-textiles-ltd.svg,6.08
4243,CENTEXT,Century Extrusions Ltd,BSE,https://s3-symbol-logo.tradingview.com/century-extrusions-ltd.svg,21.52
4244,NESTLEIND,Nestle India Ltd.,BSE,https://s3-symbol-logo.tradingview.com/nestle.svg,1257.5
4245,SANSTAR,Sanstar Limited,BSE,https://s3-symbol-logo.tradingview.com/sanstar-ltd.svg,90.46
4246,DDEVPLSTIK,Ddev Plastiks Industries Limited,BSE,https://s3-symbol-logo.tradingview.com/ddev-plastiks-industries-limit.svg,303.45
4247,EMAMIREAL,Emami Realty Limited,NSE,https://s3-symbol-logo.tradingview.com/emami-realty-limited.svg,83.12
4248,CONSUMIETF,ICICI Prudential Nifty India Consumption ETF Units Exchange Traded Fund,NSE,https://s3-symbol-logo.tradingview.com/icici-prudential-bank.svg,126.43
4249,ABDL,Allied Blenders and Distillers Limited,BSE,https://s3-symbol-logo.tradingview.com/allied-blend-n-distils-l.svg,626.05
4250,ADVAIT,Advait Energy Transitions Ltd,BSE,https://s3-symbol-logo.tradingview.com/advait-infratech-limited.svg,1509.95
1220,CORONA,Corona Remedies Limited,NSE,"https://t2.gstatic.com/faviconV2?client=SOCIAL&type=FAVICON&fallback_opts=TYPE,SIZE,URL&url=http://forum.corona-renderer.com&size=128",1345.4
1280,SILVERETF,UTI Silver ETF,BSE,SI,204.25
1251,HCG,HealthCare Global Enterprises Ltd.,NSE,https://s3-symbol-logo.tradingview.com/healthcare-global.svg,678.5
1252,VPRPL,Vishnu Prakash R Punglia Ltd.,BSE,https://s3-symbol-logo.tradingview.com/vishnu-prakash-r-pungli-l.svg,61.68
1253,MOREPENLAB,Morepen Laboratories Limited,BSE,https://s3-symbol-logo.tradingview.com/morepen-laboratories.svg,42.42
1254,GPTINFRA,GPT Infraprojects Limited,BSE,https://s3-symbol-logo.tradingview.com/gpt-infraprojects-ltd.svg,111.4
1255,EMAMILTD,Emami Limited,NSE,https://s3-symbol-logo.tradingview.com/emami.svg,521.6
1256,ROUTE,"Route Mobile, Ltd.",NSE,https://s3-symbol-logo.tradingview.com/route-mobile.svg,717.65
1257,TEXINFRA,Texmaco Infrastructure & Holdings Limited,NSE,https://s3-symbol-logo.tradingview.com/texmaco-infra-and-ho.svg,102.8
1258,IDBI,IDBI Bank Limited,BSE,https://s3-symbol-logo.tradingview.com/idbi-bank.svg,99.95
1259,JPASSOCIAT,Jaiprakash Associates Limited,BSE,https://s3-symbol-logo.tradingview.com/jaiprakash-associa.svg,3.91
1260,HEALTHY,Aditya Birla Sun Life Nifty Healthcare ETF Units Exchange Traded Fund,NSE,https://s3-symbol-logo.tradingview.com/aditya-birla-fash.svg,15.2
1261,CHIRAHARIT,Chiraharit Limited,BSE,https://s3-symbol-logo.tradingview.com/chiraharit-limited.svg,8.27
1262,MARSHALL,Marshall Machines Ltd.,NSE,https://s3-symbol-logo.tradingview.com/marshall-machines-ltd.svg,3.83
1263,HDIL,Housing Development & Infrastructure Ltd.,NSE,https://s3-symbol-logo.tradingview.com/housing-development.svg,2.4
1264,BAJAJCON,Bajaj Consumer Care Limited,NSE,https://s3-symbol-logo.tradingview.com/bajaj-consumer-care.svg,262.95
1265,UNOMINDA,UNO Minda Limited,NSE,https://s3-symbol-logo.tradingview.com/minda-industries.svg,1295.1
1266,GOCOLORS,Go Fashion (India) Limited,NSE,https://s3-symbol-logo.tradingview.com/go-fashion.svg,460.0
1267,LTFOODS,LT Foods Limited,NSE,https://s3-symbol-logo.tradingview.com/l-t-foods.svg,404.4
1268,HCL_INSYS,HCL Infosystems Limited,NSE,https://s3-symbol-logo.tradingview.com/hcl-infosystems-ltd.svg,13.73
1269,AFFLE,Affle 3i Limited,NSE,https://s3-symbol-logo.tradingview.com/affle.svg,1764.8
1270,MAHLIFE,Mahindra Lifespace Developers Limited,NSE,https://s3-symbol-logo.tradingview.com/mahindra-lifespace.svg,401.7
1271,CENTURYPLY,Century Plyboards (India) Ltd.,NSE,https://s3-symbol-logo.tradingview.com/century-plyboards-i.svg,832.6
4278,SANWARIA,Sanwaria Consumer Ltd,BSE,https://s3-symbol-logo.tradingview.com/sanwaria-consumer-limited.svg,0.49
4279,LAL,Lorenzini Apparels Ltd.,BSE,https://s3-symbol-logo.tradingview.com/lorenzini-apparels-ltd.svg,9.15
4280,DELAPLEX,DelaPlex Limited,NSE,https://s3-symbol-logo.tradingview.com/delaplex-ltd.svg,130.0
4281,TRUST,Trust Fintech Limited,NSE,https://s3-symbol-logo.tradingview.com/trust-fintech-ltd.svg,50.0
4282,HANMAN,HanMan Fit Ltd.,BSE,https://s3-symbol-logo.tradingview.com/hanman-fit-limited.svg,5.3
4283,PROPEQUITY,P.E. Analytics Limited,NSE,https://s3-symbol-logo.tradingview.com/p-e-analytics-pr.svg,194.95
4284,ABSLAMC,Aditya Birla Sun Life Amc Limited,BSE,https://s3-symbol-logo.tradingview.com/aditya-birla-sun-life.svg,763.8
4285,BBNPPGOLD,Baroda BNP Paribas Gold ETF Exchange Traded Fund Units,NSE,https://s3-symbol-logo.tradingview.com/paribas.svg,132.35
4286,HPL,HPL Electric & Power Limited,BSE,https://s3-symbol-logo.tradingview.com/hpl-electric-power.svg,414.6
4287,BBOX,Black Box Limited,BSE,https://s3-symbol-logo.tradingview.com/black-box-ltd.svg,518.4
4288,A1L,A-1 Limited,BSE,https://s3-symbol-logo.tradingview.com/a-1-acid-limited.svg,1590.3
4289,TTKPRESTIG,TTK Prestige Limited,NSE,https://s3-symbol-logo.tradingview.com/ttk-prestige.svg,623.35
4290,LONGSPUR,Longspur International Ventures Ltd,BSE,https://s3-symbol-logo.tradingview.com/confidence-finance-and-trading.svg,8.2
4291,SHK,S H Kelkar and Company Ltd,BSE,https://s3-symbol-logo.tradingview.com/keva.svg,177.55
4292,DVL,Dhunseri Ventures Limited,NSE,https://s3-symbol-logo.tradingview.com/dhunseri-ventures.svg,285.0
4293,CLARA,Clara Industries Ltd.,BSE,https://s3-symbol-logo.tradingview.com/clara-industries-limited.svg,40.0
4294,VERITAS,Veritas (India) Limited,BSE,https://s3-symbol-logo.tradingview.com/veritas-india-ltd.svg,174.05
4295,GTECJAINX,G-Tech Jainx Education Ltd.,NSE,https://s3-symbol-logo.tradingview.com/g-tec-jainx-education-ltd.svg,24.99
4296,STARSOURCE,Starsource Multitrade Limited,BSE,https://s3-symbol-logo.tradingview.com/chemo-pharma-laboratories-ltd.svg,107.0
4297,GOLDLEG,Golden Legand Leasing & Finance Ltd,BSE,https://s3-symbol-logo.tradingview.com/golden-legand-leasing-and-financ.svg,11.85
4298,VSL,Viram Suvarn Limited,BSE,https://s3-symbol-logo.tradingview.com/veeram-securities-limited.svg,8.14
4299,AARTISURF,Aarti Surfactants Ltd.,NSE,https://s3-symbol-logo.tradingview.com/aarti-surfactants-ltd.svg,400.1
4300,ESARIND,Esaar (India) Ltd.,BSE,https://s3-symbol-logo.tradingview.com/esaar-india-ltd.svg,11.86
4316,CGVAK,CG-VAK Software & Exports Ltd.,BSE,https://s3-symbol-logo.tradingview.com/cg-vak-software-and-exports-ltd.svg,234.6
4317,SIKA,Sika Interplant Systems Limited,BSE,https://s3-symbol-logo.tradingview.com/sika-interplant-systems-ltd.svg,895.7
1301,CLEDUCATE,CL Educate Ltd.,BSE,https://s3-symbol-logo.tradingview.com/cl-educate-ltd.svg,82.34
1351,TECH,Aditya Birla Sun Life Nifty IT ETF Exchange Traded Fund Units,NSE,https://s3-symbol-logo.tradingview.com/aditya-birla-fash.svg,42.11
1352,KAMATHOTEL,Kamat Hotels (India) Ltd,NSE,https://s3-symbol-logo.tradingview.com/kamat-hotels-ind.svg,239.54
1353,RHFL,Reliance Home Finance Ltd.,BSE,https://s3-symbol-logo.tradingview.com/reliance-group.svg,2.95
1354,IONEXCHANG,Ion Exchange (India) Ltd.,NSE,https://s3-symbol-logo.tradingview.com/ion-exchange-india-ltd.svg,373.7
1355,KINETICENG,Kinetic Engineering Ltd,BSE,https://s3-symbol-logo.tradingview.com/kinetic-engineering-ltd.svg,330.0
1356,ASTEC,Astec Lifesciences Limited,NSE,https://s3-symbol-logo.tradingview.com/astec-lifesciences.svg,732.1
1357,JACKSON,Jackson Investments Ltd,BSE,https://s3-symbol-logo.tradingview.com/jackson-investments-ltd.svg,0.47
1358,RAMAPHO,Rama Phosphates Limited,NSE,https://s3-symbol-logo.tradingview.com/rama-phosphates-ltd.svg,164.17
1359,CIGNITITEC,Cigniti Technologies Limited,NSE,https://s3-symbol-logo.tradingview.com/cigniti-technologi.svg,1731.6
1360,PRECWIRE,Precision Wires India Limited,NSE,https://s3-symbol-logo.tradingview.com/precision-wires-in.svg,236.35
1361,VLEGOV,VL E-Governance & IT Solutions Ltd.,NSE,https://s3-symbol-logo.tradingview.com/vl-e-gov-and-it-sol-ltd.svg,21.25
1362,LIQUIDADD,DSP BSE Liquid Rate ETF Units,NSE,https://s3-symbol-logo.tradingview.com/dsp-blackrock-mutu.svg,1105.7
1363,NIITLTD,NIIT Limited,BSE,https://s3-symbol-logo.tradingview.com/niit.svg,98.0
1364,AAVAS,Aavas Financiers Ltd.,NSE,https://s3-symbol-logo.tradingview.com/aavas-financiers.svg,1462.8
1365,ARVINDFASN,Arvind Fashions Ltd.,NSE,https://s3-symbol-logo.tradingview.com/arvind-fashions.svg,505.0
1366,RAMKY,Ramky Infrastructure Limited,NSE,https://s3-symbol-logo.tradingview.com/ramky-infrastructu.svg,586.55
1367,POCL,Pondy Oxides & Chemicals Ltd.,NSE,https://s3-symbol-logo.tradingview.com/pondy-oxides-and-chemicals-ltd.svg,1346.0
1368,HDFCBANK,HDFC Bank Limited,BSE,https://s3-symbol-logo.tradingview.com/hdfc-bank.svg,993.1
1369,GOLDIAM,Goldiam International Limited,NSE,https://s3-symbol-logo.tradingview.com/goldiam-international.svg,369.2
1370,STAR,Strides Pharma Science Ltd,NSE,https://s3-symbol-logo.tradingview.com/strides-pharma.svg,933.4
1371,MINDSPACE.RR,Mindspace Business Parks REIT,NSE,https://s3-symbol-logo.tradingview.com/mindspace-business-parks-reit.svg,467.99
1372,GRANULES,Granules India Limited,BSE,https://s3-symbol-logo.tradingview.com/granules.svg,597.7
1373,INDOFARM,Indo Farm Equipment Ltd.,NSE,https://s3-symbol-logo.tradingview.com/indo-farm-equipment-limited.svg,193.08
1374,HINDOILEXP,"Hindustan Oil Exploration Co., Ltd.",NSE,https://s3-symbol-logo.tradingview.com/hindustan-oil.svg,156.22
1375,KUANTUM,Kuantum Papers Limited,NSE,https://s3-symbol-logo.tradingview.com/kuantum-papers-ltd.svg,92.4
1376,TECHM,Tech Mahindra Limited,BSE,https://s3-symbol-logo.tradingview.com/mahindra-tech.svg,1644.05
1377,SAKSOFT,Saksoft Limited,NSE,https://s3-symbol-logo.tradingview.com/saksoft-ltd.svg,200.1
1378,BONDADA,Bondada Engineering Limited,BSE,https://s3-symbol-logo.tradingview.com/bondada-engineering-limited.svg,375.85
1379,CSBBANK,CSB Bank Ltd.,NSE,https://s3-symbol-logo.tradingview.com/csb-bank.svg,410.65
4318,ECOPP,Eco Hotels and Resorts Ltd TEMP,BSE,https://s3-symbol-logo.tradingview.com/eco-hotels-and-resorts-limited.svg,4.16
4319,NEXOME,Nexome Capital Markets Limited,BSE,https://s3-symbol-logo.tradingview.com/smifs-capital-markets-ltd.svg,105.95
4320,SMVD,SMVD Poly Pack Limited,NSE,https://s3-symbol-logo.tradingview.com/smvd-poly-pack-ltd.svg,7.75
4321,SIMBHALS,Simbhaoli Sugars Ltd,NSE,https://s3-symbol-logo.tradingview.com/simbhaoli-sugars-l.svg,9.46
4322,QUINTEGRA,Quintegra Solutions Limited,NSE,https://s3-symbol-logo.tradingview.com/quintegra-solutions-ltd.svg,1.45
4323,MODINATUR,Modi Naturals Limited,NSE,https://s3-symbol-logo.tradingview.com/modi-naturals-limited.svg,400.0
4324,PRECWIRE,Precision Wires India Limited,BSE,https://s3-symbol-logo.tradingview.com/precision-wires-in.svg,236.05
4325,ALUFLUOR,Alufluoride Ltd,BSE,https://s3-symbol-logo.tradingview.com/alufluoride.svg,432.0
4326,ALFL,Abhinav Leasing and Finance Ltd,BSE,https://s3-symbol-logo.tradingview.com/abhinav-leasing-and-finance-limi.svg,1.16
4327,BASF,BASF India Limited,NSE,https://s3-symbol-logo.tradingview.com/basf.svg,3887.7
4328,CEATLTD,CEAT Limited,BSE,https://s3-symbol-logo.tradingview.com/ceat.svg,3899.2
4329,MBEL,M & B Engineering Limited,BSE,https://s3-symbol-logo.tradingview.com/m-and-b-engineering-limited.svg,374.05
4330,RUDRAGAS,Rudra Gas Enterprise Ltd.,BSE,https://s3-symbol-logo.tradingview.com/rudra-gas-enterprise-limited.svg,70.0
4331,MAHIP,Mahip Industries Ltd.,BSE,https://s3-symbol-logo.tradingview.com/mahip-industries-ltd.svg,17.21
4332,YASHOPTICS,Yash Optics and Lens Limited,NSE,https://s3-symbol-logo.tradingview.com/yash-optics-and.svg,135.0
4333,THREEMPAPE,Three M Paper Boards Limited,BSE,https://s3-symbol-logo.tradingview.com/sanstar-ltd.svg,35.75
4334,KAYTEX,Kaytex Fabrics Limited,NSE,https://s3-symbol-logo.tradingview.com/kaytex-fabrics-ltd.svg,76.45
4335,SNEHAA,Snehaa Organics Ltd.,NSE,https://s3-symbol-logo.tradingview.com/snehaa-organics-ltd.svg,71.85
4336,SSPNFIN,SSPN Finance Ltd.,BSE,https://s3-symbol-logo.tradingview.com/sspn-finance-limited.svg,10.59
4337,DLCL,Dr. Lalchandani Labs Ltd.,BSE,https://s3-symbol-logo.tradingview.com/dr-lalchandani-labs-limited.svg,17.49
4338,MAFIA,Mafia Trends Limited,BSE,https://s3-symbol-logo.tradingview.com/mafia-trends-limited.svg,9.13
4339,BMAL,Bothra Metals & Alloys Ltd.,BSE,https://s3-symbol-logo.tradingview.com/bothra-metals-and-alloys-ltd.svg,10.6
4341,PHOGLOBAL,Phoenix Overseas Limited,NSE,https://s3-symbol-logo.tradingview.com/phoenix-overseas-ltd.svg,18.3
4342,HAMPS,Hamps Bio Ltd.,BSE,https://s3-symbol-logo.tradingview.com/hamps-bio-limited.svg,18.85
4343,DAPS,DAPS Advertising Limited,BSE,https://s3-symbol-logo.tradingview.com/daps-advertising-limited.svg,21.0
4344,VIJAYPD,Vijaypd Ceutical Limited,NSE,https://s3-symbol-logo.tradingview.com/vijaypd-ceutical-limited.svg,42.5
4345,SILKFLEX,Silkflex Polymers (India) Ltd.,NSE,https://s3-symbol-logo.tradingview.com/silkflex-polymers.svg,85.0
4346,APPL,Aptus Pharma Ltd.,BSE,https://s3-symbol-logo.tradingview.com/aptus-pharma-ltd.svg,163.0
4347,MITTALSTL,Mittal Sections Ltd.,BSE,https://s3-symbol-logo.tradingview.com/mittal-sections-ltd.svg,41.11
4348,QMSMEDI,QMS Medical Allied Services Limited,NSE,https://s3-symbol-logo.tradingview.com/qms-medical-allied.svg,95.0
4349,BINDALEXPO,Bindal Exports Ltd.,BSE,https://s3-symbol-logo.tradingview.com/bindal-exports-limited.svg,26.71
1401,GLOTTIS,Glottis Ltd.,NSE,https://s3-symbol-logo.tradingview.com/glottis-ltd.svg,61.1
1402,SOFTRAKV,Softrack Venture Investment Ltd,BSE,https://s3-symbol-logo.tradingview.com/softrak-venture-investment-ltd.svg,1.88
1403,BALMLAWRIE,Balmer Lawrie & Co. Ltd.,NSE,https://s3-symbol-logo.tradingview.com/balmer-lawrie.svg,182.16
1404,VIKASWSP,Vikas Wsp Limited,BSE,https://s3-symbol-logo.tradingview.com/vikas-wsp-ltd.svg,1.21
1405,INDUSTOWER,Indus Towers Limited,BSE,https://s3-symbol-logo.tradingview.com/bharti-infratel.svg,414.8
1406,HILTON,Hilton Metal Forging Limited,NSE,https://s3-symbol-logo.tradingview.com/hilton-metal-forging-ltd.svg,42.69
1408,MOIL,Moil Limited,BSE,https://s3-symbol-logo.tradingview.com/moil.svg,345.4
1409,COROMANDEL,Coromandel International Limited,NSE,https://s3-symbol-logo.tradingview.com/coromandel-international.svg,2379.8
1410,BAJAJ_AUTO,Bajaj Auto Limited,NSE,https://s3-symbol-logo.tradingview.com/bajaj-auto.svg,9137.0
1411,SADBHIN,Sadbhav Infrastructure Project Ltd.,NSE,https://s3-symbol-logo.tradingview.com/sadbhav-infra-proj.svg,3.87
1412,SMSPHARMA,SMS Pharmaceuticals Limited,NSE,https://s3-symbol-logo.tradingview.com/sms-pharmaceutical.svg,311.5
1413,ALPL30IETF,ICICI Prudential Nifty Alpha Low- Volatility 30 ETF,NSE,https://s3-symbol-logo.tradingview.com/icici-prudential-bank.svg,28.03
1414,LIQUID1,Kotak Nifty 1D Rate Liquid ETF,NSE,https://s3-symbol-logo.tradingview.com/kotak-mahindra-ast.svg,1083.55
1451,TARACHAND,Tara Chand Infralogistic Solutions Limited,NSE,https://s3-symbol-logo.tradingview.com/tara-chand-infra-soln-ltd.svg,77.47
1452,GAYAHWS,Gayatri Highways Ltd.,BSE,https://s3-symbol-logo.tradingview.com/gayatri-bioorganics-ltd.svg,3.0
1453,COUNCODOS,Country Condo's Limited,NSE,https://s3-symbol-logo.tradingview.com/country-condos-ltd.svg,5.53
1454,GICRE,General Insurance Corporation of India,NSE,https://s3-symbol-logo.tradingview.com/general-insurance.svg,372.5
1455,ICICIGI,ICICI Lombard General Insurance Co. Ltd.,NSE,https://s3-symbol-logo.tradingview.com/icici-lombard-gen.svg,1951.4
1456,FUSION,Fusion Finance Ltd,NSE,https://s3-symbol-logo.tradingview.com/fusion-micro-finance-limited.svg,162.11
1457,GENUSPAPER,Genus Paper & Boards Ltd,NSE,https://s3-symbol-logo.tradingview.com/genus-paper-and-bo.svg,13.23
1458,MHRIL,Mahindra Holidays & Resorts India Limited,NSE,https://s3-symbol-logo.tradingview.com/mahindra-holidays.svg,315.35
1459,SHIVAEXPO,Shiva Granito Export Ltd,BSE,https://s3-symbol-logo.tradingview.com/shiva-granito-export-limited.svg,8.5
4350,INNOKAIZ,Innokaiz India Ltd.,BSE,https://s3-symbol-logo.tradingview.com/innokaiz-india-limited.svg,14.43
4361,MADHAVBAUG,Vaidya Sane Ayurved Laboratories Limited,NSE,https://s3-symbol-logo.tradingview.com/vaidya-sane-ayurve.svg,285.0
4362,SERVICE,Service Care Limited,NSE,https://s3-symbol-logo.tradingview.com/service-care-ltd.svg,42.0
4363,CMRSL,Cyber Media Research & Services Ltd.,NSE,https://s3-symbol-logo.tradingview.com/cyber-media-india-ltd.svg,71.1
4364,SAFEENTP,Safe Enterprises Retail Fixtures Ltd.,NSE,https://s3-symbol-logo.tradingview.com/safe-enter-retail-fix-ltd.svg,269.0
4365,VIAZ,Viaz Tyres Ltd.,NSE,https://s3-symbol-logo.tradingview.com/viaz-tyres-ltd.svg,70.0
4366,SHANMUGA,Shanmuga Hospital Limited,BSE,https://s3-symbol-logo.tradingview.com/shanmuga-hospital-limited.svg,48.91
4367,BENARA,Benara Bearings & Pistons Ltd.,BSE,https://s3-symbol-logo.tradingview.com/benara-bearings-and-pistons-li.svg,9.8
4368,KANDARP,Kandarp Digi Smart BPO Limited,NSE,https://s3-symbol-logo.tradingview.com/kandarp-digi-smart.svg,134.0
4369,BOSS,Boss Packaging Solutions Limited,NSE,https://s3-symbol-logo.tradingview.com/boss-packaging-solu-ltd.svg,43.05
4370,SPPPOLY,SPP Polymer Ltd.,NSE,https://s3-symbol-logo.tradingview.com/spp-polymer-ltd.svg,16.0
4371,MARINETRAN,Marinetrans India Ltd.,NSE,https://s3-symbol-logo.tradingview.com/marinetrans-india.svg,25.05
4372,TANAA,Taneja Aerospace & Aviation Ltd.,BSE,https://s3-symbol-logo.tradingview.com/taneja-aerospace-and-aviation-lt.svg,300.95
4373,BFSI,Mirae Asset Nifty Financial Services ETF Exchange Traded Fund Units,BSE,https://s3-symbol-logo.tradingview.com/mirae-asset-sec.svg,28.5
4374,RUSHIL,Rushil Decor Ltd.,BSE,https://s3-symbol-logo.tradingview.com/rushil-decor-ltd.svg,23.72
4375,EBANKNIFTY,Edelweiss Nifty Bank ETF Exchange Traded Fund Units,NSE,https://s3-symbol-logo.tradingview.com/edelweiss-fin-serv.svg,59.78
4376,ASAHIINDIA,Asahi India Glass Limited,BSE,https://s3-symbol-logo.tradingview.com/asahi-india-glass.svg,986.8
4377,BIRLANU,Birlanu Limited,NSE,https://s3-symbol-logo.tradingview.com/hil.svg,1542.0
4379,JAGAJITIND,Jagatjit Industries Limited,BSE,https://s3-symbol-logo.tradingview.com/jagatjit-industries-ltd.svg,147.8
4380,ORCHASP,Orchasp Ltd,BSE,https://s3-symbol-logo.tradingview.com/orchasp-limited.svg,2.99
4381,INDOTECH,Indo Tech Transformers Ltd.,NSE,https://s3-symbol-logo.tradingview.com/indo-tech-tranform.svg,1581.2
4382,OVOBELE,Ovobel Foods Ltd,BSE,https://s3-symbol-logo.tradingview.com/ovobel-foods-ltd.svg,188.0
4383,CONART,Conart Engineers Limited,BSE,https://s3-symbol-logo.tradingview.com/conart-engineers-ltd.svg,101.5
4384,APCL,Anjani Portland Cement Limited,NSE,https://s3-symbol-logo.tradingview.com/anjani-portland-cement-ltd.svg,120.0
4385,SUPRIYA,Supriya Lifescience Limited,BSE,https://s3-symbol-logo.tradingview.com/supriya-lifescience-ltd.svg,748.15
4386,SMSPHARMA,SMS Pharmaceuticals Limited,BSE,https://s3-symbol-logo.tradingview.com/sms-pharmaceutical.svg,311.7
1506,MINID,Mini Diamonds (India) Ltd.,BSE,MI,25.0
1501,PIIND,PI Industries Limited,NSE,https://s3-symbol-logo.tradingview.com/pi-industries.svg,3253.0
1502,ALANKIT,Alankit Limited,NSE,https://s3-symbol-logo.tradingview.com/alankit.svg,10.82
1503,INVENTURE,Inventure Growth & Securities Ltd.,BSE,https://s3-symbol-logo.tradingview.com/inventure-growth-and.svg,1.2
1504,PENINLAND,Peninsula Land Limited,NSE,https://s3-symbol-logo.tradingview.com/peninsula-land-ltd.svg,26.38
1505,INDUSINDBK,IndusInd Bank Ltd.,BSE,https://s3-symbol-logo.tradingview.com/indusind-bank.svg,850.4
1507,NAVA,Nava Limited,NSE,https://s3-symbol-logo.tradingview.com/nava-ltd.svg,566.4
1508,BAIDFIN,Baid Finserv Limited,NSE,https://s3-symbol-logo.tradingview.com/baid-finserv-limited.svg,11.75
1509,MIDSELIETF,ICICI Prudential BSE Midcap Select ETF,NSE,https://s3-symbol-logo.tradingview.com/icici-prudential-bank.svg,18.64
1510,DIVISLAB,Divi's Laboratories Limited,NSE,https://s3-symbol-logo.tradingview.com/divis.svg,6476.0
1511,JSFB,Jana Small Finance Bank Ltd,NSE,https://s3-symbol-logo.tradingview.com/jana-small-fin-bank-ltd.svg,418.95
1512,EVINDIA,Mirae Asset Nifty EV and New Age Automotive ETF,NSE,https://s3-symbol-logo.tradingview.com/mirae-asset-sec.svg,31.65
1513,MANALIPETC,Manali Petrochemicals Limited,NSE,https://s3-symbol-logo.tradingview.com/manali-petrochems.svg,61.27
1514,JKCEMENT,J.K. Cement Ltd.,NSE,https://s3-symbol-logo.tradingview.com/jk-cements.svg,5559.0
1515,DREAMFOLKS,Dreamfolks Services Limited,NSE,https://s3-symbol-logo.tradingview.com/dreamfolks-services-limited.svg,112.46
1516,GIPCL,Gujarat Industries Power Co. Ltd.,NSE,https://s3-symbol-logo.tradingview.com/gujarat-industries-power-colt.svg,154.5
1517,IMFA,Indian Metals & Ferro Alloys Ltd.,NSE,https://s3-symbol-logo.tradingview.com/indian-metals-and-fe.svg,1429.1
1518,HONASA,Honasa Consumer Limited,NSE,https://s3-symbol-logo.tradingview.com/honasa-consumer-limited.svg,270.25
1519,SUNFLAG,Sunflag Iron & Steel Co. Ltd.,NSE,https://s3-symbol-logo.tradingview.com/sunflag-iron-and-ste.svg,269.35
1520,NLCINDIA,NLC India Limited,BSE,https://s3-symbol-logo.tradingview.com/nlc-india.svg,250.85
1521,COFORGE,Coforge Limited,BSE,https://s3-symbol-logo.tradingview.com/coforge-limited.svg,1777.1
1522,ASHIKA,Ashika Credit Capital Limited,BSE,https://s3-symbol-logo.tradingview.com/ashika-credit-capital-ltd.svg,380.0
1523,VARROC,Varroc Engineering Limited,NSE,https://s3-symbol-logo.tradingview.com/varroc.svg,630.8
1524,HILINFRA,Highway Infrastructure Limited,NSE,https://s3-symbol-logo.tradingview.com/highway-infrastructure-limited.svg,58.99
1525,LEMONTREE,Lemon Tree Hotels Ltd.,BSE,https://s3-symbol-logo.tradingview.com/lemon-tree-hotels.svg,163.85
1526,ADSL,Allied Digital Services Limited,NSE,https://s3-symbol-logo.tradingview.com/allied-digital.svg,158.55
1527,VINSYS,Vinsys IT Services India Private Limited,NSE,https://s3-symbol-logo.tradingview.com/vinsys-it-services.svg,386.0
1528,ARVIND,Arvind Limited,NSE,https://s3-symbol-logo.tradingview.com/arvind.svg,318.3
4387,LAHOTIOV,Lahoti Overseas Limited,BSE,https://s3-symbol-logo.tradingview.com/lahoti-overseas-ltd.svg,53.41
4388,HAPPSTMNDS,Happiest Minds Technologies Ltd.,BSE,https://s3-symbol-logo.tradingview.com/happiest-minds-techno-ltd.svg,492.65
4389,SHREDIGCEM,Shree Digvijay Cement Co. Ltd.,BSE,https://s3-symbol-logo.tradingview.com/shree-digvijay-cement-co.svg,90.13
4390,KAPSTON,Kapston Services Limited,NSE,https://s3-symbol-logo.tradingview.com/kapston-facilities-mgmt-l.svg,301.05
4391,VISHNU,Vishnu Chemicals Limited,BSE,https://s3-symbol-logo.tradingview.com/vishnu-chemicals-l.svg,531.05
4392,LUMAXIND,Lumax Industries Limited,NSE,https://s3-symbol-logo.tradingview.com/lumax-industries-ltd.svg,5665.0
4393,MYSTICELE,Mystic Electronics Ltd.,BSE,https://s3-symbol-logo.tradingview.com/mystic-electronics-limited.svg,3.39
4394,GOKEX,Gokaldas Exports Limited,BSE,https://s3-symbol-logo.tradingview.com/gokaldas-exports.svg,796.15
4395,HLVLTD,HLV Limited,BSE,https://s3-symbol-logo.tradingview.com/hlv-ltd.svg,9.79
4396,MHLXMIRU,Mahalaxmi Rubtech Ltd,NSE,https://s3-symbol-logo.tradingview.com/mahalaxmi-rubtech-ltd.svg,212.93
4397,GBFL,Goenka Business & Finance Ltd.,BSE,https://s3-symbol-logo.tradingview.com/goenka-business-and-finance-limi.svg,7.42
4398,JYOTICNC,Jyoti Cnc Automation Limited,BSE,https://s3-symbol-logo.tradingview.com/jyoti-cnc-automation-ltd.svg,964.55
4399,ARTEMISMED,Artemis Medicare Services Ltd.,BSE,https://s3-symbol-logo.tradingview.com/artemis-medicare-services-limi.svg,274.9
4400,JLHL,Jupiter Life Line Hospitals Ltd.,NSE,https://s3-symbol-logo.tradingview.com/jupiter-life-line-hosp-l.svg,1387.1
4427,NVENTURES,Nanavati Ventures Limited,BSE,https://s3-symbol-logo.tradingview.com/nanavati-ventures-limited.svg,100.0
4428,CRYOGENIC,Cryogenic Ogs Limited,BSE,https://s3-symbol-logo.tradingview.com/cryogenic-ogs-limited.svg,168.55
4429,7SEASL,7Seas Entertainment Limited,BSE,https://s3-symbol-logo.tradingview.com/7seas-entertainment-limited.svg,82.5
4430,HBSL,HB Stockholdings Ltd.,NSE,https://s3-symbol-logo.tradingview.com/hb-stockholdings-ltd.svg,74.06
4431,GLITTEKG,Glittek Granites Limited,BSE,https://s3-symbol-logo.tradingview.com/glittek-granites-ltd.svg,11.91
4432,RAPICUT,Rapicut Carbides Limited,BSE,https://s3-symbol-logo.tradingview.com/rapicut-carbides-ltd.svg,129.95
4433,ARCHIES,Archies Limited,NSE,https://s3-symbol-logo.tradingview.com/archies-ltd.svg,18.67
4434,SWARNSAR,Swarnsarita Jewels India Limited,BSE,https://s3-symbol-logo.tradingview.com/swarnsarita-jewels-india-limit.svg,31.76
4435,CHANDRAP,Chandra Prabhu International Limited.,BSE,https://s3-symbol-logo.tradingview.com/chandra-prabhu-international-l.svg,10.15
4436,ZFCVINDIA,ZF Commercial Vehicle Control Systems India Limited,NSE,https://s3-symbol-logo.tradingview.com/wabco.svg,15062.0
4437,CYBELEIND,Cybele Industries Limited,BSE,https://s3-symbol-logo.tradingview.com/cybele-industries-ltd.svg,34.39
4438,DIGJAMLMTD,Digjam Ltd.,NSE,https://s3-symbol-logo.tradingview.com/digjam-limited.svg,51.97
4439,MINDSPACE,Mindspace Business Parks REIT,BSE,https://s3-symbol-logo.tradingview.com/mindspace-business-parks-reit.svg,472.31
1581,KVTOYS,K. V. Toys India Ltd.,BSE,KV,333.45
1551,ATGL,Adani Total Gas Ltd.,BSE,https://s3-symbol-logo.tradingview.com/adani.svg,564.3
1552,DCMSRIND,DCM Shriram Industries Limited,NSE,https://s3-symbol-logo.tradingview.com/dcm-shriram-ind-ltd.svg,166.89
1553,NOVAAGRI,Nova Agritech Limited,NSE,https://s3-symbol-logo.tradingview.com/nova-agritech-ltd.svg,39.1
1554,PURPLEFIN,Purple Finance Limited,BSE,https://s3-symbol-logo.tradingview.com/purple-finance-limited.svg,59.0
1555,BIOCON,Biocon Limited,BSE,https://s3-symbol-logo.tradingview.com/biocon.svg,399.55
1556,NITCO,Nitco Limited,NSE,https://s3-symbol-logo.tradingview.com/nitco-ltd.svg,92.62
1557,GENNEX,Gennex Laboratories Limited,BSE,https://s3-symbol-logo.tradingview.com/gennex-laboratories-ltd.svg,12.55
1601,AURIONPRO,Aurionpro Solutions Limited,NSE,https://s3-symbol-logo.tradingview.com/aurionpro-solution.svg,1167.8
1602,TARSONS,Tarsons Products Limited,NSE,https://s3-symbol-logo.tradingview.com/tarsons-products.svg,233.6
1603,ALEMBICLTD,Alembic Limited,NSE,https://s3-symbol-logo.tradingview.com/alembic.svg,101.73
1604,PANACEABIO,Panacea Biotec Limited,NSE,https://s3-symbol-logo.tradingview.com/panacea-biotec.svg,363.2
1605,ASKAUTOLTD,ASK Automotive Limited,NSE,https://s3-symbol-logo.tradingview.com/ask-automotive-ltd.svg,494.25
1606,SURATRAML,Surat Trade & Mercantile Limited,BSE,https://s3-symbol-logo.tradingview.com/surat-trade-and-mercantile-lim.svg,5.18
1607,CIFL,Capital India Finance Ltd,BSE,https://s3-symbol-logo.tradingview.com/capital-india-finance-limited.svg,37.74
1608,SRF,Srf Limited,NSE,https://s3-symbol-logo.tradingview.com/srf.svg,3110.8
1609,LIQUID,Mirae Asset Nifty 1D Rate Liquid ETF Units,BSE,https://s3-symbol-logo.tradingview.com/mirae-asset-sec.svg,1000.0
1610,REDTAPE,Redtape Limited,NSE,https://s3-symbol-logo.tradingview.com/redtape-ltd.svg,123.72
1611,TPLPLASTEH,TPL Plastech Limited,NSE,https://s3-symbol-logo.tradingview.com/tpl-plastech-ltd.svg,66.72
1612,CUB,City Union Bank Limited,BSE,https://s3-symbol-logo.tradingview.com/city-union-bank.svg,286.8
1613,INDRAMEDCO,Indraprastha Medical Corporation Limited,NSE,https://s3-symbol-logo.tradingview.com/indraprastha-medical-corpltd.svg,472.75
1614,BAJEL,Bajel Projects Limited,NSE,https://s3-symbol-logo.tradingview.com/bajel-projects-limited.svg,176.0
1615,CHAVDA,Chavda Infra Limited,NSE,https://s3-symbol-logo.tradingview.com/chavda-infra-ltd.svg,132.5
1616,FLEXIADD,DSP Nifty500 Flexicap Quality 30 ETF Units Exchange Traded Fund,NSE,https://s3-symbol-logo.tradingview.com/dsp-blackrock-mutu.svg,10.85
1617,SIEMENS,Siemens Limited,NSE,https://s3-symbol-logo.tradingview.com/siemens.svg,3130.8
1618,CPSEETF,CPSE ETF,BSE,https://s3-symbol-logo.tradingview.com/nippon-life-india-asset.svg,91.43
1619,BLSE,BLS E-Services Limited,NSE,https://s3-symbol-logo.tradingview.com/bls-e-services-ltd.svg,206.42
1620,SUNTV,Sun TV Network Limited,NSE,https://s3-symbol-logo.tradingview.com/sun-tv.svg,562.7
4440,VRLLOG,VRL Logistics Ltd.,BSE,https://s3-symbol-logo.tradingview.com/vrl-logistics.svg,271.15
4441,NUVOCO,Nuvoco Vistas Corporation Limited,BSE,https://s3-symbol-logo.tradingview.com/nuvoco-vistas.svg,364.45
4442,HINDALUMI,Hind Aluminium Industries Limited,BSE,https://s3-symbol-logo.tradingview.com/hind-aluminium-industries-ltd.svg,65.88
4443,HARRMALAYA,Harrisons Malayalam Ltd,NSE,https://s3-symbol-logo.tradingview.com/harrisons-malayalam-ltd.svg,161.9
4444,DREAMFOLKS,Dreamfolks Services Limited,BSE,https://s3-symbol-logo.tradingview.com/dreamfolks-services-limited.svg,113.3
4445,DOLPHIN,Dolphin Offshore Enterprises India Ltd.,NSE,https://s3-symbol-logo.tradingview.com/dolphin-off-ent-ind-l.svg,427.5
4446,PNCINFRA,PNC Infratech Ltd,BSE,https://s3-symbol-logo.tradingview.com/pnc-financial.svg,255.3
4447,VRL,Vasundhara Rasayans Ltd.,BSE,https://s3-symbol-logo.tradingview.com/vasundhara-rasayans-ltd.svg,174.75
4448,JKCEMENT,J.K. Cement Ltd.,BSE,https://s3-symbol-logo.tradingview.com/jk-cements.svg,5562.4
4449,RRIL,RRIL Limited,BSE,https://s3-symbol-logo.tradingview.com/rril-limited.svg,18.91
4450,PANACHE,Panache Digilife Ltd.,NSE,https://s3-symbol-logo.tradingview.com/panache-digilife-ltd.svg,337.5
4457,VEERENRGY,Veer Energy & Infrastructure Limited,BSE,https://s3-symbol-logo.tradingview.com/veerhealth-care-limited.svg,13.78
4458,SWATIPRO,Swati Projects Limited,BSE,https://s3-symbol-logo.tradingview.com/swati-projects-limited.svg,31.31
4459,DHRUV,Dhruv Consultancy Services Ltd.,NSE,https://s3-symbol-logo.tradingview.com/dhruv-consultancy-services-lim.svg,49.0
4460,CANTABIL,Cantabil Retail India Limited,BSE,https://s3-symbol-logo.tradingview.com/cantabil-retail-india-ltd.svg,256.0
4462,360ONE,360 One Wam Limited,BSE,https://s3-symbol-logo.tradingview.com/iifl.svg,1175.65
4463,SWARAJENG,Swaraj Engines Ltd,NSE,https://s3-symbol-logo.tradingview.com/swaraj-engines.svg,3621.7
4464,UNICHEMLAB,Unichem Laboratories Limited,NSE,https://s3-symbol-logo.tradingview.com/unichem-laboratories.svg,455.5
4465,TDSL,Tasty Dairy Specialities Ltd.,BSE,https://s3-symbol-logo.tradingview.com/tasty-dairy-specialities-limit.svg,6.85
4466,CONTROLPR,Control Print Limited,NSE,https://s3-symbol-logo.tradingview.com/control-print-ltd.svg,722.5
4467,HELLOJI,Helloji Holidays Limited,BSE,https://s3-symbol-logo.tradingview.com/helloji-holidays-ltd.svg,130.0
4468,INM,Interiors & More Ltd.,NSE,https://s3-symbol-logo.tradingview.com/interiors-and-more-l.svg,250.0
4469,PARAMATRIX,Paramatrix Technologies Ltd.,NSE,https://s3-symbol-logo.tradingview.com/paramatrix-technologies-l.svg,78.3
4470,BRRL,B-Right Realestate Ltd.,BSE,https://s3-symbol-logo.tradingview.com/b-right-realestate-limited.svg,520.05
4471,TGIF,TGIF Agribusiness Ltd.,BSE,https://s3-symbol-logo.tradingview.com/tgif-agribusiness-limited.svg,79.0
4472,ICODEX,Icodex Publishing Solutions Limited,BSE,https://s3-symbol-logo.tradingview.com/icodex-publishing-solutions-limited.svg,53.0
4473,IWARE,Iware Supplychain Services Limited,NSE,https://s3-symbol-logo.tradingview.com/iware-supplychain-ser-ltd.svg,197.0
4474,SAMPAT,Sampat Aluminium Ltd.,BSE,https://s3-symbol-logo.tradingview.com/sampat-aluminium-ltd.svg,73.0
4475,BALCO,Solve Plastic Products Limited,NSE,https://s3-symbol-logo.tradingview.com/solve-plastic-products-l.svg,24.75
4476,NBFOOT,NB Footwear Limited,BSE,https://s3-symbol-logo.tradingview.com/nb-footwear-ltd.svg,9.66
4477,INTEGRITY,Integrity Infrabuild Developers Limited,NSE,https://s3-symbol-logo.tradingview.com/integrity-infrabuild-de-l.svg,136.35
4478,JTLIND,JTL Industries Limited,BSE,https://s3-symbol-logo.tradingview.com/jtl-industries-limited.svg,60.51
4479,REDTAPE,Redtape Limited,BSE,https://s3-symbol-logo.tradingview.com/redtape-ltd.svg,124.0
1651,NEOGEN,Neogen Chemicals Ltd.,NSE,https://s3-symbol-logo.tradingview.com/neogen-chemicals.svg,1105.0
1652,PNCINFRA,PNC Infratech Ltd,NSE,https://s3-symbol-logo.tradingview.com/pnc-financial.svg,256.46
1653,DYCL,Dynamic Cables Ltd.,NSE,https://s3-symbol-logo.tradingview.com/dynamic-cables-ltd.svg,352.5
1654,EXXARO,Exxaro Tiles Ltd.,NSE,https://s3-symbol-logo.tradingview.com/exxaro-tiles-ltd.svg,8.05
1655,PSB,Punjab & Sind Bank Ltd.,BSE,https://s3-symbol-logo.tradingview.com/punjab-and-sind-bank.svg,26.95
1656,DALMIASUG,Dalmia Bharat Sugar & Industries Ltd.,NSE,https://s3-symbol-logo.tradingview.com/dalmia-bharat.svg,300.35
1657,SGNTE,SGN Telecoms Ltd.,BSE,https://s3-symbol-logo.tradingview.com/sgn-telecoms-ltd.svg,0.74
1658,SIS,SIS Limited,NSE,https://s3-symbol-logo.tradingview.com/intel.svg,331.05
1659,GRAUWEIL,Grauer & Weil India Ltd.,BSE,https://s3-symbol-logo.tradingview.com/grauer-and-weil-india-ltd.svg,75.11
1660,ZEEL,Zee Entertainment Enterprises Limited,BSE,https://s3-symbol-logo.tradingview.com/zee-entertain.svg,91.6
1661,SILVERLINE,Silverline Technologies Limited,BSE,https://s3-symbol-logo.tradingview.com/silverline-technologies-ltd.svg,9.11
1662,GOLDADD,DSP Gold ETF Exchange Traded Fund Units,NSE,https://s3-symbol-logo.tradingview.com/dsp-blackrock-mutu.svg,132.86
1663,HAVELLS,Havells India Limited,NSE,https://s3-symbol-logo.tradingview.com/havells.svg,1427.9
1664,SENORES,Senores Pharmaceuticals Ltd.,NSE,https://s3-symbol-logo.tradingview.com/senores-pharmaceuticals-limite.svg,807.35
1665,ARABIAN,Arabian Petroleum Limited,NSE,https://s3-symbol-logo.tradingview.com/arabian-petroleum.svg,71.1
1666,GRAVITA,Gravita India Limited,NSE,https://s3-symbol-logo.tradingview.com/gravita-india.svg,1847.4
1667,AIAENG,AIA Engineering Limited,NSE,https://s3-symbol-logo.tradingview.com/aia-engineering.svg,3918.8
1668,SAWALIYA,Sawaliya Food Products Limited,NSE,https://s3-symbol-logo.tradingview.com/sawaliya-food-products-limited.svg,314.55
1669,SASKEN,Sasken Technologies Ltd,NSE,https://s3-symbol-logo.tradingview.com/sasken-technologie.svg,1342.5
1671,DATAMATICS,Datamatics Global Services Limited,NSE,https://s3-symbol-logo.tradingview.com/datamatics-global.svg,861.25
1673,BLISSGVS,Bliss GVS Pharma Limited,BSE,https://s3-symbol-logo.tradingview.com/bliss-gvs-pharma.svg,175.95
4480,DALBHARAT,Dalmia Bharat Ltd.,BSE,https://s3-symbol-logo.tradingview.com/dalmia-bharat.svg,2050.0
4481,TIL,TIL Ltd.,BSE,https://s3-symbol-logo.tradingview.com/til-ltd.svg,278.4
4482,BETA,Beta Drugs Ltd.,NSE,https://s3-symbol-logo.tradingview.com/beta-drugs-ltd.svg,1607.3
4483,MONTECARLO,Monte Carlo Fashions Ltd.,BSE,https://s3-symbol-logo.tradingview.com/monte-carlo-fashions.svg,728.5
4484,FINIETF,ICICI Prudential Nifty Financial Services Ex-Bank ETF Units,BSE,https://s3-symbol-logo.tradingview.com/icici-prudential-bank.svg,32.7
4485,SERA,Sera Investments and Finance India Ltd.,BSE,https://s3-symbol-logo.tradingview.com/sera-investments-and-finance-ind.svg,39.5
4486,PGFOILQ,PG Foils Ltd.,BSE,https://s3-symbol-logo.tradingview.com/pg-foils-ltd.svg,174.5
4487,CONSOFINVT,Consolidated Finvest & Holdings LTd,NSE,https://s3-symbol-logo.tradingview.com/consolidated-finve.svg,177.87
4488,NEULANDLAB,Neuland Laboratories Ltd.,BSE,https://s3-symbol-logo.tradingview.com/neuland-laboritie.svg,15210.05
4489,RELAXO,Relaxo Footwears Limited,BSE,https://s3-symbol-logo.tradingview.com/relaxo-footwears.svg,403.2
4490,KHADIM,Khadim India Limited,BSE,https://s3-symbol-logo.tradingview.com/khadim-india-limited.svg,161.5
4491,JKIL,J. Kumar Infraprojects Limited,BSE,https://s3-symbol-logo.tradingview.com/jkumar-infraprojects-ltd.svg,598.05
4492,INDIGRID,IndiGrid Infrastructure Trust,BSE,https://s3-symbol-logo.tradingview.com/india-grid-trust.svg,168.27
4493,GOLDIAM,Goldiam International Limited,BSE,https://s3-symbol-logo.tradingview.com/goldiam-international.svg,369.55
4494,AUROPHARMA,Aurobindo Pharma Ltd,BSE,https://s3-symbol-logo.tradingview.com/aurobindo.svg,1224.9
4495,MEDICAMEQ,Medicamen Biotech Limited,NSE,https://s3-symbol-logo.tradingview.com/medicamen-biotech-ltd.svg,386.35
4496,EBBETF0430,Bharat Bond ETF - April 2030 -Units- Exchange Traded Funds,NSE,https://s3-symbol-logo.tradingview.com/edelweiss-fin-serv.svg,1558.0
4497,RRECL,RDB Real Estate Constructions Ltd,BSE,https://s3-symbol-logo.tradingview.com/rdb-real-estate-constructions.svg,148.7
4498,RANEHOLDIN,Rane Holdings Limited,NSE,https://s3-symbol-logo.tradingview.com/rane-ltd.svg,1325.0
4499,SAREGAMA,Saregama India Limited,BSE,https://s3-symbol-logo.tradingview.com/saregama.svg,347.0
4500,THRIVE,THRIVE FUTURE HABITATS LIMITED,BSE,https://s3-symbol-logo.tradingview.com/ador-multiproducts-ltd.svg,114.75
4520,SRAMSET,Shriram Asset Management Co. Ltd.,BSE,https://s3-symbol-logo.tradingview.com/shriram-asset-management-colt.svg,403.35
4521,IECEDU,IEC Education Limited,BSE,https://s3-symbol-logo.tradingview.com/iec-education-ltd.svg,21.49
1751,LESHAIND,Lesha Industries Limited,BSE,https://s3-symbol-logo.tradingview.com/lesha-industries-ltd.svg,0.98
1752,CCL,CCL Products (India) Limited,NSE,https://s3-symbol-logo.tradingview.com/ccl-products-ind.svg,973.4
1753,METALFUND,Mirae Asset Nifty Metal ETF Exchange Traded Fund Units,BSE,https://s3-symbol-logo.tradingview.com/mirae-asset-sec.svg,10.82
1754,ANYA,Anya Polytech & Fertilizers Limited,NSE,https://s3-symbol-logo.tradingview.com/anya-polytech-and-ferti-ltd.svg,19.6
1755,RISAINTL,Risa International Ltd.,BSE,https://s3-symbol-logo.tradingview.com/risa-international-ltd.svg,0.66
1756,GINNIFILA,Ginni Filaments Limited.,NSE,https://s3-symbol-logo.tradingview.com/ginni-filaments.svg,40.07
1757,HDFCMOMENT,13 HDFC Nifty 200 Momentum 30 ETF,NSE,https://s3-symbol-logo.tradingview.com/hdfc-bank.svg,31.71
1758,DIVOPPBEES,Nippon India ETF Nifty Dividend Opportunities 50,NSE,https://s3-symbol-logo.tradingview.com/nippon-life-india-asset.svg,83.45
1759,TIPSMUSIC,Tips Music Limited,NSE,https://s3-symbol-logo.tradingview.com/tips-industries-ltd.svg,526.1
1760,NACLIND,NACL Industries Ltd,NSE,https://s3-symbol-logo.tradingview.com/nacl-industries-limited.svg,169.57
1761,SUPREMEINF,Supreme Infrastructure India Limited,NSE,https://s3-symbol-logo.tradingview.com/supreme-infrastructure-india-l.svg,86.5
1762,MULTICAP,Mirae Asset Nifty500 Multicap 502525 ETF Exchange Traded Fund Units,NSE,https://s3-symbol-logo.tradingview.com/mirae-asset-sec.svg,16.59
1763,BFSI,Mirae Asset Nifty Financial Services ETF Exchange Traded Fund Units,NSE,https://s3-symbol-logo.tradingview.com/mirae-asset-sec.svg,28.49
1764,AWL,AWL Agri Business Ltd,BSE,https://s3-symbol-logo.tradingview.com/adani-wilmar-ltd.svg,240.0
1765,OPTIEMUS,Optiemus Infracom Limited,NSE,https://s3-symbol-logo.tradingview.com/optiemus-infracom.svg,514.15
1766,ADANIGREEN,Adani Green Energy Limited,BSE,https://s3-symbol-logo.tradingview.com/adani.svg,1020.8
1767,MUNJALAU,Munjal Auto Industries Limited,NSE,https://s3-symbol-logo.tradingview.com/munjal-auto.svg,80.8
1768,AARTIPHARM,Aarti Pharmalabs Limited,NSE,https://s3-symbol-logo.tradingview.com/aarti-pharmalabs-ltd.svg,779.65
1769,BAJAJHCARE,Bajaj Healthcare Ltd,NSE,https://s3-symbol-logo.tradingview.com/bajaj-healthcare-limited.svg,421.55
1770,PSUBNKIETF,ICICI Prudential Nifty PSU Bank ETF Exchange Traded Fund Units,NSE,https://s3-symbol-logo.tradingview.com/icici-prudential-bank.svg,84.48
1771,JYOTICNC,Jyoti Cnc Automation Limited,NSE,https://s3-symbol-logo.tradingview.com/jyoti-cnc-automation-ltd.svg,963.5
1772,COFFEEDAY,Coffee Day Enterprises Ltd,BSE,https://s3-symbol-logo.tradingview.com/coffee-day-enterprises.svg,35.86
1773,INTELLECT,Intellect Design Arena Ltd,NSE,https://s3-symbol-logo.tradingview.com/intellect-design-arena.svg,1023.8
1774,EUREKAI,Eureka Industries Ltd.,BSE,https://s3-symbol-logo.tradingview.com/eureka-industries-ltd.svg,8.12
1775,MAHSEAMLES,Maharashtra Seamless Limited,NSE,https://s3-symbol-logo.tradingview.com/maharashtra-seamless.svg,558.15
1776,INDSWFTLAB,Ind-Swift Laboratories Ltd.,NSE,https://s3-symbol-logo.tradingview.com/ind-swift-labs.svg,93.0
1777,VIVANTA,Vivanta Industries Ltd,BSE,https://s3-symbol-logo.tradingview.com/vivanta-industries-limited.svg,2.12
1778,PRAKASHSTL,Prakash Steelage Limited,BSE,https://s3-symbol-logo.tradingview.com/prakash-steelage-ltd.svg,4.0
1779,MBEL,M & B Engineering Limited,NSE,https://s3-symbol-logo.tradingview.com/m-and-b-engineering-limited.svg,373.55
4522,AXISHCETF,Axis NIFTY Healthcare ETF,NSE,https://s3-symbol-logo.tradingview.com/axis-bank.svg,150.73
4523,BALRAMCHIN,Balrampur Chini Mills Ltd,BSE,https://s3-symbol-logo.tradingview.com/balrampur-chini-mills.svg,442.85
4524,HYBRIDFIN,Hybrid Financial Services Ltd.,NSE,https://s3-symbol-logo.tradingview.com/hybrid-financial-services.svg,18.5
4525,LIQUIDSHRI,Shriram NIfty 1D Rate Liquid ETF,NSE,https://s3-symbol-logo.tradingview.com/shriram.svg,1084.73
4526,SBILIQETF,SBI NIFTY 1D Rate Liquid ETF - Growth Exchange Traded Fund Units,BSE,https://s3-symbol-logo.tradingview.com/sbi-mutual-fund.svg,1017.89
4527,BORORENEW,Borosil Renewables Limited,BSE,https://s3-symbol-logo.tradingview.com/borosil-renewables-limited.svg,544.45
4528,STEELCITY,Steel City Securities Ltd.,NSE,https://s3-symbol-logo.tradingview.com/steel-city-securit.svg,91.54
4529,INTEGRAEN,Integra Engineering India Limited,BSE,https://s3-symbol-logo.tradingview.com/integra-engineering-india-ltd.svg,176.4
4530,PUNJCOMMU,Punjab Communications Limited,BSE,https://s3-symbol-logo.tradingview.com/punjab-communications-ltd.svg,61.1
4531,BLBLIMITED,BLB Limited,BSE,https://s3-symbol-logo.tradingview.com/blb.svg,14.08
4532,STARTECK,Starteck Finance Ltd.,NSE,https://s3-symbol-logo.tradingview.com/starteck-finance-limited.svg,275.1
4533,SRHHYPOLTD,Sree Rayalaseema Hi-Strength Hypo Limited,NSE,https://s3-symbol-logo.tradingview.com/sree-rayalaseema-hi-strength-h.svg,529.9
4534,KABRAEXTRU,Kabra ExtrusionTechnik Ltd.,NSE,https://s3-symbol-logo.tradingview.com/kabra-extrusiontechnik.svg,223.65
4535,APLAPOLLO,APL Apollo Tubes Limited,BSE,https://s3-symbol-logo.tradingview.com/apl-apollo-tubes.svg,1880.35
4536,INDTERRAIN,Indian Terrain Fashions Limited,NSE,https://s3-symbol-logo.tradingview.com/indian-terrain.svg,35.47
4537,IL&FSENGG,IL&FS Engineering & Construction Co. Ltd.,NSE,https://s3-symbol-logo.tradingview.com/ilandfs-engineering-and-construc.svg,26.52
4538,FGP,FGP Ltd.,BSE,https://s3-symbol-logo.tradingview.com/fgp-ltd.svg,10.59
4539,NITCO,Nitco Limited,BSE,https://s3-symbol-logo.tradingview.com/nitco-ltd.svg,92.69
4540,AMNPLST,Amines & Plasticizers Ltd.,NSE,https://s3-symbol-logo.tradingview.com/amines-and-plasticizers-ltd.svg,203.82
4541,RRFIN,RR Financial Consultants Ltd.,BSE,https://s3-symbol-logo.tradingview.com/rr-financial-consultants-ltd.svg,131.05
4542,DEEP,Deep Polymers Ltd.,BSE,https://s3-symbol-logo.tradingview.com/deep-polymers-limited.svg,44.0
4543,VOLTAS,Voltas Limited,BSE,https://s3-symbol-logo.tradingview.com/voltas.svg,1381.35
4544,MIDQ50ADD,DSP Nifty Midcap 150 Quality 50 ETF Units Exchange Traded Fund,NSE,https://s3-symbol-logo.tradingview.com/dsp-blackrock-mutu.svg,249.55
4545,SHANTIGEAR,Shanthi Gears Limited,NSE,https://s3-symbol-logo.tradingview.com/shanthi-gears-ltd.svg,471.4
4546,EBBETF0431,BHARAT Bond ETF April 2031 Units Exchange Traded Fund,NSE,https://s3-symbol-logo.tradingview.com/edelweiss-fin-serv.svg,1393.59
4547,CONTI,Continental Seeds & Chemicals Ltd.,NSE,https://s3-symbol-logo.tradingview.com/continental-seeds.svg,22.3
4548,SAGARDEEP,Sagardeep Alloys Ltd.,NSE,https://s3-symbol-logo.tradingview.com/sagardeep-alloys-l.svg,25.46
4549,ABSLBANETF,Aditya Birla Sun Life Nifty Bank ETF,NSE,https://s3-symbol-logo.tradingview.com/aditya-birla-fash.svg,60.52
4550,RLF,RLF Limited,BSE,https://s3-symbol-logo.tradingview.com/rlf-ltd.svg,9.83
4572,SHALBY,Shalby Ltd.,BSE,https://s3-symbol-logo.tradingview.com/shalby-limited.svg,198.7
1801,SHANTIGOLD,Shanti Gold International Limited,NSE,https://s3-symbol-logo.tradingview.com/shanti-gold-internation-l.svg,196.95
1802,RELTD,Ravindra Energy Ltd.,NSE,https://s3-symbol-logo.tradingview.com/ravindra-energy-limited.svg,164.2
1803,GALLARD,Gallard Steel Limited,BSE,https://s3-symbol-logo.tradingview.com/gallard-steel-limited.svg,213.55
1804,IEML,Indian Emulsifiers Ltd.,NSE,https://s3-symbol-logo.tradingview.com/indian-emulsifiers.svg,87.9
1805,GARNET,Garnet Construction Ltd,BSE,https://s3-symbol-logo.tradingview.com/garnet-construction-ltd.svg,58.03
1806,ASHNI,Ashnisha Industries Ltd.,BSE,https://s3-symbol-logo.tradingview.com/ashnisha-industries-limited.svg,3.16
1807,KANSAINER,Kansai Nerolac Paints Limited,NSE,https://s3-symbol-logo.tradingview.com/nerolac.svg,224.4
1808,AKSHOPTFBR,Aksh Optifibre Limited,NSE,https://s3-symbol-logo.tradingview.com/aksh-optifibre-ltd.svg,6.63
1809,ORIENTELEC,Orient Electric Ltd.,NSE,https://s3-symbol-logo.tradingview.com/orient-electric.svg,182.01
1810,ELECTCAST,Electrosteel Castings Ltd.,BSE,https://s3-symbol-logo.tradingview.com/electrosteel-cast.svg,78.1
1811,SARLAPOLY,Sarla Performance Fibers Limited,NSE,https://s3-symbol-logo.tradingview.com/sarla-performance-fibers-ltd.svg,86.9
1812,LIQUID,Mirae Asset Nifty 1D Rate Liquid ETF Units,NSE,https://s3-symbol-logo.tradingview.com/mirae-asset-sec.svg,999.99
1813,ORIENTALTL,Oriental Trimex Limited,NSE,https://s3-symbol-logo.tradingview.com/oriental-trimex.svg,8.47
1814,BGRENERGY,BGR Energy Systems Limited,NSE,https://s3-symbol-logo.tradingview.com/bgr-energy-systems-ltd.svg,319.0
1851,SATIA,Satia Industries Ltd,NSE,https://s3-symbol-logo.tradingview.com/satia-industries-limited.svg,67.01
1852,AVALON,Avalon Technologies Limited,NSE,https://s3-symbol-logo.tradingview.com/avalon-technologies-ltd.svg,883.0
1853,MAXIND,Max India Ltd,NSE,https://s3-symbol-logo.tradingview.com/max-estates-ltd.svg,186.19
1854,ARUNAYA,Arunaya Organics Limited,NSE,https://s3-symbol-logo.tradingview.com/arunaya-organics-ltd.svg,23.0
1855,BAGDIGITAL,B.A.G. Convergence Ltd.,NSE,https://s3-symbol-logo.tradingview.com/bag-convergence-ltd.svg,125.5
1856,GML,Galaxy Medicare Limited,NSE,https://s3-symbol-logo.tradingview.com/galaxy-medicare-limited.svg,21.3
1857,BACPHAR,Bacil Pharma Ltd,BSE,https://s3-symbol-logo.tradingview.com/bacil-pharma-ltd.svg,34.32
1858,TATACOMM,Tata Communications Limited,NSE,https://s3-symbol-logo.tradingview.com/tata.svg,1792.3
1859,VIRINCHI,Virinchi Ltd.,NSE,https://s3-symbol-logo.tradingview.com/virinchi-ltd.svg,23.65
1860,MON100,Motilal Oswal NASDAQ 100 ETF Exchange Traded Fund Units,BSE,https://s3-symbol-logo.tradingview.com/motilal.svg,235.0
4573,MOM30IETF,ICICI Prudential Nifty 200 Momentum 30 ETF Exchange Traded Fund,BSE,https://s3-symbol-logo.tradingview.com/icici-prudential-bank.svg,32.0
4574,SMGOLD,S. M. Gold Ltd.,BSE,https://s3-symbol-logo.tradingview.com/s-m-gold-limited.svg,11.83
4575,INDIANVSH,Indianivesh Limited,BSE,https://s3-symbol-logo.tradingview.com/indianivesh-ltd.svg,6.75
4576,BGRENERGY,BGR Energy Systems Limited,BSE,https://s3-symbol-logo.tradingview.com/bgr-energy-systems-ltd.svg,316.05
4577,SANGHIIND,Sanghi Industries Limited,BSE,https://s3-symbol-logo.tradingview.com/sanghi-industries.svg,64.0
4578,TRACXN,Tracxn Technologies Ltd.,BSE,https://s3-symbol-logo.tradingview.com/tracxn-technologies-ltd.svg,41.69
4579,ICICIB22,BHARAT 22 ETF,BSE,https://s3-symbol-logo.tradingview.com/icici-prudential-bank.svg,116.9
4580,GSAUTO,G.S. Auto International Ltd.,BSE,https://s3-symbol-logo.tradingview.com/gsauto-international-ltd.svg,33.25
4581,TITAN,Titan Company Limited,BSE,https://s3-symbol-logo.tradingview.com/titan-company.svg,3931.55
4582,BBL,Bharat Bijlee Limited,NSE,https://s3-symbol-logo.tradingview.com/bharat-bijlee-ltd.svg,2766.9
4583,UNILEX,Unilex Colours & Chemicals Limited,NSE,https://s3-symbol-logo.tradingview.com/unilex-colours-and-chem-l.svg,37.0
4584,SSL,Share Samadhan Limited,BSE,https://s3-symbol-logo.tradingview.com/share-samadhan-limited.svg,56.3
4585,BCCL,Bhatia Colour Chem Limited,BSE,https://s3-symbol-logo.tradingview.com/bhatia-colour-chem-limited.svg,368.0
4587,MRIL,Mahendra Realtors & Infrastructure Limited,NSE,https://s3-symbol-logo.tradingview.com/mahendra-realtors-and-infrastructure-limited.svg,54.35
4588,PARTH,Parth Electricals & Engineering Limited,NSE,https://s3-symbol-logo.tradingview.com/parth-electricals-and-engineering-limited.svg,217.0
4589,RIKHAV,Rikhav Securities Ltd.,BSE,https://s3-symbol-logo.tradingview.com/rikhav-securities-limited.svg,57.4
4590,PRANIK,Pranik Logistics Limited,NSE,https://s3-symbol-logo.tradingview.com/pranik-logistics-ltd.svg,55.25
4591,AMCL,ANB Metal Cast Limited,NSE,https://s3-symbol-logo.tradingview.com/anb-metal-cast-limited.svg,360.0
4592,PESB,Pune E-Stock Broking Limited,BSE,https://s3-symbol-logo.tradingview.com/pune-e-stock-broking-limited.svg,211.5
4593,SUBAM,Subam Papers Limited,BSE,https://s3-symbol-logo.tradingview.com/subam-papers-limited.svg,200.0
4594,FORCAS,Forcas Studio Limited,NSE,https://s3-symbol-logo.tradingview.com/forcas-studio-ltd.svg,127.0
4595,VISHWAS,Vishwas Agri Seeds Limited,NSE,https://s3-symbol-logo.tradingview.com/vishwas-agri-seeds.svg,42.0
4596,WOMANCART,Womancart Limited,NSE,https://s3-symbol-logo.tradingview.com/womancart-ltd.svg,293.95
4597,AMIABLE,Amiable Logsitics (India) Ltd.,NSE,https://s3-symbol-logo.tradingview.com/amiable-logistics.svg,84.5
4598,SAROJA,Saroja Pharma Industries India Ltd.,NSE,https://s3-symbol-logo.tradingview.com/saroja-pharma-indu.svg,40.0
4599,GLOBTIER,Globtier Infotech Limited,BSE,https://s3-symbol-logo.tradingview.com/globtier-infotech-limited.svg,28.1
4600,QLL,Qualitek Labs Ltd.,BSE,https://s3-symbol-logo.tradingview.com/qualitek-labs-limited.svg,400.0
1901,NIACL,New India Assurance Co. Ltd.,BSE,https://s3-symbol-logo.tradingview.com/the-new-india-assu.svg,155.05
1902,JHACC,Jhaveri Credits & Capital Ltd.,BSE,https://s3-symbol-logo.tradingview.com/jhaveri-credits-and-capital-ltd.svg,205.0
1903,EUROPRATIK,Euro Pratik Sales Limited,NSE,https://s3-symbol-logo.tradingview.com/euro-pratik-sales-limited.svg,301.25
1904,VSTIND,VST Industries Limited,NSE,https://s3-symbol-logo.tradingview.com/vst-industries.svg,254.4
1905,TIJARIA,Tijaria Polypipes Limited,NSE,https://s3-symbol-logo.tradingview.com/tijaria-polypipes-ltd.svg,5.29
1906,BRNL,Bharat Road Network Ltd.,NSE,https://s3-symbol-logo.tradingview.com/bharat-road-networ.svg,22.35
1907,AXISBPSETF,Axis Nifty AAA Bond Plus SDL Apr 2026 50:50 ETF,NSE,https://s3-symbol-logo.tradingview.com/axis-bank.svg,13.09
1908,HNGSNGBEES,Nippon India ETF Hang Seng BeES,NSE,https://s3-symbol-logo.tradingview.com/nippon-life-india-asset.svg,503.48
1909,TREEHOUSE,Tree House Education & Accessories Limited,NSE,https://s3-symbol-logo.tradingview.com/tree-house-educati.svg,8.34
1910,KANANIIND,Kanani Industries Limited,NSE,https://s3-symbol-logo.tradingview.com/kanani-industries.svg,1.72
1911,PRINCEPIPE,Prince Pipes And Fittings Ltd,NSE,https://s3-symbol-logo.tradingview.com/prince-pipes-and-fittings.svg,249.6
1912,REPCOHOME,Repco Home Finance Ltd.,NSE,https://s3-symbol-logo.tradingview.com/repco-home-finance.svg,405.35
1913,LAXMIINDIA,Laxmi India Finance Limited,NSE,https://s3-symbol-logo.tradingview.com/laxmi-india-finance-limited.svg,128.03
1914,VISHNU,Vishnu Chemicals Limited,NSE,https://s3-symbol-logo.tradingview.com/vishnu-chemicals-l.svg,533.15
1915,SYMBIOX,Symbiox Investment & Trading Co. Ltd.,BSE,https://s3-symbol-logo.tradingview.com/symbiox-investment-and-trading-c.svg,2.3
1916,HDFCNIFIT,HDFC Nifty IT ETF Exchange Traded Fund Units,NSE,https://s3-symbol-logo.tradingview.com/hdfc-bank.svg,41.35
1917,TALBROAUTO,Talbros Automotive Components Limited,NSE,https://s3-symbol-logo.tradingview.com/talbros-automotive-components.svg,284.1
1918,HUBTOWN,Hubtown Limited,BSE,https://s3-symbol-logo.tradingview.com/hubtown-ltd.svg,246.45
1919,KSB,KSB Ltd.,NSE,https://s3-symbol-logo.tradingview.com/ksb-ltd.svg,770.55
1920,GROWWRLTY,Groww Nifty Realty ETF Units Exchange Traded Fund,NSE,https://s3-symbol-logo.tradingview.com/growwamc-growwdefnc.svg,9.92
1921,TEGA,Tega Industries Ltd.,NSE,https://s3-symbol-logo.tradingview.com/tega-industries-ltd.svg,1984.2
1922,WARDWIZFBL,Wardwizard Foods and Beverages Limited,BSE,https://s3-symbol-logo.tradingview.com/wardwizard-innovations-and-mob.svg,9.93
1923,UMIYA,Umiya Tubes Ltd.,BSE,https://s3-symbol-logo.tradingview.com/umiya-tubes-limited.svg,24.91
1924,BALAJEE,Shree Tirupati Balajee Agro Trading Company Limited,NSE,https://s3-symbol-logo.tradingview.com/shree-tirupati-balajee-l.svg,40.85
1925,SATCH,Satchmo Holdings Limited,BSE,https://s3-symbol-logo.tradingview.com/satchmo-limited.svg,4.14
4601,NEPHROCARE,Nephro Care India Limited,NSE,https://s3-symbol-logo.tradingview.com/nephro-care-india-ltd.svg,116.0
4603,EXCELLENT,Excellent Wires & Packaging Limited,NSE,https://s3-symbol-logo.tradingview.com/excellent-wires-n-pack-l.svg,42.0
4604,KOHINOOR,Kohinoor Foods Limited.,BSE,https://s3-symbol-logo.tradingview.com/kohinoor-foods-ltd.svg,28.87
4605,ARVINDFASN,Arvind Fashions Ltd.,BSE,https://s3-symbol-logo.tradingview.com/arvind-fashions.svg,504.65
4606,KONARKSY,Konark Synthetic Limited,BSE,https://s3-symbol-logo.tradingview.com/konark-synthetic-ltd.svg,40.85
4607,LIPPISYS,Lippi Systems Limited,BSE,https://s3-symbol-logo.tradingview.com/lippi-systems-ltd.svg,27.45
4608,BRIGHOTEL,Brigade Hotel Ventures Limited,BSE,https://s3-symbol-logo.tradingview.com/brigade-hotel-venture-ltd.svg,70.71
4609,TIRUMALCHM,Thirumalai Chemicals Limited,BSE,https://s3-symbol-logo.tradingview.com/thirumalai-chemicals.svg,236.6
4610,MOGSEC,MOTILAL OSWAL 5 YEAR G-SEC ETF Exchange Traded Fund,NSE,https://s3-symbol-logo.tradingview.com/motilal.svg,62.65
4611,LICMFGOLD,LIC MF Gold ETF,NSE,https://s3-symbol-logo.tradingview.com/lic-mf-exhge-traded.svg,12380.0
4612,HMT,HMT Ltd.,NSE,https://s3-symbol-logo.tradingview.com/hmt-ltd-india.svg,48.8
4613,BIL,Bhartiya International Limited,NSE,https://s3-symbol-logo.tradingview.com/bhartiya-international-ltd.svg,756.05
4614,SRICC,Sri Chakra Cement Ltd.,BSE,https://s3-symbol-logo.tradingview.com/sri-chakra-cement-limited.svg,52.05
4615,DEEPAKNTR,Deepak Nitrite Limited,BSE,https://s3-symbol-logo.tradingview.com/deepak-nitrite.svg,1665.8
4616,PERSISTENT,Persistent Systems Limited,BSE,https://s3-symbol-logo.tradingview.com/persistent-systems-ltd.svg,6524.7
4617,ESSARSHPNG,Essar Shipping Limited.,BSE,https://s3-symbol-logo.tradingview.com/essar-shipping-ltd.svg,28.1
4618,HISARMETAL,Hisar Metal Industries Limited,NSE,https://s3-symbol-logo.tradingview.com/hisar-metal-indust.svg,161.0
4619,ATL,Allcargo Terminals Limited,BSE,https://s3-symbol-logo.tradingview.com/allcargo-terminals-limited.svg,27.7
4620,JMA,Jullundur Motor Agency (Delhi) Ltd,NSE,https://s3-symbol-logo.tradingview.com/jullundur-motor-ag.svg,77.19
4621,TVSMOTOR,TVS Motor Company Limited,BSE,https://s3-symbol-logo.tradingview.com/tvs.svg,3688.8
4623,BAJAJST,Bajaj Steel Industries Limited,BSE,https://s3-symbol-logo.tradingview.com/bajaj-steel-industries-ltd.svg,506.0
4624,GSS,GSS Infotech Limited,BSE,https://s3-symbol-logo.tradingview.com/gss-infotech-ltd.svg,16.4
4625,EQUIPPP,Equippp Social Impact Technologies Limited,NSE,https://s3-symbol-logo.tradingview.com/equippp-soc-imp-tech-ltd.svg,22.56
4626,HEERAISP,Heera Ispat Ltd.,BSE,https://s3-symbol-logo.tradingview.com/heera-ispat-ltd.svg,9.05
4627,AJANTSOY,Ajanta Soya Ltd.,BSE,https://s3-symbol-logo.tradingview.com/ajanta-soya-ltd.svg,29.19
4628,INDIANCARD,Indian Card Clothing Co. Ltd.,BSE,https://s3-symbol-logo.tradingview.com/indian-card-cloth.svg,247.0
4629,FINEORG,Fine Organic Industries Ltd.,NSE,https://s3-symbol-logo.tradingview.com/fine-organic-ind.svg,4281.5
1951,INDORAMA,Indo Rama Synthetics (India) Limited,NSE,https://s3-symbol-logo.tradingview.com/indo-rama-synthetc.svg,49.56
1952,GALLANTT,Gallantt Ispat Limited,NSE,https://s3-symbol-logo.tradingview.com/gallantt-ispat-ltd.svg,513.9
1953,CONSUMER,Mirae Asset Nifty India New Age Consumption Etf,NSE,https://s3-symbol-logo.tradingview.com/mirae-asset-sec.svg,11.92
1954,BSELALGO,BSEL Algo Ltd,BSE,https://s3-symbol-logo.tradingview.com/bsel-algo-limited.svg,5.7
1955,GOYALALUM,Goyal Aluminiums Limited,NSE,https://s3-symbol-logo.tradingview.com/goyal-aluminiums-ltd.svg,6.91
1956,TIRUMALCHM,Thirumalai Chemicals Limited,NSE,https://s3-symbol-logo.tradingview.com/thirumalai-chemicals.svg,237.8
1957,GKENERGY,GK Energy Limited,BSE,https://s3-symbol-logo.tradingview.com/gk-energy-ltd.svg,151.85
2001,J_KBANK,Jammu & Kashmir Bank Ltd.,BSE,https://s3-symbol-logo.tradingview.com/jammu-and-kashmir-bank.svg,100.15
2002,UNIPARTS,Uniparts India Ltd.,NSE,https://s3-symbol-logo.tradingview.com/uniparts-india-ltd.svg,500.95
2003,DEVIT,Dev Information Technology Ltd,NSE,https://s3-symbol-logo.tradingview.com/dev-information-technology-ltd.svg,38.4
2004,QUICKHEAL,Quick Heal Technologies Ltd.,NSE,https://s3-symbol-logo.tradingview.com/quick-heal.svg,280.0
2005,BIKAJI,Bikaji Foods International Ltd.,NSE,https://s3-symbol-logo.tradingview.com/bikaji-foods-intern-ltd.svg,747.95
2006,HINDWAREAP,Hindware Home Innovation Limited,NSE,https://s3-symbol-logo.tradingview.com/somany-hom-innovation-ltd.svg,260.95
2007,SHALPAINTS,Shalimar Paints Ltd,NSE,https://s3-symbol-logo.tradingview.com/shalimar-paints.svg,58.66
2008,CONSUMBEES,Nippon India ETF Nifty India Consumption,NSE,https://s3-symbol-logo.tradingview.com/nippon-life-india-asset.svg,136.14
2009,GPECO,GP Eco Solutions India Limited,NSE,https://s3-symbol-logo.tradingview.com/gp-eco-solutions-india-l.svg,434.1
2010,ASHIMASYN,Ashima Limited,NSE,https://s3-symbol-logo.tradingview.com/ashima-ltd.svg,18.47
2011,PARSVNATH,Parsvnath Developers Limited,BSE,https://s3-symbol-logo.tradingview.com/parsvnath-developers-ltd.svg,11.0
2012,LLOYDPP,Lloyds Enterprises Limited TEMP,BSE,https://s3-symbol-logo.tradingview.com/lloyds-enterprises-limited.svg,47.91
2013,GENSOL,Gensol Engineering Limited,NSE,https://s3-symbol-logo.tradingview.com/gensol-engineering-ltd.svg,27.6
2014,RBLBANK,RBL Bank Ltd.,BSE,https://s3-symbol-logo.tradingview.com/rbl-bank.svg,305.95
2015,JSWCEMENT,JSW Cement Limited,BSE,https://s3-symbol-logo.tradingview.com/jsw.svg,118.55
2016,FIRSTCRY,Brainbees Solutions Limited,BSE,https://s3-symbol-logo.tradingview.com/brainbees-solutions-ltd.svg,299.95
2017,KAMDHENU,Kamdhenu Limited,BSE,https://s3-symbol-logo.tradingview.com/kamdhenu-ltd.svg,23.33
2018,JARO,Jaro Institute of Technology Management and Research Limited,NSE,https://s3-symbol-logo.tradingview.com/jaro-ins-of-tec-mg-n-re-l.svg,544.05
2019,MEDANTA,Global Health Limited,NSE,https://s3-symbol-logo.tradingview.com/global-health-limited.svg,1177.5
4630,KALYANCAP,Kalyan Capitals Ltd,BSE,https://s3-symbol-logo.tradingview.com/kalyan-capitals-limited.svg,8.05
4631,BHANDARI,Bhandari Hosiery Exports Ltd,BSE,https://s3-symbol-logo.tradingview.com/bhandari-hosiery-exports-ltd.svg,3.98
4632,KHFM,KHFM Hospitality & Facility Management Services Ltd.,NSE,https://s3-symbol-logo.tradingview.com/khfm-h-and-f-mgt-s.svg,62.45
4633,FLAIR,Flair Writing Industries Limited,BSE,https://s3-symbol-logo.tradingview.com/flair-writing-indust-ltd.svg,304.5
4634,INGERRAND,Ingersoll-Rand (India) Limited,NSE,https://s3-symbol-logo.tradingview.com/ingersoll-rand.svg,3435.4
4635,LACTOSE,Lactose India Ltd.,BSE,https://s3-symbol-logo.tradingview.com/lactose-india-ltd.svg,110.1
4636,LICNMID100,LIC MF Nifty Midcap 100 ETF Exchange Traded Fund Units,NSE,https://s3-symbol-logo.tradingview.com/lic-mf-exhge-traded.svg,61.09
4637,BAFNAPH,Bafna Pharmaceuticals Limited,BSE,https://s3-symbol-logo.tradingview.com/bafna-pharmaceuticals-ltd.svg,164.95
4638,EPIC,Epic Energy Limited,BSE,https://s3-symbol-logo.tradingview.com/epic-energy-ltd.svg,43.5
4639,VMSTMT,Vms Tmt Limited,BSE,https://s3-symbol-logo.tradingview.com/vms-tmt-limited.svg,54.19
4640,RAMSONS,Ramsons Projects Ltd.,BSE,https://s3-symbol-logo.tradingview.com/ramsons-projects-ltd.svg,156.85
4641,NOL,National Oxygen Limited,BSE,https://s3-symbol-logo.tradingview.com/national-oxygen-ltd.svg,78.1
4642,ABSLLIQUID,Aditya Birla Sun Life CRISIL Liquid Overnight ETF,NSE,https://s3-symbol-logo.tradingview.com/aditya-birla-fash.svg,1000.0
4643,WENDT,WENDT India Limited,NSE,https://s3-symbol-logo.tradingview.com/wendt-india-ltd.svg,8050.0
4644,MANOMAY,Manomay Tex India Ltd.,NSE,https://s3-symbol-logo.tradingview.com/manomay-tex-india-ltd.svg,207.0
4645,ADVLIFE,Advance Lifestyles Ltd.,BSE,https://s3-symbol-logo.tradingview.com/advance-lifestyles-ltd.svg,26.17
4646,TOP15IETF,ICICI Prudential Nifty Top 15 Equal Weight ETF Exchange Traded Fund Units,BSE,https://s3-symbol-logo.tradingview.com/icici-prudential-bank.svg,11.09
4647,SICAGEN,Sicagen India Limited,BSE,https://s3-symbol-logo.tradingview.com/sicagen-india-ltd.svg,55.21
4648,TTKHLTCARE,TTK Healthcare Limited,NSE,https://s3-symbol-logo.tradingview.com/ttk-healthcare-ltd.svg,1050.0
4649,LWSKNIT,LWS Knitwear Ltd.,BSE,https://s3-symbol-logo.tradingview.com/lws-knitwear-ltd.svg,15.7
4650,VLSFINANCE,V L S Finance Limited,BSE,https://s3-symbol-logo.tradingview.com/vls-fin-ltd-india.svg,294.05
4680,DEVLAB,Dev Labtech Venture Ltd.,BSE,https://s3-symbol-logo.tradingview.com/dev-labtech-venture-limited.svg,76.73
4681,KKSHL,KK Shah Hospitals Limited,BSE,https://s3-symbol-logo.tradingview.com/kk-shah-hospitals-limited.svg,35.5
4682,NIDAN,Nidan Laboratories and Healthcare Limited,NSE,https://s3-symbol-logo.tradingview.com/nidan-laboratories.svg,19.5
4683,PFL,Popular Foundations Limited,BSE,https://s3-symbol-logo.tradingview.com/popular-foundations-limited.svg,33.65
4684,SAHANA,Sahana System Limited,NSE,https://s3-symbol-logo.tradingview.com/sahana-system-ltd.svg,944.6
4685,KONTOR,Kontor Space Ltd.,NSE,https://s3-symbol-logo.tradingview.com/kontor-space-ltd.svg,66.0
4686,ZEAL,Zeal Global Services Ltd.,NSE,https://s3-symbol-logo.tradingview.com/zeal-global-servic.svg,95.8
4687,RCDL,Rajgor Castor Derivatives Limited,NSE,https://s3-symbol-logo.tradingview.com/rajgor-castor-deri.svg,20.9
4688,CRAYONS,Crayons Advertising Ltd.,NSE,https://s3-symbol-logo.tradingview.com/crayons-advertisin.svg,38.0
4689,VVIPIL,VVIP Infratech Limited,BSE,https://s3-symbol-logo.tradingview.com/vvip-infratech-limited.svg,127.95
4690,YCCL,Yasons Chemex Care Limited,NSE,https://s3-symbol-logo.tradingview.com/yasons-chemex-care.svg,12.25
2078,NEPLOG,Neptune Logitek Ltd.,BSE,NE,95.8
2079,KKSILK,K K Silk Mills Limited,BSE,KK,17.0
2051,TATVA,Tatva Chintan Pharma Chem Limited,NSE,https://s3-symbol-logo.tradingview.com/tatva-chintan-pharma-chem.svg,1399.5
2052,EFCIL,EFC (I) Ltd.,NSE,https://s3-symbol-logo.tradingview.com/efc-i-limited.svg,304.5
2053,VANDAN,Vandan Foods Limited,BSE,https://s3-symbol-logo.tradingview.com/vandan-foods-limited.svg,49.05
2054,MSPL,MSP Steel & Power Limited,BSE,https://s3-symbol-logo.tradingview.com/msp-steel-and-power-ltd.svg,36.31
2055,WCIL,Western Carriers (India) Limited,NSE,https://s3-symbol-logo.tradingview.com/western-carriers-ind-l.svg,123.14
2056,FERMENTA,Fermenta Biotech Ltd,BSE,https://s3-symbol-logo.tradingview.com/fermenta-biotech-limited.svg,341.1
2057,MOHITE,Mohite Industries Ltd.,BSE,https://s3-symbol-logo.tradingview.com/mohite-industries-limited.svg,2.89
2058,KIOCL,KIOCL Ltd,BSE,https://s3-symbol-logo.tradingview.com/kiocl-ltd.svg,365.35
2059,ABREL,Aditya Birla Real Estate Ltd,NSE,https://s3-symbol-logo.tradingview.com/century-text.svg,1740.2
2060,VIVOBIOT,Vivo Bio Tech Ltd.,BSE,https://s3-symbol-logo.tradingview.com/vivo-bio-tech-ltd.svg,32.6
2061,FISCHER,Fischer Medical Ventures Ltd,BSE,https://s3-symbol-logo.tradingview.com/fischer-medical-ventures-ltd.svg,43.0
2062,VIKRAMSOLR,Vikram Solar Limited,BSE,https://s3-symbol-logo.tradingview.com/vikram-solar-limited.svg,245.5
2063,SIYSIL,Siyaram Silk Mills Limited,NSE,https://s3-symbol-logo.tradingview.com/siyaram-silk.svg,635.9
2064,UPL,UPL Limited,BSE,https://s3-symbol-logo.tradingview.com/upl.svg,782.4
2065,XELPMOC,Xelpmoc Design And Tech Ltd,NSE,https://s3-symbol-logo.tradingview.com/xelpmoc-design-and-tech-limite.svg,134.88
2066,BOROLTD,Borosil Ltd,NSE,https://s3-symbol-logo.tradingview.com/borosil-renewables-limited.svg,292.0
2067,AJANTPHARM,Ajanta Pharma Limited,BSE,https://s3-symbol-logo.tradingview.com/ajanta-pharma.svg,2665.45
2068,PREMIERPOL,Premier Polyfilm Limited,NSE,https://s3-symbol-logo.tradingview.com/premier-polyfilms-ltd.svg,41.02
2069,PARVATI,Parvati Sweetners & Power Ltd.,BSE,https://s3-symbol-logo.tradingview.com/parvati-sweetners-and-power-lt.svg,7.12
2071,VIJAYA,Vijaya Diagnostic Centre Ltd.,NSE,https://s3-symbol-logo.tradingview.com/vijaya-diagnostic.svg,1015.05
2072,AFIL,Akme Fintrade (India) Limited,BSE,https://s3-symbol-logo.tradingview.com/akme-fintrade-india-limited.svg,6.85
2101,ASHWINI,Ashwini Container Movers Limited,NSE,AS,133.0
4691,SHOORA,Shoora Designs Ltd.,BSE,https://s3-symbol-logo.tradingview.com/shoora-designs-limited.svg,46.18
4692,FABINO,Fabino Enterprises Limited,BSE,https://s3-symbol-logo.tradingview.com/fabino-life-sciences-limited.svg,20.75
4693,KGES,Kuberan Global Edu Solutions Limited,BSE,https://s3-symbol-logo.tradingview.com/kuberan-global-edu-solutions-l.svg,46.06
4694,SHARVAYA,Sharvaya Metals Limited,BSE,https://s3-symbol-logo.tradingview.com/sharvaya-metals-limited.svg,168.0
4695,FIDEL,Fidel Softech Ltd.,NSE,https://s3-symbol-logo.tradingview.com/fidel-softech-ltd.svg,142.5
4696,LYPSAGEMS,Lypsa Gems & Jewellery Ltd.,BSE,https://s3-symbol-logo.tradingview.com/lypsa-gems-and-jewellery-ltd.svg,4.67
4697,SINCLAIR,Sinclairs Hotels Limited,BSE,https://s3-symbol-logo.tradingview.com/sinclairs-hotels-ltd.svg,85.0
4698,SHESHAINDS,Sheshadri Industries Ltd,BSE,https://s3-symbol-logo.tradingview.com/sheshadri-industries-limited.svg,23.39
4699,DEEPINDS,Deep Industries Limited,BSE,https://s3-symbol-logo.tradingview.com/deep-industries-ltd.svg,462.1
4700,GLOBUSCON,Globus Power Generation Ltd.,BSE,https://s3-symbol-logo.tradingview.com/globus-constructors-and-develope.svg,14.45
4715,BANASFN,Banas Finance Ltd,BSE,https://s3-symbol-logo.tradingview.com/banas-finance-ltd.svg,8.21
4716,ACUTAAS,Acutaas Chemicals Ltd,BSE,https://s3-symbol-logo.tradingview.com/ami-organics-ltd.svg,1647.1
4717,VINYLINDIA,Vinyl Chemicals (India) Limited,NSE,https://s3-symbol-logo.tradingview.com/vinyl-chemicals.svg,245.38
4718,GILLANDERS,Gillanders Arbuthnot & Co. Ltd.,BSE,https://s3-symbol-logo.tradingview.com/gillanders-arbuthnot-and-coltd.svg,102.35
4719,SILVERTUC,Silver Touch Technologies Ltd.,BSE,https://s3-symbol-logo.tradingview.com/silver-touch-technologies-limi.svg,868.9
4720,AMBICAAGAR,Ambica Agarbathies & Aroma Industries Ltd.,NSE,https://s3-symbol-logo.tradingview.com/ambica-agarbathies-and-aroma-ind.svg,25.54
4722,TREJHARA,Trejhara Solutions Ltd.,NSE,https://s3-symbol-logo.tradingview.com/trejhara-solutions-limited.svg,236.5
4723,ITADD,DSP Nifty IT ETF,BSE,https://s3-symbol-logo.tradingview.com/dsp-blackrock-mutu.svg,41.23
4724,ISGEC,ISGEC Heavy Engineering Ltd.,BSE,https://s3-symbol-logo.tradingview.com/isgec-heavy-eng-ltd.svg,853.0
4725,YASHO,Yasho Industries Ltd.,NSE,https://s3-symbol-logo.tradingview.com/yasho-industries-limited.svg,1459.4
4726,BLUESTARCO,Blue Star Limited,BSE,https://s3-symbol-logo.tradingview.com/blue-star.svg,1753.5
4727,UGARSUGAR,Ugar Sugar Works Ltd,BSE,https://s3-symbol-logo.tradingview.com/ugar-sugar-works-ltd.svg,41.14
4728,CSBBANK,CSB Bank Ltd.,BSE,https://s3-symbol-logo.tradingview.com/csb-bank.svg,411.75
2151,LCCINFOTEC,LCC Infotech Ltd.,NSE,https://s3-symbol-logo.tradingview.com/lcc-infotech-ltd.svg,4.3
2152,KRRAIL,K&R Rail Engineering Ltd.,BSE,https://s3-symbol-logo.tradingview.com/kandr-rail-engineering-limited.svg,30.2
2153,SHINDL,Sharat Industries Ltd,BSE,https://s3-symbol-logo.tradingview.com/sharat-industries-ltd.svg,135.2
2154,GATEWAY,Gateway Distriparks Limited,BSE,https://s3-symbol-logo.tradingview.com/gateway-distriparks-limited.svg,62.57
2155,SKYGOLD,Sky Gold and Diamonds Limited,BSE,https://s3-symbol-logo.tradingview.com/sky-gold-limited.svg,333.55
2156,CANFINHOME,Can Fin Homes Ltd.,NSE,https://s3-symbol-logo.tradingview.com/can-fin-homes.svg,935.7
2157,NIFTYADD,DSP Nifty 50 ETF Units Exchange Traded Fund,NSE,https://s3-symbol-logo.tradingview.com/dsp-blackrock-mutu.svg,273.59
2158,POLYMED,Poly Medicure Limited,NSE,https://s3-symbol-logo.tradingview.com/poly-medicure.svg,1790.5
2159,SANGINITA,Sanginita Chemicals Ltd.,NSE,https://s3-symbol-logo.tradingview.com/sanginita-chemicals-ltd.svg,10.4
2160,NILASPACES,Nila Spaces Ltd.,BSE,https://s3-symbol-logo.tradingview.com/nila-spaces-ltd.svg,15.72
2161,RAMCOSYS,Ramco Systems Limited,NSE,https://s3-symbol-logo.tradingview.com/ramco-systems.svg,603.1
2162,KAMOPAINTS,Kamdhenu Ventures Ltd.,BSE,https://s3-symbol-logo.tradingview.com/kamdhenu-limited.svg,6.51
2163,HCLTECH,HCL Technologies Limited,BSE,https://s3-symbol-logo.tradingview.com/hcl-technologies.svg,1680.6
2164,BHARATSE,Bharat Seats Limited,NSE,https://s3-symbol-logo.tradingview.com/bharat-seats-ltd.svg,177.0
2165,ELITECON,Elitecon International Ltd.,BSE,https://s3-symbol-logo.tradingview.com/elitecon-international-limited.svg,103.13
2166,THANGAMAYL,Thangamayil Jewellery Ltd.,NSE,https://s3-symbol-logo.tradingview.com/thangamayil-jewell.svg,3417.5
2167,RELAXO,Relaxo Footwears Limited,NSE,https://s3-symbol-logo.tradingview.com/relaxo-footwears.svg,402.85
2168,FACORALL,Facor Alloys Limited,BSE,https://s3-symbol-logo.tradingview.com/facor-alloys-ltd.svg,2.88
2169,TIHIL,Trans India House Impex Limited,BSE,https://s3-symbol-logo.tradingview.com/trans-india-house-impex-limite.svg,6.45
2170,ROSSTECH,Rossell Techsys Limited,NSE,https://s3-symbol-logo.tradingview.com/rossell-techsys-limited.svg,641.85
2171,MONGIPA,Moongipa Capital Finance Limited,BSE,https://s3-symbol-logo.tradingview.com/moongipa-capital-finance-ltd.svg,16.75
2172,VIJIFIN,Viji Finance Ltd.,NSE,https://s3-symbol-logo.tradingview.com/viji-finance-ltd.svg,2.58
2173,EVOQ,Evoq Remedies Ltd.,BSE,https://s3-symbol-logo.tradingview.com/evoq-remedies-limited.svg,3.82
2174,DIVYADHAN,Divyadhan Recycling Industries Ltd.,NSE,https://s3-symbol-logo.tradingview.com/ikio-lighting-ltd.svg,29.75
2175,SDREAMS,S D Retail Limited,NSE,https://s3-symbol-logo.tradingview.com/s-d-retail-ltd.svg,81.0
2176,KRISHNADEF,Krishna Defence and Allied Industries Limited,NSE,https://s3-symbol-logo.tradingview.com/krishna-defence-an.svg,778.25
2177,AUSL,Aditya Ultra Steel Limited,NSE,https://s3-symbol-logo.tradingview.com/aditya-ultra-steel-ltd.svg,26.0
2178,ITALIANE,Italian Edibles Limited,NSE,https://s3-symbol-logo.tradingview.com/italian-edibles-pr.svg,27.0
2179,PNC,Pritish Nandy Communications Limited,NSE,https://s3-symbol-logo.tradingview.com/pritish-nandy-comm.svg,26.49
2180,KIRLPNU,Kirloskar Pneumatic Co. Ltd.,NSE,https://s3-symbol-logo.tradingview.com/kirloskar-pneumatic-co-ltd.svg,1050.0
4729,SIGMA,Sigma Solve Ltd,BSE,https://s3-symbol-logo.tradingview.com/sigma-solve-ltd.svg,53.5
4730,RELICAB,Relicab Cable Manufacturing Ltd.,BSE,https://s3-symbol-logo.tradingview.com/relicab-cable-manufacturing-li.svg,56.49
4731,BALPHARMA,Bal Pharma Limited,NSE,https://s3-symbol-logo.tradingview.com/bal-pharma-ltd.svg,74.85
4732,KPIL,Kalpataru Projects International Limited,BSE,https://s3-symbol-logo.tradingview.com/kalpataru-power-tr.svg,1179.3
4733,MAGADSUGAR,Magadh Sugar & Energy Ltd.,NSE,https://s3-symbol-logo.tradingview.com/magadh-sugar-and-ene.svg,510.2
4734,SAHYADRI,Sahyadri Industries Limited.,BSE,https://s3-symbol-logo.tradingview.com/sahyadri-industries-ltd.svg,250.0
4735,NELCAST,Nelcast Limited,BSE,https://s3-symbol-logo.tradingview.com/nelcast-ltd.svg,106.15
4736,DANISH,Danish Power Ltd.,NSE,https://s3-symbol-logo.tradingview.com/danish-power-ltd.svg,650.0
4737,MOQUALITY,Motilal Oswal S&P BSE Quality ETF Exchange Traded Fund Units,NSE,https://s3-symbol-logo.tradingview.com/motilal.svg,200.16
4738,MAHLIFE,Mahindra Lifespace Developers Limited,BSE,https://s3-symbol-logo.tradingview.com/mahindra-lifespace.svg,401.05
4739,GINNIFILA,Ginni Filaments Limited.,BSE,https://s3-symbol-logo.tradingview.com/ginni-filaments.svg,39.81
4740,GOODYEAR,Goodyear India Limited,BSE,https://s3-symbol-logo.tradingview.com/goodyear-tire-and-rubber.svg,845.9
4741,DCI,Dc Infotech And Communication Ltd,NSE,https://s3-symbol-logo.tradingview.com/dc-infotech-and-communication.svg,248.0
4742,PAUSHAKLTD,Paushak Limited,NSE,https://s3-symbol-logo.tradingview.com/paushak-limited.svg,601.0
4743,KKCL,Kewal Kiran Clothing Limited,NSE,https://s3-symbol-logo.tradingview.com/kewel-kiran-clothi.svg,490.8
4744,ROSEMER,Rose Merc Limited,BSE,https://s3-symbol-logo.tradingview.com/rose-mercltd.svg,73.99
4745,TOTEM,Forbes Precision Tools and Machine Parts Limited,BSE,https://s3-symbol-logo.tradingview.com/forbes-precision-tools-and-mac.svg,149.8
4746,QGOLDHALF,Quantum Gold Fund ETF,BSE,https://s3-symbol-logo.tradingview.com/quantum-gold-fund.svg,112.71
4747,ABREL,Aditya Birla Real Estate Ltd,BSE,https://s3-symbol-logo.tradingview.com/century-text.svg,1750.0
2200,BEML,BEML Limited,BSE,BE,1862.8
4748,CORALFINAC,Coral India Finance & Housing Ltd.,NSE,https://s3-symbol-logo.tradingview.com/coral-india-finance.svg,39.1
4749,EXPLEOSOL,Expleo Solutions Limited,NSE,https://s3-symbol-logo.tradingview.com/expleo-solutions.svg,1040.4
4750,PANACEABIO,Panacea Biotec Limited,BSE,https://s3-symbol-logo.tradingview.com/panacea-biotec.svg,362.55
4761,VSTIND,VST Industries Limited,BSE,https://s3-symbol-logo.tradingview.com/vst-industries.svg,253.75
4762,GANECOS,Ganesha Ecosphere Limited,BSE,https://s3-symbol-logo.tradingview.com/ganesha-ecosphere.svg,866.0
4763,DCM,DCM Ltd.,NSE,https://s3-symbol-logo.tradingview.com/dcm-ltd.svg,92.27
4764,AEGISLOG,Aegis Logistics Limited,BSE,https://s3-symbol-logo.tradingview.com/aegis-logistics.svg,737.45
4765,HINDCOMPOS,Hindustan Composites Limited,NSE,https://s3-symbol-logo.tradingview.com/hindustan-composit.svg,431.9
4766,SHEKHAWATI,Shekhawati Industries Limited,BSE,https://s3-symbol-logo.tradingview.com/shekhawati-industries-ltd.svg,19.75
4767,SUNFLAG,Sunflag Iron & Steel Co. Ltd.,BSE,https://s3-symbol-logo.tradingview.com/sunflag-iron-and-ste.svg,269.95
2201,OCCLLTD,OCCL Limited,NSE,https://s3-symbol-logo.tradingview.com/occl-limited.svg,104.16
2202,BEPL,Bhansali Engineering Polymers Ltd.,BSE,https://s3-symbol-logo.tradingview.com/bhansali-engineering-polymers.svg,88.57
2203,VINCOFE,Vintage Coffee and Beverages Limited,BSE,https://s3-symbol-logo.tradingview.com/vintage-coffee-and-beverages-l.svg,159.4
2205,SUBROS,Subros Limited,NSE,https://s3-symbol-logo.tradingview.com/subros.svg,878.35
2206,IFBIND,IFB Industries Ltd,NSE,https://s3-symbol-logo.tradingview.com/ifb-industries.svg,1577.6
2207,SUPRIYA,Supriya Lifescience Limited,NSE,https://s3-symbol-logo.tradingview.com/supriya-lifescience-ltd.svg,748.85
2208,UTIQUE,Utique Enterprises Ltd,BSE,https://s3-symbol-logo.tradingview.com/utique-enterprises-limited.svg,4.77
2209,KFINTECH,Kfin Technologies Limited,BSE,https://s3-symbol-logo.tradingview.com/kfin-technologies-limited.svg,1086.6
2210,REDINGTON,Redington Limited,BSE,https://s3-symbol-logo.tradingview.com/redington-india.svg,273.8
2211,KCPSUGIND,KCP Sugar & Industries Corp. Ltd.,NSE,https://s3-symbol-logo.tradingview.com/kcp-sugar-and-indust.svg,26.18
2212,SEQUENT,Sequent Scientific Limited,BSE,https://s3-symbol-logo.tradingview.com/sequent.svg,217.75
2213,RPTECH,Rashi Peripherals Limited,NSE,https://s3-symbol-logo.tradingview.com/rashi-peripherals-limited.svg,343.3
2214,SURANASOL,Surana Solar Limited,NSE,https://s3-symbol-logo.tradingview.com/surana-solar-ltd.svg,26.9
2251,ONEGLOBAL,One Global Service Provider Ltd.,BSE,https://s3-symbol-logo.tradingview.com/one-global-service-provider-li.svg,627.0
2252,PAKKA,Pakka Ltd,BSE,https://s3-symbol-logo.tradingview.com/yash-pakka-limited.svg,109.9
2253,HDFCNEXT50,HDFC Nifty Next 50 Units Exchange Traded Fund,NSE,https://s3-symbol-logo.tradingview.com/hdfc-bank.svg,70.39
2254,CHLOGIST,Chartered Logistics Limited,BSE,https://s3-symbol-logo.tradingview.com/chartered-logistics-ltd.svg,7.14
2255,DELPHIFX,Delphi World Money Limited,NSE,https://s3-symbol-logo.tradingview.com/delphi-world-money-limited.svg,244.86
2256,HEIDELBERG,Heidelbergcement India Limited.,NSE,https://s3-symbol-logo.tradingview.com/heidelbergcement-i.svg,175.34
2257,BHAGYANGR,Bhagyanagar India Limited,NSE,https://s3-symbol-logo.tradingview.com/bhagyanagar-india-ltd.svg,137.6
2258,VIVIDHA,Visagar Polytex Limited,BSE,https://s3-symbol-logo.tradingview.com/visagar-polytex-ltd.svg,0.68
2259,HINDPETRO,Hindustan Petroleum Corporation Limited,BSE,https://s3-symbol-logo.tradingview.com/hindustan-petroleum.svg,473.0
2260,SOLARWORLD,Solarworld Energy Solutions Limited,NSE,https://s3-symbol-logo.tradingview.com/solarworld-energy-solutions-limited.svg,272.1
2261,IPCALAB,IPCA Laboratories Limited,NSE,https://s3-symbol-logo.tradingview.com/ipca.svg,1427.2
4768,POWERMECH,Power Mech Projects Ltd.,BSE,https://s3-symbol-logo.tradingview.com/power-mech-project.svg,2371.5
4769,HDFCNIFIT,HDFC Nifty IT ETF Exchange Traded Fund Units,BSE,https://s3-symbol-logo.tradingview.com/hdfc-bank.svg,41.2
4770,VINDHYATEL,Vindhya Telelinks Limited,NSE,https://s3-symbol-logo.tradingview.com/vindhya-telelinks.svg,1424.2
4771,DELTAMAGNT,Delta Manufacturing Limited,NSE,https://s3-symbol-logo.tradingview.com/delta-manufacturing-limited.svg,70.3
2266,SAMPRE,Sampre Nutritions Limited,BSE,SA,25.44
4772,BRITANNIA,Britannia Industries Ltd,BSE,https://s3-symbol-logo.tradingview.com/britannia.svg,6088.45
4773,AIIL,Authum Investment & Infrastucture Ltd,BSE,https://s3-symbol-logo.tradingview.com/authum-investment-and-infrastruc.svg,2855.45
4774,OMNITEX,Omnitex Industries (India) Limited,BSE,https://s3-symbol-logo.tradingview.com/omnitex-industries-india-ltd.svg,533.4
4775,BLSE,BLS E-Services Limited,BSE,https://s3-symbol-logo.tradingview.com/bls-e-services-ltd.svg,206.15
4776,RLFL,Ramchandra Leasing & Finance Ltd,BSE,https://s3-symbol-logo.tradingview.com/ramchandra-leasing-and-finance-l.svg,9.93
4777,LPDC,Landmark Property Development Co. Ltd.,BSE,https://s3-symbol-logo.tradingview.com/landmark-property-development.svg,6.99
4778,INDRENEW,IND Renewable Energy Ltd,BSE,https://s3-symbol-logo.tradingview.com/indian-renewable-energy.svg,11.98
4779,BSE500IETF,ICICI Prudential BSE 500 ETF,BSE,https://s3-symbol-logo.tradingview.com/icici-prudential-bank.svg,40.45
4780,BBTCL,B&B Triplewall Containers Ltd.,NSE,https://s3-symbol-logo.tradingview.com/bandb-triplewall-containers-limi.svg,190.0
4781,CATVISION,Catvision Limited,BSE,https://s3-symbol-logo.tradingview.com/catvision-limited.svg,21.15
4782,NEOGEN,Neogen Chemicals Ltd.,BSE,https://s3-symbol-logo.tradingview.com/neogen-chemicals.svg,1101.15
4783,ABVL,Arunjyoti Bio Ventures Ltd.,BSE,https://s3-symbol-logo.tradingview.com/arunjyoti-bio-ventures-limited.svg,8.21
4784,SPANDANA,Spandana Sphoorty Financial Limited,BSE,https://s3-symbol-logo.tradingview.com/spandana-sphoorty-fin-ltd.svg,271.45
4785,AJMERA,Ajmera Realty & Infra India Ltd,BSE,https://s3-symbol-logo.tradingview.com/ajmera-realty-and-in.svg,966.7
4786,SSPDL,SSPDL Limited,BSE,https://s3-symbol-logo.tradingview.com/sspdl-ltd.svg,14.73
4787,TARSONS,Tarsons Products Limited,BSE,https://s3-symbol-logo.tradingview.com/tarsons-products.svg,234.0
4788,KALPACOMME,Kalpa Commercial Ltd,BSE,https://s3-symbol-logo.tradingview.com/kalpa-commercial-limited.svg,8.77
4789,COLINZ,Colinz Laboratories Ltd,BSE,https://s3-symbol-logo.tradingview.com/colinz-laboratories-ltd.svg,47.5
4790,AMRUTANJAN,Amrutanjan Health Care Limited,NSE,https://s3-symbol-logo.tradingview.com/amrutanjan-health-care.svg,680.4
4791,BSHSL,Bombay Super Hybrid Seeds Ltd.,NSE,https://s3-symbol-logo.tradingview.com/bombay-super-hybrid-seeds.svg,101.25
4792,BALMLAWRIE,Balmer Lawrie & Co. Ltd.,BSE,https://s3-symbol-logo.tradingview.com/balmer-lawrie.svg,182.6
4793,NILAINFRA,Nila Infrastructures Limited,BSE,https://s3-symbol-logo.tradingview.com/nila-infrastructures-ltd.svg,9.8
4794,NV20IETF,ICICI Prudential Nifty50 Value 20 ETF,BSE,https://s3-symbol-logo.tradingview.com/icici-prudential-bank.svg,15.24
4795,INDORAMA,Indo Rama Synthetics (India) Limited,BSE,https://s3-symbol-logo.tradingview.com/indo-rama-synthetc.svg,49.48
2335,CHOICEGOLD,Choice Gold ETF Units,NSE,CH,135.6
2301,UTLSOLAR,Fujiyama Power Systems Limited,BSE,https://s3-symbol-logo.tradingview.com/fujiyama-power-systems-limited.svg,207.45
2302,REXPRO,Rexpro Enterprises Ltd.,NSE,https://s3-symbol-logo.tradingview.com/rexpro-enterprises-ltd.svg,65.6
2303,SHKSIL,Shri Hare-Krishna Sponge Iron Limited,NSE,https://s3-symbol-logo.tradingview.com/shri-hare-kri-spo-iron-l.svg,51.0
2304,BESTAGRO,Best Agrolife Ltd.,NSE,https://s3-symbol-logo.tradingview.com/best-agrolife-limited.svg,385.7
2305,BATAINDIA,Bata India Ltd,NSE,https://s3-symbol-logo.tradingview.com/bata.svg,948.05
2306,KUANTUM,Kuantum Papers Limited,BSE,https://s3-symbol-logo.tradingview.com/kuantum-papers-ltd.svg,93.86
2307,ANDHRSUGAR,Andhra Sugars Limited,NSE,https://s3-symbol-logo.tradingview.com/andhra-sugars.svg,76.25
2308,BALAMINES,Balaji Amines Limited,NSE,https://s3-symbol-logo.tradingview.com/balaji-amines.svg,1128.0
2309,FIVESTAR,Five-Star Business Finance Limited,BSE,https://s3-symbol-logo.tradingview.com/five-star-business-finance-ltd.svg,570.3
2310,WELENT,Welspun Enterprises Ltd.,NSE,https://s3-symbol-logo.tradingview.com/welspun.svg,517.0
2311,RIIL,Reliance Industrial Infrastructure Limited,NSE,https://s3-symbol-logo.tradingview.com/reliance-industrial-infrastructure.svg,828.3
2312,SUDARSCHEM,Sudarshan Chemical Industries Limited,NSE,https://s3-symbol-logo.tradingview.com/sudarshan-chemical.svg,983.6
2313,SILVER360,360 ONE Silver ETF Exchange Traded Fund Units,NSE,https://s3-symbol-logo.tradingview.com/360-one-mutual-fund.svg,206.99
2314,AASTAFIN,Aastamangalam Finance Limited,BSE,https://s3-symbol-logo.tradingview.com/aastamangalam-finance-limited.svg,43.5
2315,GSS,GSS Infotech Limited,NSE,https://s3-symbol-logo.tradingview.com/gss-infotech-ltd.svg,16.26
2316,ATULAUTO,Atul Auto Ltd,NSE,https://s3-symbol-logo.tradingview.com/atul-auto.svg,440.0
2317,LICI,Life Insurance Corp. of India,BSE,https://s3-symbol-logo.tradingview.com/life-insurance-corporation-of-india.svg,855.55
2318,MBLINFRA,MBL Infrastructure Limited,NSE,https://s3-symbol-logo.tradingview.com/mbl-infrastructure-ltd.svg,32.8
2319,SWSOLAR,Sterling And Wilson Renewable Energy Limited,BSE,https://s3-symbol-logo.tradingview.com/sterling-and-wilson-so-ltd.svg,218.75
2320,BMW,BMW Industries Ltd,BSE,https://s3-symbol-logo.tradingview.com/bmw.svg,37.19
2321,BANDHANBNK,Bandhan Bank Ltd.,BSE,https://s3-symbol-logo.tradingview.com/bandhan-bank.svg,150.05
2322,ECLERX,eClerx Services Limited,NSE,https://s3-symbol-logo.tradingview.com/eclerx.svg,4702.6
2323,SARDAEN,Sarda Energy & Minerals Limited,BSE,https://s3-symbol-logo.tradingview.com/sarda-energy-and-minerals-ltd.svg,529.7
2324,KBSINDIA,KBS India Limited,BSE,https://s3-symbol-logo.tradingview.com/kbs-india-limited.svg,1.76
4796,ZODJRDMKJ,Zodiac-JRD-MKJ Limited,BSE,https://s3-symbol-logo.tradingview.com/zodiac-jrd-mkj-ltd.svg,39.97
4797,RPSGVENT,RPSG Ventures Limited,BSE,https://s3-symbol-logo.tradingview.com/cesc-ventures.svg,745.0
4798,SETF10GILT,SBI Nifty 10 YR Benchmark G-Sec ETF,NSE,https://s3-symbol-logo.tradingview.com/sbi-mutual-fund.svg,258.15
4799,CUBEXTUB,Cubex Tubings Ltd,BSE,https://s3-symbol-logo.tradingview.com/cubex-tubings.svg,94.5
4800,GALAXYSURF,Galaxy Surfactants Ltd.,NSE,https://s3-symbol-logo.tradingview.com/galaxy-surfactants.svg,2033.2
4828,WABAG,VA Tech Wabag Limited,BSE,https://s3-symbol-logo.tradingview.com/va-tech-wabag.svg,1297.6
4829,MOTOUR,Motilal Oswal Nifty India Tourism ETF Exchange Traded Fund Units,NSE,https://s3-symbol-logo.tradingview.com/motilal.svg,85.5
4830,TATVA,Tatva Chintan Pharma Chem Limited,BSE,https://s3-symbol-logo.tradingview.com/tatva-chintan-pharma-chem.svg,1397.5
4831,CHENFERRO,Chennai Ferrous Industries Ltd,BSE,https://s3-symbol-logo.tradingview.com/chennai-ferrous-industries-lim.svg,105.5
4832,GANDHITUBE,Gandhi Special Tubes Limited,NSE,https://s3-symbol-logo.tradingview.com/gandhi-special-tubes-ltd.svg,786.1
4833,GICHSGFIN,GIC Housing Finance Limited,BSE,https://s3-symbol-logo.tradingview.com/gic-housing-finance.svg,176.2
4834,ALSL,Alacrity Securities Ltd.,BSE,https://s3-symbol-logo.tradingview.com/alacrity-securities-ltd.svg,55.49
4835,AXISNIFTY,Axis NIFTY 50 ETF,NSE,https://s3-symbol-logo.tradingview.com/axis-bank.svg,287.5
4836,JAGSNPHARM,Jagsonpal Pharmaceuticals Ltd.,BSE,https://s3-symbol-logo.tradingview.com/jagsonpal-pharmaceuticals.svg,200.0
4837,KAKATCEM,Kakatiya Cement Sugar & Industries Ltd.,NSE,https://s3-symbol-logo.tradingview.com/kakatiya-cement-sugar-and-indust.svg,130.89
4838,RKDL,Ravikumar Distilleries Ltd.,NSE,https://s3-symbol-logo.tradingview.com/ravi-kumar-distill.svg,23.16
4839,MADHUCON,Madhucon Projects Limited,NSE,https://s3-symbol-logo.tradingview.com/madhucon-projects-ltd.svg,6.24
4840,STAR,Strides Pharma Science Ltd,BSE,https://s3-symbol-logo.tradingview.com/strides-pharma.svg,933.1
4841,EMCURE,Emcure Pharmaceuticals Limited,BSE,https://s3-symbol-logo.tradingview.com/emcure-pharmaceuticals-l.svg,1408.95
4842,NOUVEAU,Nouveau Global Ventures Limited,BSE,https://s3-symbol-logo.tradingview.com/nouveau-global-ventures-ltd.svg,0.49
4843,NEXTMEDIA,Next Mediaworks Limited,NSE,https://s3-symbol-logo.tradingview.com/next-mediaworks-ltd.svg,6.23
4844,AVALON,Avalon Technologies Limited,BSE,https://s3-symbol-logo.tradingview.com/avalon-technologies-ltd.svg,881.15
4845,CHPLIND,CHPL Industries Ltd.,BSE,https://s3-symbol-logo.tradingview.com/chpl-industries-ltd.svg,105.3
4846,ARCL,ARCL Organics Ltd.,BSE,https://s3-symbol-logo.tradingview.com/arcl-organics-ltd.svg,403.5
4847,ARFIN,Arfin India Ltd,BSE,https://s3-symbol-logo.tradingview.com/arfin-india-limited.svg,65.41
4848,OSWAYRN,Oswal Yarns Ltd,BSE,https://s3-symbol-logo.tradingview.com/oswal-yarns-ltd.svg,23.0
2380,RDEL,Riddhi Display Equipments Limited,BSE,RD,55.89
2351,ARE_M,Amara Raja Energy & Mobility Ltd,BSE,https://s3-symbol-logo.tradingview.com/amara-raja.svg,934.55
2352,DIXON,Dixon Technologies (India) Ltd.,BSE,https://s3-symbol-logo.tradingview.com/dixon-technologie.svg,12760.9
2353,ACIIN,ACI Infocom Ltd,BSE,https://s3-symbol-logo.tradingview.com/aci-infocom-ltd.svg,1.27
2354,SWASTIK,Swastik Pipe Ltd.,NSE,https://s3-symbol-logo.tradingview.com/swastik-pipe-ltd.svg,22.55
2355,CONNPLEX,Connplex Cinemas Limited,NSE,https://s3-symbol-logo.tradingview.com/connplex-cinemas-limited.svg,264.1
2401,NATCOPHARM,NATCO Pharma Limited,BSE,https://s3-symbol-logo.tradingview.com/natco-pharma.svg,930.45
2402,GLOBAL,Global Education Ltd.,NSE,https://s3-symbol-logo.tradingview.com/global-education-ltd.svg,94.0
2403,GODREJAGRO,Godrej Agrovet Limited,NSE,https://s3-symbol-logo.tradingview.com/godrej-agrovet.svg,573.9
2404,KCP,KCP Ltd.,NSE,https://s3-symbol-logo.tradingview.com/kcpltd.svg,181.05
2405,HAMPTON,Hampton Sky Realty Limited,BSE,https://s3-symbol-logo.tradingview.com/hampton-sky-realty-limited.svg,13.88
2406,LASTMILE,Last Mile Enterprises Limited,BSE,https://s3-symbol-logo.tradingview.com/last-mile-enterprises-limited.svg,10.15
2407,AEIM,Artificial Electronics Intelligent Material Limited,BSE,https://s3-symbol-logo.tradingview.com/datasoft-application-software.svg,136.4
2408,BASANTGL,Basant Agro Tech (India) Limited,BSE,https://s3-symbol-logo.tradingview.com/basant-agro-tech-india-ltd.svg,11.44
2409,KKALPANAIND,Kkalpana Industries (India) Limited,BSE,https://s3-symbol-logo.tradingview.com/kkalpana-industries-india-lt.svg,8.31
2410,TATIAGLOB,Tatia Global Vennture Ltd.,BSE,https://s3-symbol-logo.tradingview.com/tatia-global-vennture-ltd.svg,2.7
2411,MANAPPURAM,Manappuram Finance Limited,BSE,https://s3-symbol-logo.tradingview.com/manappuram-finance.svg,293.55
2412,PICCADIL,Piccadily Agro Industries Limited,NSE,https://s3-symbol-logo.tradingview.com/piccadily-agro-industries-ltd.svg,568.45
2413,GLAXO,GlaxoSmithKline Pharmaceuticals Limited,NSE,https://s3-symbol-logo.tradingview.com/glaxosmithkline.svg,2490.7
2414,GENCON,Generic Engineering Construction & Projects Ltd.,BSE,https://s3-symbol-logo.tradingview.com/generic-engineering-constructi.svg,47.26
2415,SINDHUTRAD,Sindhu Trade Links Ltd.,BSE,https://s3-symbol-logo.tradingview.com/sindhu-trade-links-limited.svg,21.05
2416,RADIOCITY,Music Broadcast Ltd.,NSE,https://s3-symbol-logo.tradingview.com/music-broadcast-limited.svg,6.68
2417,HLEGLAS,HLE Glascoat Ltd,NSE,https://s3-symbol-logo.tradingview.com/hle-glascoat-limited.svg,457.85
2418,WSTCSTPAPR,West Coast Paper Mills Limited,NSE,https://s3-symbol-logo.tradingview.com/west-coast-paper-mills.svg,419.85
2419,MANBA,Manba Finance Limited,NSE,https://s3-symbol-logo.tradingview.com/manba-finance-limited.svg,139.15
2420,MANCREDIT,Mangal Credit & Fincorp Ltd.,NSE,https://s3-symbol-logo.tradingview.com/mangal-credit-and-fincorp-ltd.svg,170.5
2421,ANDHRAPAP,Andhra Paper Ltd.,NSE,https://s3-symbol-logo.tradingview.com/andhra-paper-ltd.svg,67.96
2422,BYKE,Byke Hospitality Ltd.,NSE,https://s3-symbol-logo.tradingview.com/the-byke-hospitality.svg,52.72
4849,GODAVARI,Godavari Drugs Limited,BSE,https://s3-symbol-logo.tradingview.com/godavari-drugs-ltd.svg,80.6
4850,ORISSAMINE,Orissa Minerals Development Company Limited,BSE,https://s3-symbol-logo.tradingview.com/orissa-minerals-development-co.svg,4853.7
4858,ASCOM,Ascom Leasing & Investments Ltd.,NSE,https://s3-symbol-logo.tradingview.com/ascom-l-and-i-ltd.svg,121.5
4859,INFINIUM,Infinium Pharmachem Ltd.,NSE,https://s3-symbol-logo.tradingview.com/infinium-pharmachem-ltd.svg,224.5
4860,MISHDESIGN,Mish Designs Limited,BSE,https://s3-symbol-logo.tradingview.com/mish-designs-limited.svg,49.03
4861,HBEL,Humming Bird Education Ltd.,BSE,https://s3-symbol-logo.tradingview.com/humming-bird-education-limited.svg,24.0
4862,ALCODIS,Alcokraft Distilleries Limited,NSE,https://s3-symbol-logo.tradingview.com/aurangabad-distill.svg,100.2
4863,SUPERTEX,Supertex Industries Limited,BSE,https://s3-symbol-logo.tradingview.com/supertex-industries-ltd.svg,6.95
4864,TVTODAY,TV Today Network Ltd.,BSE,https://s3-symbol-logo.tradingview.com/tv-today-network.svg,135.0
4865,CHLLTD,CHL Limited,BSE,https://s3-symbol-logo.tradingview.com/chl-ltd.svg,36.5
4866,ANUHPHR,Anuh Pharma Limited,BSE,https://s3-symbol-logo.tradingview.com/anuh-pharma.svg,78.4
4867,SRIKPRIND,Sri KPR Industries Ltd.,BSE,https://s3-symbol-logo.tradingview.com/sri-kpr-industries-ltd.svg,23.2
4868,CRANEINFRA,Crane Infrastructure Ltd,BSE,https://s3-symbol-logo.tradingview.com/crane-infrastructure-limited.svg,16.56
4869,REPL,Rudrabhishek Enterprises Ltd.,NSE,https://s3-symbol-logo.tradingview.com/rudrabhishek-enterp-ltd.svg,127.21
4870,BLUEJET,Blue Jet Healthcare Limited,BSE,https://s3-symbol-logo.tradingview.com/blue-jet-healthcare-ltd.svg,550.4
4871,MUKKA,Mukka Proteins Limited,BSE,https://s3-symbol-logo.tradingview.com/mukka-proteins-limited.svg,24.25
4872,AMAL,Amal Ltd.,BSE,https://s3-symbol-logo.tradingview.com/amal-ltd.svg,690.0
4873,EBBETF0433,Bharat Bond ETF - April 2033,NSE,https://s3-symbol-logo.tradingview.com/edelweiss-fin-serv.svg,1268.14
4874,TPROJECT,Thirani Projects Ltd,BSE,https://s3-symbol-logo.tradingview.com/thirani-projects-ltd.svg,4.11
4875,MOIPO,Motilal Oswal BSE Select IPO ETF Exchange Traded Fund Units,NSE,https://s3-symbol-logo.tradingview.com/motilal.svg,46.78
4876,ZENLABS,Zenlabs Ethica Ltd,BSE,https://s3-symbol-logo.tradingview.com/zenlabs-ethica-limited.svg,21.25
4877,ECAPINSURE,Edelweiss BSE Capital Markets & Insurance ETF Units Exchange Traded Fund,BSE,https://s3-symbol-logo.tradingview.com/edelweiss-fin-serv.svg,24.28
4878,BYKE,Byke Hospitality Ltd.,BSE,https://s3-symbol-logo.tradingview.com/the-byke-hospitality.svg,52.7
4879,DECIPHER,Decipher Labs Ltd.,BSE,https://s3-symbol-logo.tradingview.com/decipher-labs-limited.svg,9.72
4880,FRONTSP,Frontier Springs Limited.,BSE,https://s3-symbol-logo.tradingview.com/frontier-springs-ltd.svg,3905.8
4881,LIQUIDSBI,SBI NIFTY 1D Rate ETF Exchange Traded Fund Units,NSE,https://s3-symbol-logo.tradingview.com/sbi-mutual-fund.svg,999.99
4882,MAHANIN,Mahan Industries Limited,BSE,https://s3-symbol-logo.tradingview.com/mahan-industries-ltd.svg,9.14
4883,MAKEINDIA,Mirae Asset Nifty India Manufacturing ETF Units Exchange Traded Fund,NSE,https://s3-symbol-logo.tradingview.com/mirae-asset-sec.svg,155.55
2461,NEUEON,NEUEON CORPORATION LTD,NSE,NE,5.76
4884,VIRATCRA,Virat Crane Industries Limited,BSE,https://s3-symbol-logo.tradingview.com/virat-crane-industries-ltd.svg,39.0
4885,CHEMCRUX,Chemcrux Enterprises Ltd.,BSE,https://s3-symbol-logo.tradingview.com/chemcrux-enterprises-limited.svg,108.0
4886,SHARDACROP,Sharda Cropchem Ltd.,BSE,https://s3-symbol-logo.tradingview.com/sharda-cropchem.svg,894.7
2451,BIRLACORPN,Birla Corporation Limited,NSE,https://s3-symbol-logo.tradingview.com/birla.svg,1095.5
2452,LTTS,L&T Technology Services Ltd.,NSE,https://s3-symbol-logo.tradingview.com/l-and-t-technology-services.svg,4685.0
2453,AIIL,Authum Investment & Infrastucture Ltd,NSE,https://s3-symbol-logo.tradingview.com/authum-investment-and-infrastruc.svg,2852.0
2454,KRYPTONQ,Krypton Industries Ltd,BSE,https://s3-symbol-logo.tradingview.com/krypton-industries-ltd.svg,45.89
2456,IGCIL,IGC Industries Limited,BSE,https://s3-symbol-logo.tradingview.com/igc-industries-limited.svg,2.28
2457,VIJAYA,Vijaya Diagnostic Centre Ltd.,BSE,https://s3-symbol-logo.tradingview.com/vijaya-diagnostic.svg,1013.5
2458,BMETRICS,Bombay Metrics Supply Chain Ltd.,NSE,https://s3-symbol-logo.tradingview.com/bombay-metrics-sup.svg,41.25
2459,NISUS,Nisus Finance Services Co. Ltd.,BSE,https://s3-symbol-logo.tradingview.com/nisus-finance-services-co-limi.svg,287.0
2460,TARMAT,Tarmat Ltd.,NSE,https://s3-symbol-logo.tradingview.com/tarmat-ltd.svg,52.43
2462,INDIAGLYCO,India Glycols Limited,NSE,https://s3-symbol-logo.tradingview.com/india-glycols-limited.svg,1065.9
2463,NIRAJ,Niraj Cement Structurals Limited,BSE,https://s3-symbol-logo.tradingview.com/niraj-cement-struc-ltd.svg,44.86
2464,MIDCAPIETF,ICICI Prudential Nifty Midcap 150 ETF,BSE,https://s3-symbol-logo.tradingview.com/icici-prudential-bank.svg,23.05
2465,EASTWEST,East West Freight Carriers Ltd,BSE,https://s3-symbol-logo.tradingview.com/east-west-limited.svg,3.69
2466,MUFIN,Mufin Green Finance Limited,BSE,https://s3-symbol-logo.tradingview.com/mufin-green-finance-ltd.svg,117.4
2467,BLS,BLS International Services Ltd.,BSE,https://s3-symbol-logo.tradingview.com/bls-international.svg,323.05
2468,OCEANIC,Oceanic Foods Ltd.,BSE,https://s3-symbol-logo.tradingview.com/oceanic-foods-limited.svg,74.98
2469,CHEMCON,Chemcon Speciality Chemicals Ltd,NSE,https://s3-symbol-logo.tradingview.com/chemcon-special-chem-ltd.svg,203.34
2470,ORCHPHARMA,Orchid Pharma Limited,NSE,https://s3-symbol-logo.tradingview.com/orchid-pharma-limited.svg,784.0
2501,TRABI,Transgene Biotek Limited.,BSE,https://s3-symbol-logo.tradingview.com/transgene-biotek-ltd.svg,2.93
2502,GOCLCORP,GOCL Corporation Limited,NSE,https://s3-symbol-logo.tradingview.com/gocl-l.svg,295.55
2503,ASIIL,ASI Industries Ltd.,BSE,https://s3-symbol-logo.tradingview.com/asi-industries-limited.svg,28.5
4887,MIL,Medico Intercontinental Ltd.,BSE,https://s3-symbol-logo.tradingview.com/medico-intercontinental-limite.svg,29.4
4888,PHOENIXTN,HBG Hotels Ltd,BSE,https://s3-symbol-logo.tradingview.com/phoenix-township-ltd.svg,129.3
4889,SOLARAPP1.E1,Solara Active Pharma Sciences Ltd. TEMP,NSE,https://s3-symbol-logo.tradingview.com/solara-active-pharma.svg,400.0
4890,NIF100BEES,Nippon India ETF Nifty100,BSE,https://s3-symbol-logo.tradingview.com/nippon-life-india-asset.svg,281.92
4891,SUYOG,Suyog Telematics Ltd.,NSE,https://s3-symbol-logo.tradingview.com/suyog-telematics-ltd.svg,627.95
4892,HILIKS,Hiliks Technologies Ltd,BSE,https://s3-symbol-logo.tradingview.com/hiliks-technologies-limited.svg,57.2
4893,CARRARO,Carraro India Ltd.,BSE,https://s3-symbol-logo.tradingview.com/carraro-india-ltd.svg,543.95
4894,AVADHSUGAR,Avadh Sugar & Energy Ltd.,BSE,https://s3-symbol-logo.tradingview.com/avadh-sugar-and-energy-limited.svg,378.5
4895,PANCHSHEEL,Panchsheel Organics Limited,BSE,https://s3-symbol-logo.tradingview.com/panchsheel-organics-ltd.svg,135.0
4896,GPTHEALTH,GPT Healthcare Limited,BSE,https://s3-symbol-logo.tradingview.com/gpt-healthcare-limited.svg,136.8
4897,NPST,Network People Services Technologies Limited,NSE,https://s3-symbol-logo.tradingview.com/network-people-ser.svg,1396.0
4898,AGARWAL,Agarwal Fortune India Limited,BSE,https://s3-symbol-logo.tradingview.com/agarwal-fortune-india-limited.svg,19.89
4899,MATRIMONY,Matrimony.com Ltd.,BSE,https://s3-symbol-logo.tradingview.com/matrimony-com.svg,529.0
4900,KEL,Kundan Edifice Limited,NSE,https://s3-symbol-logo.tradingview.com/kundan-edifice-lim.svg,99.0
4920,KDML,Khemani Distributors & Marketing Ltd.,BSE,https://s3-symbol-logo.tradingview.com/khemani-distributors-and-marketi.svg,132.9
4921,RULKA,Rulka Electricals Ltd,NSE,https://s3-symbol-logo.tradingview.com/rulka-electricals.svg,104.1
4923,SADHAV,Sadhav Shipping Ltd.,NSE,https://s3-symbol-logo.tradingview.com/sadhav-shipping-li.svg,103.65
4924,AARADHYA,Aaradhya Disposal Industries Limited,NSE,https://s3-symbol-logo.tradingview.com/aaradhya-disposal-industries-limited.svg,124.0
4925,SUPERIRON,Super Iron Foundry Ltd.,BSE,https://s3-symbol-logo.tradingview.com/super-iron-foundry-limited.svg,41.0
4926,STAL,Storage Technologies & Automation Ltd.,BSE,https://s3-symbol-logo.tradingview.com/storage-technologies-and-autom.svg,66.01
4927,CELLPOINT,Cell Point (India) Limited,NSE,https://s3-symbol-logo.tradingview.com/cell-point-india.svg,17.2
4928,MPL,MPL Plastics Ltd,BSE,https://s3-symbol-logo.tradingview.com/mpl-plastics-ltd.svg,8.23
2551,5PAISA,5paisa Capital Ltd.,NSE,https://s3-symbol-logo.tradingview.com/5paisa-capital.svg,315.55
2552,PITTIENG,Pitti Engineering Ltd.,NSE,https://s3-symbol-logo.tradingview.com/pitti-engineering.svg,836.0
2553,JALAN,Jalan Transolutions (India) Limited,NSE,https://s3-symbol-logo.tradingview.com/jalan-transolution.svg,3.9
2554,BAGFILMS,B.A.G. Films & Media Ltd.,NSE,https://s3-symbol-logo.tradingview.com/bagfilms-and-media-ltd.svg,6.43
2555,EVINDIA,Mirae Asset Nifty EV and New Age Automotive ETF,BSE,https://s3-symbol-logo.tradingview.com/mirae-asset-sec.svg,31.63
2556,PFS,PTC India Financial Services Limited,BSE,https://s3-symbol-logo.tradingview.com/ptc-india-financia.svg,33.61
2557,JINDALPOLY,Jindal Poly Films Limited,NSE,https://s3-symbol-logo.tradingview.com/jindal-poly-films.svg,504.3
2558,WHEELS,Wheels India Limited,NSE,https://s3-symbol-logo.tradingview.com/wheels-india-ltd.svg,861.05
2559,ERIS,Eris Lifesciences Ltd,NSE,https://s3-symbol-logo.tradingview.com/eris-lifesciences.svg,1552.1
2560,ATALREAL,Atal Realtech Limited,BSE,https://s3-symbol-logo.tradingview.com/atal-realtech-ltd.svg,25.36
2561,RAIN,Rain Industries Limited,BSE,https://s3-symbol-logo.tradingview.com/rain-industries.svg,125.9
2562,GNA,GNA Axles Ltd,NSE,https://s3-symbol-logo.tradingview.com/gna-axles-ltd.svg,313.35
2563,KESARENT,Kesar Enterprises Limited,BSE,https://s3-symbol-logo.tradingview.com/kesar-enterprises-limited.svg,6.57
2564,SAKHTISUG,Sakthi Sugars Limited,NSE,https://s3-symbol-logo.tradingview.com/sakthi-sugars-ltd.svg,19.3
2565,STYL,Seshaasai Technologies Limited,NSE,https://s3-symbol-logo.tradingview.com/seshaasai-technologies-ltd.svg,279.35
2566,LIKHITHA,Likhitha Infrastructure Ltd,NSE,https://s3-symbol-logo.tradingview.com/likhitha-infrastruc-ltd.svg,187.11
2567,LAL,Lorenzini Apparels Ltd.,NSE,https://s3-symbol-logo.tradingview.com/lorenzini-apparels-ltd.svg,9.33
2568,ESTER,Ester Industries Limited,NSE,https://s3-symbol-logo.tradingview.com/ester-industries.svg,107.2
2569,SWANCORP,Swan Corp Limited,BSE,https://s3-symbol-logo.tradingview.com/swan-energy-ltd.svg,464.7
2570,OCTAVE,Perfect-Octave Media Projects Limited,BSE,https://s3-symbol-logo.tradingview.com/perfect-octave-media-projects.svg,5.42
2571,PEIL,Premier Energy & Infrastructure Ltd.,BSE,https://s3-symbol-logo.tradingview.com/premier-energy-and-infrastruct.svg,11.42
2572,GODAVARIB,Godavari Biorefineries Limited,NSE,https://s3-symbol-logo.tradingview.com/godavari-biorefineries-l.svg,265.7
2573,RATNAVEER,Ratnaveer Precision Engineering Ltd.,BSE,https://s3-symbol-logo.tradingview.com/ratnaveer-precision-engineerin.svg,164.5
2574,NIFTY1,Kotak Nifty 50 ETF,NSE,https://s3-symbol-logo.tradingview.com/kotak-mahindra-ast.svg,288.47
2575,SAGCEM,Sagar Cements Ltd,NSE,https://s3-symbol-logo.tradingview.com/sagar-cements.svg,209.96
2576,KITEX,Kitex Garments Limited,BSE,https://s3-symbol-logo.tradingview.com/kitex-garments.svg,188.15
2577,APEX,Apex Frozen Foods Ltd.,BSE,https://s3-symbol-logo.tradingview.com/apex-frozen-foods.svg,281.2
2578,SALZERELEC,Salzer Electronics Limited,NSE,https://s3-symbol-logo.tradingview.com/salzer-electronics.svg,695.4
2579,SPAL,S.P. Apparels Ltd.,NSE,https://s3-symbol-logo.tradingview.com/s-p-apparels.svg,737.0
2580,GVTD,GE Vernova T&D India Limited,BSE,https://s3-symbol-logo.tradingview.com/ge-t-and-d-india-ltd.svg,3122.6
2581,UNIMECH,Unimech Aerospace & Manufacturing Limited,NSE,https://s3-symbol-logo.tradingview.com/unimech-aerospace-and-manufact.svg,940.15
4929,ZENOTECH,Zenotech Laboratories Limited,BSE,https://s3-symbol-logo.tradingview.com/zenotech-laboratories-ltd.svg,45.8
4930,FIEMIND,Fiem Industries Limited,BSE,https://s3-symbol-logo.tradingview.com/fiem-industries.svg,2409.7
4931,APTECHT,Aptech Limited,BSE,https://s3-symbol-logo.tradingview.com/aptech.svg,97.25
4932,SBECSUG,SBEC Sugar Limited,BSE,https://s3-symbol-logo.tradingview.com/sbec-sugar-ltd.svg,31.98
4933,KCP,KCP Ltd.,BSE,https://s3-symbol-logo.tradingview.com/kcpltd.svg,180.75
4934,MUNJALAU,Munjal Auto Industries Limited,BSE,https://s3-symbol-logo.tradingview.com/munjal-auto.svg,81.12
4935,ORIENTELEC,Orient Electric Ltd.,BSE,https://s3-symbol-logo.tradingview.com/orient-electric.svg,182.15
4936,GOLDADD,DSP Gold ETF Exchange Traded Fund Units,BSE,https://s3-symbol-logo.tradingview.com/dsp-blackrock-mutu.svg,132.51
4937,SURAJ,Suraj Products Limited,BSE,https://s3-symbol-logo.tradingview.com/suraj-products-ltd.svg,233.0
4938,KEIL,Kanoria Energy & Infrastructure Ltd,BSE,https://s3-symbol-logo.tradingview.com/kanoria-energy-and-infrastructur.svg,16.99
4939,JSWHL,JSW Holdings Limited,NSE,https://s3-symbol-logo.tradingview.com/jsw-holdings-ltd.svg,20470.0
4940,TRUALT,Trualt Bioenergy Limited,BSE,https://s3-symbol-logo.tradingview.com/trualt-bioenergy-ltd.svg,405.85
4941,VISASTEEL,VISA Steel Limited,NSE,https://s3-symbol-logo.tradingview.com/visa-steel-ltd.svg,48.11
4942,KGDENIM,KG Denim Ltd.,BSE,https://s3-symbol-logo.tradingview.com/kg-denim-ltd.svg,16.95
4943,STEL,STEL Holdings Limited,NSE,https://s3-symbol-logo.tradingview.com/stel-limited.svg,531.1
2601,ASTRONMULT,Astron Multigrain Limited,BSE,AS,24.47
4944,PARKHOTELS,Apeejay Surrendra Park Hotels Ltd.,BSE,https://s3-symbol-logo.tradingview.com/parkhotels.svg,137.5
4945,GMMPFAUDLR,GMM Pfaudler Limited,BSE,https://s3-symbol-logo.tradingview.com/gmm-pfaudler.svg,1062.55
4946,RAMAPETRO,Rama Petrochemicals Ltd,BSE,https://s3-symbol-logo.tradingview.com/rama-petrochemicals-ltd.svg,13.94
4947,PRSMJOHNSN,Prism Johnson Limited,BSE,https://s3-symbol-logo.tradingview.com/prism-johnson-limited.svg,130.25
4948,IYKOTHITE,Iykot Hitech Toolroom Ltd.,BSE,https://s3-symbol-logo.tradingview.com/iykot-hitech-toolroom-ltd.svg,12.35
4949,HARIOMPIPE,Hariom Pipe Industries Ltd.,BSE,https://s3-symbol-logo.tradingview.com/hariom-pipe-industries-l.svg,355.95
4950,VSSL,Vardhman Special Steels Limited,BSE,https://s3-symbol-logo.tradingview.com/vardhman-special-s.svg,294.3
4970,RKDL,Ravikumar Distilleries Ltd.,BSE,https://s3-symbol-logo.tradingview.com/ravi-kumar-distill.svg,23.11
4971,MARBU,Martin Burn Ltd,BSE,https://s3-symbol-logo.tradingview.com/martin-burn-ltd.svg,46.42
4972,DENISCHEM,Denis Chem Lab Ltd.,BSE,https://s3-symbol-logo.tradingview.com/denis-chem-lab-ltd.svg,77.22
4974,RAJSPTR,Rajasthan Petro Synthetics Ltd.,BSE,https://s3-symbol-logo.tradingview.com/rajasthan-petro-synthetics-ltd.svg,11.29
4975,FLFL,Future Lifestyle Fashions Ltd.,BSE,https://s3-symbol-logo.tradingview.com/future-lifestyle-fashions.svg,1.45
4976,KINGFA,Kingfa Science & Technology (India) Limited,NSE,https://s3-symbol-logo.tradingview.com/kingfa-science-and-t.svg,4219.1
4977,ORIENTBELL,Orient Bell Limited,NSE,https://s3-symbol-logo.tradingview.com/orient-bell-ltd.svg,268.0
2661,BECTORFOOD,Mrs. Bector's Food Specialities Ltd.,BSE,"https://t2.gstatic.com/faviconV2?client=SOCIAL&type=FAVICON&fallback_opts=TYPE,SIZE,URL&url=http://zhidao.baidu.com&size=128",239.7
2602,DOLLEX,Dollex Agrotech Limited,NSE,https://s3-symbol-logo.tradingview.com/dollex-agrotech-ltd.svg,38.15
2603,SABAR,Sabar Flex India Ltd.,NSE,https://s3-symbol-logo.tradingview.com/sabar-flex-india-l.svg,5.05
2604,GOBLIN,Goblin India Ltd.,BSE,https://s3-symbol-logo.tradingview.com/goblin-india-limited.svg,11.95
2605,DRA,DRA Consultants Ltd.,BSE,https://s3-symbol-logo.tradingview.com/dra-consultants-limited.svg,16.1
2606,KARBON,Karbonsteel Engineering Limited,BSE,https://s3-symbol-logo.tradingview.com/karbonsteel-engineering-limited.svg,169.7
2607,ENSER,Enser Communications Limited,NSE,https://s3-symbol-logo.tradingview.com/enser-communications-ltd.svg,18.35
2608,QUAL30IETF,ICICI Prudential Nifty 200 Quality 30 ETF Exchange Traded Fund Units,NSE,https://s3-symbol-logo.tradingview.com/nifty-india-financials.svg,22.13
2609,GEOJITFSL,Geojit Financial Services Ltd,BSE,https://s3-symbol-logo.tradingview.com/geojit-financial-services.svg,79.59
2610,TRIGYN,Trigyn Technologies Limited,NSE,https://s3-symbol-logo.tradingview.com/trigyn-technologie.svg,66.86
2651,TOTAL,Total Transport Systems Ltd.,NSE,https://s3-symbol-logo.tradingview.com/total-transport-sys-ltd.svg,79.05
2652,ATMASTCO,Atmastco Limited,NSE,https://s3-symbol-logo.tradingview.com/atmastco-ltd.svg,140.0
2653,PARAGMILK,Parag Milk Foods Ltd.,BSE,https://s3-symbol-logo.tradingview.com/parag-milk-foods.svg,303.0
2654,SECURKLOUD,SecureKloud Technologies Limited,NSE,https://s3-symbol-logo.tradingview.com/securekloud-technologies-limit.svg,25.5
2655,SHUBHAM,Shubham Polyspin Ltd.,BSE,https://s3-symbol-logo.tradingview.com/shubham-polyspin-limited.svg,62.0
2656,GLENMARK,Glenmark Pharmaceuticals Limited,BSE,https://s3-symbol-logo.tradingview.com/glenmark.svg,2074.6
2657,SOTL,Savita Oil Technologies Limited,NSE,https://s3-symbol-logo.tradingview.com/savita-oil-technol.svg,380.3
2658,WAAREERTL,Waaree Renewable Technologies Ltd,BSE,https://s3-symbol-logo.tradingview.com/waaree-renewable-technologies.svg,965.45
2659,LLOYDSENPP,Lloyds Engineering Works Ltd TEMP,BSE,https://s3-symbol-logo.tradingview.com/lloyds-steels-industries-limit.svg,41.05
2660,CLEDUCATE,CL Educate Ltd.,NSE,https://s3-symbol-logo.tradingview.com/cl-educate-ltd.svg,82.7
2662,NEXT50IETF,ICICI Prudential Nifty Next 50 ETF,BSE,https://s3-symbol-logo.tradingview.com/icici-prudential-bank.svg,72.62
2663,IVC,IL&FS Investment Managers Ltd.,BSE,https://s3-symbol-logo.tradingview.com/il-and-fs-investment.svg,8.17
2664,COSMOFIRST,Cosmo First Limited,NSE,https://s3-symbol-logo.tradingview.com/cosmo-films.svg,687.9
2665,KRSNAA,Krsnaa Diagnostics Limited,NSE,https://s3-symbol-logo.tradingview.com/krsnaa-diagnostics.svg,729.25
4978,SHRISTI,Shristi Infrastructure Development Corporation Limited,BSE,https://s3-symbol-logo.tradingview.com/shristi-infrastructure-develop.svg,31.01
4979,BIRLAPREC,Birla Precision Technologies Limited,BSE,https://s3-symbol-logo.tradingview.com/birla-precision-technologies-l.svg,45.7
4980,ANTHEM,Anthem Biosciences Limited,BSE,https://s3-symbol-logo.tradingview.com/anthem-biosciences-ltd.svg,675.55
4981,APLLTD,Alembic Pharmaceuticals Limited,BSE,https://s3-symbol-logo.tradingview.com/alembic.svg,854.05
4982,TRUSTEDGE,Trustedge Capital Limited,BSE,https://s3-symbol-logo.tradingview.com/adinath-exim-resources-ltd.svg,107.99
4983,VERTEX,Vertex Securities Limited,BSE,https://s3-symbol-logo.tradingview.com/vertex-securities-ltd.svg,3.81
4984,GANGESSECU,Ganges Securities Ltd.,NSE,https://s3-symbol-logo.tradingview.com/ganges-securities-ltd.svg,139.0
4985,HERITGFOOD,Heritage Foods Limited,BSE,https://s3-symbol-logo.tradingview.com/heritage-foods.svg,465.5
4986,BODALCHEM,Bodal Chemicals Limited,BSE,https://s3-symbol-logo.tradingview.com/bodal-chemicals.svg,53.63
4987,PHOENIXLTD,Phoenix Mills Ltd.,BSE,https://s3-symbol-logo.tradingview.com/phoenix-mills.svg,1840.55
4988,PHRMASI,Phaarmasia Ltd.,BSE,https://s3-symbol-logo.tradingview.com/phaarmasia-ltd.svg,106.29
4989,GIPCL,Gujarat Industries Power Co. Ltd.,BSE,https://s3-symbol-logo.tradingview.com/gujarat-industries-power-colt.svg,154.75
4990,DIAMINESQ,Diamines & Chemicals Ltd.,NSE,https://s3-symbol-logo.tradingview.com/diamines-and-chemicals.svg,261.1
4991,RUCHIRA,Ruchira Papers Limited,BSE,https://s3-symbol-logo.tradingview.com/ruchira-papers-ltd.svg,121.55
4992,ALKOSIGN,Alkosign Ltd.,BSE,https://s3-symbol-logo.tradingview.com/alkosign-limited.svg,73.5
4993,POWERINDIA,Hitachi Energy India Limited,BSE,https://s3-symbol-logo.tradingview.com/abb-power-products.svg,18690.0
4994,GREENLAM,Greenlam Industries Ltd,BSE,https://s3-symbol-logo.tradingview.com/greenlam-industrie.svg,247.0
4995,KANSAINER,Kansai Nerolac Paints Limited,BSE,https://s3-symbol-logo.tradingview.com/nerolac.svg,224.35
4996,PERMAGN,Permanent Magnets Limited,BSE,https://s3-symbol-logo.tradingview.com/permanent-magnets-ltd.svg,855.0
4997,GANESHCP,Ganesh Consumer Products Limited,BSE,https://s3-symbol-logo.tradingview.com/ganesh-consumer-products-limited.svg,226.9
4998,KAVDEFENCE,Kavveri Defence & Wireless Technologies Limited,NSE,https://s3-symbol-logo.tradingview.com/kavveri-telecom-products-ltd.svg,75.97
4999,RUBYMILLS,Ruby Mills Limited,NSE,https://s3-symbol-logo.tradingview.com/ruby-mills-ltd.svg,227.82
5000,BANKA,Banka BioLoo Ltd.,NSE,https://s3-symbol-logo.tradingview.com/banka-bioloo-ltd.svg,66.12
5002,ASTALLTD,Astal Laboratories Ltd,BSE,https://s3-symbol-logo.tradingview.com/astal-laboratories-limited.svg,88.33
5003,TAHMARENT,Tahmar Enterprises Ltd,BSE,https://s3-symbol-logo.tradingview.com/tahmar-enterprises-limited.svg,10.08
5004,SOLARWORLD,Solarworld Energy Solutions Limited,BSE,https://s3-symbol-logo.tradingview.com/solarworld-energy-solutions-limited.svg,272.9
5005,SHREYANIND,Shreyans Industries Limited,NSE,https://s3-symbol-logo.tradingview.com/shreyans-industrie.svg,175.45
5006,JMDVL,JMD Ventures Ltd,BSE,https://s3-symbol-logo.tradingview.com/jmd-ventures-limited.svg,5.25
5007,MITSU,Mitsu Chem Plast Ltd,BSE,https://s3-symbol-logo.tradingview.com/mitsu-chem-plast-limited.svg,97.24
2696,SSMD,SSMD Agrotech India Limited,BSE,SS,52.5
2701,AIMCOPEST,AIMCO Pesticides Limited,BSE,https://s3-symbol-logo.tradingview.com/aimco-pesticides-ltd.svg,57.8
2702,TARC,TARC Limited,BSE,https://s3-symbol-logo.tradingview.com/tarc-limited.svg,150.35
2703,SIGMA,Sigma Solve Ltd,NSE,https://s3-symbol-logo.tradingview.com/sigma-solve-ltd.svg,53.48
2704,TNIDETF,Tata Nifty India Digital ETF Exchange Traded Fund Units,NSE,https://s3-symbol-logo.tradingview.com/tata.svg,100.6
2705,KHYATI,Khyati Multimedia Entertainment Ltd.,BSE,https://s3-symbol-logo.tradingview.com/khyati-multimedia-entertainmen.svg,2.67
2706,BVCL,Barak Valley Cements Limited,NSE,https://s3-symbol-logo.tradingview.com/barak-valley-cements-ltd.svg,46.8
2707,PAGEIND,Page Industries Limited,NSE,https://s3-symbol-logo.tradingview.com/page-industries.svg,36505.0
2708,EVEREADY,Eveready Industries India Ltd,NSE,https://s3-symbol-logo.tradingview.com/eveready-industrie.svg,330.55
2709,MOLDTECH,Mold-Tek Technologies Limited,NSE,https://s3-symbol-logo.tradingview.com/mold-tek-technolo.svg,158.57
2710,AXISBANK,Axis Bank Limited,BSE,https://s3-symbol-logo.tradingview.com/axis-bank.svg,1230.65
2711,PTC,PTC India Limited,BSE,https://s3-symbol-logo.tradingview.com/ptc-india.svg,159.25
2712,FINKURVE,Finkurve Financial Services Ltd.,NSE,https://s3-symbol-logo.tradingview.com/finkurve-financial-services-lt.svg,103.34
2713,THEJO,Thejo Engineering Ltd.,NSE,https://s3-symbol-logo.tradingview.com/thejo-engineering-ltd.svg,1696.5
2714,ELGIEQUIP,ELGI Equipments Limited,BSE,https://s3-symbol-logo.tradingview.com/elgi.svg,474.1
2715,MNC,Kotak Nifty MNC Exchange Traded Fund Units,NSE,https://s3-symbol-logo.tradingview.com/kotak-mahindra-ast.svg,31.06
2716,HEMIPROP,Hemisphere Properties India Ltd.,BSE,https://s3-symbol-logo.tradingview.com/hemisphere-prop-ind-ltd.svg,133.7
2717,USHAMART,Usha Martin Limited,BSE,https://s3-symbol-logo.tradingview.com/usha-martin.svg,464.85
2718,EMMBI,Emmbi Industries Limited,NSE,https://s3-symbol-logo.tradingview.com/emmbi-industries-ltd.svg,101.5
2719,XCHANGING,Xchanging Solutions Limited,NSE,https://s3-symbol-logo.tradingview.com/xchanging-solution.svg,83.35
2720,ANSALAPI,Ansal Properties & Infrastructure Ltd.,NSE,https://s3-symbol-logo.tradingview.com/ansal-prop-and-infra-ltd.svg,3.6
2721,TBOTEK,TBO Tek Ltd.,NSE,https://s3-symbol-logo.tradingview.com/tbo-tek-limited.svg,1689.2
2722,MPKSTEELS,M P K Steels (I) Limited,BSE,https://s3-symbol-logo.tradingview.com/m-p-k-steels-i-limited.svg,143.7
2726,JYOTI,Jyoti Limited,BSE,https://s3-symbol-logo.tradingview.com/jyoti-ltd.svg,88.79
5008,SUMERUIND,Sumeru Industries Limited,BSE,https://s3-symbol-logo.tradingview.com/sumeru-industries-ltd.svg,1.96
5009,ALEXANDER,Alexander Stamps & Coin Ltd.,BSE,https://s3-symbol-logo.tradingview.com/alexander-stamps-and-coin-limi.svg,11.14
5010,HIMATSEIDE,Himatsingka Seide Limited.,BSE,https://s3-symbol-logo.tradingview.com/himatsingka-seide.svg,116.65
5011,VINYAS,Vinyas Innovative Technologies Limited,NSE,https://s3-symbol-logo.tradingview.com/vinyas-innovative.svg,1160.0
5012,HDFCQUAL,HDFC NIFTY 100 Quality 30 ETF,BSE,https://s3-symbol-logo.tradingview.com/hdfc-bank.svg,60.7
5013,KILITCH,Kilitch Drugs (India) Limited,NSE,https://s3-symbol-logo.tradingview.com/kilitch-drugs-india-ltd.svg,349.45
5014,FORINTL,Fortune International Ltd,BSE,https://s3-symbol-logo.tradingview.com/fortune-international-ltd.svg,64.0
5015,CYBERPP,Cyber Media (India) Limited TEMP,BSE,https://s3-symbol-logo.tradingview.com/cyber-media-india-ltd.svg,6.14
5016,CFL,Classic Filaments Ltd.,BSE,https://s3-symbol-logo.tradingview.com/classic-filaments-limited.svg,51.54
5017,TPINDIA,TPI India Ltd.,BSE,https://s3-symbol-logo.tradingview.com/tpi-india-ltd.svg,16.13
5018,GNA,GNA Axles Ltd,BSE,https://s3-symbol-logo.tradingview.com/gna-axles-ltd.svg,313.7
5019,UNIVAFOODS,Univa Foods Limited,BSE,https://s3-symbol-logo.tradingview.com/univa-foods-ltd.svg,7.87
5020,SAMYAKINT,Samyak International Limited,BSE,https://s3-symbol-logo.tradingview.com/samyak-international-ltd.svg,22.73
5021,BRIGADE,Brigade Enterprises Limited,BSE,https://s3-symbol-logo.tradingview.com/brigade-enterprise.svg,876.45
5022,VIPIND,V.I.P.INDUSTRIES LTD.,BSE,https://s3-symbol-logo.tradingview.com/vip-industries.svg,366.05
5023,MAHSEAMLES,Maharashtra Seamless Limited,BSE,https://s3-symbol-logo.tradingview.com/maharashtra-seamless.svg,558.25
5024,ONESOURCE,OneSource Specialty Pharma Limited,BSE,https://s3-symbol-logo.tradingview.com/onesource-specialty-pharma-lim.svg,1705.6
5025,GKCONS,G. K. Consultants Limited,BSE,https://s3-symbol-logo.tradingview.com/gkconsultants-ltd.svg,12.73
5026,TOKYOPLAST,Tokyo Plast International Ltd,NSE,https://s3-symbol-logo.tradingview.com/tokyo-plast-international-ltd.svg,112.84
5027,MAMATA,Mamata Machinery Ltd.,BSE,https://s3-symbol-logo.tradingview.com/mamata-machinery-ltd.svg,422.9
5028,EPSOMPRO,Epsom Properties Limited,BSE,https://s3-symbol-logo.tradingview.com/epsom-properties-ltd.svg,6.55
5029,DTIL,Dhunseri Tea & Industries Ltd,NSE,https://s3-symbol-logo.tradingview.com/dhunseri-tea-and-industries-ltd.svg,160.04
5030,SKYIND,Sky Industries Limited,BSE,https://s3-symbol-logo.tradingview.com/sky-industries-ltd.svg,91.0
2814,INVICTA,Invicta Diagnostic limited,NSE,IN,80.55
2751,TINNARUBR,Tinna Rubber & Infrastructure Limited,NSE,https://s3-symbol-logo.tradingview.com/tinna-rubber-and-infrastructur.svg,813.5
2752,TRANSCHEM,Transchem Limited,BSE,https://s3-symbol-logo.tradingview.com/transchem-ltd.svg,165.0
2801,EPACKPEB,Epack Prefab Technologies Limited,BSE,https://s3-symbol-logo.tradingview.com/epack-durable-ltd.svg,295.0
2802,COOLCAPS,Cool Caps Industries Limited,NSE,https://s3-symbol-logo.tradingview.com/cool-caps-industries-ltd.svg,73.25
2803,CONCORDBIO,Concord Biotech Ltd.,NSE,https://s3-symbol-logo.tradingview.com/concord-biotech-ltd.svg,1334.3
2804,PREMIERENE,Premier Energies Limited,BSE,https://s3-symbol-logo.tradingview.com/premier-energies-ltd.svg,884.35
2805,PYRAMID,Pyramid Technoplast Ltd.,NSE,https://s3-symbol-logo.tradingview.com/pyramid-technoplast-ltd.svg,163.32
2806,GAYATRIBI,Gayatri Bioorganics Limited,BSE,https://s3-symbol-logo.tradingview.com/gayatri-bioorganics-ltd.svg,17.33
2807,BOROSCI,Borosil Scientific Limited,NSE,https://s3-symbol-logo.tradingview.com/borosil-scientific-limited.svg,120.95
2808,MINALIND,Minal Industries Limited,BSE,https://s3-symbol-logo.tradingview.com/minal-industries-limited.svg,3.17
2809,DONEAR,Donear Industries Limited,NSE,https://s3-symbol-logo.tradingview.com/donear-industries-ltd.svg,97.13
2810,DEEDEV,DEE Development Engineers Limited,NSE,https://s3-symbol-logo.tradingview.com/dee-development-eng-ltd.svg,221.95
2811,ALIVUS,Alivus Life Sciences Ltd,NSE,https://s3-symbol-logo.tradingview.com/glenmark-life-science.svg,909.65
2812,BPL,BPL Limited,NSE,https://s3-symbol-logo.tradingview.com/bpl-ltd.svg,57.24
2813,SODHACAP,Sodhani Capital Ltd.,BSE,https://s3-symbol-logo.tradingview.com/sodhani-capital-ltd.svg,85.0
2815,MAL,Mangalam Alloys Ltd.,NSE,https://s3-symbol-logo.tradingview.com/mangalam-alloys.svg,47.25
2816,OPTIVALUE,Optivalue Tek Consulting Limited,NSE,https://s3-symbol-logo.tradingview.com/optivalue-tek-consulting-limited.svg,70.8
2817,JOINTECAED,Jointeca Education Solutions Ltd.,BSE,https://s3-symbol-logo.tradingview.com/jointeca-education-solutions-l.svg,4.7
2818,DYNAMIC,Dynamic Services & Security Limited,NSE,https://s3-symbol-logo.tradingview.com/dynamic-services-and.svg,111.35
2819,ARCIIL,ARC Insulation & Insulators Limited,NSE,https://s3-symbol-logo.tradingview.com/arc-insulation-and-insulators-limited.svg,66.65
2820,MOXSH,Moxsh Overseas Educon Limited,NSE,https://s3-symbol-logo.tradingview.com/moxsh-overseas-edu.svg,95.85
2821,GOLDTECH,AION-TECH Solutions Limited,NSE,https://s3-symbol-logo.tradingview.com/aion-tech-solutions-limited.svg,52.62
2822,DCMSHRIRAM,DCM Shriram Limited,NSE,https://s3-symbol-logo.tradingview.com/dcm-shriram.svg,1244.0
2823,AGI,AGI Greenpac Limited,NSE,https://s3-symbol-logo.tradingview.com/hsil-ltd.svg,736.95
2824,SWANDEF,Swan Defence and Heavy Industries Ltd,BSE,https://s3-symbol-logo.tradingview.com/swan-defence-and-heavy-industr.svg,1388.75
2825,IKIO,IKIO Technologies Ltd,NSE,https://s3-symbol-logo.tradingview.com/ikio-lighting-ltd.svg,182.39
2826,VMART,V-Mart Retail Ltd,NSE,https://s3-symbol-logo.tradingview.com/v-mart-retail.svg,739.6
2827,OLECTRA,Olectra Greentech Limited,BSE,https://s3-symbol-logo.tradingview.com/olectra-greentech.svg,1203.8
2828,BASILIC,Basilic Fly Studio Ltd.,NSE,https://s3-symbol-logo.tradingview.com/basilic-fly-studio.svg,332.65
5031,AARTIPHARM,Aarti Pharmalabs Limited,BSE,https://s3-symbol-logo.tradingview.com/aarti-pharmalabs-ltd.svg,778.5
5032,SHAQUAK,52 Weeks Entertainment Ltd.,BSE,https://s3-symbol-logo.tradingview.com/shantanu-sheorey-aquakult-ltd.svg,1.3
5033,STCINDIA,State Trading Corporation of India Limited,BSE,https://s3-symbol-logo.tradingview.com/state-trd-ind.svg,124.15
5034,PDSL,PDS Limited,BSE,https://s3-symbol-logo.tradingview.com/pds-multinational.svg,372.55
5035,PNGJL,P N Gadgil Jewellers Limited,BSE,https://s3-symbol-logo.tradingview.com/p-n-gadgil-jewellers-ltd.svg,625.0
5036,ABB,ABB India Limited,BSE,https://s3-symbol-logo.tradingview.com/abb.svg,5202.75
5037,MAYUR,Mayur Leather Products Limited,BSE,https://s3-symbol-logo.tradingview.com/mayur-leather-products-ltd.svg,19.17
5038,AMANTA,Amanta Healthcare Limited,BSE,https://s3-symbol-logo.tradingview.com/amanta-healthcare-limited.svg,111.05
5039,OSIAJEE,Osiajee Texfab Ltd.,BSE,https://s3-symbol-logo.tradingview.com/osiajee-texfab-limited.svg,400.05
5040,FLEXIADD,DSP Nifty500 Flexicap Quality 30 ETF Units Exchange Traded Fund,BSE,https://s3-symbol-logo.tradingview.com/dsp-blackrock-mutu.svg,10.85
5041,FOCUS,Focus Business Solution Limited,BSE,https://s3-symbol-logo.tradingview.com/focus-business-solution-limite.svg,145.0
5042,RAJPACK,Raj Packaging Industries Limited,BSE,https://s3-symbol-logo.tradingview.com/raj-packaging-industries-ltd.svg,41.9
5043,AMITSEC,Amit Securities Limited,BSE,https://s3-symbol-logo.tradingview.com/amit-securities-ltd.svg,35.04
5044,BEDMUTHA,Bedmutha Industries Limited,BSE,https://s3-symbol-logo.tradingview.com/bedmutha-industries-ltd.svg,109.5
5045,AMFORG,Amforge Industries Limited,BSE,https://s3-symbol-logo.tradingview.com/amforge-industries-ltd.svg,8.0
5046,AROGRANITE,ARO Granite Industries Limited,NSE,https://s3-symbol-logo.tradingview.com/aro-granite-industries-ltd.svg,31.11
5047,BLUECOAST,Blue Coast Hotels Limited,NSE,https://s3-symbol-logo.tradingview.com/blue-coast-hotels-ltd.svg,34.41
5048,ATAM,Atam Valves Ltd.,NSE,https://s3-symbol-logo.tradingview.com/atam-valves-limited.svg,83.22
5049,MANGLMCEM,Mangalam Cement Ltd,BSE,https://s3-symbol-logo.tradingview.com/mangalam-cement-ltd.svg,773.65
5050,AIAENG,AIA Engineering Limited,BSE,https://s3-symbol-logo.tradingview.com/aia-engineering.svg,3920.45
5081,AZADIND,Azad India Mobility Ltd,BSE,https://s3-symbol-logo.tradingview.com/indian-bright-steel-coltd.svg,135.1
5082,THELEELA,Leela Palaces Hotels & Resorts Limited,BSE,https://s3-symbol-logo.tradingview.com/schloss-bangalore-ltd.svg,414.4
5083,KERALAYUR,Kerala Ayurveda Limited,BSE,https://s3-symbol-logo.tradingview.com/kerala-ayurveda-ltd.svg,321.75
5084,CONSUMIETF,ICICI Prudential Nifty India Consumption ETF Units Exchange Traded Fund,BSE,https://s3-symbol-logo.tradingview.com/icici-prudential-bank.svg,126.27
5085,VIPPYSP,Vippy Spinpro Limited,BSE,https://s3-symbol-logo.tradingview.com/vippy-spinpro-ltd.svg,171.8
5086,DIGITIDE,Digitide Solutions Ltd,BSE,https://s3-symbol-logo.tradingview.com/digitide-solutions-ltd.svg,133.75
5087,COLORCHIPS,Colorchips New Media Ltd.,BSE,https://s3-symbol-logo.tradingview.com/colorchips-new-media-limited.svg,17.72
5088,ANDHRSUGAR,Andhra Sugars Limited,BSE,https://s3-symbol-logo.tradingview.com/andhra-sugars.svg,75.93
5089,ICSL,Integrated Capital Services Ltd,BSE,https://s3-symbol-logo.tradingview.com/integrated-capital-services-lt.svg,4.19
2851,FDC,FDC Ltd.,NSE,https://s3-symbol-logo.tradingview.com/fdc-ltd.svg,410.3
2852,AJCJEWEL,AJC Jewel Manufacturers Ltd.,BSE,https://s3-symbol-logo.tradingview.com/ajc-jewel-manufacturers-ltd.svg,87.2
2853,GLEN,Glen Industries Limited,BSE,https://s3-symbol-logo.tradingview.com/glen-industries-limited.svg,81.0
2854,ICON,Icon Facilitators Limited,BSE,https://s3-symbol-logo.tradingview.com/icon-facilitators-limited.svg,51.7
2855,NIKITA,Nikita Greentech Recycling Limited,NSE,https://s3-symbol-logo.tradingview.com/nikita-papers-ltd.svg,150.05
2856,SULA,Sula Vineyards Ltd.,BSE,https://s3-symbol-logo.tradingview.com/sula-vineyards-ltd.svg,216.05
2857,TAC,TAC Infosec Limited,NSE,https://s3-symbol-logo.tradingview.com/tac-infosec-ltd.svg,769.25
2858,SPCL,Shivalic Power Control Limited,NSE,https://s3-symbol-logo.tradingview.com/shivalic-power-control-l.svg,80.9
2859,AJAXENGG,Ajax Engineering Ltd.,NSE,https://s3-symbol-logo.tradingview.com/ajax-engineering-limited.svg,597.0
2860,ASHIS,Ashiana Ispat Limited,BSE,https://s3-symbol-logo.tradingview.com/ashiana-ispat-ltd.svg,27.32
2861,AFFORDABLE,Affordable Robotic & Automation Ltd.,NSE,https://s3-symbol-logo.tradingview.com/affordable-robotic-and-automatio.svg,207.84
2862,BGLOBAL,Bharatiya Global Infomedia Limited,NSE,https://s3-symbol-logo.tradingview.com/bharatiya-global-infomedia-ltd.svg,3.54
2863,ELEFLOR,Elegant Floriculture & Agrotech (India) Limited,BSE,https://s3-symbol-logo.tradingview.com/elegant-floriculture-and-agrotec.svg,4.88
2864,ELECON,Elecon Engineering Co. Ltd.,BSE,https://s3-symbol-logo.tradingview.com/elecon-eng-co-ltd.svg,493.25
2865,MAZDA,Mazda Limited,NSE,https://s3-symbol-logo.tradingview.com/mazda-ltd.svg,218.46
2901,BNRSEC,B.N. Rathi Securities Limited,BSE,https://s3-symbol-logo.tradingview.com/bnrathi-securities-ltd.svg,16.29
2902,TSFINV,TSF INVESTMENTS LIMITED,NSE,https://s3-symbol-logo.tradingview.com/sundaram-finance.svg,470.55
2903,TFL,Transwarranty Finance Limited,BSE,https://s3-symbol-logo.tradingview.com/transwarranty-finance-ltd.svg,16.0
2904,7NR,7NR Retail Ltd.,BSE,https://s3-symbol-logo.tradingview.com/7nr-retail-limited.svg,4.01
2905,NIKHILAD,Nikhil Adhesives Limited,BSE,https://s3-symbol-logo.tradingview.com/nikhil-adhesives-ltd.svg,80.0
2906,AHCL,Anlon Healthcare Limited,NSE,https://s3-symbol-logo.tradingview.com/anlon-healthcare-limited.svg,139.0
2907,LOOKS,Looks Health Services Ltd.,BSE,https://s3-symbol-logo.tradingview.com/looks-health-services-limited.svg,5.86
2908,HDFCSENSEX,HDFC S&P BSE Sensex ETF,NSE,https://s3-symbol-logo.tradingview.com/hdfc-bank.svg,96.36
2909,INNOVACAP,Innova Captab Limited,NSE,https://s3-symbol-logo.tradingview.com/innova-captab-ltd.svg,718.25
2910,ASTEC,Astec Lifesciences Limited,BSE,https://s3-symbol-logo.tradingview.com/astec-lifesciences.svg,732.9
5090,EQUAL200,Mirae Asset BSE 200 Equal Weight ETF Exchange Traded Fund Units,NSE,https://s3-symbol-logo.tradingview.com/mirae-asset-sec.svg,13.46
5091,BHARATSE,Bharat Seats Limited,BSE,https://s3-symbol-logo.tradingview.com/bharat-seats-ltd.svg,177.7
5092,CISTRO,Cistro Telelink Limited,BSE,https://s3-symbol-logo.tradingview.com/cistro-telelink-ltd.svg,1.02
5093,RISHITECH,Rishi Techtex Limited,BSE,https://s3-symbol-logo.tradingview.com/rishi-techtex-ltd.svg,46.45
5094,CCHHL,Country Club Hospitality & Holidays Limited,NSE,https://s3-symbol-logo.tradingview.com/country-club-hospitality-and-h.svg,15.24
5095,GSEC10IETF,ICICI Prudential Nifty 10 yr Benchmark G-Sec ETF,NSE,https://s3-symbol-logo.tradingview.com/icici-prudential-bank.svg,257.0
5096,DVL,Dhunseri Ventures Limited,BSE,https://s3-symbol-logo.tradingview.com/dhunseri-ventures.svg,283.2
5097,MMP,MMP Industries Ltd.,NSE,https://s3-symbol-logo.tradingview.com/mmp-industries-ltd.svg,253.35
5098,GFSTEELS,Grand Foundry Ltd.,NSE,https://s3-symbol-logo.tradingview.com/grand-foundry-ltd.svg,11.25
5099,ORTINGLOBE,Ortin Global Ltd,NSE,https://s3-symbol-logo.tradingview.com/ortin-laboratories-ltd.svg,14.58
5100,ORTEL,Ortel Communications Limited,NSE,https://s3-symbol-logo.tradingview.com/ortel-communicatio.svg,1.62
5114,CAMLINFINE,Camlin Fine Sciences Limited,BSE,https://s3-symbol-logo.tradingview.com/camlin-fine-sciences.svg,156.1
5116,SWANAGRO,New Swan Multitech Limited,BSE,https://s3-symbol-logo.tradingview.com/new-swan-multitech-limited.svg,64.8
5117,PSPL,Pdp Shipping & Projects Limited,BSE,https://s3-symbol-logo.tradingview.com/pdp-shipping-and-projects-limite.svg,59.57
5118,OLIL,Oneclick Logistics India Limited,NSE,https://s3-symbol-logo.tradingview.com/oneclick-logistics.svg,303.5
5119,HSIL,Hemant Surgical Industries Ltd.,BSE,https://s3-symbol-logo.tradingview.com/hsil-ltd.svg,295.0
5120,ACEALPHA,Ace Alpha Tech Limited,BSE,https://s3-symbol-logo.tradingview.com/ace-alpha-tech-limited.svg,93.0
5121,SPINAROO,Spinaroo Commercial Limited,BSE,https://s3-symbol-logo.tradingview.com/spinaroo-commercial-limited.svg,39.99
5122,SVRL,Shri Venkatesh Refineries Limited,BSE,https://s3-symbol-logo.tradingview.com/shri-venkatesh-refineries-limi.svg,290.0
5123,ASARFI,Asarfi Hospital Limited,BSE,https://s3-symbol-logo.tradingview.com/asarfi-hospital-limited.svg,185.0
5124,BARFLEX,Barflex Polyfilms Ltd.,NSE,https://s3-symbol-logo.tradingview.com/barflex-polyfilms-ltd.svg,74.0
5125,RTL,Rama Telecom Limited,NSE,https://s3-symbol-logo.tradingview.com/rama-telecom-ltd.svg,65.0
5126,WALPAR,Walpar Nutritions Ltd.,NSE,https://s3-symbol-logo.tradingview.com/walpar-nutritions.svg,47.85
5127,KOURA,Koura Fine Diamond Jewelry Limited,BSE,https://s3-symbol-logo.tradingview.com/koura-fine-diamond-jewelry-lim.svg,35.0
5128,MIEL,Manglam Infra & Engineering Ltd.,NSE,https://s3-symbol-logo.tradingview.com/manglam-infra-and-eng-ltd.svg,20.25
5129,DKUAL,Dolphin Kitchen Utensils and Appliances Ltd,BSE,https://s3-symbol-logo.tradingview.com/sai-swami-metals-and-alloys-li.svg,32.89
5130,BHAVIK,Bhavik Enterprises Ltd.,BSE,https://s3-symbol-logo.tradingview.com/bhavik-enterprises-ltd.svg,140.0
2951,KPGEL,KP Green Engineering Limited,BSE,https://s3-symbol-logo.tradingview.com/kp-green-engineering-limited.svg,428.0
2952,ONYX,Onyx Biotec Ltd.,NSE,https://s3-symbol-logo.tradingview.com/onyx-biotec-ltd.svg,32.35
2953,META,String metaverse limited,BSE,https://s3-symbol-logo.tradingview.com/string-metaverse-limited.svg,232.0
2954,NRL,Nupur Recyclers Limited,NSE,https://s3-symbol-logo.tradingview.com/nupur-recyclers-ltd.svg,56.7
2955,PRUDENT,Prudent Corporate Advisory Services Limited,NSE,https://s3-symbol-logo.tradingview.com/prudent-corporate-advisory-ser.svg,2642.0
2956,KISAN,Kisan Mouldings Limited,BSE,https://s3-symbol-logo.tradingview.com/kisan-mouldings-ltd.svg,28.1
2957,PACEDIGITK,Pace Digitek Limited,BSE,https://s3-symbol-logo.tradingview.com/pace-digitek-limited.svg,197.05
2958,EQUAL50ADD,DSP Nifty 50 Equal Weight ETF Exchange Traded Fund Units,NSE,https://s3-symbol-logo.tradingview.com/dsp-blackrock-mutu.svg,345.63
2959,GIANLIFE,Gian Life Care Ltd.,BSE,https://s3-symbol-logo.tradingview.com/gian-life-care-limited.svg,7.6
2960,TRITURBINE,Triveni Turbine Limited,BSE,https://s3-symbol-logo.tradingview.com/triveni-turbine.svg,537.75
2961,ROSSARI,Rossari Biotech Ltd,NSE,https://s3-symbol-logo.tradingview.com/rossari-biotech-ltd.svg,583.0
2962,RAJESH,Rajesh Power Services Limited,BSE,https://s3-symbol-logo.tradingview.com/rajesh-power-services-limited.svg,1078.0
2963,NIFTYETF,Mirae Asset Nifty 50 ETF,NSE,https://s3-symbol-logo.tradingview.com/mirae-asset-sec.svg,282.37
2964,ALMONDZ,Almondz Global Securities Limited,BSE,https://s3-symbol-logo.tradingview.com/almondz-global-securities-ltd.svg,17.3
2965,INFLUX,Influx Healthtech Limited,NSE,https://s3-symbol-logo.tradingview.com/influx-healthtech-ltd.svg,229.9
2966,SHRIAHIMSA,Shri Ahimsa Naturals Limited,NSE,https://s3-symbol-logo.tradingview.com/shri-ahimsa-naturals-ltd.svg,235.9
2967,GENUSPAPER,Genus Paper & Boards Ltd,BSE,https://s3-symbol-logo.tradingview.com/genus-paper-and-bo.svg,13.25
2968,WELCORP,Welspun Corp Limited,BSE,https://s3-symbol-logo.tradingview.com/welspun.svg,817.1
2969,DRREDDY,Dr. Reddy's Laboratories Ltd.,BSE,https://s3-symbol-logo.tradingview.com/dr-reddys.svg,1280.4
2970,BAYERCROP,Bayer Cropscience India Limited,NSE,https://s3-symbol-logo.tradingview.com/bayer.svg,4461.5
2971,MVGJL,Manoj Vaibhav Gems 'N' Jewellers Limited,NSE,https://s3-symbol-logo.tradingview.com/manoj-vaibhav-gem-n-jew-l.svg,182.85
2972,FEL,Future Enterprises Ltd,BSE,https://s3-symbol-logo.tradingview.com/future-enterprises-limited.svg,0.49
2973,MBAPL,Madhya Bharat Agro Products Ltd.,NSE,https://s3-symbol-logo.tradingview.com/madhya-bharat-agro-p-ltd.svg,408.0
2974,FINCABLES,Finolex Cables Limited,BSE,https://s3-symbol-logo.tradingview.com/finolex-cables.svg,779.95
2975,PRICOLLTD,Pricol Ltd.,BSE,https://s3-symbol-logo.tradingview.com/pricol.svg,641.95
2976,SELMC,SEL Manufacturing Co. Ltd.,NSE,https://s3-symbol-logo.tradingview.com/sel-manufacturing-company-ltd.svg,36.89
5131,KONSTELEC,Konstelec Engineers Limited,NSE,https://s3-symbol-logo.tradingview.com/konstelec-engineer.svg,44.6
5132,INSPIRE,Inspire Films Ltd.,NSE,https://s3-symbol-logo.tradingview.com/inspire-films-limi.svg,11.6
5133,PSFL,Paramount Speciality Forgings Limited,NSE,https://s3-symbol-logo.tradingview.com/paramount-speciali-forg-l.svg,29.0
5134,TIMESGREEN,Times Green Energy (India) Ltd.,BSE,https://s3-symbol-logo.tradingview.com/times-green-energy-india-lim.svg,101.0
5135,EVANS,Evans Electric Limited,BSE,https://s3-symbol-logo.tradingview.com/evans-electric-limited.svg,130.0
5136,FILTRA,Filtra Consultants & Engineers Ltd.,BSE,https://s3-symbol-logo.tradingview.com/filtra-consultants-and-enginee.svg,66.55
5137,AMBEY,Ambey Laboratories Limited,NSE,https://s3-symbol-logo.tradingview.com/ambey-laboratories-ltd.svg,37.3
5138,JYOTIGLOBL,Jyoti Global Plast Limited,NSE,https://s3-symbol-logo.tradingview.com/jyoti-global-plast-limited.svg,50.0
5139,SWASTIKAAL,Swastika Castal Ltd,BSE,https://s3-symbol-logo.tradingview.com/swastika-castal-limited.svg,66.7
5140,PRAXIS,Praxis Home Retail Ltd.,BSE,https://s3-symbol-logo.tradingview.com/praxis-home-retail.svg,9.3
5141,ACCORD,Accord Synergy Ltd.,NSE,https://s3-symbol-logo.tradingview.com/accord-synergy-ltd.svg,29.0
5142,AVIANSH,Avi Ansh Textile Limited,NSE,https://s3-symbol-logo.tradingview.com/avi-ansh-textile-ltd.svg,116.0
5143,DGL,Diksha Greens Ltd.,BSE,https://s3-symbol-logo.tradingview.com/diksha-greens-limited.svg,2.16
5144,LABELKRAFT,Labelkraft Technologies Ltd.,BSE,https://s3-symbol-logo.tradingview.com/labelkraft-technologies-limite.svg,49.0
5146,TIMESCAN,Timescan Logistics (India) Limited,NSE,https://s3-symbol-logo.tradingview.com/timescan-logistics.svg,53.7
5147,DHANLAXMI,Dhanlaxmi Crop Science Ltd.,NSE,https://s3-symbol-logo.tradingview.com/dhanlaxmi-crop-science-l.svg,28.0
5148,PULZ,Pulz Electronics Ltd.,NSE,https://s3-symbol-logo.tradingview.com/pulz-electronics.svg,31.5
5149,UNIFIED,Unified Data- Tech Solutions Limited,BSE,https://s3-symbol-logo.tradingview.com/unified-data-tech-solutions-li.svg,369.1
5150,TEJASSVI,Tejassvi Aaharam Ltd.,BSE,https://s3-symbol-logo.tradingview.com/tejassvi-aaharam-limited.svg,20.26
5163,PSRAJ,P S Raj Steels Ltd.,NSE,https://s3-symbol-logo.tradingview.com/p-s-raj-steels-ltd.svg,318.1
5164,FTL,Finelistings Technologies Limited,BSE,https://s3-symbol-logo.tradingview.com/finelistings-technologies-limi.svg,17.5
5165,VARYAA,Varyaa Creations Ltd.,BSE,https://s3-symbol-logo.tradingview.com/varyaa-creations-limited.svg,31.2
5166,COMRADE,Comrade Appliances Limited,BSE,https://s3-symbol-logo.tradingview.com/comrade-appliances-limited.svg,72.96
5167,AMKAY,Amkay Products Limited,BSE,https://s3-symbol-logo.tradingview.com/amkay-products-limited.svg,68.57
5168,JEYYAM,Jeyyam Global Foods Limited,NSE,https://s3-symbol-logo.tradingview.com/jeyyam-global-foods-ltd.svg,62.5
5169,CLSL,Crop Life Science Ltd.,NSE,https://s3-symbol-logo.tradingview.com/crop-life-science.svg,46.0
5170,SAJHOTELS,Saj Hotels Limited,NSE,https://s3-symbol-logo.tradingview.com/saj-hotels-ltd.svg,60.0
3001,BEDMUTHA,Bedmutha Industries Limited,NSE,https://s3-symbol-logo.tradingview.com/bedmutha-industries-ltd.svg,109.39
3002,TVVISION,TV Vision Ltd.,NSE,https://s3-symbol-logo.tradingview.com/tv-vision-limited.svg,10.15
3003,CEMPRO,Cemindia Projects Ltd,BSE,https://s3-symbol-logo.tradingview.com/itd-cementation.svg,826.25
3004,ITDC,India Tourism Development Corp. Ltd.,NSE,https://s3-symbol-logo.tradingview.com/india-tourism-development.svg,572.4
3005,ELFORGE,EL Forge Ltd.,BSE,https://s3-symbol-logo.tradingview.com/el-forge-ltd.svg,13.35
3006,DBCORP,DB Corp. Ltd.,NSE,https://s3-symbol-logo.tradingview.com/d-b.svg,261.0
3007,ZTECH,Z-Tech (India) Ltd.,NSE,https://s3-symbol-logo.tradingview.com/z-tech-india-pri.svg,624.0
3051,RATHIST,Rathi Steel & Power Ltd.,BSE,https://s3-symbol-logo.tradingview.com/rathi-steel-and-power-ltd.svg,28.0
3052,SSDL,Saraswati Saree Depot Limited,NSE,https://s3-symbol-logo.tradingview.com/saraswati-saree-depot-limited.svg,79.06
3053,FORTIS,Fortis Healthcare Ltd.,BSE,https://s3-symbol-logo.tradingview.com/fortis-healthcare.svg,899.5
3054,SAGCEM,Sagar Cements Ltd,BSE,https://s3-symbol-logo.tradingview.com/sagar-cements.svg,210.5
3055,SWANDEF,Swan Defence and Heavy Industries Ltd,NSE,https://s3-symbol-logo.tradingview.com/swan-defence-and-heavy-industr.svg,1322.1
3056,TIRUPATIIN,Tirupati Innovar Ltd,BSE,https://s3-symbol-logo.tradingview.com/tirupati-tyres-ltd.svg,8.33
3057,RISHABH,Rishabh Instruments Limited,NSE,https://s3-symbol-logo.tradingview.com/rishabh-instruments-ltd.svg,392.4
3058,HEXT,Hexaware Technologies Limited,BSE,https://s3-symbol-logo.tradingview.com/hexaware-technologies-ltd.svg,735.95
3059,TRESCON,Trescon Ltd.,BSE,https://s3-symbol-logo.tradingview.com/trescon-limited.svg,8.1
3060,7TEC,Saven Technologies Limited,BSE,https://s3-symbol-logo.tradingview.com/saven-technologies-ltd.svg,44.5
3061,VARDMNPOLY,Vardhman Polytex Ltd,BSE,https://s3-symbol-logo.tradingview.com/vardhman-polytex.svg,6.39
3062,APLLTD,Alembic Pharmaceuticals Limited,NSE,https://s3-symbol-logo.tradingview.com/alembic.svg,853.9
3063,MINDTECK,Mindteck (India) Limited,NSE,https://s3-symbol-logo.tradingview.com/mindteck-india.svg,207.0
3064,MSECL,Monarch Surveyors and Engineering Consultants Limited,BSE,https://s3-symbol-logo.tradingview.com/monarch-surveyors-and-engineer.svg,214.1
3065,KPITTECH,KPIT Technologies Limited,BSE,https://s3-symbol-logo.tradingview.com/kpit-technologies.svg,1235.5
3066,PSITINFRA,PS IT Infrastructure & Services Limited,BSE,https://s3-symbol-logo.tradingview.com/ps-it-infrastructure-and-service.svg,1.54
3067,IL&FSTRANS,IL&FS Transportation Networks Limited,NSE,https://s3-symbol-logo.tradingview.com/ilandfs-engineering-and-construc.svg,2.91
3068,MMFL,MM Forgings Limited,NSE,https://s3-symbol-logo.tradingview.com/mm-forgings.svg,362.05
3069,FILATEX,Filatex India Ltd,BSE,https://s3-symbol-logo.tradingview.com/filatex-india-ltd.svg,49.98
3070,VIJIFIN,Viji Finance Ltd.,BSE,https://s3-symbol-logo.tradingview.com/viji-finance-ltd.svg,2.58
5171,AASHKA,Aashka Hospitals Limited,BSE,https://s3-symbol-logo.tradingview.com/aashka-hospitals-limited.svg,84.75
5172,VANDU,Leo Dryfruits & Spices Trading Ltd.,BSE,https://s3-symbol-logo.tradingview.com/leo-dryfruits-and-spices-trading.svg,67.0
5173,MURUDCERA,Murudeshwar Ceramics Limited,BSE,https://s3-symbol-logo.tradingview.com/murudeshwar-cerami.svg,34.74
5174,FLUIDOM,Fluidomat Limited,BSE,https://s3-symbol-logo.tradingview.com/fluidomat-ltd.svg,707.2
5175,OSWALGREEN,Oswal Greentech Ltd.,BSE,https://s3-symbol-logo.tradingview.com/oswal-greentech-ltd.svg,33.15
5176,INFRABEES,Nippon India ETF Nifty Infrastructure BeES,NSE,https://s3-symbol-logo.tradingview.com/nippon-life-india-asset.svg,995.88
5177,PIDILITIND,Pidilite Industries Limited,BSE,https://s3-symbol-logo.tradingview.com/pidilite.svg,1456.0
5178,STYL,Seshaasai Technologies Limited,BSE,https://s3-symbol-logo.tradingview.com/seshaasai-technologies-ltd.svg,278.0
5179,CREDITACC,CreditAccess Grameen Ltd.,BSE,https://s3-symbol-logo.tradingview.com/creditaccess-grameen.svg,1293.85
5180,GHCLTEXTIL,Ghcl Textiles Ltd.,BSE,https://s3-symbol-logo.tradingview.com/ghcl-textiles-ltd.svg,73.0
5181,DPABHUSHAN,D. P. Abhushan Ltd.,NSE,https://s3-symbol-logo.tradingview.com/d-p-abhushan-ltd.svg,1469.8
5182,SHILPAMED,Shilpa Medicare Limited,BSE,https://s3-symbol-logo.tradingview.com/shilpa-medicare.svg,328.3
5183,RAMKY,Ramky Infrastructure Limited,BSE,https://s3-symbol-logo.tradingview.com/ramky-infrastructu.svg,585.0
5184,SUMICHEM,Sumitomo Chemical India Ltd.,BSE,https://s3-symbol-logo.tradingview.com/sumitomo-chemical.svg,455.95
5185,ARCHIDPLY,Archidply Industries Limited,NSE,https://s3-symbol-logo.tradingview.com/archidply-industries-ltd.svg,91.7
5186,NUVAMA,Nuvama Wealth Management Limited,BSE,https://s3-symbol-logo.tradingview.com/nuvama-wealth-manage-ltd.svg,7180.05
5187,WINSOMBR,Winsome Breweries Limited,BSE,https://s3-symbol-logo.tradingview.com/winsome-breweries-ltd.svg,27.04
5188,ADCINDIA,ADC India Communications Limited,BSE,https://s3-symbol-logo.tradingview.com/adc-india-communications-limit.svg,1368.0
5189,IFGLEXPOR,IFGL Refractories Ltd.,BSE,https://s3-symbol-logo.tradingview.com/ifgl-refractories-limited.svg,209.2
5190,TORNTPOWER,Torrent Power Limited,BSE,https://s3-symbol-logo.tradingview.com/torrent-power.svg,1293.9
5191,JUBLPHARMA,Jubilant Pharmova Limited,BSE,https://s3-symbol-logo.tradingview.com/jubilant-life-sciences.svg,1083.0
5192,TBZ,Tribhovandas Bhimji Zaveri Limited,BSE,https://s3-symbol-logo.tradingview.com/tribhovandas-bhimj.svg,164.25
5193,VCU,VCU Data Management Ltd.,BSE,https://s3-symbol-logo.tradingview.com/vcu-data-management-ltd.svg,5.42
5194,UNIDT,United Drilling Tools Limited,NSE,https://s3-symbol-logo.tradingview.com/united-drilling-tools-ltd.svg,202.02
5195,SPENCERS,Spencer's Retail Ltd.,BSE,https://s3-symbol-logo.tradingview.com/spencers-retail.svg,41.89
5196,YAANENT,Yaan Enterprises Limited,BSE,https://s3-symbol-logo.tradingview.com/yaan-enterprises-limited.svg,100.05
5197,GALAGEX,Galaxy Agrico Exports Ltd.,BSE,https://s3-symbol-logo.tradingview.com/galaxy-agrico-exports-ltd.svg,59.98
5198,ROBU,Macfos Ltd.,BSE,https://s3-symbol-logo.tradingview.com/macfos-limited.svg,810.0
5199,SAKSOFT,Saksoft Limited,BSE,https://s3-symbol-logo.tradingview.com/saksoft-ltd.svg,200.1
5200,HDFCNIFTY,HDFC Nifty 50 ETF,BSE,https://s3-symbol-logo.tradingview.com/hdfc-bank.svg,292.85
5227,EMSLIMITED,EMS Ltd.,BSE,https://s3-symbol-logo.tradingview.com/ems-limited.svg,445.3
5228,USHAKIRA,Ushakiran Finance Limited,BSE,https://s3-symbol-logo.tradingview.com/ushakiran-finance-ltd.svg,42.0
5229,SKIPPER,Skipper Ltd,BSE,https://s3-symbol-logo.tradingview.com/skipper-ltd.svg,427.1
5230,PASUFIN,Pasupati Fincap Limited,BSE,https://s3-symbol-logo.tradingview.com/pasupati-fincap-ltd.svg,18.01
3101,BGDL,Bharat Global Developers Ltd,BSE,https://s3-symbol-logo.tradingview.com/kkrrafton-developers-limited.svg,155.15
3102,ARVINDPORT,Arvind Port & Infra Ltd.,NSE,https://s3-symbol-logo.tradingview.com/arvind-and-company.svg,41.5
3103,TRIDHYA,Tridhya Tech Limited,NSE,https://s3-symbol-logo.tradingview.com/tridhya-tech-ltd.svg,14.95
3104,TECHNOPACK,Technopack Polymers Ltd.,BSE,https://s3-symbol-logo.tradingview.com/technopack-polymers-limited.svg,15.79
3105,ADESHWAR,Adeshwar Meditex Ltd.,BSE,https://s3-symbol-logo.tradingview.com/adeshwar-meditex-limited.svg,16.55
3106,DFPL,Dindigul Farm Product Limited,BSE,https://s3-symbol-logo.tradingview.com/dindigul-farm-product-limited.svg,15.15
3107,KALANA,Kalana Ispat Ltd.,NSE,https://s3-symbol-logo.tradingview.com/kalana-ispat-ltd.svg,24.55
3108,OMNIPOTENT,Omnipotent Industries Ltd.,BSE,https://s3-symbol-logo.tradingview.com/omnipotent-industries-limited.svg,4.9
3109,TAKYON,Takyon Networks Limited,BSE,https://s3-symbol-logo.tradingview.com/takyon-networks-limited.svg,51.99
3110,VILINBIO,Vilin Bio Med Ltd.,NSE,https://s3-symbol-logo.tradingview.com/vilin-bio-med-ltd.svg,21.0
3111,SAMAY,Samay Project Services Limited,NSE,https://s3-symbol-logo.tradingview.com/samay-project-services-l.svg,42.0
3112,MCPL,Manoj Ceramic Ltd.,BSE,https://s3-symbol-logo.tradingview.com/manoj-ceramic-limited.svg,99.3
3113,STUDIOLSD,Studio LSD Limited,NSE,https://s3-symbol-logo.tradingview.com/studio-lsd-limited.svg,13.45
3114,DCCL,Dar Credit & Capital Limited,NSE,https://s3-symbol-logo.tradingview.com/dar-credit-and-capital-ltd.svg,47.65
3115,ANNAPURNA,Annapurna Swadisht Limited,NSE,https://s3-symbol-logo.tradingview.com/annapurna-swadisht.svg,213.05
3116,NEELAM,Neelam Linens and Garments (India) Limited,NSE,https://s3-symbol-logo.tradingview.com/neelam-linens-and-gar-i-l.svg,14.6
3117,SAIFL,Sameera Agro and Infra Limited,NSE,https://s3-symbol-logo.tradingview.com/sameera-agro-and-i.svg,14.5
3118,HRHNEXT,HRH Next Services Limited,NSE,https://s3-symbol-logo.tradingview.com/hrh-next-services.svg,25.7
3119,RAPPID,Rappid Valves (India) Limited,NSE,https://s3-symbol-logo.tradingview.com/rappid-valves-india-ltd.svg,320.0
3151,JSFB,Jana Small Finance Bank Ltd,BSE,https://s3-symbol-logo.tradingview.com/jana-small-fin-bank-ltd.svg,418.6
5231,ICONIKSPEV,Iconik Sports and Events Ltd,BSE,https://s3-symbol-logo.tradingview.com/iconik-sports-and-events-limit.svg,62.1
5232,NILKAMAL,Nilkamal Limited,NSE,https://s3-symbol-logo.tradingview.com/nilkamal.svg,1411.6
5233,KREONFIN,Kreon Finnancial Services Limited,BSE,https://s3-symbol-logo.tradingview.com/kreon-finnancial-services-ltd.svg,33.98
5234,LADDERUP,Ladderup Finance Limited,BSE,https://s3-symbol-logo.tradingview.com/ladderup-finance-ltd.svg,60.01
5235,LAGNAM,Lagnam Spintex Ltd.,NSE,https://s3-symbol-logo.tradingview.com/lagnam-spintex-ltd.svg,69.98
5236,SAKTHIFIN,Sakthi Finance Limited,BSE,https://s3-symbol-logo.tradingview.com/sakthi-finance-ltd.svg,36.5
5237,GRAVITA,Gravita India Limited,BSE,https://s3-symbol-logo.tradingview.com/gravita-india.svg,1846.35
5238,KREBSBIO,Krebs Biochemicals & Industries Ltd.,BSE,https://s3-symbol-logo.tradingview.com/krebs-biochemandinds.svg,69.96
5239,DAMODARIND,Damodar Industries Limited,NSE,https://s3-symbol-logo.tradingview.com/damodar-industries-ltd.svg,30.36
5240,GODREJIND,Godrej Industries Limited,BSE,https://s3-symbol-logo.tradingview.com/godrej-industries.svg,1007.3
5241,BI,Bilcare Ltd,BSE,https://s3-symbol-logo.tradingview.com/bilcare-ltd.svg,81.5
5242,GLAXO,GlaxoSmithKline Pharmaceuticals Limited,BSE,https://s3-symbol-logo.tradingview.com/glaxosmithkline.svg,2498.2
5243,EMBASSY,Embassy Office Parks REIT,BSE,https://s3-symbol-logo.tradingview.com/embassy-office-par.svg,428.2
5244,GAGAN,Gagan Gases Limited.,BSE,https://s3-symbol-logo.tradingview.com/gagan-gases-ltd.svg,22.5
5245,LKPFIN,LKP Finance Limited,BSE,https://s3-symbol-logo.tradingview.com/lkp-finance-limited.svg,933.0
5246,SSFLPP.E1,Spandana Sphoorty Financial Limited TEMP,NSE,https://s3-symbol-logo.tradingview.com/spandana-sphoorty-fin-ltd.svg,139.9
5247,MFSL,Max Financial Services Limited,BSE,https://s3-symbol-logo.tradingview.com/max-financial.svg,1676.65
5248,MANSIFIN,Mansi Finance (Chennai) Limited,BSE,https://s3-symbol-logo.tradingview.com/mansi-finance-chennai-ltd.svg,76.98
5249,HRYNSHP,Hariyana Ship Breakers Ltd.,BSE,https://s3-symbol-logo.tradingview.com/inducto-steel-ltd.svg,110.4
5250,CENTRUM,Centrum Capital Limited,BSE,https://s3-symbol-logo.tradingview.com/centrum-capital.svg,28.62
5257,BTTL,Bhilwara Technical Textiles Limited,BSE,https://s3-symbol-logo.tradingview.com/bhilwara-technical-textiles-lt.svg,38.2
5258,HDFCLOWVOL,HDFC Nifty 100 Low Volatility 30 ETF,BSE,https://s3-symbol-logo.tradingview.com/hdfc-bank.svg,21.65
5259,PIXTRANS,PIX Transmissions Ltd,NSE,https://s3-symbol-logo.tradingview.com/pix-transmissions-ltd.svg,1444.8
3201,SHRINGARMS,Shringar House Of Mangalsutra Limited,BSE,https://s3-symbol-logo.tradingview.com/shringar-house-of-mangalsutra-limited.svg,229.2
3202,HDBFS,HDB Financial Services Limited,BSE,https://s3-symbol-logo.tradingview.com/hdb-financial-services-l.svg,763.6
3203,GOLDSTAR,Goldstar Power Ltd.,NSE,https://s3-symbol-logo.tradingview.com/goldstar-power-ltd.svg,7.5
3204,IXIGO,Le Travenues Technology Limited,BSE,https://s3-symbol-logo.tradingview.com/le-travenues-technology-limite.svg,260.6
3205,PFLINFOTC,PFL Infotech Limited,BSE,https://s3-symbol-logo.tradingview.com/pfl-infotech-ltd.svg,8.32
3206,CYBERTECH,CyberTech Systems & Software Ltd.,NSE,https://s3-symbol-logo.tradingview.com/cybertech-systems.svg,147.0
3207,ESCONET,Esconet Technologies Limited,NSE,https://s3-symbol-logo.tradingview.com/esconet-technologi.svg,146.3
3208,GPAPL,Gujarat Peanut & Agri Products Ltd.,BSE,https://s3-symbol-logo.tradingview.com/gujarat-peanut-and-agri-products-ltd.svg,91.0
3209,LTELEVATOR,L. T. Elevator Limited,BSE,https://s3-symbol-logo.tradingview.com/l-t-elevator-limited.svg,184.0
3210,VIGOR,Vigor Plast India Limited,NSE,https://s3-symbol-logo.tradingview.com/vigor-plast-india-limited.svg,84.0
3211,SPECTSTM,Spectrum Talent Management Limited,NSE,https://s3-symbol-logo.tradingview.com/spectrum-talent-ma.svg,94.05
3212,AAKAAR,Aakaar Medical Technologies Limited,NSE,https://s3-symbol-logo.tradingview.com/aakaar-medical-techno-ltd.svg,72.0
3213,SRSOLTD,Silicon Rental Solutions Ltd.,BSE,https://s3-symbol-logo.tradingview.com/silicon-rental-solutions-limit.svg,120.95
3214,RADIOWALLA,Radiowalla Network Limited,NSE,https://s3-symbol-logo.tradingview.com/radiowalla-network.svg,56.3
3215,SATKARTAR,Sat Kartar Shopping Ltd,NSE,https://s3-symbol-logo.tradingview.com/sat-kartar-shopping-ltd.svg,156.5
3216,GANESHBE,Ganesh Benzoplast Limited,NSE,https://s3-symbol-logo.tradingview.com/ganesh-benzoplast-ltd.svg,81.69
3217,INDIGOPNTS,Indigo Paints Ltd,NSE,https://s3-symbol-logo.tradingview.com/indigo-paints-ltd.svg,1174.0
3218,LICHSGFIN,LIC Housing Finance Ltd,BSE,https://s3-symbol-logo.tradingview.com/lic-housing.svg,535.05
3219,TPLPLASTEH,TPL Plastech Limited,BSE,https://s3-symbol-logo.tradingview.com/tpl-plastech-ltd.svg,66.98
3220,MAITHANALL,Maithan Alloys Ltd.,NSE,https://s3-symbol-logo.tradingview.com/maithan-alloys.svg,971.0
3221,BFUTILITIE,BF Utilities Ltd.,NSE,https://s3-symbol-logo.tradingview.com/kalyani-group.svg,680.0
3222,ANUP,Anup Engineering Ltd.,BSE,https://s3-symbol-logo.tradingview.com/the-anup-engineering-ltd.svg,2188.25
3223,KINGSINFR,Kings Infra Ventures Limited,BSE,https://s3-symbol-logo.tradingview.com/kings-infra-ventures-limited.svg,113.85
3224,DBL,Dilip Buildcon Ltd.,BSE,https://s3-symbol-logo.tradingview.com/dilip-buildcon.svg,468.7
3225,HDFCLIFE,HDFC Life Insurance Co. Ltd.,BSE,https://s3-symbol-logo.tradingview.com/hdfc-life.svg,761.75
3226,CSL,Continental Securities Ltd,BSE,https://s3-symbol-logo.tradingview.com/continental-securities-limited.svg,13.05
3227,CROWN,Crown Lifters Ltd.,NSE,https://s3-symbol-logo.tradingview.com/crown-lifters-ltd.svg,136.58
3228,ORTEL,Ortel Communications Limited,BSE,https://s3-symbol-logo.tradingview.com/ortel-communicatio.svg,1.6
3230,DRONACHRYA,Droneacharya Aerial Innovations Limited,BSE,https://s3-symbol-logo.tradingview.com/droneacharya-aerial-innovation.svg,45.52
5260,TEGA,Tega Industries Ltd.,BSE,https://s3-symbol-logo.tradingview.com/tega-industries-ltd.svg,1988.7
5261,KAMATS,Vikram Kamats Hospitality Ltd.,BSE,https://s3-symbol-logo.tradingview.com/vidli-restaurants-limited.svg,54.17
5262,DALMIASUG,Dalmia Bharat Sugar & Industries Ltd.,BSE,https://s3-symbol-logo.tradingview.com/dalmia-bharat.svg,299.2
5263,CALSOFT,California Software Co. Ltd.,NSE,https://s3-symbol-logo.tradingview.com/california-software-coltd.svg,15.68
5264,PLASTIBLEN,Plastiblends India Limited,NSE,https://s3-symbol-logo.tradingview.com/plastiblends-india-ltd.svg,162.01
5265,NAVINFLUOR,Navin Fluorine International Limited,BSE,https://s3-symbol-logo.tradingview.com/navin-fluorine-international-l.svg,5915.25
5266,SABEVENTS,SAB Events & Governance Now Media Ltd.,BSE,https://s3-symbol-logo.tradingview.com/sab-events-and-governance-now-me.svg,8.21
5267,RPGLIFE,RPG Life Sciences Limited,NSE,https://s3-symbol-logo.tradingview.com/rpg-life-sciences.svg,2352.2
5268,ABSLNN50ET,Aditya Birla Sun Life Nifty Next 50 ETF Units Exchange Traded Fund,NSE,https://s3-symbol-logo.tradingview.com/aditya-birla-fash.svg,72.22
5269,VEEDOL,Veedol Corp. Ltd,NSE,https://s3-symbol-logo.tradingview.com/tide-water-oil-in.svg,1677.3
5270,DCMNVL,DCM Nouvelle Ltd.,BSE,https://s3-symbol-logo.tradingview.com/dcm-nouvelle-ltd.svg,126.85
5271,ZENIFIB,Zenith Fibres Limited,BSE,https://s3-symbol-logo.tradingview.com/zenith-fibres-ltd.svg,58.96
5272,GRASIM,Grasim Industries Ltd.,BSE,https://s3-symbol-logo.tradingview.com/grasim.svg,2828.65
5273,PRECOT,Precot Ltd.,NSE,https://s3-symbol-logo.tradingview.com/precot-ltd.svg,430.0
5274,DOLPHIN,Dolphin Offshore Enterprises India Ltd.,BSE,https://s3-symbol-logo.tradingview.com/dolphin-off-ent-ind-l.svg,427.5
5275,NICCOPAR,Nicco Parks & Resorts Ltd.,BSE,https://s3-symbol-logo.tradingview.com/nicco-parks-and-resorts-ltd.svg,82.55
5276,DEVIT,Dev Information Technology Ltd,BSE,https://s3-symbol-logo.tradingview.com/dev-information-technology-ltd.svg,38.51
5278,JSTL,Jeevan Scientific Technology Ltd,BSE,https://s3-symbol-logo.tradingview.com/jeevan-scientific-technology-l.svg,61.4
3249,SAFECURE,Safecure Services Limited,BSE,SA,37.23
5279,WALLFORT,Wallfort Financial Services Limited,BSE,https://s3-symbol-logo.tradingview.com/wallfort-financial-services-lt.svg,82.0
5280,STERTOOLS,Sterling Tools Limited,BSE,https://s3-symbol-logo.tradingview.com/sterling-tools-ltd.svg,278.55
5281,SUNTECK,Sunteck Realty Limited,BSE,https://s3-symbol-logo.tradingview.com/sunteck-realty.svg,408.85
5282,PASARI,Pasari Spinning Mills Limited,BSE,https://s3-symbol-logo.tradingview.com/pasari-spinning-mills-ltd.svg,7.41
5283,ALICON,Alicon Castalloy Limited,NSE,https://s3-symbol-logo.tradingview.com/alicon-castalloy-l.svg,838.95
5284,TCFCFINQ,TCFC Finance Limited,BSE,https://s3-symbol-logo.tradingview.com/tcfc-finance-ltd.svg,43.78
5285,ANVRDHI,Annvrridhhi Ventures Ltd,BSE,https://s3-symbol-logo.tradingview.com/j-taparia-projects-ltd.svg,10.07
3271,SKFINDUS,SKF India (Industrial) Ltd.,NSE,SK,2455.0
5286,ROSSTECH,Rossell Techsys Limited,BSE,https://s3-symbol-logo.tradingview.com/rossell-techsys-limited.svg,645.55
5287,SBGLP,Suratwwala Business Group Ltd,BSE,https://s3-symbol-logo.tradingview.com/suratwwala-bus-ltd.svg,37.52
3251,LAMOSAIC,Lamosaic India Ltd.,NSE,https://s3-symbol-logo.tradingview.com/lamosaic-india-ltd.svg,34.9
3252,KEN,KEN Enterprises Ltd.,NSE,https://s3-symbol-logo.tradingview.com/ken-enterprises-ltd.svg,45.65
3253,BIHSPONG,Bihar Sponge Iron Limited,BSE,https://s3-symbol-logo.tradingview.com/bihar-sponge-iron-ltd.svg,11.54
3254,CRAFTSMAN,Craftsman Automation Ltd.,BSE,https://s3-symbol-logo.tradingview.com/craftsman-automation.svg,7116.0
3255,VENUSPIPES,Venus Pipes & Tubes Ltd.,NSE,https://s3-symbol-logo.tradingview.com/venus-pipes-and-tubes-limited.svg,1193.1
3256,MARKSANS,Marksans Pharma Limited,BSE,https://s3-symbol-logo.tradingview.com/marksans-pharma.svg,184.4
3257,DLF,DLF Limited,BSE,https://s3-symbol-logo.tradingview.com/dlf.svg,694.3
3258,KSOLVES,Ksolves India Ltd,NSE,https://s3-symbol-logo.tradingview.com/ksolves-india-ltd.svg,293.5
3259,VGL,Varvee Global Limited,NSE,https://s3-symbol-logo.tradingview.com/aarvee-denims-and-exports-ltd.svg,149.79
3260,MAHEPC,Mahindra EPC Irrigation Limited,NSE,https://s3-symbol-logo.tradingview.com/mahindra-epc.svg,125.75
3261,NURECA,Nureca Ltd.,NSE,https://s3-symbol-logo.tradingview.com/nureca.svg,287.1
3262,NEWLIGHT,New Light Industries Ltd,BSE,https://s3-symbol-logo.tradingview.com/new-light-apparels-limted.svg,1.5
3263,PSUBANKADD,DSP Nifty PSU Bank ETF Exchange Traded Fund Units,NSE,https://s3-symbol-logo.tradingview.com/dsp-blackrock-mutu.svg,83.92
3301,REGAAL,Regaal Resources Limited,BSE,https://s3-symbol-logo.tradingview.com/regaal-resources-limited.svg,73.4
3302,NAVKARCORP,Navkar Corporation Ltd,BSE,https://s3-symbol-logo.tradingview.com/navkar.svg,104.82
3303,21STCENMGM,Twentyfirst Century Management Services Limited,NSE,https://s3-symbol-logo.tradingview.com/twentyfirst-century-management.svg,50.7
3304,RITESHIN,Ritesh International Limited,BSE,https://s3-symbol-logo.tradingview.com/ritesh-international-ltd.svg,64.0
3305,ARVSMART,Arvind SmartSpaces Ltd.,NSE,https://s3-symbol-logo.tradingview.com/arvind.svg,615.25
3306,KOLTEPATIL,Kolte-Patil Developers Limited,NSE,https://s3-symbol-logo.tradingview.com/kolte-patil-developers.svg,397.6
3307,M_M,Mahindra & Mahindra Ltd.,BSE,https://s3-symbol-logo.tradingview.com/mahindra.svg,3617.1
3308,MSTCLTD,MSTC Ltd.,BSE,https://s3-symbol-logo.tradingview.com/mstc.svg,495.55
3309,HERANBA,Heranba Industries Limited,NSE,https://s3-symbol-logo.tradingview.com/heranba-industries.svg,254.3
3310,VAIBHAVGBL,Vaibhav Global Ltd.,BSE,https://s3-symbol-logo.tradingview.com/vaibhav-global.svg,242.8
3311,KANSHST,Kanishk Steel Industries Limited,BSE,https://s3-symbol-logo.tradingview.com/kanishk-steel-industries-ltd.svg,60.39
3312,RTFL,Real Touch Finance Ltd.,BSE,https://s3-symbol-logo.tradingview.com/real-touch-finance-limited.svg,51.49
5288,ELLEN,Ellenbarrie Industrial Gases Limited,BSE,https://s3-symbol-logo.tradingview.com/ellenbarrie-indus-gases-l.svg,347.25
5289,AGARWALEYE,Dr. Agarwal's Health Care Ltd.,BSE,https://s3-symbol-logo.tradingview.com/dr-agarwals-health-care-l.svg,498.9
5290,CRISIL,CRISIL Limited,BSE,https://s3-symbol-logo.tradingview.com/crisil.svg,4300.0
5291,NSIL,Nalwa Sons Investments Limited,NSE,https://s3-symbol-logo.tradingview.com/nalwa-sons-invest.svg,6573.5
5292,LOKESHMACH,Lokesh Machines Ltd,BSE,https://s3-symbol-logo.tradingview.com/lokesh-machines-ltd.svg,166.9
5293,AKSHARCHEM,AksharChem India Ltd.,NSE,https://s3-symbol-logo.tradingview.com/aksharchem-india-ltd.svg,252.75
5294,MSCIINDIA,Kotak MSCI India ETF Units Exchange Traded Fund,NSE,https://s3-symbol-logo.tradingview.com/kotak-mahindra-ast.svg,31.09
5295,SEATV,Sea Tv Network Limited,BSE,https://s3-symbol-logo.tradingview.com/sea-tv-network-ltd.svg,3.95
5296,GOPAL,Gopal Snacks Limited,BSE,https://s3-symbol-logo.tradingview.com/gopal-snacks-limited.svg,312.75
5297,VTL,Vardhman Textiles Limited,BSE,https://s3-symbol-logo.tradingview.com/vardhman-textiles.svg,446.65
5298,STYLAMIND,Stylam Industries Limited,BSE,https://s3-symbol-logo.tradingview.com/stylam-industries-ltd.svg,2284.55
5299,SELMC,SEL Manufacturing Co. Ltd.,BSE,https://s3-symbol-logo.tradingview.com/sel-manufacturing-company-ltd.svg,36.54
5300,VRWODAR,VR Woodart Ltd.,BSE,https://s3-symbol-logo.tradingview.com/v-r-woodart-ltd.svg,55.37
5322,SASTASUNDR,Sastasundar Ventures Limited,NSE,https://s3-symbol-logo.tradingview.com/sastasundar-ventures-limited.svg,305.05
5323,INDUSINVIT,Indus Infra Trust,BSE,https://s3-symbol-logo.tradingview.com/bharat-highways-invit.svg,114.46
5324,KSCL,Kaveri Seed Co. Ltd.,BSE,https://s3-symbol-logo.tradingview.com/kaveri-seed.svg,982.85
5325,UNITINT,Unitech International Limited,BSE,https://s3-symbol-logo.tradingview.com/unitech-international-ltd.svg,4.24
5326,PATELRMART,Patel Retail Limited,BSE,https://s3-symbol-logo.tradingview.com/patel-retail-limited.svg,213.2
5327,MODIS,Modi's Navnirman Ltd.,BSE,https://s3-symbol-logo.tradingview.com/modi-s-navnirman-limited.svg,349.3
5328,POOJA,Poojawestern Metaliks Ltd.,BSE,https://s3-symbol-logo.tradingview.com/poojawestern-metaliks-limited.svg,29.69
5329,ANURAS,Anupam Rasayan India Ltd.,BSE,https://s3-symbol-logo.tradingview.com/anupam-rasayan.svg,1324.5
5330,AIROLAM,Airo Lam Ltd.,NSE,https://s3-symbol-logo.tradingview.com/airo-lam-ltd.svg,102.97
5331,HISARMETAL,Hisar Metal Industries Limited,BSE,https://s3-symbol-logo.tradingview.com/hisar-metal-indust.svg,158.15
5332,IKS,Inventurus Knowledge Solutions Limited,BSE,https://s3-symbol-logo.tradingview.com/inventurus-knowledge-solutions.svg,1745.0
5333,NUCLEUS,Nucleus Software Exports Limited,NSE,https://s3-symbol-logo.tradingview.com/nucleus-software.svg,935.0
5334,UNIVCABLES,Universal Cables Limited,BSE,https://s3-symbol-logo.tradingview.com/universal-cables-ltd.svg,888.75
5335,RAINBOWF,Rainbow Foundations Limited,BSE,https://s3-symbol-logo.tradingview.com/rainbow-foundations-ltd.svg,47.5
5336,INFONATIVE,Infonative Solutions Ltd.,BSE,https://s3-symbol-logo.tradingview.com/infonative-solutions-limited.svg,35.2
3344,CURIS,Curis Lifesciences Limited,NSE,CU,120.0
3351,BAJAJHLDNG,Bajaj Holdings & Investment Limited.,NSE,https://s3-symbol-logo.tradingview.com/bajaj-holdings-and-investment-lt.svg,11244.0
3352,STL,Shreeji Translogistics Ltd.,BSE,https://s3-symbol-logo.tradingview.com/shreeji-translogistics-limited.svg,9.9
3353,MACPOWER,Macpower CNC Machines Limited,NSE,https://s3-symbol-logo.tradingview.com/macpower-cnc-machines-ltd.svg,1031.55
3354,GSTL,Globalspace Technologies Ltd.,BSE,https://s3-symbol-logo.tradingview.com/globalspace-technologies-limit.svg,16.69
3355,EMIL,Electronics Mart India Limited,BSE,https://s3-symbol-logo.tradingview.com/electronics-mart-india-limited.svg,106.0
3356,HITKITGLO,Hit Kit Global Solutions Limited,BSE,https://s3-symbol-logo.tradingview.com/hit-kit-global-solutions-ltd.svg,1.13
3357,UFLEX,UFlex Limited,NSE,https://s3-symbol-logo.tradingview.com/uflex.svg,489.75
3358,POLYTEX,Polytex India Ltd,BSE,https://s3-symbol-logo.tradingview.com/polytex-india-ltd.svg,5.77
3359,ASMTEC,ASM Technologies Ltd,BSE,https://s3-symbol-logo.tradingview.com/asm-technologies-ltd.svg,3330.0
3360,CLIOINFO,Clio Infotech Limited,BSE,https://s3-symbol-logo.tradingview.com/clio-infotech-ltd.svg,6.1
3361,SGMART,SG Mart Ltd,BSE,https://s3-symbol-logo.tradingview.com/sg-mart-limited.svg,353.05
3362,WOODSVILA,Woodsvilla Limited,BSE,https://s3-symbol-logo.tradingview.com/woodsvilla-ltd.svg,15.04
3363,GTPL,GTPL Hathway Ltd,NSE,https://s3-symbol-logo.tradingview.com/gtpl-hathway.svg,100.93
3364,RADIOCITY,Music Broadcast Ltd.,BSE,https://s3-symbol-logo.tradingview.com/music-broadcast-limited.svg,6.59
3365,DUCON,Ducon Infratechnologies Ltd.,BSE,https://s3-symbol-logo.tradingview.com/ducon-infratechnologies-ltd.svg,3.6
3366,VLEGOV,VL E-Governance & IT Solutions Ltd.,BSE,https://s3-symbol-logo.tradingview.com/vl-e-gov-and-it-sol-ltd.svg,21.0
3367,MGEL,Mangalam Global Enterprise Ltd.,BSE,https://s3-symbol-logo.tradingview.com/mangalam-global-ent-ltd.svg,14.7
3368,TRENT,Trent Limited,BSE,https://s3-symbol-logo.tradingview.com/trent.svg,4203.05
3369,KCDGROUP,KCD Industries India Ltd.,BSE,https://s3-symbol-logo.tradingview.com/kcd-industries-india-limited.svg,7.65
3370,PQIF,Polo Queen Industrial and Fintech Ltd,BSE,https://s3-symbol-logo.tradingview.com/polo-queen-industrial-and-fint.svg,32.99
3371,BHARATFORG,Bharat Forge Ltd,BSE,https://s3-symbol-logo.tradingview.com/bharat-forge.svg,1458.7
3372,GVPTECH,GVP Infotech Ltd,NSE,https://s3-symbol-logo.tradingview.com/gvptech-re1-ppd-up.svg,9.56
3373,GOYALALUM,Goyal Aluminiums Limited,BSE,https://s3-symbol-logo.tradingview.com/goyal-aluminiums-ltd.svg,6.9
3374,FINPIPE,Finolex Industries Limited,BSE,https://s3-symbol-logo.tradingview.com/finolex-industries.svg,168.45
3382,MUNISH,Munish Forge Ltd.,NSE,https://s3-symbol-logo.tradingview.com/munish-forge-ltd.svg,102.25
5337,AIKPIPES,AIK Pipes and Polymers Limited,BSE,https://s3-symbol-logo.tradingview.com/aik-pipes-and-polymers-limited.svg,31.05
5338,AKIKO,Akiko Global Services Ltd.,NSE,https://s3-symbol-logo.tradingview.com/akiko-global-services-l.svg,260.0
5339,GREENCHEF,Greenchef Appliances Limited,NSE,https://s3-symbol-logo.tradingview.com/greenchef-applianc.svg,58.45
5340,ROXHITECH,ROX Hi-Tech Limited,NSE,https://s3-symbol-logo.tradingview.com/rox-hi-tech-ltd.svg,45.7
5341,OML,Om Metallogic Ltd.,BSE,https://s3-symbol-logo.tradingview.com/om-metallogic-ltd.svg,26.25
5342,WAA,Waa Solar Ltd.,BSE,https://s3-symbol-logo.tradingview.com/madhav-infra-projects-limited.svg,47.0
5343,HMEML,H.M. Electro Mech Limited,BSE,https://s3-symbol-logo.tradingview.com/hm-electro-mech-limited.svg,58.46
5344,NAPSGLOBAL,Naps Global India Ltd.,BSE,https://s3-symbol-logo.tradingview.com/naps-global-india-limited.svg,50.44
5345,COMMITTED,Committed Cargo Care Limited,NSE,https://s3-symbol-logo.tradingview.com/committed-cargo-ca.svg,206.05
5346,LAKSHYA,Lakshya Powertech Limited,NSE,https://s3-symbol-logo.tradingview.com/lakshya-powertech-ltd.svg,121.45
5347,VIVO,Vivo Collaboration Solutions Limited,NSE,https://s3-symbol-logo.tradingview.com/vivo-collaboration.svg,78.0
5348,BLT,BLT Logistics Limited,BSE,https://s3-symbol-logo.tradingview.com/blt-logistics-limited.svg,41.96
5349,RITEZONE,Rite Zone Chemcon India Ltd.,NSE,https://s3-symbol-logo.tradingview.com/rite-zone-chemcon.svg,20.6
5350,POLYMAC,Polymac Thermoformers Ltd.,BSE,https://s3-symbol-logo.tradingview.com/polymac-thermoformers-ltd.svg,15.54
5369,LAMBODHARA,Lambodhara Textiles Ltd.,NSE,https://s3-symbol-logo.tradingview.com/lambodhara-textiles-ltd.svg,123.1
5370,PGHH,Procter & Gamble Hygiene & Health Care Ltd.,NSE,https://s3-symbol-logo.tradingview.com/procter-and-gamble.svg,12858.0
5371,NOVARTIND,Novartis India Limited,BSE,https://s3-symbol-logo.tradingview.com/novartis.svg,785.15
5372,ONELIFECAP,Onelife Capital Advisors Limited,BSE,https://s3-symbol-logo.tradingview.com/onelife-capital-advisors-ltd.svg,15.5
5373,ACI,Archean Chemical Industries Ltd.,BSE,https://s3-symbol-logo.tradingview.com/archean-chemical-industries-li.svg,515.1
5374,INSPIRISYS,lnspirisys Solutions Limited,NSE,https://s3-symbol-logo.tradingview.com/inspirisys-solutio.svg,89.03
5375,GOWRALE,Gowra Leasing & Finance Ltd.,BSE,https://s3-symbol-logo.tradingview.com/gowra-leasing-and-finance-ltd.svg,107.25
5376,DEEDEV,DEE Development Engineers Limited,BSE,https://s3-symbol-logo.tradingview.com/dee-development-eng-ltd.svg,220.6
5377,ENERGYDEV,Energy Development Co. Ltd.,BSE,https://s3-symbol-logo.tradingview.com/energy-development-company-ltd.svg,19.79
5378,LUXIND,Lux Industries Ltd.,BSE,https://s3-symbol-logo.tradingview.com/lux-industries.svg,1123.0
3401,CUBIFIN,Cubical Financial Services Limited,BSE,https://s3-symbol-logo.tradingview.com/cubical-financial-services-ltd.svg,2.77
3402,TTL,T T Limited,NSE,https://s3-symbol-logo.tradingview.com/t-t-ltd.svg,8.54
3403,RAJTV,Raj Television Network Limited,NSE,https://s3-symbol-logo.tradingview.com/raj-tel-network.svg,43.26
3404,LKPSEC,LKP Securities Limited,BSE,https://s3-symbol-logo.tradingview.com/lkp-securities-limited.svg,16.13
3407,HNDFDS,Hindustan Foods Ltd.,BSE,https://s3-symbol-logo.tradingview.com/hindustan-foods.svg,516.05
3451,JNKINDIA,Jnk India Limited,BSE,https://s3-symbol-logo.tradingview.com/jnk-india-limited.svg,230.15
3452,CIEINDIA,CIE Automotive India Ltd,BSE,https://s3-symbol-logo.tradingview.com/mahindra-cie-automotive.svg,400.75
3453,HATSUN,Hatsun Agro Product Limited,NSE,https://s3-symbol-logo.tradingview.com/hatsun-agro-product.svg,984.0
3454,MENONBE,Menon Bearings Limited,NSE,https://s3-symbol-logo.tradingview.com/menon-bearings-ltd.svg,105.96
3455,OWAIS,Owais Metal & Mineral Processing Ltd.,NSE,https://s3-symbol-logo.tradingview.com/owais-metal-and-mineral.svg,275.05
3456,ASAL,Automotive Stampings & Assemblies Ltd.,NSE,https://s3-symbol-logo.tradingview.com/automotive-stampings-and-assembl.svg,494.5
3457,DENTA,Denta Water and Infra Solutions Limited,BSE,https://s3-symbol-logo.tradingview.com/denta-water-and-infra-solution.svg,336.5
3458,TECHLABS,Trident Techlabs Limited,NSE,https://s3-symbol-logo.tradingview.com/trident-techlabs-l.svg,348.9
3459,PENIND,Pennar Industries Limited,BSE,https://s3-symbol-logo.tradingview.com/pennar-industries-ltd.svg,201.0
3460,VBIND,V. B. Industries Limited,BSE,https://s3-symbol-logo.tradingview.com/v-b-industries-limited.svg,5.72
3461,ZENITHHE,Zenith Healthcare Limited,BSE,https://s3-symbol-logo.tradingview.com/zenith-health-care-ltd.svg,3.54
3462,CORDSCABLE,Cords Cable Industries Limited,NSE,https://s3-symbol-logo.tradingview.com/cords-cable-industries-ltd.svg,191.76
3463,TECHERA,Techera Engineering India Ltd.,NSE,https://s3-symbol-logo.tradingview.com/techera-engineer-ind-l.svg,218.0
3464,VIESL,Vision Infra Equipment Solutions Limited,NSE,https://s3-symbol-logo.tradingview.com/vision-infra-equip-sol-l.svg,260.0
3465,DIGIKORE,Digikore Studios Limited,NSE,https://s3-symbol-logo.tradingview.com/digikore-studios-l.svg,73.5
3466,RBS,Ramdevbaba Solvent Limited,NSE,https://s3-symbol-logo.tradingview.com/ramdevbaba-solvent.svg,98.2
3467,PNBGILTS,PNB Gilts Limited,BSE,https://s3-symbol-logo.tradingview.com/pnb-gilts.svg,79.98
3468,TOLINS,Tolins Tyres Limited,BSE,https://s3-symbol-logo.tradingview.com/tolins-tyres-ltd.svg,136.8
3469,BAJAJINDEF,Indef Manufacturing Limited,NSE,https://s3-symbol-logo.tradingview.com/indef-manufacturing-ltd.svg,326.75
3470,CRIZAC,Crizac Limited,BSE,https://s3-symbol-logo.tradingview.com/crizac-ltd.svg,289.15
3471,SUMIT,Sumit Woods Ltd.,NSE,https://s3-symbol-logo.tradingview.com/sumit-woods-ltd.svg,68.94
3472,CEREBRAINT,Cerebra Integrated Technologies Limited,NSE,https://s3-symbol-logo.tradingview.com/cerebra-integrated.svg,6.61
3473,TEAMLEASE,TeamLease Services Limited,NSE,https://s3-symbol-logo.tradingview.com/teamlease.svg,1606.0
3474,JUBLFOOD,Jubilant Foodworks Limited,BSE,https://s3-symbol-logo.tradingview.com/jubilant-foodworks.svg,567.55
3475,PANTH,Panth Infinity Limited,BSE,https://s3-symbol-logo.tradingview.com/panth-infinity-limited.svg,8.33
5379,SUJALA,Sujala Trading & Holdings Ltd.,BSE,https://s3-symbol-logo.tradingview.com/sujala-trading-and-ltd.svg,69.0
5380,ARIHANT,Arihant Foundations & Housing Limited,BSE,https://s3-symbol-logo.tradingview.com/arihant-foundations-and-housing.svg,1239.95
5381,LAXMIDENTL,Laxmi Dental Ltd.,BSE,https://s3-symbol-logo.tradingview.com/laxmi-dental-limited.svg,264.75
5382,MIDWEST,Midwest Gold Limited,BSE,https://s3-symbol-logo.tradingview.com/midwest-gold-ltd.svg,4421.0
5383,SOVERDIA,Sovereign Diamonds Limited,BSE,https://s3-symbol-logo.tradingview.com/sovereign-diamonds-ltd.svg,21.29
5384,TEXMOPIPES,Texmo Pipes & Products Ltd.,BSE,https://s3-symbol-logo.tradingview.com/texmo-pipes.svg,47.82
5385,KRONOX,Kronox Lab Sciences Limited,BSE,https://s3-symbol-logo.tradingview.com/kronox-lab-sciences-limited.svg,143.7
5386,BALAJEE,Shree Tirupati Balajee Agro Trading Company Limited,BSE,https://s3-symbol-logo.tradingview.com/shree-tirupati-balajee-l.svg,40.94
5387,NAKSH,Naksh Precious Metals Limited,BSE,https://s3-symbol-logo.tradingview.com/naksh-precious-metals-limited.svg,4.94
5388,OXFORDIN,Oxford Industries Limited,BSE,https://s3-symbol-logo.tradingview.com/oxford-industries.svg,4.46
5389,AETHER,Aether Industries Ltd.,BSE,https://s3-symbol-logo.tradingview.com/aether-industries-limited.svg,853.35
5390,MULTIBASE,Multibase India Limited,BSE,https://s3-symbol-logo.tradingview.com/multibase-india-ltd.svg,217.4
5391,KABSON,Kabsons Industries Ltd.,BSE,https://s3-symbol-logo.tradingview.com/kabsons-industries-ltd.svg,14.71
5392,OAL,Oriental Aromatics Ltd.,NSE,https://s3-symbol-logo.tradingview.com/oriental-aromatics.svg,303.85
5393,JUBLCPL,Jubilant Agri and Consumer Products Limited,NSE,https://s3-symbol-logo.tradingview.com/jubilant-agri-and-consumer-pro.svg,2294.8
5394,EBGNG,Gng Electronics Limited,BSE,https://s3-symbol-logo.tradingview.com/gng-electronics-limited.svg,310.1
5395,JETKINGQ,Jetking Infotrain Limited,BSE,https://s3-symbol-logo.tradingview.com/jetking-infotrain-ltd.svg,145.7
5396,MUTHOOTMF,Muthoot Microfin Ltd,BSE,https://s3-symbol-logo.tradingview.com/muthoot-microfin-limited.svg,178.35
5397,MARBLE,Marble City India Limited,BSE,https://s3-symbol-logo.tradingview.com/marble-city-india-limited.svg,154.3
5398,HDFCGROWTH,HDFC NIFTY Growth Sectors 15 ETF,BSE,https://s3-symbol-logo.tradingview.com/hdfc-bank.svg,130.76
5399,RADIANTCMS,Radiant Cash Management Services Limited,BSE,https://s3-symbol-logo.tradingview.com/radiant-cash-management-servic.svg,52.89
5400,VANICOM,Vani Commercials Ltd,BSE,https://s3-symbol-logo.tradingview.com/vani-commercials-limited.svg,10.84
5402,MAPROIN,Mapro Industries Ltd.,BSE,https://s3-symbol-logo.tradingview.com/mapro-industries-ltd.svg,72.57
5403,UTISXN50,UTI BSE Sensex Next 50 ETF,NSE,https://s3-symbol-logo.tradingview.com/uti-asset-management.svg,93.25
5404,MMRUBBR_B,MM Rubber Co. Ltd.,BSE,https://s3-symbol-logo.tradingview.com/mm-rubber-company-ltd.svg,78.01
5405,TVSSRICHAK,TVS Srichakra Limited,NSE,https://s3-symbol-logo.tradingview.com/tvs-srichakra-ltd.svg,4171.3
5406,SUPRAJIT,Suprajit Engineering Limited,BSE,https://s3-symbol-logo.tradingview.com/suprajit-engineering.svg,477.1
5407,VIRGOGLOB,Virgo Global Limited,BSE,https://s3-symbol-logo.tradingview.com/virgo-global-limited.svg,5.36
5408,ABBOTINDIA,Abbott India Limited,NSE,https://s3-symbol-logo.tradingview.com/abbott.svg,28040.0
5409,BANSWRAS,Banswara Syntex Ltd,NSE,https://s3-symbol-logo.tradingview.com/banswara-syntex-ltd.svg,115.25
5410,WCIL,Western Carriers (India) Limited,BSE,https://s3-symbol-logo.tradingview.com/western-carriers-ind-l.svg,123.15
5411,11AGG,Nippon India Equity Hybrid Fund- Segregated Portfolio 2 Units 2020-DIRECT GROWTH GROWTH OPTION GROWTH,BSE,https://s3-symbol-logo.tradingview.com/nippon-life-india-asset.svg,31.37
5412,TERASOFT,Tera Software Limited,BSE,https://s3-symbol-logo.tradingview.com/tera-software-ltd.svg,423.3
5413,MORGAN,Morgan Ventures Limited,BSE,https://s3-symbol-logo.tradingview.com/morgan-ventures-ltd.svg,78.28
3501,RATNAMANI,Ratnamani Metals & Tubes Ltd.,NSE,https://s3-symbol-logo.tradingview.com/ratnamani-metals-and-tubes.svg,2320.5
3502,MOM100,Motilal Oswal Midcap 100 ETF Units Exchange Traded Fund - Growth,BSE,https://s3-symbol-logo.tradingview.com/motilal.svg,65.49
3503,PANORAMA,Panorama Studios International Ltd,BSE,https://s3-symbol-logo.tradingview.com/panorama-studios-international.svg,40.0
3504,KRITI,Kriti Industries (India) Ltd.,NSE,https://s3-symbol-logo.tradingview.com/kriti-industries-ind-ltd.svg,88.49
3505,BBETF0432,BHARAT Bond ETF - April 2032 Units Exchange Traded Fund,NSE,https://s3-symbol-logo.tradingview.com/edelweiss-fin-serv.svg,1304.0
3506,SMALLCAP,Mirae Asset Nifty Smallcap 250 Momentum Quality 100 ETF Units Exchange Traded Fund,BSE,https://s3-symbol-logo.tradingview.com/mirae-asset-sec.svg,44.46
3507,PRIMO,Primo Chemicals Limited,BSE,https://s3-symbol-logo.tradingview.com/primo-chemicals-limited.svg,23.55
3508,YARNPP,Yarn Syndicate Ltd TEMP,BSE,https://s3-symbol-logo.tradingview.com/yarn-syndicate-ltd.svg,2.6
3509,PHCAP,PH Capital Ltd.,BSE,https://s3-symbol-logo.tradingview.com/ph-capital-ltd.svg,283.35
3510,BCPL,BCPL Railway Infrastructure Ltd.,BSE,https://s3-symbol-logo.tradingview.com/bcpl-railway-infrastructure-li.svg,73.2
3511,SRIGEE,Srigee DLM Limited,BSE,https://s3-symbol-logo.tradingview.com/srigee-dlm-limited.svg,94.1
3512,MNFL,Mother Nutri Foods Limited,BSE,https://s3-symbol-logo.tradingview.com/mother-nutri-foods-ltd.svg,157.75
3513,REPONO,Repono Limited,BSE,https://s3-symbol-logo.tradingview.com/repono-limited.svg,74.9
3514,QUESTLAB,Quest Laboratories Ltd.,NSE,https://s3-symbol-logo.tradingview.com/quest-laboratories.svg,106.8
3515,AMEENJI,Ameenji Rubber Limited,BSE,https://s3-symbol-logo.tradingview.com/ameenji-rubber-limited.svg,136.0
3516,SABEVENTS,SAB Events & Governance Now Media Ltd.,NSE,https://s3-symbol-logo.tradingview.com/sab-events-and-governance-now-me.svg,8.58
3551,ONMOBILE,OnMobile Global Limited,BSE,https://s3-symbol-logo.tradingview.com/onmobile-global-ltd.svg,60.2
3552,MIDWESTLTD,Midwest Limited,BSE,https://s3-symbol-logo.tradingview.com/midwest-limited.svg,1553.0
3553,CMXLTD,CMX Holdings Limited,BSE,https://s3-symbol-logo.tradingview.com/siel-financial-services-ltd.svg,49.95
3601,KPRMILL,K.P.R. Mill Limited,BSE,https://s3-symbol-logo.tradingview.com/kpr-mill.svg,958.85
3602,GULFPETRO,GP Petroleums Limited,NSE,https://s3-symbol-logo.tradingview.com/gp-petroleums-ltd.svg,36.18
3603,AVADHSUGAR,Avadh Sugar & Energy Ltd.,NSE,https://s3-symbol-logo.tradingview.com/avadh-sugar-and-energy-limited.svg,378.6
3605,TECHNOE,Techno Electric & Engineering Company Limited,BSE,https://s3-symbol-logo.tradingview.com/techno-electric-and.svg,1130.1
3606,VIPULLTD,Vipul Limited,BSE,https://s3-symbol-logo.tradingview.com/vipul-ltd.svg,10.62
3607,RACLGEAR,RACL Geartech Ltd,NSE,https://s3-symbol-logo.tradingview.com/racl-geartech-limited.svg,1033.9
3608,JBCHEPHARM,JB Chemicals & Pharmaceuticals Ltd.,BSE,https://s3-symbol-logo.tradingview.com/jbchemicals-and-pharmaceutical.svg,1804.95
3609,DMR,DMR Engineering Limited,BSE,https://s3-symbol-logo.tradingview.com/dmr-hydroengineering-and-infra-ltd.svg,43.0
3610,INDICAP,Inditrade Capital Limited,BSE,https://s3-symbol-logo.tradingview.com/inditrade-capital-limited.svg,5.1
3611,GARGI,PNGS Gargi Fashion Jewellery Ltd.,BSE,https://s3-symbol-logo.tradingview.com/pngs-gargi-fashion-jewellery-l.svg,1071.0
3612,HDFCAMC,HDFC Asset Management Co. Ltd.,BSE,https://s3-symbol-logo.tradingview.com/hdfc.svg,2705.9
3613,INDOKEM,Indokem Limited,BSE,https://s3-symbol-logo.tradingview.com/indokem-ltd.svg,713.05
3614,TDPOWERSYS,TD Power Systems Limited,BSE,https://s3-symbol-logo.tradingview.com/td-power-systems-p.svg,728.4
3615,CENTENKA,Century Enka Limited,NSE,https://s3-symbol-logo.tradingview.com/century-enka.svg,436.1
3616,RHETAN,Rhetan TMT Ltd.,BSE,https://s3-symbol-logo.tradingview.com/rhetan-tmt-limited.svg,24.3
3617,SHANTI,Shanti Overseas (India) Ltd.,NSE,https://s3-symbol-logo.tradingview.com/shanti-overseas-ind-ltd.svg,9.15
3618,JUBLINGREA,Jubilant Ingrevia Ltd.,BSE,https://s3-symbol-logo.tradingview.com/jubilant-ingrevia-ltd.svg,719.2
3619,LEHAR,Lehar Footwears Limited,BSE,https://s3-symbol-logo.tradingview.com/lehar-footwears-limited.svg,227.2
3620,SILVER360,360 ONE Silver ETF Exchange Traded Fund Units,BSE,https://s3-symbol-logo.tradingview.com/360-one-mutual-fund.svg,207.12
3621,EMERALD,Emerald Finance Limited,BSE,https://s3-symbol-logo.tradingview.com/emerald-finance-limited.svg,73.0
3622,SUNDROP,Sundrop Brands Limited Shs Dematerialised,NSE,https://s3-symbol-logo.tradingview.com/conagra-brands.svg,706.1
3623,HEROMOTOCO,Hero Motocorp Limited,BSE,https://s3-symbol-logo.tradingview.com/hero-motocorp.svg,5719.0
3624,CGCL,Capri Global Capital Limited,BSE,https://s3-symbol-logo.tradingview.com/capri-global-capit.svg,178.4
3625,CIGNITITEC,Cigniti Technologies Limited,BSE,https://s3-symbol-logo.tradingview.com/cigniti-technologi.svg,1734.15
3626,GVPIL,GE Power India Ltd.,BSE,https://s3-symbol-logo.tradingview.com/ge-power-india-ltd.svg,334.5
3627,DRCSYSTEMS,DRC Systems India Limited,NSE,https://s3-symbol-logo.tradingview.com/drc-systems-india-ltd.svg,17.46
3628,ICEMAKE,Ice Make Refrigeration Ltd.,NSE,https://s3-symbol-logo.tradingview.com/ice-make-refrigerat-ltd.svg,799.35
3629,RAMAPHO,Rama Phosphates Limited,BSE,https://s3-symbol-logo.tradingview.com/rama-phosphates-ltd.svg,163.65
3630,SINCLAIR,Sinclairs Hotels Limited,NSE,https://s3-symbol-logo.tradingview.com/sinclairs-hotels-ltd.svg,85.05
3631,SOLIDSTON,Solid Stone Co. Ltd.,BSE,https://s3-symbol-logo.tradingview.com/solid-stone-company-ltd.svg,28.47
3632,CHEMFAB,Chemfab Alkalis Ltd.,NSE,https://s3-symbol-logo.tradingview.com/chemfab-alkalis-ltd.svg,439.6
5414,ALKALI,Alkali Metals Ltd.,NSE,https://s3-symbol-logo.tradingview.com/alkali-metals-ltd.svg,78.8
5415,RBZJEWEL,RBZ Jewellers Limited,BSE,https://s3-symbol-logo.tradingview.com/rbz-jewellers-limited.svg,141.0
6280,GOLDENTOBC,Golden Tobacco Limited,NSE,https://s3-symbol-logo.tradingview.com/golden-tobacco-ltd.svg,32.75
6281,VOITHPAPR,Voith Paper Fabrics India Limited,BSE,https://s3-symbol-logo.tradingview.com/voith-paper-fabrics-india-ltd.svg,1689.3
6282,SENSEXADD,DSP BSE Sensex ETF,NSE,https://s3-symbol-logo.tradingview.com/dsp-blackrock-mutu.svg,87.55
6283,PURETROP,Puretrop Fruits Ltd,BSE,https://s3-symbol-logo.tradingview.com/freshtrop-fruits-ltd.svg,150.9
6284,DODLA,Dodla Dairy Ltd.,BSE,https://s3-symbol-logo.tradingview.com/dodla-dairy.svg,1225.4
6285,HUHTAMAKI,Huhtamaki India Limited,BSE,https://s3-symbol-logo.tradingview.com/huhtamaki-ppl.svg,209.05
6286,SCHAEFFLER,Schaeffler India Ltd,BSE,https://s3-symbol-logo.tradingview.com/schaeffler.svg,3879.1
6287,INVPRECQ,Investment & Precision Castings Limited,BSE,https://s3-symbol-logo.tradingview.com/investment-and-precision-casting.svg,485.0
6288,OBCL,Orissa Bengal Carrier Ltd.,BSE,https://s3-symbol-logo.tradingview.com/orissa-bengal-carrier-limited.svg,54.84
6289,SMRUTHIORG,Smruthi Organics Ltd,BSE,https://s3-symbol-logo.tradingview.com/smruthi-organics-limited.svg,118.0
6290,HINDBIO,Hindustan Bio Sciences Limited,BSE,https://s3-symbol-logo.tradingview.com/hindustan-bio-sciences-ltd.svg,5.5
6291,GODIGIT,Go Digit General Insurance Limited,BSE,https://s3-symbol-logo.tradingview.com/go-digit-general-insurance-lim.svg,340.05
6292,RODIUM,Rodium Realty Limited,BSE,https://s3-symbol-logo.tradingview.com/rodium-realty-limited.svg,177.1
6293,INDOTECH,Indo Tech Transformers Ltd.,BSE,https://s3-symbol-logo.tradingview.com/indo-tech-tranform.svg,1578.0
6294,CAPFIN,Capfin India Ltd,BSE,https://s3-symbol-logo.tradingview.com/capfin-india-limited.svg,144.0
6295,IPOWER,iPower Solutions India Ltd.,BSE,https://s3-symbol-logo.tradingview.com/i-power-solutions-india-ltd.svg,22.31
6296,ODIGMA,Odigma Consultancy Solutions Limited,BSE,https://s3-symbol-logo.tradingview.com/odigma-consultancy-sol-l.svg,31.73
6297,HAVISHA,Sri Havisha Hospitality And Infrastructure Ltd,BSE,https://s3-symbol-logo.tradingview.com/sri-havisha-hospitality-infras.svg,1.78
6298,NIF5GETF,UTI Nifty 5 Yr Benchmark G-Sec ETF Exchange Traded Fund Units,NSE,https://s3-symbol-logo.tradingview.com/uti-asset-management.svg,63.43
6299,MFML,Mahalaxmi Fabric Mills Limited,NSE,https://s3-symbol-logo.tradingview.com/mahalaxmi-fabric-mills-ltd.svg,26.5
7649,QUESTCAP,Quest Capital Markets Limited,BSE,https://s3-symbol-logo.tradingview.com/quest-capital-markets-limited.svg,300.05
6300,MOALPHA50,Motilal Oswal Nifty Alpha 50 ETF Exchange Traded Fund Units,NSE,https://s3-symbol-logo.tradingview.com/motilal.svg,50.94
6315,PRIMESECU,Prime Securities Limited,BSE,https://s3-symbol-logo.tradingview.com/prime-securities.svg,292.4
6316,EMAMIREAL,Emami Realty Limited,BSE,https://s3-symbol-logo.tradingview.com/emami-realty-limited.svg,84.05
6317,GUJAPOLLO,Gujarat Apollo Industries Limited,BSE,https://s3-symbol-logo.tradingview.com/gujarat-apollo-ind.svg,418.4
6318,BIRLAMONEY,Aditya Birla Money Limited,BSE,https://s3-symbol-logo.tradingview.com/aditya-birla-money.svg,147.2
6319,MANORG,Mangalam Organics Ltd,NSE,https://s3-symbol-logo.tradingview.com/mangalam-organics-limited.svg,490.0
6320,EMMESSA,Emmessar Biotech & Nutrition Ltd.,BSE,https://s3-symbol-logo.tradingview.com/emmessar-biotech-and-nutrition-l.svg,30.0
6321,CAMEXLTD,Camex Limited,BSE,https://s3-symbol-logo.tradingview.com/camex-ltd.svg,33.94
6322,UGROCAP,Ugro Capital Limited,BSE,https://s3-symbol-logo.tradingview.com/ugro-capital-ltd.svg,172.55
6323,MARALOVER,Maral Overseas Limited,BSE,https://s3-symbol-logo.tradingview.com/maral-overseas-ltd.svg,45.12
6324,VOLTAMP,Voltamp Transformers Limited,BSE,https://s3-symbol-logo.tradingview.com/voltamp-transformers.svg,7920.3
6326,GRATEXI,Gratex Industries Limited,BSE,https://s3-symbol-logo.tradingview.com/gratex-industries-ltd.svg,18.01
6327,KDDL,KDDL Limited,BSE,https://s3-symbol-logo.tradingview.com/kddl.svg,2402.4
6328,LINKPH,Link Pharma Chem Ltd.,BSE,https://s3-symbol-logo.tradingview.com/link-pharma-chem-ltd.svg,30.52
6329,TECH,Aditya Birla Sun Life Nifty IT ETF Exchange Traded Fund Units,BSE,https://s3-symbol-logo.tradingview.com/aditya-birla-fash.svg,42.08
6330,AGI,AGI Greenpac Limited,BSE,https://s3-symbol-logo.tradingview.com/hsil-ltd.svg,736.15
6331,NKIND,N.K. Industries Ltd.,NSE,https://s3-symbol-logo.tradingview.com/nkindustries-ltd.svg,67.98
6332,QUINTEGRA,Quintegra Solutions Limited,BSE,https://s3-symbol-logo.tradingview.com/quintegra-solutions-ltd.svg,1.59
6333,SNL,SNL Bearings Limited,BSE,https://s3-symbol-logo.tradingview.com/snl-bearings-ltd.svg,376.6
6334,IRMENERGY,Irm Energy Limited,BSE,https://s3-symbol-logo.tradingview.com/irm-energy-ltd.svg,281.95
6335,NARMADA,Narmada Agrobase Limited,BSE,https://s3-symbol-logo.tradingview.com/narmada-agrobase-limited.svg,21.25
6336,GANESHHOU,Ganesh Housing Limited,BSE,https://s3-symbol-logo.tradingview.com/ganesh-housing-cp.svg,806.05
6337,NCLIND,NCL Industries Ltd,BSE,https://s3-symbol-logo.tradingview.com/ncl-industries.svg,198.8
6338,S_SPOWER,S&S Power Switchgear Ltd.,BSE,https://s3-symbol-logo.tradingview.com/sands-power-switchgear-ltd.svg,258.15
6339,AEONXDIGI,Aeonx Digital Technology Limited,BSE,https://s3-symbol-logo.tradingview.com/aeonx-digital-technology-limit.svg,175.0
6340,WARRENTEA,Warren Tea Limited,BSE,https://s3-symbol-logo.tradingview.com/warren-tea-ltd.svg,44.6
6341,NAHARCAP,Nahar Capital & Financial Services Ltd.,BSE,https://s3-symbol-logo.tradingview.com/nahar-capital-and.svg,260.0
6342,RUNGTAIR,Rungta Irrigation Ltd,BSE,https://s3-symbol-logo.tradingview.com/rungta-irrigation-ltd.svg,60.0
6343,CEMAINFRA,Cemantic Infra Tech Ltd.,BSE,https://s3-symbol-logo.tradingview.com/quantum-build-tech-ltd.svg,4.11
3651,SAHLIBHFI,Shalibhadra Finance Limited,BSE,https://s3-symbol-logo.tradingview.com/shalibhadra-finance-ltd.svg,102.7
3652,SAMHI,Samhi Hotels Limited,BSE,https://s3-symbol-logo.tradingview.com/samhi-hotels-ltd.svg,182.25
3653,ASHIANA,Ashiana Housing Limited,NSE,https://s3-symbol-logo.tradingview.com/ashiana-housing-ltd.svg,297.0
3654,COMPUPN,Computer Point Ltd.,BSE,https://s3-symbol-logo.tradingview.com/computer-point-ltd.svg,4.47
3655,SHIVALIK,Shivalik Rasayan Ltd,NSE,https://s3-symbol-logo.tradingview.com/shivalik-rasayan-ltd.svg,379.05
3657,SURAKSHA,Suraksha Diagnostic Ltd.,NSE,https://s3-symbol-logo.tradingview.com/suraksha-diagnostic-limited.svg,274.35
3658,MUTHOOTCAP,Muthoot Capital Services Ltd.,NSE,https://s3-symbol-logo.tradingview.com/muthoot-capital.svg,279.0
3659,DMCC,DMCC Speciality Chemicals Limited,NSE,https://s3-symbol-logo.tradingview.com/dmcc-speciality-chemicals.svg,258.1
3660,STYLEBAAZA,Baazar Style Retail Limited,BSE,https://s3-symbol-logo.tradingview.com/baazar-style-retail-ltd.svg,273.35
3661,MIRZAINT,Mirza International Limited,BSE,https://s3-symbol-logo.tradingview.com/mirza-international.svg,38.43
3662,GOACARBON,Goa Carbon Limited,NSE,https://s3-symbol-logo.tradingview.com/goa-carbon.svg,395.0
3663,SHREERAMA,Shree Rama Multi-Tech Limited,BSE,https://s3-symbol-logo.tradingview.com/shree-rama-multi-tech-ltd.svg,59.27
3701,INFOBEAN,InfoBeans Technologies Ltd.,BSE,https://s3-symbol-logo.tradingview.com/infobeans-technologies-limited.svg,796.4
3702,MCLEODRUSS,McLeod Russel India Limited,BSE,https://s3-symbol-logo.tradingview.com/mcleod-russel-india-ltd.svg,43.8
3703,CALSOFTPP.E1,California Software Co. Ltd. TEMP,NSE,https://s3-symbol-logo.tradingview.com/california-software-coltd.svg,4.39
3704,ALKYLAMINE,Alkyl Amines Chemicals Limited,NSE,https://s3-symbol-logo.tradingview.com/alkyl-amines.svg,1612.2
3705,EKI,EKI Energy Services Ltd.,BSE,https://s3-symbol-logo.tradingview.com/eki-energy-services-limited.svg,96.2
3706,MUDUNURU,Mudunuru Ltd.,BSE,https://s3-symbol-logo.tradingview.com/mudunuru-limited.svg,16.46
3707,SHREEOSFM,Shree OSFM E-Mobility Limited,NSE,https://s3-symbol-logo.tradingview.com/shree-osfm-e-mobil.svg,78.85
3708,JAINAM,Jainam Ferro Alloys (I) Ltd.,NSE,https://s3-symbol-logo.tradingview.com/jainam-ferro-alloy.svg,245.1
3709,SHEETAL,Sheetal Universal Ltd.,NSE,https://s3-symbol-logo.tradingview.com/sheetal-universal.svg,146.95
3710,SWARAJ,Swaraj Suiting Limited,NSE,https://s3-symbol-logo.tradingview.com/swaraj-suiting-ltd.svg,249.2
3711,DEEM,Deem Roll-Tech Ltd.,NSE,https://s3-symbol-logo.tradingview.com/deem-roll-tech-lim.svg,43.4
3712,SIDDHIKA,Siddhika Coatings Limited,NSE,https://s3-symbol-logo.tradingview.com/siddhika-coatings.svg,215.0
3713,CFF,CFF Fluid Control Limited,BSE,https://s3-symbol-logo.tradingview.com/cff-fluid-control-limited.svg,565.0
6344,LAKSELEC,Lakshmi Electrical Control Systems Limited,BSE,https://s3-symbol-logo.tradingview.com/lakshmi-electrical-control-sys.svg,756.2
6345,PERFEPA,Perfectpac Limited,BSE,https://s3-symbol-logo.tradingview.com/perfectpac-ltd.svg,88.98
6346,ABMKNO,ABM Knowledgeware Limited,BSE,https://s3-symbol-logo.tradingview.com/abm-knowledgeware-ltd.svg,252.2
6347,SELECTIPO,Mirae Asset BSE Select IPO ETF Exchange Traded Fund Units,BSE,https://s3-symbol-logo.tradingview.com/mirae-asset-sec.svg,46.72
6348,KAUSHALYA,Kaushalya Infrastructure Development Corporation Ltd,BSE,https://s3-symbol-logo.tradingview.com/kaushalya-infrastructure-devel.svg,887.5
6349,SHARMEH,Sharma East India Hospitals & Medical Research Ltd,BSE,https://s3-symbol-logo.tradingview.com/sharma-east-india-hospitals-and.svg,140.85
6350,BETXIND,Betex India Ltd.,BSE,https://s3-symbol-logo.tradingview.com/betex-india-ltd.svg,262.5
6358,DOLLAR,Dollar Industries Ltd.,BSE,https://s3-symbol-logo.tradingview.com/dollar-industries.svg,366.0
6359,WHEELS,Wheels India Limited,BSE,https://s3-symbol-logo.tradingview.com/wheels-india-ltd.svg,856.3
6360,ASHRAM,Ashram Online.com Ltd.,BSE,https://s3-symbol-logo.tradingview.com/ashram-onlinecom-ltd.svg,5.42
6361,PRAENG,Prajay Engineers Syndicate Ltd,BSE,https://s3-symbol-logo.tradingview.com/prajay-engineers-syndicate-ltd.svg,26.64
6362,ROSSARI,Rossari Biotech Ltd,BSE,https://s3-symbol-logo.tradingview.com/rossari-biotech-ltd.svg,579.15
6363,INDOEURO,Indo Euro Indchem Ltd.,BSE,https://s3-symbol-logo.tradingview.com/indo-euro-indchem-ltd.svg,12.7
6364,KAMANWALA,Kamanwala Housing & Construction Ltd.,BSE,https://s3-symbol-logo.tradingview.com/kamanwala-housing-construction.svg,17.21
6365,NEELKAN,Neelkanth Rockminerals Ltd.,BSE,https://s3-symbol-logo.tradingview.com/neelkanth-rockminerals-ltd.svg,15.57
6366,TMTIND_B1,TMT (India) Ltd,BSE,https://s3-symbol-logo.tradingview.com/tmt-india-ltd.svg,6.64
6367,IPSL,Integrated Personnel Services Ltd.,NSE,https://s3-symbol-logo.tradingview.com/integrated-personn.svg,274.0
6368,ROYAL,Royal Sense Ltd.,BSE,https://s3-symbol-logo.tradingview.com/royal-sense-limited.svg,217.95
6369,TRANSPACT,Transpact Enterprises Ltd.,BSE,https://s3-symbol-logo.tradingview.com/transpact-enterprises-limited.svg,138.6
6370,SUPERIOR,Superior Finlease Ltd.,BSE,https://s3-symbol-logo.tradingview.com/superior-finlease-limited.svg,1.38
6371,LAXMIPATI,Laxmipati Engineering Works Ltd.,BSE,https://s3-symbol-logo.tradingview.com/laxmipati-engineering-works-li.svg,349.0
6372,DESHRAK,Desh Rakshak Aushdhalaya Ltd.,BSE,https://s3-symbol-logo.tradingview.com/desh-rakshak-aushdhalaya-ltd.svg,32.0
6373,REVAMEDIA,Revati Media Ltd,BSE,https://s3-symbol-logo.tradingview.com/revati-media-ltd.svg,10.05
6374,CJGEL,C.J. Gelatine Products Ltd.,BSE,https://s3-symbol-logo.tradingview.com/cjgelatine-products-ltd.svg,16.7
6375,NAVNETEDUL,Navneet Education Limited,BSE,https://s3-symbol-logo.tradingview.com/navneet-education.svg,142.1
6376,YORKEXP,York Exports Ltd,BSE,https://s3-symbol-logo.tradingview.com/york-exports-ltd.svg,59.0
3752,BHARATRAS,Bharat Rasayan Limited,NSE,BH,2332.0
3784,ADANIENPP,Adani Enterprises Limited,BSE,AD,1342.9
3790,SUDEEPPHRM,Sudeep Pharma Limited,BSE,SU,647.4
3751,DHARMAJ,Dharmaj Crop Guard Ltd.,NSE,https://s3-symbol-logo.tradingview.com/dharmaj-crop-guard-limited.svg,244.88
3753,JUNIORBEES,Nippon India ETF Nifty Next 50 Junior BeES,BSE,https://s3-symbol-logo.tradingview.com/nippon-life-india-asset.svg,742.77
3754,GFLLIMITED,GFL Ltd,BSE,https://s3-symbol-logo.tradingview.com/gfl-ltd.svg,59.0
3755,CFEL,Confidence Futuristic Energetech Ltd.,BSE,https://s3-symbol-logo.tradingview.com/confidence-futuristic-energete.svg,36.65
3756,TRU,TruCap Finance Limited,BSE,https://s3-symbol-logo.tradingview.com/trucap-finance-limited.svg,8.24
3757,CEWATER,Concord Enviro Systems Limited,NSE,https://s3-symbol-logo.tradingview.com/concord-enviro-systems-limited.svg,443.9
3758,CINEVISTA,Cinevista Ltd.,NSE,https://s3-symbol-logo.tradingview.com/cinevista-ltd.svg,15.4
3759,TITANBIO,Titan Biotech Limited,BSE,https://s3-symbol-logo.tradingview.com/titan-biotech-ltd.svg,1015.05
3760,SUMEETINDS,Sumeet Industries Limited,BSE,https://s3-symbol-logo.tradingview.com/sumeet-industries-limited.svg,31.29
3761,RAMASIGNS,Ramasigns Industries Ltd.,BSE,https://s3-symbol-logo.tradingview.com/ramasigns-industries-limited.svg,1.42
3762,ARKADE,Arkade Developers Limited,BSE,https://s3-symbol-logo.tradingview.com/arkade-developers-limited.svg,139.2
3763,BLUSPRING,Bluspring Enterprises Ltd,BSE,https://s3-symbol-logo.tradingview.com/bluspring-enterprises-ltd.svg,66.13
3764,JAIPURKURT,Nandani Creation Ltd.,NSE,https://s3-symbol-logo.tradingview.com/nandani-creation-ltd.svg,28.72
3765,KATIPATANG,Kati Patang Lifestyle Limited,BSE,https://s3-symbol-logo.tradingview.com/virtualsoft-systems-ltd.svg,19.97
3766,ISFT,Intrasoft Technologies Limited,NSE,https://s3-symbol-logo.tradingview.com/intrasoft-technologies-ltd.svg,93.07
3767,PRAKASH,Prakash Industries Limited,BSE,https://s3-symbol-logo.tradingview.com/prakash-industries.svg,136.25
3768,GTTDATA,GTT Data Solutions Ltd,BSE,https://s3-symbol-logo.tradingview.com/cinerad-communications-ltd.svg,74.78
3769,GAEL,Gujarat Ambuja Exports Limited,BSE,https://s3-symbol-logo.tradingview.com/gujarat-ambuja-exports.svg,121.05
3770,SWASTIKA,Swastika Investmart Limited,BSE,https://s3-symbol-logo.tradingview.com/swastika-investmart-ltd.svg,73.12
3771,SNOWMAN,Snowman Logistics Ltd,BSE,https://s3-symbol-logo.tradingview.com/snowman-logistics.svg,41.71
3772,OMINFRAL,Om Infra Limited,BSE,https://s3-symbol-logo.tradingview.com/om-infra-ltd.svg,100.0
3773,ALPHAIND,Alphalogic Industries Limited,BSE,https://s3-symbol-logo.tradingview.com/alphalogic-industries-limited.svg,145.8
3774,UNIENTER,Uniphos Enterprises Limited,NSE,https://s3-symbol-logo.tradingview.com/uniphos-enterprise.svg,144.0
3775,AYMSYNTEX,AYM Syntex Limited,NSE,https://s3-symbol-logo.tradingview.com/aym-syntex-limited.svg,156.4
3776,AGRIBIO,Agribio Spirits Ltd.,BSE,https://s3-symbol-logo.tradingview.com/beekay-niryat-limited.svg,221.6
6377,DUTRON,Dutron Polymers Limited,BSE,https://s3-symbol-logo.tradingview.com/dutron-polymers-ltd.svg,108.0
6378,UNIVARTS,Universal Arts Limited,BSE,https://s3-symbol-logo.tradingview.com/universal-arts-ltd.svg,5.11
6379,APTPACK,Apt Packaging Ltd,BSE,https://s3-symbol-logo.tradingview.com/apt-packaging-ltd.svg,102.79
6380,REXSEAL,Rex Sealing & Packing Industries Ltd.,BSE,https://s3-symbol-logo.tradingview.com/rex-sealing-and-packing-indust.svg,176.25
6381,MNIL,Mega Nirman and Industries Ltd,BSE,https://s3-symbol-logo.tradingview.com/mega-nirman-and-industries-limit.svg,37.3
6382,WARDHEALTH,Wardwizard Healthcare Ltd,BSE,https://s3-symbol-logo.tradingview.com/wardwizard-healthcare-limited.svg,45.34
6383,SIMBHALS,Simbhaoli Sugars Ltd,BSE,https://s3-symbol-logo.tradingview.com/simbhaoli-sugars-l.svg,9.4
6384,WILLAMAGOR,Williamson Magor & Co.Ltd.,BSE,https://s3-symbol-logo.tradingview.com/williamson-magor-and.svg,30.24
6385,GSEC10YEAR,Mirae Asset Nifty 8-13 Yr G-Sec ETF Exchange Traded Fund Units,BSE,https://s3-symbol-logo.tradingview.com/mirae-asset-sec.svg,29.46
6386,SYTIXSE,Systematix Securities Ltd.,BSE,https://s3-symbol-logo.tradingview.com/systematix-securities-ltd.svg,15.88
6387,BANSTEA,Bansisons Tea Industries Ltd.,BSE,https://s3-symbol-logo.tradingview.com/bansisons-tea-industries-ltd.svg,14.4
6388,EPBIO,Ep Biocomposites Limited,BSE,https://s3-symbol-logo.tradingview.com/ep-biocomposites-limited.svg,95.85
6389,ASSOCIATED,Associated Coaters Limited,BSE,https://s3-symbol-logo.tradingview.com/associated-coaters-limited.svg,112.0
6390,KMFBLDR,KMF Builders & Developers Ltd.,BSE,https://s3-symbol-logo.tradingview.com/kmf-builders-and-developers-ltd.svg,6.01
6391,NIFTYETF,Mirae Asset Nifty 50 ETF,BSE,https://s3-symbol-logo.tradingview.com/mirae-asset-sec.svg,282.17
6392,AKASH,Akash Infra-Projects Ltd.,NSE,https://s3-symbol-logo.tradingview.com/akash-infra-projects-ltd.svg,25.85
6393,TORNTPHARM,Torrent Pharmaceuticals Ltd,BSE,https://s3-symbol-logo.tradingview.com/torrent-pharmaceuticals.svg,3819.85
6394,SBIBPB,SBI BSE PSU Bank ETF Units Exchange Traded Fund,BSE,https://s3-symbol-logo.tradingview.com/sbi-mutual-fund.svg,48.69
6395,AAREYDRUGS,Aarey Drugs & Pharmaceuticals Ltd.,BSE,https://s3-symbol-logo.tradingview.com/aarey-drugs-and-pharm-ltd.svg,70.55
6396,XTGLOBAL,XTGlobal Infotech Ltd.,BSE,https://s3-symbol-logo.tradingview.com/xtglobal-infotech-limited.svg,36.5
6397,DNAMEDIA,Diligent Media Corp. Ltd.,BSE,https://s3-symbol-logo.tradingview.com/diligent-media-lim.svg,3.99
6398,VGL,Varvee Global Limited,BSE,https://s3-symbol-logo.tradingview.com/aarvee-denims-and-exports-ltd.svg,149.0
6399,BANKETF,Mirae Asset Nifty Bank ETF Exchange Traded Fund Units,NSE,https://s3-symbol-logo.tradingview.com/mirae-asset-sec.svg,601.54
6400,AUSTENG,Austin Engineering Co. Ltd.,BSE,https://s3-symbol-logo.tradingview.com/austin-engineering-coltd.svg,133.25
6431,ADTECH,Adtech Systems Ltd.,BSE,https://s3-symbol-logo.tradingview.com/adtech-systems-limited.svg,68.02
3801,APTUS,Aptus Value Housing Finance India Limited,BSE,https://s3-symbol-logo.tradingview.com/aptus-value.svg,282.55
3802,UTIBANKETF,UTI Nifty Bank ETF,NSE,https://s3-symbol-logo.tradingview.com/uti-asset-management.svg,61.0
3803,SUVIDHAA,Suvidhaa Infoserve Limited,BSE,https://s3-symbol-logo.tradingview.com/suvidhaa-infoserve-limited.svg,3.76
3804,HMVL,Hindustan Media Ventures Limited,NSE,https://s3-symbol-logo.tradingview.com/hindustan-media-ve.svg,71.25
3807,KRUPALU,Krupalu Metals Limited,BSE,https://s3-symbol-logo.tradingview.com/krupalu-metals-limited.svg,52.45
3851,TEXINFRA,Texmaco Infrastructure & Holdings Limited,BSE,https://s3-symbol-logo.tradingview.com/texmaco-infra-and-ho.svg,103.9
3852,NARMADA,Narmada Agrobase Limited,NSE,https://s3-symbol-logo.tradingview.com/narmada-agrobase-limited.svg,21.15
3853,JYOTIRES,Jyoti Resins & Adhesives Ltd.,BSE,https://s3-symbol-logo.tradingview.com/jyoti-resins-and-adhesives-ltd.svg,1126.0
3854,LODHA,Lodha Developers Ltd.,BSE,https://s3-symbol-logo.tradingview.com/macrotech-developers.svg,1086.05
3855,PANKAJPO,Pankaj Polymers Limited,BSE,https://s3-symbol-logo.tradingview.com/pankaj-polymers-ltd.svg,32.89
3856,HEIDELBERG,Heidelbergcement India Limited.,BSE,https://s3-symbol-logo.tradingview.com/heidelbergcement-i.svg,175.75
3857,MEDANTA,Global Health Limited,BSE,https://s3-symbol-logo.tradingview.com/global-health-limited.svg,1177.25
3858,PROTEAN,Protean eGov Technologies Limited,BSE,https://s3-symbol-logo.tradingview.com/protean-egov-technologies-limi.svg,784.8
3859,KALPATARU,Kalpataru Ltd.,NSE,https://s3-symbol-logo.tradingview.com/kalpataru-limited.svg,338.1
3860,AEPL,Artemis Electricals & Projects Limited,BSE,https://s3-symbol-logo.tradingview.com/artemis-electricals-and-projec.svg,21.14
3861,KRN,Krn Heat Exchanger and Refrigeration Limited,BSE,https://s3-symbol-logo.tradingview.com/krn-heat-exchanger-and-refrige.svg,741.0
3862,LOWVOLIETF,ICICI Prudential Nifty 100 Low Volatility 30 ETF,BSE,https://s3-symbol-logo.tradingview.com/icici-prudential-bank.svg,23.2
3863,BILVYAPAR,Bil Vyapar Ltd,NSE,https://s3-symbol-logo.tradingview.com/binani-industries.svg,7.49
3864,SHIVAAGRO,Shiva Global Agro Industries Limited,BSE,https://s3-symbol-logo.tradingview.com/shiva-global-agro-industries-l.svg,36.0
3865,BCCFUBA,BCC Fuba India Ltd.,BSE,https://s3-symbol-logo.tradingview.com/bcc-fuba-india-ltd.svg,174.9
3866,KAYA,Kaya Limited,BSE,https://s3-symbol-logo.tradingview.com/kaya-limited.svg,418.0
3867,FMNL,Future Market Networks Limited,BSE,https://s3-symbol-logo.tradingview.com/future-market-networks-ltd.svg,9.2
3868,IMPEXFERRO,Impex Ferro Tech Ltd,NSE,https://s3-symbol-logo.tradingview.com/impex-ferro-tech-ltd.svg,1.86
3869,BPAGRI,Blue Pearl Agriventures Ltd.,BSE,https://s3-symbol-logo.tradingview.com/blue-pearl-agriventures-limite.svg,84.82
3870,ANSALAPI,Ansal Properties & Infrastructure Ltd.,BSE,https://s3-symbol-logo.tradingview.com/ansal-prop-and-infra-ltd.svg,3.59
3871,UTLINDS,UTL Industries Ltd.,BSE,https://s3-symbol-logo.tradingview.com/utl-industries-limited.svg,2.36
3872,SPLPETRO,Supreme Petrochem Limited,BSE,https://s3-symbol-logo.tradingview.com/supreme-petrochem-ltd.svg,649.55
6432,KOKUYOCMLN,Kokuyo Camlin Limited,BSE,https://s3-symbol-logo.tradingview.com/kokuyo-camlin-ltd.svg,90.0
6433,NAGREEKCAP,Nagreeka Capital & Infrastructure Limited,NSE,https://s3-symbol-logo.tradingview.com/nagreeka-exports-ltd.svg,28.0
6434,JAYBHCR,Jayabharat Credit Limited,BSE,https://s3-symbol-logo.tradingview.com/jayabharat-credit-ltd.svg,20.8
6435,GITARENEW,Gita Renewable Energy Ltd,BSE,https://s3-symbol-logo.tradingview.com/gita-renewable-energy-limited.svg,95.0
6436,HINDHARD,Hindustan Hardy Limited,BSE,https://s3-symbol-logo.tradingview.com/hindustan-hardy-limited.svg,896.0
6437,STLSTRINF,Steel Strips Infrastructures Ltd.,BSE,https://s3-symbol-logo.tradingview.com/steel-strips-infrastructures-l.svg,23.98
6438,ASHSI,Ashirwad Steels & Industries Ltd,BSE,https://s3-symbol-logo.tradingview.com/ashirwad-steels-and-industries-l.svg,29.25
6439,SATIN,Satin Creditcare Network Ltd,BSE,https://s3-symbol-logo.tradingview.com/satin-creditcare-network-limit.svg,141.55
6440,SOLARA,Solara Active Pharma Sciences Ltd.,BSE,https://s3-symbol-logo.tradingview.com/solara-active-pharma.svg,576.7
6441,EMKAYTOOLS,Emkay Taps & Cutting Tools Ltd.,NSE,https://s3-symbol-logo.tradingview.com/emkay-taps-and-cut.svg,123.0
6442,CPS,C P S Shapers Ltd.,NSE,https://s3-symbol-logo.tradingview.com/c-p-s-shapers-limi.svg,1041.5
6443,THOMASCOTT,Thomas Scott (India) Limited,BSE,https://s3-symbol-logo.tradingview.com/thomas-scott-india-limited.svg,335.65
6444,DUNCANENG,Duncan Engineering Limited,BSE,https://s3-symbol-logo.tradingview.com/duncan-engineering-limited.svg,471.95
6445,STANROS,Stanrose Mafatlal Investments & Finance Ltd.,BSE,https://s3-symbol-logo.tradingview.com/stanrose-mafatlal-investments.svg,70.0
6446,PLAZACABLE,Plaza Wires Limited,BSE,https://s3-symbol-logo.tradingview.com/plaza-wires-ltd.svg,41.68
6447,KRSNAA,Krsnaa Diagnostics Limited,BSE,https://s3-symbol-logo.tradingview.com/krsnaa-diagnostics.svg,730.65
6448,UTTAMSUGAR,Uttam Sugar Mills Limited,BSE,https://s3-symbol-logo.tradingview.com/uttam-sugar-mills.svg,265.0
6449,AXELPOLY,Axel Polymers Limited,BSE,https://s3-symbol-logo.tradingview.com/axel-polymers-ltd.svg,51.4
6450,UFLEX,UFlex Limited,BSE,https://s3-symbol-logo.tradingview.com/uflex.svg,494.3
6461,RAINBOW,Rainbow Childrens Medicare Limited,BSE,https://s3-symbol-logo.tradingview.com/rainbow-children-s-medicare-li.svg,1353.85
6462,NATRAJPR,Natraj Proteins Limited,BSE,https://s3-symbol-logo.tradingview.com/natraj-proteins-ltd.svg,34.15
6463,NINSYS,NINtec Systems Ltd,NSE,https://s3-symbol-logo.tradingview.com/nintec-systems-ltd.svg,406.15
6464,INCON,Incon Engineers Ltd,BSE,https://s3-symbol-logo.tradingview.com/incon-engineers-ltd.svg,13.7
6465,MASPTOP50,Mirae Asset S&P 500 Top 50 ETF Units Exchange Traded Fund,BSE,https://s3-symbol-logo.tradingview.com/mirae-asset-sec.svg,71.67
6466,VENTIVE,Ventive Hospitality Limited,BSE,https://s3-symbol-logo.tradingview.com/ventive-hospitality-ltd.svg,707.8
6467,ARROWGREEN,Arrow Greentech Limited,BSE,https://s3-symbol-logo.tradingview.com/arrow-greentech-limited.svg,510.9
6468,RAMGOPOLY,Ramgopal Polytex Ltd.,BSE,https://s3-symbol-logo.tradingview.com/ramgopal-polytex-ltd.svg,17.16
6469,CEENIK,Ceenik Exports (India) Limited,BSE,https://s3-symbol-logo.tradingview.com/ceenik-exports-india-ltd.svg,327.15
6470,SCBL,Saptak Chem & Business Ltd.,BSE,https://s3-symbol-logo.tradingview.com/saptak-chem-and-business-ltd.svg,27.62
6471,SILVOAK,Silver Oak (India) Limited,BSE,https://s3-symbol-logo.tradingview.com/silver-oak-india-ltd.svg,95.01
6472,SITAENT,Sita Enterprises Limited,BSE,https://s3-symbol-logo.tradingview.com/sita-enterprises-ltd.svg,131.95
6473,MBLINFRA,MBL Infrastructure Limited,BSE,https://s3-symbol-logo.tradingview.com/mbl-infrastructure-ltd.svg,32.78
3901,AGUL,A G Universal Limited,NSE,https://s3-symbol-logo.tradingview.com/a-g-universal-limi.svg,61.6
3902,TECHNICHEM,Technichem Organics Limited,BSE,https://s3-symbol-logo.tradingview.com/technichem-organics-limited.svg,56.5
3903,GCMCOMM,GCM Commodity & Derivatives Ltd.,BSE,https://s3-symbol-logo.tradingview.com/gcm-commodity-and-derivatives-lt.svg,4.19
3904,DHARNI,Dharni Capital Services Ltd.,BSE,https://s3-symbol-logo.tradingview.com/dharni-capital-services-limite.svg,59.1
3905,DECCANTRAN,Deccan Transcon Leasing Limited,NSE,https://s3-symbol-logo.tradingview.com/deccan-transcon-leasing-l.svg,25.4
3906,SHIGAN,Shigan Quantum Technologies Ltd.,NSE,https://s3-symbol-logo.tradingview.com/shigan-quantum-tec.svg,43.95
3907,CHAMUNDA,Chamunda Electrical Limited,NSE,https://s3-symbol-logo.tradingview.com/chamunda-electrical-ltd.svg,52.0
3908,BIZOTIC,Bizotic Commercial Ltd.,BSE,https://s3-symbol-logo.tradingview.com/bizotic-commercial-limited.svg,905.1
3909,SCML,Sharp Chucks & Machines Ltd.,NSE,https://s3-symbol-logo.tradingview.com/sharp-chucks-and-m.svg,139.0
3910,BIKEWO,Bikewo Green Tech Limited,NSE,https://s3-symbol-logo.tradingview.com/bikewo-green-tech-ltd.svg,19.45
3911,PRAMARA,Pramara Promotions Ltd.,NSE,https://s3-symbol-logo.tradingview.com/pramara-promotions.svg,348.5
3912,SHUBHLAXMI,Shubhlaxmi Jewel Art Ltd.,NSE,https://s3-symbol-logo.tradingview.com/shubhlaxmi-jewel-a.svg,38.7
3913,SKIEL,SK International Export Limited,BSE,https://s3-symbol-logo.tradingview.com/sk-international-export-limite.svg,30.02
3914,SONUINFRA,Sonu Infratech Ltd.,NSE,https://s3-symbol-logo.tradingview.com/sonu-infratech-ltd.svg,77.35
3915,UHTL,United Heat Transfer Ltd.,NSE,https://s3-symbol-logo.tradingview.com/united-heat-transfer-ltd.svg,59.3
3916,PATTECH,Pattech Fitwell Tube Components Ltd.,NSE,https://s3-symbol-logo.tradingview.com/pattech-fitwell-tu.svg,111.15
3917,INDIFRA,Indifra Ltd.,NSE,https://s3-symbol-logo.tradingview.com/indifra-ltd.svg,15.95
3918,VSCL,Vadivarhe Speciality Chemicals Ltd.,NSE,https://s3-symbol-logo.tradingview.com/vadivarhe-speciali.svg,16.3
3951,SEKURITIND,Saint-Gobain Sekurit India Ltd.,BSE,https://s3-symbol-logo.tradingview.com/saint-gobain.svg,106.85
3952,BAFNAPH,Bafna Pharmaceuticals Limited,NSE,https://s3-symbol-logo.tradingview.com/bafna-pharmaceuticals-ltd.svg,165.01
3953,AARTECH,Aartech Solonics Ltd.,NSE,https://s3-symbol-logo.tradingview.com/aartech-solonics-limited.svg,48.16
6474,RKDAGRRTL,RKD Agri & Retail Ltd.,BSE,https://s3-symbol-logo.tradingview.com/rkd-agri-and-retail-limited.svg,4.85
6475,MIDSMALL,Mirae Asset Nifty MidSmallcap400 Momentum Quality 100 ETF,BSE,https://s3-symbol-logo.tradingview.com/mirae-asset-sec.svg,48.56
6476,PATSPINLTD,Patspin India Ltd,BSE,https://s3-symbol-logo.tradingview.com/patspin-india-ltd.svg,8.29
6477,ATUL,Atul Limited,BSE,https://s3-symbol-logo.tradingview.com/atul.svg,5973.6
6478,JOINDRE,Joindre Capital Services Limited,BSE,https://s3-symbol-logo.tradingview.com/joindre-capital-services-ltd.svg,49.2
6479,MUKATPIP,Mukat Pipes Limited,BSE,https://s3-symbol-logo.tradingview.com/mukat-pipes-ltd.svg,13.41
6480,KANPRPLA,Kanpur Plastipack Limited,BSE,https://s3-symbol-logo.tradingview.com/kanpur-plastipack-ltd.svg,177.0
6481,YARNSYN,Yarn Syndicate Ltd,BSE,https://s3-symbol-logo.tradingview.com/yarn-syndicate-ltd.svg,13.67
6482,IMPEXFERRO,Impex Ferro Tech Ltd,BSE,https://s3-symbol-logo.tradingview.com/impex-ferro-tech-ltd.svg,1.92
6483,JENBURPH,Jenburkt Pharmaceuticals Ltd,BSE,https://s3-symbol-logo.tradingview.com/jenburkt-pharmaceuticals-ltd.svg,1086.8
6484,BNAGROCHEM,BN Agrochem Ltd,BSE,https://s3-symbol-logo.tradingview.com/bn-limited.svg,372.5
6485,VBDESAI,V.B. Desai Financial Services Limited,BSE,https://s3-symbol-logo.tradingview.com/vbdesai-financial-services-l.svg,23.1
6486,BHASKAGR,Bhaskar Agrochemicals Ltd.,BSE,https://s3-symbol-logo.tradingview.com/bhaskar-agrochemicals-ltd.svg,129.0
6487,INTLCOMBQ,International Combustion (India) Ltd,BSE,https://s3-symbol-logo.tradingview.com/international-combustion-indi.svg,600.05
6488,SUNDROP,Sundrop Brands Limited Shs Dematerialised,BSE,https://s3-symbol-logo.tradingview.com/conagra-brands.svg,709.3
6489,AHCL,Anlon Healthcare Limited,BSE,https://s3-symbol-logo.tradingview.com/anlon-healthcare-limited.svg,138.1
6490,BNALTD,B & A Limited,BSE,https://s3-symbol-logo.tradingview.com/b-and-a-ltd.svg,409.9
6491,SKYLMILAR,Skyline Millars Limited,BSE,https://s3-symbol-logo.tradingview.com/skyline-millars-ltd.svg,24.16
6492,OMKARCHEM,Omkar Speciality Chemicals Limited,BSE,https://s3-symbol-logo.tradingview.com/omkar-pharmachem-ltd.svg,5.67
6493,NEOINFRA,Neo Infracon Ltd.,BSE,https://s3-symbol-logo.tradingview.com/neo-infracon-ltd.svg,36.0
6494,NCCBLUE,NCC Bluewater Products Ltd.,BSE,https://s3-symbol-logo.tradingview.com/ncc-blue-water-products-ltd.svg,23.5
6495,CLN,CLN Energy Limited,BSE,https://s3-symbol-logo.tradingview.com/cln-energy-limited.svg,420.0
6496,PROCAL,Procal Electronics India Limited,BSE,https://s3-symbol-logo.tradingview.com/procal-electronics-india-ltd.svg,0.97
4001,DARSHANORNA,Darshan Orna Limited,BSE,https://s3-symbol-logo.tradingview.com/darshan-orna-limited.svg,2.98
4002,SEYAIND,Seya Industries Ltd.,NSE,https://s3-symbol-logo.tradingview.com/seya-industries-ltd.svg,17.28
4003,MANALIPETC,Manali Petrochemicals Limited,BSE,https://s3-symbol-logo.tradingview.com/manali-petrochems.svg,61.0
4004,ANGELONE,Angel One Limited,BSE,https://s3-symbol-logo.tradingview.com/angel-broking.svg,2566.15
4005,SETFNIF50,SBI-ETF Nifty 50,BSE,https://s3-symbol-logo.tradingview.com/sbi-mutual-fund.svg,279.78
4006,KARMAENG,Karma Energy Limited,NSE,https://s3-symbol-logo.tradingview.com/karma-energy-ltd.svg,50.68
4007,AXISVALUE,Axis Nifty500 Value 50 ETF,NSE,https://s3-symbol-logo.tradingview.com/axis-bank.svg,31.05
4008,SHETR,Shetron Limited,BSE,https://s3-symbol-logo.tradingview.com/shetron-ltd.svg,130.0
4009,KEI,KEI Industries Limited,BSE,https://s3-symbol-logo.tradingview.com/kei-industries.svg,4416.95
4010,MENNPIS,Menon Pistons Limited,BSE,https://s3-symbol-logo.tradingview.com/menon-pistons-ltd.svg,59.5
4011,COSYN,COSYN Limited,BSE,https://s3-symbol-logo.tradingview.com/cosyn-limited.svg,22.94
4012,ARNOLD,Arnold Holdings Ltd.,BSE,https://s3-symbol-logo.tradingview.com/arnold-ltd.svg,15.84
4013,UNIAUTO,Universal Autofoundry Ltd.,BSE,https://s3-symbol-logo.tradingview.com/universal-autofoundry-limited.svg,63.02
4014,TELOGICA,Telogica Ltd,BSE,https://s3-symbol-logo.tradingview.com/telogica-limited.svg,10.33
4015,FREDUN,Fredun Pharmaceuticals Ltd.,BSE,https://s3-symbol-logo.tradingview.com/fredun-pharmaceuticals-limited.svg,1722.0
4016,KRBL,KRBL Limited,BSE,https://s3-symbol-logo.tradingview.com/krbl.svg,398.95
4017,MOBAVENUE,Mobavenue AI Tech Limited,BSE,https://s3-symbol-logo.tradingview.com/lucent-industries-limited.svg,1263.45
4018,SELECTIPO,Mirae Asset BSE Select IPO ETF Exchange Traded Fund Units,NSE,https://s3-symbol-logo.tradingview.com/mirae-asset-sec.svg,46.72
4019,SHEKHAWATI,Shekhawati Industries Limited,NSE,https://s3-symbol-logo.tradingview.com/shekhawati-industries-ltd.svg,20.06
4020,VARROC,Varroc Engineering Limited,BSE,https://s3-symbol-logo.tradingview.com/varroc.svg,630.1
4021,KCPSUGIND,KCP Sugar & Industries Corp. Ltd.,BSE,https://s3-symbol-logo.tradingview.com/kcp-sugar-and-indust.svg,26.38
4022,HCG,HealthCare Global Enterprises Ltd.,BSE,https://s3-symbol-logo.tradingview.com/healthcare-global.svg,677.75
4023,FINELINE,Fine-Line Circuits Limited,BSE,https://s3-symbol-logo.tradingview.com/fine-line-circuits-ltd.svg,90.21
4024,BELLACASA,Bella Casa Fashion & Retail Ltd.,NSE,https://s3-symbol-logo.tradingview.com/bella-casa-fashion-and-retail-li.svg,380.2
4025,MALUPAPER,Malu Paper Mills Limited,BSE,https://s3-symbol-logo.tradingview.com/malu-paper-mills-ltd.svg,35.01
4026,SPMLINFRA,SPML Infra Limited,BSE,https://s3-symbol-logo.tradingview.com/spml-infra-limited.svg,180.85
4027,SHREEJISPG,Shreeji Shipping Global Limited,BSE,https://s3-symbol-logo.tradingview.com/shreeji-shipping-global-limited.svg,324.45
4028,LALPATHLAB,Dr. Lal PathLabs Limited,BSE,https://s3-symbol-logo.tradingview.com/dr-lal-pathlabs.svg,1403.0
4030,EMAMILTD,Emami Limited,BSE,https://s3-symbol-logo.tradingview.com/emami.svg,523.1
4031,COSMICCRF,Cosmic CRF Ltd.,BSE,https://s3-symbol-logo.tradingview.com/cosmic-crf-limited.svg,1180.05
4032,SINTERCOM,Sintercom India Ltd.,NSE,https://s3-symbol-logo.tradingview.com/sintercom-india-ltd.svg,104.48
6497,IGLFXPL_B,Indo Gulf Industries Ltd.,BSE,https://s3-symbol-logo.tradingview.com/indo-gulf-industries-ltd.svg,2.25
6498,SISL,Shantidoot Infra Service Limited,BSE,https://s3-symbol-logo.tradingview.com/shantidoot-infra-services-limi.svg,224.35
6499,PROV,Proventus Agrocom Ltd.,NSE,https://s3-symbol-logo.tradingview.com/proventus-agrocom.svg,1301.0
6500,SUNILTX,Sunil Industries Ltd.,BSE,https://s3-symbol-logo.tradingview.com/sunil-industries-ltd.svg,85.51
6517,MANORG,Mangalam Organics Ltd,BSE,https://s3-symbol-logo.tradingview.com/mangalam-organics-limited.svg,489.05
6518,KEMISTAR,Kemistar Corporation Limited,BSE,https://s3-symbol-logo.tradingview.com/kemistar-limited.svg,78.0
6519,RAMCOIND,Ramco Industries Limited,BSE,https://s3-symbol-logo.tradingview.com/ramco-industries.svg,317.2
6520,FOSECOIND,Foseco India Limited,NSE,https://s3-symbol-logo.tradingview.com/foseco-india.svg,5017.5
6521,SSWL,Steel Strips Wheels Ltd,BSE,https://s3-symbol-logo.tradingview.com/steel-strips-wheels-ltd.svg,193.1
6522,INFRONICS,Infronics Systems Limited,BSE,https://s3-symbol-logo.tradingview.com/infronics-systems-ltd.svg,23.67
6523,DELTA,Delta Industrial Resources Ltd,BSE,https://s3-symbol-logo.tradingview.com/delta-industrial-resources-lim.svg,13.69
6524,NPST,Network People Services Technologies Limited,BSE,https://s3-symbol-logo.tradingview.com/network-people-ser.svg,1397.9
6525,LIKHITHA,Likhitha Infrastructure Ltd,BSE,https://s3-symbol-logo.tradingview.com/likhitha-infrastruc-ltd.svg,187.4
6526,TEAMLEASE,TeamLease Services Limited,BSE,https://s3-symbol-logo.tradingview.com/teamlease.svg,1606.15
6527,APOLSINHOT,Apollo Sindoori Hotels Ltd.,NSE,https://s3-symbol-logo.tradingview.com/apollo-sindoori-ho.svg,1219.1
4055,VIVIMEDLAB,Vivimed Labs Limited,NSE,VI,22.81
6528,SECURKLOUD,SecureKloud Technologies Limited,BSE,https://s3-symbol-logo.tradingview.com/securekloud-technologies-limit.svg,25.99
6529,BANKIETF,ICICI Prudential Nifty Bank ETF,BSE,https://s3-symbol-logo.tradingview.com/icici-prudential-bank.svg,60.67
6530,INDOUS,Indo US Bio-Tech Ltd.,BSE,https://s3-symbol-logo.tradingview.com/indo-us-bio-tech-limited.svg,122.3
6531,INDIGOPNTS,Indigo Paints Ltd,BSE,https://s3-symbol-logo.tradingview.com/indigo-paints-ltd.svg,1173.7
6532,LAOPALA,La Opala RG Ltd.,BSE,https://s3-symbol-logo.tradingview.com/la-opala.svg,204.1
6533,ANG,ANG Lifesciences India Ltd.,BSE,https://s3-symbol-logo.tradingview.com/ang-lifesciences-india-limited.svg,27.71
6534,BTML,Bodhi Tree Multimedia Ltd.,BSE,https://s3-symbol-logo.tradingview.com/bodhi-tree-multimedia-limited.svg,8.02
6535,JAMESWARREN,James Warren Tea Ltd,BSE,https://s3-symbol-logo.tradingview.com/james-warren-tea-ltd.svg,352.0
6536,SAYAJIHOTL,Sayaji Hotels Limited,BSE,https://s3-symbol-logo.tradingview.com/sayaji-hotels-ltd.svg,269.5
6537,HALDER,Halder Venture Ltd.,BSE,https://s3-symbol-logo.tradingview.com/halder-venture-limited.svg,255.0
6538,ESTER,Ester Industries Limited,BSE,https://s3-symbol-logo.tradingview.com/ester-industries.svg,107.4
6539,RISHABH,Rishabh Instruments Limited,BSE,https://s3-symbol-logo.tradingview.com/rishabh-instruments-ltd.svg,385.5
6540,WWALUM,Worldwide Aluminium Ltd,BSE,https://s3-symbol-logo.tradingview.com/worldwide-aluminium-limited.svg,20.62
4100,SILVERBND,Bandhan Silver ETF Units,BSE,SI,212.99
4107,PURPLEWAVE,Purple Wave Infocom Ltd.,BSE,PU,120.3
4110,RAVEL,Ravelcare Limited,BSE,RA,125.0
4051,MAHEPC,Mahindra EPC Irrigation Limited,BSE,https://s3-symbol-logo.tradingview.com/mahindra-epc.svg,125.0
4052,MADRASFERT,Madras Fertilizers Ltd,BSE,https://s3-symbol-logo.tradingview.com/madras-fertilizers.svg,78.13
4053,ORIENTCER,Orient Ceratech Ltd,BSE,https://s3-symbol-logo.tradingview.com/orient-ceratech-limited.svg,41.68
4054,VINATIORGA,Vinati Organics Limited,NSE,https://s3-symbol-logo.tradingview.com/vinati-organics.svg,1589.0
4056,DHINDIA,D & H India Ltd,BSE,https://s3-symbol-logo.tradingview.com/dandh-india-ltd.svg,163.95
4057,BVCL,Barak Valley Cements Limited,BSE,https://s3-symbol-logo.tradingview.com/barak-valley-cements-ltd.svg,46.38
4058,SODFC,Som Datt Finance Corporation Ltd,BSE,https://s3-symbol-logo.tradingview.com/som-datt-finance-l.svg,117.0
4059,INDOBELL,Indobell Insulations Limited,BSE,https://s3-symbol-logo.tradingview.com/indobell-insulations-limited.svg,66.0
4060,MONOLITH,Monolithisch India Limited,NSE,https://s3-symbol-logo.tradingview.com/monolithisch-india-ltd.svg,480.0
4061,MANAKSIA,Manaksia Limited,BSE,https://s3-symbol-logo.tradingview.com/manaksia-ltd.svg,65.97
4101,RCL,Radhagobind Commercial Ltd.,BSE,https://s3-symbol-logo.tradingview.com/radhagobind-commercial-limited.svg,1.65
4102,IONEXCHANG,Ion Exchange (India) Ltd.,BSE,https://s3-symbol-logo.tradingview.com/ion-exchange-india-ltd.svg,374.25
4103,SJS,S.J.S. Enterprises Limited,BSE,https://s3-symbol-logo.tradingview.com/sjs-enterprises.svg,1757.8
4104,MARALOVER,Maral Overseas Limited,NSE,https://s3-symbol-logo.tradingview.com/maral-overseas-ltd.svg,44.9
4105,SEASONST,Seasons Textiles Limited,BSE,https://s3-symbol-logo.tradingview.com/seasons-textiles-ltd.svg,17.97
4106,SONAMAC,Sona Machinery Ltd.,NSE,https://s3-symbol-logo.tradingview.com/sona-machinery.svg,45.5
4108,SJLOGISTIC,S J Logistics (India) Limited,NSE,https://s3-symbol-logo.tradingview.com/s-j-logistics-ind.svg,355.1
4109,PROMAX,Promax Power Limited,BSE,https://s3-symbol-logo.tradingview.com/promax-power-limited.svg,23.0
4111,APRAMEYA,Aprameya Engineering Limited,NSE,https://s3-symbol-logo.tradingview.com/aprameya-engineering-ltd.svg,314.1
4112,APL,Asston Pharmaceuticals Limited,BSE,https://s3-symbol-logo.tradingview.com/asston-pharmaceuticals-limited.svg,89.0
4113,GREENLEAF,Greenleaf Envirotech Limited,NSE,https://s3-symbol-logo.tradingview.com/greenleaf-envirotech-limited.svg,155.4
4114,SSTL,Safa Systems & Technologies Limited,BSE,https://s3-symbol-logo.tradingview.com/safa-systems-and-technologies-li.svg,30.81
4115,TANVI,Tanvi Foods India Ltd.,BSE,https://s3-symbol-logo.tradingview.com/tanvi-foods-india-limited.svg,74.0
4116,FONEBOX,Fonebox Retail Limited,NSE,https://s3-symbol-logo.tradingview.com/fonebox-retail-lim.svg,94.0
6541,RALEGRA,Ravileela Granites Ltd.,BSE,https://s3-symbol-logo.tradingview.com/ravileela-granites-ltd.svg,42.0
6542,BPCAP,B. P. Capital Ltd.,BSE,https://s3-symbol-logo.tradingview.com/bp.svg,8.4
6543,THAKRAL,Thakral Services (India) Ltd,BSE,https://s3-symbol-logo.tradingview.com/thakral-services-india-ltd.svg,12.2
6545,GUJALKALI,Gujarat Alkalies & Chemicals Ltd.,BSE,https://s3-symbol-logo.tradingview.com/gujarat-alkalies.svg,505.0
6546,SETFBSE100,SBI ETF BSE 100,BSE,https://s3-symbol-logo.tradingview.com/sbi-mutual-fund.svg,302.0
6547,ABSLLIQUID,Aditya Birla Sun Life CRISIL Liquid Overnight ETF,BSE,https://s3-symbol-logo.tradingview.com/aditya-birla-fash.svg,1000.01
6548,WALCHPF,Walchand Peoplefirst Limited,BSE,https://s3-symbol-logo.tradingview.com/walchand-peoplefirst-ltd.svg,133.7
6549,BRADYM,Brady & Morris Engineering Co. Ltd.,BSE,https://s3-symbol-logo.tradingview.com/brady-and-morris-engineering-co.svg,890.05
6550,11QPD,Nippon India Equity Hybrid Fund- Segregated Portfolio 2 Units 2020- QUARTERLY DIVIDEND DIVIDEND PAYOUT,BSE,https://s3-symbol-logo.tradingview.com/nippon-life-india-asset.svg,8.87
6573,SBCL,Shivalik Bimetal Controls Ltd,BSE,https://s3-symbol-logo.tradingview.com/shivalik-bimetal-con-ltd.svg,447.9
6574,GOLDTECH,AION-TECH Solutions Limited,BSE,https://s3-symbol-logo.tradingview.com/aion-tech-solutions-limited.svg,52.65
6575,ASSAMENT,Assam Entrade Ltd.,BSE,https://s3-symbol-logo.tradingview.com/assam-entrade-limited.svg,848.8
6576,ALKALI,Alkali Metals Ltd.,BSE,https://s3-symbol-logo.tradingview.com/alkali-metals-ltd.svg,78.78
6577,NDRAUTO,NDR Auto Components Ltd.,BSE,https://s3-symbol-logo.tradingview.com/ndr-auto-components-limited.svg,840.05
6578,INTRGLB,Inter Globe Finance Ltd,BSE,https://s3-symbol-logo.tradingview.com/inter-globe-finance-ltd.svg,94.0
6579,JJFINCOR,JJ Finance Corp. Ltd.,BSE,https://s3-symbol-logo.tradingview.com/jjfinance-ltd.svg,39.33
6580,AGIOPAPER,Agio Paper & Industries Limited,BSE,https://s3-symbol-logo.tradingview.com/agio-paper-and-industries-ltd.svg,5.51
6581,PATIDAR,Patidar Buildcon Ltd.,BSE,https://s3-symbol-logo.tradingview.com/patidar-buildcon-limited.svg,9.0
6582,JEL,Jyotirgamya Enterprises Ltd,BSE,https://s3-symbol-logo.tradingview.com/jyotirgamya-enterprises-limite.svg,141.3
6583,PEARLPOLY,Pearl Polymers Limited,BSE,https://s3-symbol-logo.tradingview.com/pearl-polymers.svg,21.0
6584,VALIANTORG,Valiant Organics Limited,BSE,https://s3-symbol-logo.tradingview.com/valiant-organics.svg,270.05
6585,BOSCHLTD,Bosch Limited,BSE,https://s3-symbol-logo.tradingview.com/bosch.svg,36120.0
6586,SPORTKING,Sportking India Ltd.,BSE,https://s3-symbol-logo.tradingview.com/sportking-india-ltd.svg,91.0
6587,SNXT30BEES,Nippon India BSE Sensex Next 30 ETF,BSE,https://s3-symbol-logo.tradingview.com/nippon-life-india-asset.svg,40.88
6588,OLYMPTX,Olympia Industries Ltd.,BSE,https://s3-symbol-logo.tradingview.com/olympia-industries-ltd.svg,33.31
6589,CORALAB,Coral Laboratories Limited,BSE,https://s3-symbol-logo.tradingview.com/coral-laboratories-ltd.svg,475.0
6590,SWADPOL,Swadeshi Polytex Ltd,BSE,https://s3-symbol-logo.tradingview.com/swadeshi-polytex-ltd.svg,51.33
6591,NEXT50,Mirae Asset Nifty Next 50 ETF Units Exchange Traded Fund,BSE,https://s3-symbol-logo.tradingview.com/mirae-asset-sec.svg,709.5
6592,GALAPREC,Gala Precision Engineering Limited,BSE,https://s3-symbol-logo.tradingview.com/gala-precision-engineering-lim.svg,816.85
4165,LUXURY,Luxury Time Limited,BSE,LU,108.55
4151,EFORCE,Electro Force (India) Limited,NSE,https://s3-symbol-logo.tradingview.com/electro-force-indi.svg,34.8
4152,SUBAHOTELS,Suba Hotels Limited,NSE,https://s3-symbol-logo.tradingview.com/suba-hotels-limited.svg,152.95
4153,BAWEJA,Baweja Studios Limited,NSE,https://s3-symbol-logo.tradingview.com/baweja-studios-ltd.svg,40.55
4154,SUNTECH,Suntech Infra Solutions Limited,NSE,https://s3-symbol-logo.tradingview.com/suntech-infra-solutions-l.svg,43.0
4155,MALPANI,Malpani Pipes And Fittings Limited,BSE,https://s3-symbol-logo.tradingview.com/malpani-pipes-and-fittings-lim.svg,72.79
4156,NEETUYOSHI,Neetu Yoshi Limited,BSE,https://s3-symbol-logo.tradingview.com/neetu-yoshi-limited.svg,112.05
4157,ATCENERGY,Atc Energies System Limited,NSE,https://s3-symbol-logo.tradingview.com/atc-energies-system-ltd.svg,37.75
4158,EUPHORIAIT,Euphoria Infotech (India) Ltd.,BSE,https://s3-symbol-logo.tradingview.com/euphoria-infotech-india-limi.svg,41.5
4159,SHLOKKA,Shlokka Dyes Limited,BSE,https://s3-symbol-logo.tradingview.com/shlokka-dyes-limited.svg,39.01
4160,SAVY,Savy Infra and Logistics Limited,NSE,https://s3-symbol-logo.tradingview.com/savy-infra-and-logi-ltd.svg,165.5
4161,DEEPAKCHEM,Deepak Chemtex Limited,BSE,https://s3-symbol-logo.tradingview.com/deepak-chemtex-limited.svg,110.0
4162,RNFI,RNFI Services Ltd.,NSE,https://s3-symbol-logo.tradingview.com/rnfi-services-ltd.svg,328.8
4163,VOLERCAR,Voler Car Limited,NSE,https://s3-symbol-logo.tradingview.com/voler-car-ltd.svg,202.0
4164,QVCEL,QVC Exports Limited,NSE,https://s3-symbol-logo.tradingview.com/qvc-exports-ltd.svg,26.9
4166,SATTVAENGG,Sattva Engineering Construction Limited,NSE,https://s3-symbol-logo.tradingview.com/sattva-engineering-construction-limited.svg,64.5
4167,DENEERS,De Neers Tools Ltd.,NSE,https://s3-symbol-logo.tradingview.com/de-neers-tools-lim.svg,159.1
4168,MPEL,Manas Polymers & Energies Ltd.,NSE,https://s3-symbol-logo.tradingview.com/manas-polymers-and-energies-ltd.svg,89.25
4169,MGSL,Matrix Geo Solutions Ltd.,NSE,https://s3-symbol-logo.tradingview.com/matrix-geo-solutions-ltd.svg,74.1
4170,BULKCORP,Bulkcorp International Limited,NSE,https://s3-symbol-logo.tradingview.com/bulkcorp-international-l.svg,58.0
4171,WHITEFORCE,Happy Square Outsourcing Services Limited,NSE,https://s3-symbol-logo.tradingview.com/happy-square-outsourc-s-l.svg,76.0
4172,CSLFINANCE,CSL Finance Limited,NSE,https://s3-symbol-logo.tradingview.com/csl-finance-limited.svg,318.7
4173,ROUTE,"Route Mobile, Ltd.",BSE,https://s3-symbol-logo.tradingview.com/route-mobile.svg,717.55
4174,TVSSCS,TVS Supply Chain Solutions Ltd.,BSE,https://s3-symbol-logo.tradingview.com/tvs-supply-chain-sol-l.svg,108.15
6593,KIRANVYPAR,Kiran Vyapar Ltd.,BSE,https://s3-symbol-logo.tradingview.com/kiran-vyapar-ltd.svg,200.0
6594,TERAI,Terai Tea Co. Ltd.,BSE,https://s3-symbol-logo.tradingview.com/terai-tea-coltd.svg,101.5
6595,LAMBODHARA,Lambodhara Textiles Ltd.,BSE,https://s3-symbol-logo.tradingview.com/lambodhara-textiles-ltd.svg,121.1
6596,LANCORHOL,Lancor Holdings Limited,BSE,https://s3-symbol-logo.tradingview.com/lancor-ltd.svg,24.95
6597,DYNAMATECH,Dynamatic Technologies Limited,BSE,https://s3-symbol-logo.tradingview.com/dynamatic-technolo.svg,9638.15
6598,HDFCNIFBAN,HDFC Nifty Banking ETF,BSE,https://s3-symbol-logo.tradingview.com/hdfc-bank.svg,60.76
6599,CHEMBONDCH,Chembond Chemicals Limited,BSE,https://s3-symbol-logo.tradingview.com/chembond-chemical-ltd.svg,166.15
6600,HDFCPSUBK,Hdfc Nifty PSU Bank ETF Exchange Traded Fund Units,BSE,https://s3-symbol-logo.tradingview.com/hdfc-bank.svg,84.21
6605,NEXTMEDIA,Next Mediaworks Limited,BSE,https://s3-symbol-logo.tradingview.com/next-mediaworks-ltd.svg,6.13
6606,SAFARI,Safari Industries (India) Limited,BSE,https://s3-symbol-logo.tradingview.com/safari-industries-india-ltd.svg,2192.45
6607,VETO,Veto Switchgears & Cables Ltd.,BSE,https://s3-symbol-logo.tradingview.com/veto-switchgears-and-cables-li.svg,115.65
6608,SHIVA,Shivansh Finserve Ltd.,BSE,https://s3-symbol-logo.tradingview.com/shivansh-finserv-limited.svg,7.32
6609,JGTL,Jasch Gauging Technologies Limited,BSE,https://s3-symbol-logo.tradingview.com/jasch-gauging-technologies-lim.svg,575.1
6610,FLUOROCHEM,Gujarat Fluorochemicals Ltd.,BSE,https://s3-symbol-logo.tradingview.com/gujarat-fluorochem-ltd.svg,3580.95
6611,HARCR,Harig Crankshafts Ltd.,BSE,https://s3-symbol-logo.tradingview.com/harig-crankshafts-ltd.svg,6.19
6612,HGM,HandsOn Global Management (HGM) Ltd,BSE,https://s3-symbol-logo.tradingview.com/hov-services-ltd.svg,72.11
6613,BALTE,Balurghat Technologies Limited,BSE,https://s3-symbol-logo.tradingview.com/balurghat-technologies-ltd.svg,15.5
6614,SUNRAJDI,Sunraj Diamond Exports Limited,BSE,https://s3-symbol-logo.tradingview.com/sunraj-diamond-exports-ltd.svg,18.72
6615,FELDVR,Future Enterprises Ltd. Class B,BSE,https://s3-symbol-logo.tradingview.com/future-enterprises-limited.svg,3.37
6616,SIBARAUT,Sibar Auto Parts Ltd,BSE,https://s3-symbol-logo.tradingview.com/sibar-auto-parts-ltd.svg,8.49
6617,FELDVR,Future Enterprises Ltd. Class B,NSE,https://s3-symbol-logo.tradingview.com/future-enterprises-limited.svg,3.1
6618,SSFLPP,Spandana Sphoorty Financial Limited TEMP,BSE,https://s3-symbol-logo.tradingview.com/spandana-sphoorty-fin-ltd.svg,140.3
6619,HPIL,Hindprakash Industries Ltd.,NSE,https://s3-symbol-logo.tradingview.com/hindprakash-industries-limited.svg,136.01
6620,DBCORP,DB Corp. Ltd.,BSE,https://s3-symbol-logo.tradingview.com/d-b.svg,260.95
4252,SMALLADD,DSP Nifty Smallcap 250 ETF Exchange Traded Fund Units,NSE,SM,16.58
4201,PBAINFRA,PBA Infrastructure Limited,BSE,https://s3-symbol-logo.tradingview.com/pba-infrastructure-ltd.svg,12.89
4202,CNCRD,Concord Control Systems Limited,BSE,https://s3-symbol-logo.tradingview.com/concord-control-systems-limite.svg,2519.95
4233,MGL,Mahanagar Gas Ltd,BSE,https://s3-symbol-logo.tradingview.com/mahanagar-gas.svg,1146.6
4251,VSTL,Vibhor Steel Tubes Ltd.,NSE,https://s3-symbol-logo.tradingview.com/vibhor-steel-tubes-limited.svg,132.65
4253,3PLAND,3P Land Holdings Limited,NSE,https://s3-symbol-logo.tradingview.com/3p-land-ltd.svg,38.0
4254,DECCANCE,Deccan Cements Ltd,NSE,https://s3-symbol-logo.tradingview.com/deccan-cement.svg,774.6
4255,MKPL,M K Proteins Limited,BSE,https://s3-symbol-logo.tradingview.com/m-k-proteins-ltd.svg,6.1
4256,AUTOAXLES,Automotive Axles Limited,NSE,https://s3-symbol-logo.tradingview.com/automotive-axles.svg,1873.3
4257,EKC,Everest Kanto Cylinder Limited,BSE,https://s3-symbol-logo.tradingview.com/everest-kanto-cylinder.svg,118.6
4258,AFFLE,Affle 3i Limited,BSE,https://s3-symbol-logo.tradingview.com/affle.svg,1762.0
4259,JKPAPER,JK Paper Limited,BSE,https://s3-symbol-logo.tradingview.com/jk-paper.svg,366.3
4260,AMPVOLTS,Ampvolts Limited,BSE,https://s3-symbol-logo.tradingview.com/quest-softech-india-limited.svg,23.08
4261,BLUESTONE,Bluestone Jewellery and Lifestyle Limited,BSE,https://s3-symbol-logo.tradingview.com/bluestone-jewellery-and-lifestyle-limited.svg,503.75
4262,EXPOEAPL,Expo Engineering And Projects Ltd,BSE,https://s3-symbol-logo.tradingview.com/expo-gas-containers-ltd.svg,69.25
4263,DAMCAPITAL,DAM Capital Advisors Ltd.,BSE,https://s3-symbol-logo.tradingview.com/dam-capital-advisors-ltd.svg,216.15
4264,GDLLEAS,GDL Leasing & Finance Ltd.,BSE,https://s3-symbol-logo.tradingview.com/gdl-leasing-and-finance-ltd.svg,131.5
4265,RETAIL,JHS Svendgaard Retail Ventures Pvt Ltd,NSE,https://s3-symbol-logo.tradingview.com/jhs-svendgaard-retail-v-l.svg,25.55
4266,AGVENTURES,AG Ventures Limited,BSE,https://s3-symbol-logo.tradingview.com/oriental-carbon-and-chemicals-lt.svg,133.5
4267,SANATHAN,Sanathan Textiles Limited,NSE,https://s3-symbol-logo.tradingview.com/sanathan-textiles-limited.svg,449.0
4268,SBIETFCON,SBI Nifty Consumption ETF,NSE,https://s3-symbol-logo.tradingview.com/sbi-mutual-fund.svg,126.49
4269,IGPL,IG Petrochemicals Ltd.,NSE,https://s3-symbol-logo.tradingview.com/ig-petrochemical.svg,390.75
4270,MOHITIND,Mohit Industries Limited,NSE,https://s3-symbol-logo.tradingview.com/mohit-industries-ltd.svg,28.6
4271,CYBERMEDIA,Cyber Media (India) Limited,NSE,https://s3-symbol-logo.tradingview.com/cyber-media-india-ltd.svg,16.25
4272,SERIND,SER Industries Limited,BSE,https://s3-symbol-logo.tradingview.com/ser-industries-ltd.svg,793.05
4273,COMCL,Comfort Commotrade Ltd.,BSE,https://s3-symbol-logo.tradingview.com/comfort-intech-ltd.svg,18.15
4274,CENLUB,Cenlub Industries Limited,BSE,https://s3-symbol-logo.tradingview.com/cenlub-industries-ltd.svg,238.75
4275,MAYURUNIQ,Mayur Uniquoters Limited,NSE,https://s3-symbol-logo.tradingview.com/mayur-uniquoters.svg,495.6
4276,EKANSH,Ekansh Concepts Limited,BSE,https://s3-symbol-logo.tradingview.com/ekansh-concepts-limited.svg,223.0
4277,CUMMINSIND,Cummins India Limited,BSE,https://s3-symbol-logo.tradingview.com/cummins.svg,4490.8
6621,ROOPAIND,Roopa Industries Limited,BSE,https://s3-symbol-logo.tradingview.com/roopa-industries-ltd.svg,46.0
6622,SUPREMEINF,Supreme Infrastructure India Limited,BSE,https://s3-symbol-logo.tradingview.com/supreme-infrastructure-india-l.svg,86.05
6623,ALPHAGEO,Alphageo (India) Ltd.,BSE,https://s3-symbol-logo.tradingview.com/alphageo-india-ltd.svg,226.45
6624,EVERESTO,Everest Organics Ltd.,BSE,https://s3-symbol-logo.tradingview.com/everest-organics-ltd.svg,471.0
6625,SOBME,Sobhagya Mercantile Ltd,BSE,https://s3-symbol-logo.tradingview.com/sobhagya-merchantile-ltd.svg,860.75
6626,KALYANIFRG,Kalyani Forge Limited,BSE,https://s3-symbol-logo.tradingview.com/kalyani-group.svg,640.65
6627,SMARTWORKS,Smartworks Coworking Spaces Limited,BSE,https://s3-symbol-logo.tradingview.com/smartworks-coworking-sp-l.svg,468.2
6628,ARSHIYA,Arshiya Limited,BSE,https://s3-symbol-logo.tradingview.com/arshiya-limited.svg,1.28
6629,SSWRL,Shree Steel Wire Ropes Limited,BSE,https://s3-symbol-logo.tradingview.com/shree-steel-wire-ropes-ltd.svg,24.61
6630,RTSPOWR,RTS Power Corporation Ltd,BSE,https://s3-symbol-logo.tradingview.com/rts-power-ltd.svg,134.6
6631,KEYFINSERV,Keynote Financial Services Limited,BSE,https://s3-symbol-logo.tradingview.com/keynote-financial-services-lim.svg,318.1
6632,RISHILASE,Rishi Laser Limited,BSE,https://s3-symbol-logo.tradingview.com/rishi-laser-ltd.svg,128.4
6633,SBINEQWETF,SBI Nifty50 Equal Weight ETF,BSE,https://s3-symbol-logo.tradingview.com/sbi-mutual-fund.svg,33.71
6634,HERANBA,Heranba Industries Limited,BSE,https://s3-symbol-logo.tradingview.com/heranba-industries.svg,254.0
6635,PTL,PTL Enterprises Limited,BSE,https://s3-symbol-logo.tradingview.com/ptl-enterprises-ltd.svg,39.5
6636,BAJAJHLDNG,Bajaj Holdings & Investment Limited.,BSE,https://s3-symbol-logo.tradingview.com/bajaj-holdings-and-investment-lt.svg,11210.0
6637,ASYL,Advance Syntex Ltd.,BSE,https://s3-symbol-logo.tradingview.com/advance-syntex-limited.svg,4.77
6638,AHMDSTE,Ahmedabad Steelcraft Limited,BSE,https://s3-symbol-logo.tradingview.com/ahmedabad-steelcraft-ltd.svg,181.1
6639,WENDT,WENDT India Limited,BSE,https://s3-symbol-logo.tradingview.com/wendt-india-ltd.svg,8074.0
6640,SAMKRG,Samkrg Pistons & Rings Ltd.,BSE,https://s3-symbol-logo.tradingview.com/samkrg-pistons-and-rings-ltd.svg,126.55
6641,TAALENT,TAAL Enterprises Ltd,BSE,https://s3-symbol-logo.tradingview.com/taal-enterprises-limited.svg,2822.0
6642,MINDTECK,Mindteck (India) Limited,BSE,https://s3-symbol-logo.tradingview.com/mindteck-india.svg,206.15
6643,TEEAI,Teesta Agro Industries Ltd,BSE,https://s3-symbol-logo.tradingview.com/teesta-agro-industries-ltd.svg,118.9
6644,FLEXFO,Flex Foods Limited,BSE,https://s3-symbol-logo.tradingview.com/flex-foods-ltd.svg,47.9
6645,SHANKARA,Shankara Building Products Ltd.,BSE,https://s3-symbol-logo.tradingview.com/shankara-building.svg,112.5
6646,OAL,Oriental Aromatics Ltd.,BSE,https://s3-symbol-logo.tradingview.com/oriental-aromatics.svg,305.35
6647,TTIENT,TTI Enterprise Ltd,BSE,https://s3-symbol-logo.tradingview.com/tti-enterprise-ltd.svg,7.25
6648,DHARFIN,Dharani Finance Limited,BSE,https://s3-symbol-logo.tradingview.com/dharani-finance-ltd.svg,9.5
4340,SHETHJI,Shreeji Global FMCG Limited,NSE,SH,106.0
4301,SWITCHTE,Switching Technologies Gunther Limited,BSE,https://s3-symbol-logo.tradingview.com/switching-technologies-gunther.svg,62.0
4302,CREST,Crest Ventures Limited,NSE,https://s3-symbol-logo.tradingview.com/crest-ventures.svg,398.0
4303,ISHANCH,Ishan Dyes and Chemicals Limited,NSE,https://s3-symbol-logo.tradingview.com/ishan-dyes-and-chemicals-ltd.svg,63.88
4304,WINSOME,Winsome Yarns Ltd,BSE,https://s3-symbol-logo.tradingview.com/winsome-yarns-ltd.svg,1.94
4305,ADSL,Allied Digital Services Limited,BSE,https://s3-symbol-logo.tradingview.com/allied-digital.svg,158.55
4306,VISTAPH,Vista Pharmaceuticals Ltd.,BSE,https://s3-symbol-logo.tradingview.com/vista-pharmaceuticals-ltd.svg,8.49
4307,LTFOODS,LT Foods Limited,BSE,https://s3-symbol-logo.tradingview.com/l-t-foods.svg,404.5
4308,INDRAMEDCO,Indraprastha Medical Corporation Limited,BSE,https://s3-symbol-logo.tradingview.com/indraprastha-medical-corpltd.svg,472.6
4309,BFINVEST,BF Investment Limited,NSE,https://s3-symbol-logo.tradingview.com/bf-investment-ltd.svg,420.4
4310,NXST,Nexus Select Trust,BSE,https://s3-symbol-logo.tradingview.com/nexus-select-trust.svg,158.12
4311,NIFTYIETF,ICICI Prudential Nifty 50 ETF,BSE,https://s3-symbol-logo.tradingview.com/icici-prudential-bank.svg,294.43
4312,HGM,HandsOn Global Management (HGM) Ltd,NSE,https://s3-symbol-logo.tradingview.com/hov-services-ltd.svg,72.03
4313,GODFRYPHLP,Godfrey Phillips India Ltd.,BSE,https://s3-symbol-logo.tradingview.com/godfrey-phillips.svg,2854.7
4314,RML,Rane (Madras) Limited,NSE,https://s3-symbol-logo.tradingview.com/rane-brake-lining.svg,749.6
4315,SUNTV,Sun TV Network Limited,BSE,https://s3-symbol-logo.tradingview.com/sun-tv.svg,560.8
4351,JETSOLAR,Jet Solar Ltd,BSE,https://s3-symbol-logo.tradingview.com/jet-infraventure-limited.svg,17.37
4352,IDEALTECHO,Ideal Technoplast Industries Limited,NSE,https://s3-symbol-logo.tradingview.com/ideal-technoplast-ind-ltd.svg,185.0
4353,CNINFOTECH,CapitalNumbers Infotech Limited,BSE,https://s3-symbol-logo.tradingview.com/capitalnumbers-infotech-limit.svg,105.9
4354,RETINA,Retina Paints Ltd.,BSE,https://s3-symbol-logo.tradingview.com/retina-paints-limited.svg,74.94
4355,MAGENTA,Magenta Lifecare Limited,BSE,https://s3-symbol-logo.tradingview.com/magenta-lifecare-limited.svg,12.59
4356,RICHA,Richa Info Systems Ltd.,NSE,https://s3-symbol-logo.tradingview.com/richa-info-systems.svg,67.0
4357,TRANSWIND,Transwind Infrastructures Ltd.,NSE,https://s3-symbol-logo.tradingview.com/transwind-infrastr.svg,20.0
4358,ELGNZ,Eleganz Interiors Ltd.,NSE,https://s3-symbol-logo.tradingview.com/eleganz-interiors-ltd.svg,98.0
4359,LLOYDS,Lloyds Luxuries Ltd.,NSE,https://s3-symbol-logo.tradingview.com/lloyds-luxuries-li.svg,71.95
4360,JAYBEE,Jay Bee Laminations Limited,NSE,https://s3-symbol-logo.tradingview.com/jay-bee-laminations-ltd.svg,120.75
6649,CALSOFT,California Software Co. Ltd.,BSE,https://s3-symbol-logo.tradingview.com/california-software-coltd.svg,15.8
6650,ASAL,Automotive Stampings & Assemblies Ltd.,BSE,https://s3-symbol-logo.tradingview.com/automotive-stampings-and-assembl.svg,492.25
6676,IFBIND,IFB Industries Ltd,BSE,https://s3-symbol-logo.tradingview.com/ifb-industries.svg,1563.15
6677,DOMS,DOMS Industries Limited,BSE,https://s3-symbol-logo.tradingview.com/doms-industries-ltd.svg,2579.55
6678,ASAHISONG,Asahi Songwon Colors Ltd.,BSE,https://s3-symbol-logo.tradingview.com/asahi-songwon-colors.svg,272.0
6679,JPOLYINVST,Jindal Poly Investment and Finance Co. Ltd.,BSE,https://s3-symbol-logo.tradingview.com/jindal-poly-inv-and.svg,1078.95
6680,TCI,Transport Corporation of India Limited,BSE,https://s3-symbol-logo.tradingview.com/transport-corp-of.svg,1069.65
6681,SYSTMTXC,Systematix Corporate Services Limited,BSE,https://s3-symbol-logo.tradingview.com/systematix-corporate-services.svg,157.15
6682,BEEKAY,Beekay Steel Industries Ltd.,BSE,https://s3-symbol-logo.tradingview.com/beekay-steel-industries-ltd.svg,438.95
6683,APOLLOPIPE,Apollo Pipes Ltd.,BSE,https://s3-symbol-logo.tradingview.com/apl-apollo-tubes.svg,301.85
6684,ALCHCORP,Alchemist Corporation Limited,BSE,https://s3-symbol-logo.tradingview.com/alchemist-ltd.svg,26.3
6685,DBEIL,Deepak Builders & Engineers India Limited,BSE,https://s3-symbol-logo.tradingview.com/deepak-builders-and-eng-i-l.svg,121.8
6686,RVTH,Revathi Equipment India Ltd.,NSE,https://s3-symbol-logo.tradingview.com/revathi-equipment-india-l.svg,725.6
6687,LCCINFOTEC,LCC Infotech Ltd.,BSE,https://s3-symbol-logo.tradingview.com/lcc-infotech-ltd.svg,4.37
6688,GRPLTD,GRP Ltd,NSE,https://s3-symbol-logo.tradingview.com/grp-ltd.svg,1702.2
6689,VGCL,Vibrant Global Capital Ltd,BSE,https://s3-symbol-logo.tradingview.com/vibrant-global-capital-limited.svg,38.69
6690,PPAP,PPAP Automotive Limited,BSE,https://s3-symbol-logo.tradingview.com/ppap.svg,213.4
4378,GOLDBND,Bandhan Gold ETF NFO Units,NSE,GO,138.5
6691,STDBAT,Standard Batteries Limited,BSE,https://s3-symbol-logo.tradingview.com/standard-batteries-ltd.svg,48.45
6692,YURANUS,Yuranus Infrastructure Ltd.,BSE,https://s3-symbol-logo.tradingview.com/yuranus-infrastructure-ltd.svg,146.85
6693,INTEGSW,Integra Switchgear Ltd,BSE,https://s3-symbol-logo.tradingview.com/integra-switchgear-ltd.svg,132.2
6694,OXYGENTAPH,Oxygenta Pharmaceutical Limited,BSE,https://s3-symbol-logo.tradingview.com/oxygenta-pharmaceutical-limite.svg,54.12
6695,DHANROTO,Dhanalaxmi Roto Spinners Limited,BSE,https://s3-symbol-logo.tradingview.com/dhanalaxmi-roto-spinners-ltd.svg,91.4
6696,DHRUV,Dhruv Consultancy Services Ltd.,BSE,https://s3-symbol-logo.tradingview.com/dhruv-consultancy-services-lim.svg,49.32
6697,MCCHRLS_B,Mac Charles India Ltd.,BSE,https://s3-symbol-logo.tradingview.com/mac-charles-india-ltd.svg,668.1
6698,SHREECEM,Shree Cement Limited,BSE,https://s3-symbol-logo.tradingview.com/shree-cement.svg,26025.0
6699,KUNSTOFF,Kunststoffe Industries Ltd.,BSE,https://s3-symbol-logo.tradingview.com/kunststoffe-industries-ltd.svg,23.0
6700,RSYSTEMS,R Systems International Limited,BSE,https://s3-symbol-logo.tradingview.com/r-systems-international.svg,413.95
4401,RAMRAT,Ram Ratna Wires Limited,BSE,https://s3-symbol-logo.tradingview.com/ram-ratna-wires-ltd.svg,654.0
4402,KRITINUT,Kriti Nutrients Limited,BSE,https://s3-symbol-logo.tradingview.com/kriti-nutrients-ltd.svg,67.84
4403,MEDICO,Medico Remedies Ltd.,BSE,https://s3-symbol-logo.tradingview.com/medico-remedies-ltd.svg,49.17
4404,AJAXENGG,Ajax Engineering Ltd.,BSE,https://s3-symbol-logo.tradingview.com/ajax-engineering-limited.svg,596.1
4405,ETIL,Econo Trade (India) Ltd,BSE,https://s3-symbol-logo.tradingview.com/econo-trade-india-limited.svg,7.25
4406,HGINFRA,H.G. Infra Engineering Ltd.,BSE,https://s3-symbol-logo.tradingview.com/h-g-infra-engineering.svg,805.0
4407,SURANI,Surani Steel Tubes Ltd.,NSE,https://s3-symbol-logo.tradingview.com/surani-steel-tubes.svg,61.15
4408,KOTYARK,Kotyark Industries Ltd.,NSE,https://s3-symbol-logo.tradingview.com/kotyark-industries.svg,260.0
4409,BATAINDIA,Bata India Ltd,BSE,https://s3-symbol-logo.tradingview.com/bata.svg,947.95
4410,AURIONPRO,Aurionpro Solutions Limited,BSE,https://s3-symbol-logo.tradingview.com/aurionpro-solution.svg,1169.3
4411,LUPIN,Lupin Limited,BSE,https://s3-symbol-logo.tradingview.com/lupin.svg,2115.35
4412,WEWORK,WeWork India Management Limited,BSE,https://s3-symbol-logo.tradingview.com/wework-india-management-limited.svg,584.4
4413,IL_FSENGG,IL&FS Engineering & Construction Co. Ltd.,BSE,https://s3-symbol-logo.tradingview.com/ilandfs-engineering-and-construc.svg,26.46
4414,PRINCEPIPE,Prince Pipes And Fittings Ltd,BSE,https://s3-symbol-logo.tradingview.com/prince-pipes-and-fittings.svg,249.4
4415,SHOPERSTOP,Shoppers Stop Limited,BSE,https://s3-symbol-logo.tradingview.com/shoppers-stop.svg,422.45
4416,ADVENZYMES,Advanced Enzyme Technologies Ltd,BSE,https://s3-symbol-logo.tradingview.com/advanced-enzymes.svg,307.1
4417,MUTHOOTFIN,Muthoot Finance Ltd,BSE,https://s3-symbol-logo.tradingview.com/muthoot-finance.svg,3784.15
4418,GENESYS,Genesys International Corporation Limited,BSE,https://s3-symbol-logo.tradingview.com/genesys-international-corporat.svg,435.0
4419,ORIENTTECH,Orient Technologies Limited,BSE,https://s3-symbol-logo.tradingview.com/orient-technologies-ltd.svg,338.0
4420,TRANSCOR,Transcorp International Limited,BSE,https://s3-symbol-logo.tradingview.com/transcorp-international-ltd.svg,23.44
4421,SAHYADRI,Sahyadri Industries Limited.,NSE,https://s3-symbol-logo.tradingview.com/sahyadri-industries-ltd.svg,252.5
4422,EIHAHOTELS,EIH Associated Hotels Limited,NSE,https://s3-symbol-logo.tradingview.com/eih.svg,360.2
4423,OMFREIGHT,Om Freight Forwarders Limited,BSE,https://s3-symbol-logo.tradingview.com/om-freight-forwarders-limited.svg,95.36
4424,BOSCHLTD,Bosch Limited,NSE,https://s3-symbol-logo.tradingview.com/bosch.svg,36085.0
4425,NIBL,NRB Industrial Bearings Ltd.,NSE,https://s3-symbol-logo.tradingview.com/nrb-industrial-bearings-ltd.svg,28.91
4426,SKIFL,Shree Krishna Infrastructure Ltd.,BSE,https://s3-symbol-logo.tradingview.com/shree-krishna-infrastructure-l.svg,13.28
6717,ODYSSEY,Odyssey Technologies Limited,BSE,https://s3-symbol-logo.tradingview.com/odyssey-technologies-ltd.svg,68.49
6718,HPIL,Hindprakash Industries Ltd.,BSE,https://s3-symbol-logo.tradingview.com/hindprakash-industries-limited.svg,139.0
6719,BGWTATO,Bhagwati Autocast Limited,BSE,https://s3-symbol-logo.tradingview.com/bhagwati-autocast-ltd.svg,577.3
6720,INDUSFINL,Indus Finance Limited,BSE,https://s3-symbol-logo.tradingview.com/indus-finance-limited.svg,50.89
6721,IVZINGOLD,Invesco India Gold Exchange Traded Fund,NSE,https://s3-symbol-logo.tradingview.com/invesco.svg,11898.95
6722,DHUNINV,Dhunseri Investments Limited,NSE,https://s3-symbol-logo.tradingview.com/dhunseri-investmen.svg,1242.5
6723,GTPL,GTPL Hathway Ltd,BSE,https://s3-symbol-logo.tradingview.com/gtpl-hathway.svg,100.72
6725,MENONBE,Menon Bearings Limited,BSE,https://s3-symbol-logo.tradingview.com/menon-bearings-ltd.svg,105.55
6726,YASHO,Yasho Industries Ltd.,BSE,https://s3-symbol-logo.tradingview.com/yasho-industries-limited.svg,1447.8
6727,GROARC,Groarc Industries India Ltd,BSE,https://s3-symbol-logo.tradingview.com/telesys-software-ltd.svg,7.92
6728,NUCLEUS,Nucleus Software Exports Limited,BSE,https://s3-symbol-logo.tradingview.com/nucleus-software.svg,934.95
6729,INSPIRISYS,lnspirisys Solutions Limited,BSE,https://s3-symbol-logo.tradingview.com/inspirisys-solutio.svg,87.35
6730,SHIVAMILLS,Shiva Mills Ltd.,BSE,https://s3-symbol-logo.tradingview.com/shiva-mills-limited.svg,61.0
6731,AMDIND,AMD Industries Limited,BSE,https://s3-symbol-logo.tradingview.com/amd-industries-ltd.svg,47.1
6732,PSUBANKADD,DSP Nifty PSU Bank ETF Exchange Traded Fund Units,BSE,https://s3-symbol-logo.tradingview.com/dsp-blackrock-mutu.svg,84.26
6733,SPECTRA,Spectra Industries Limited,BSE,https://s3-symbol-logo.tradingview.com/spectra-industries-ltd.svg,4.5
6734,SICAPIT,SI Capital & Financial Services Ltd.,BSE,https://s3-symbol-logo.tradingview.com/si-capital-and-financial-service.svg,29.99
6735,SETFSN50,SBI-ETF SENSEX Next 50,BSE,https://s3-symbol-logo.tradingview.com/sbi-mutual-fund.svg,935.03
6736,GOACARBON,Goa Carbon Limited,BSE,https://s3-symbol-logo.tradingview.com/goa-carbon.svg,396.0
6737,DRAGARWQ,Dr. Agarwal'S Eye Hospital Limited,BSE,https://s3-symbol-logo.tradingview.com/dragarwals-eye-hospital-ltd.svg,5402.0
6738,BBNPPGOLD,Baroda BNP Paribas Gold ETF Exchange Traded Fund Units,BSE,https://s3-symbol-logo.tradingview.com/paribas.svg,130.1
6739,HEALTHADD,DSP Nifty Healthcare ETF Exchange Traded Fund Units,NSE,https://s3-symbol-logo.tradingview.com/dsp-blackrock-mutu.svg,149.37
6740,PFIZER,PFIZER LIMITED,BSE,https://s3-symbol-logo.tradingview.com/pfizer.svg,5022.45
6741,ESABINDIA,Esab India Limited,BSE,https://s3-symbol-logo.tradingview.com/esab.svg,6240.35
6742,PRITHVIEXCH,Prithvi Exchange (India) Ltd,BSE,https://s3-symbol-logo.tradingview.com/prithvi-exchange-india-limit.svg,116.0
6743,RRPDEFENSE,RRP Defense Ltd,BSE,https://s3-symbol-logo.tradingview.com/euro-asia-exports-ltd.svg,917.7
6744,AKI,Aki India Limited,BSE,https://s3-symbol-logo.tradingview.com/aki-india-limited.svg,7.21
4451,SUPERSPIN,Super Spinning Mills Limited,BSE,https://s3-symbol-logo.tradingview.com/super-spinning-mills-ltd.svg,8.46
4452,IKOMA,Ikoma Technologies Ltd,BSE,https://s3-symbol-logo.tradingview.com/vuenow-infratech-limited.svg,28.83
4453,NOVELIX,Novelix Pharmaceuticals Ltd,BSE,https://s3-symbol-logo.tradingview.com/trimurthi-limited.svg,60.11
4454,CEREBRAINT,Cerebra Integrated Technologies Limited,BSE,https://s3-symbol-logo.tradingview.com/cerebra-integrated.svg,6.6
4455,ADFFOODS,ADF Foods Limited,BSE,https://s3-symbol-logo.tradingview.com/adf-foods-ltd.svg,210.0
4456,DATAMATICS,Datamatics Global Services Limited,BSE,https://s3-symbol-logo.tradingview.com/datamatics-global.svg,860.05
4461,EXCELINDUS,Excel Industries Limited,NSE,https://s3-symbol-logo.tradingview.com/excel-industries.svg,947.95
4501,WAAREE,Waaree Technologies Ltd.,BSE,https://s3-symbol-logo.tradingview.com/waaree-technologies-limited.svg,223.95
4502,WTICAB,Wise Travel India Limited,NSE,https://s3-symbol-logo.tradingview.com/wise-travel-india-ltd.svg,135.1
4503,GIRIRAJ,Giriraj Civil Developers Ltd.,NSE,https://s3-symbol-logo.tradingview.com/giriraj-civil-deve.svg,213.85
4504,SATTRIX,Sattrix Information Security Limited,BSE,https://s3-symbol-logo.tradingview.com/sattrix-information-security-l.svg,264.2
4505,XPROINDIA,XPRO India Limited,NSE,https://s3-symbol-logo.tradingview.com/xpro-india-ltd.svg,985.0
4506,TEAMGTY,Team India Guaranty Ltd,NSE,https://s3-symbol-logo.tradingview.com/times-guaranty-ltd.svg,307.95
4507,TNPETRO,Tamilnadu Petro Products Ltd.,BSE,https://s3-symbol-logo.tradingview.com/tamilnadu-petro-pr.svg,105.7
4508,CARBORUNIV,Carborundum Universal Limited,BSE,https://s3-symbol-logo.tradingview.com/carborundum-unvrsl.svg,840.6
4509,ASIANHOTNR,Asian Hotels (North) Limited,BSE,https://s3-symbol-logo.tradingview.com/asian-hotels-north.svg,315.85
4510,ACE,Action Construction Equipment Limited,BSE,https://s3-symbol-logo.tradingview.com/action-construct.svg,970.0
4511,SWASTIVI,Swasti Vinayaka Synthetics Limited,BSE,https://s3-symbol-logo.tradingview.com/swasti-vinayaka-synthetics-ltd.svg,4.46
4512,GNFC,Gujarat Narmada Valley Fertilizers & Chemicals Ltd.,BSE,https://s3-symbol-logo.tradingview.com/gujarat-narmada-valley-fertilizers-and-chemicals.svg,492.35
4513,PRIVISCL,Privi Speciality Chemicals Limited,BSE,https://s3-symbol-logo.tradingview.com/privi-speciality.svg,3233.1
4514,SVAMSOF,Svam Software Limited,BSE,https://s3-symbol-logo.tradingview.com/svam-software-ltd.svg,6.18
4515,COROMANDEL,Coromandel International Limited,BSE,https://s3-symbol-logo.tradingview.com/coromandel-international.svg,2368.2
4516,ATHENAGLO,Athena Global Technologies Limited,BSE,https://s3-symbol-logo.tradingview.com/athena-global-technologies-lim.svg,90.65
4517,SANSERA,Sansera Engineering Limited,BSE,https://s3-symbol-logo.tradingview.com/sansera-engineering.svg,1741.45
4518,INCREDIBLE,Incredible Industries Limited,NSE,https://s3-symbol-logo.tradingview.com/incredible-industries-limited.svg,40.69
4519,MPCOSEMB,Mipco Seamless Rings (Gujarat) Ltd.,BSE,https://s3-symbol-logo.tradingview.com/mipco-seamless-rings-gujarat.svg,27.27
6745,STEELCO,Steelco Gujarat Limited,BSE,https://s3-symbol-logo.tradingview.com/steelco-gujarat-limited.svg,43.71
6746,ACME,Acme Resources Ltd.,BSE,https://s3-symbol-logo.tradingview.com/acme-resources-limited.svg,38.7
6747,PANAMAPET,Panama Petrochem Limited,BSE,https://s3-symbol-logo.tradingview.com/panama-petrochem.svg,287.5
6748,XPROINDIA,XPRO India Limited,BSE,https://s3-symbol-logo.tradingview.com/xpro-india-ltd.svg,989.55
6749,KOLTEPATIL,Kolte-Patil Developers Limited,BSE,https://s3-symbol-logo.tradingview.com/kolte-patil-developers.svg,394.85
6750,PRATIKSH,Pratiksha Chemicals Limited,BSE,https://s3-symbol-logo.tradingview.com/pratiksha-chemicals-ltd.svg,20.0
6755,KILITCH,Kilitch Drugs (India) Limited,BSE,https://s3-symbol-logo.tradingview.com/kilitch-drugs-india-ltd.svg,342.85
6756,LAKPRE,Lakshmi Precision Screws Limited,NSE,https://s3-symbol-logo.tradingview.com/lakshmi-precision-screws-ltd.svg,5.03
6757,SBIETFPB,SBI Nifty Private Bank ETF,NSE,https://s3-symbol-logo.tradingview.com/sbi-mutual-fund.svg,290.93
6758,GRCL,Gayatri Rubbers & Chemicals Ltd.,NSE,https://s3-symbol-logo.tradingview.com/gayatri-rubbers-and.svg,363.0
6759,KORE,Jay Jalaram Technologies Ltd.,NSE,https://s3-symbol-logo.tradingview.com/jay-jalaram-techno.svg,157.0
6760,COSPOWER,Cospower Engineering Ltd.,BSE,https://s3-symbol-logo.tradingview.com/cospower-engineering-limited.svg,919.0
6761,ADVANIHOTR,Advani Hotels & Resorts (India) Ltd.,BSE,https://s3-symbol-logo.tradingview.com/advani-hotels-and-resorts-india.svg,57.49
6762,GUJCRAFT,Gujarat Craft Industries Limited,BSE,https://s3-symbol-logo.tradingview.com/gujarat-craft-industries-ltd.svg,116.0
6763,PML,Paul Merchants Ltd.,BSE,https://s3-symbol-logo.tradingview.com/paul-merchants-ltd.svg,617.7
6764,ADOR,Ador Welding Limited,BSE,https://s3-symbol-logo.tradingview.com/ador-welding.svg,1028.4
6765,CCLINTER,CCL International Limited,BSE,https://s3-symbol-logo.tradingview.com/ccl-international-ltd.svg,26.38
6766,FDC,FDC Ltd.,BSE,https://s3-symbol-logo.tradingview.com/fdc-ltd.svg,413.0
6767,WHBRADY,W H Brady and Company Limited,BSE,https://s3-symbol-logo.tradingview.com/whbrady-and-coltd.svg,622.0
6768,NATCAPSUQ,Natural Capsules Limited,BSE,https://s3-symbol-logo.tradingview.com/natural-capsules-ltd.svg,182.9
6769,POKARNA,Pokarna Limited,BSE,https://s3-symbol-logo.tradingview.com/pokarna-ltd.svg,850.05
6770,SUPER,Super Sales India Limited,BSE,https://s3-symbol-logo.tradingview.com/super-sales-india-ltd.svg,699.95
6771,MIDEASTP,Mid East Portfolio Management Limited,BSE,https://s3-symbol-logo.tradingview.com/mid-east-portfolio-management.svg,18.41
6772,INGERRAND,Ingersoll-Rand (India) Limited,BSE,https://s3-symbol-logo.tradingview.com/ingersoll-rand.svg,3433.0
6773,SHEMAROO,Shemaroo Entertainment Ltd.,NSE,https://s3-symbol-logo.tradingview.com/shemaroo-entertainment.svg,106.68
6774,SEMAC,Semac Construction Limited,NSE,https://s3-symbol-logo.tradingview.com/semac-consultants-ltd.svg,298.45
6775,ROHLTD,Royal Orchid Hotels Limited,BSE,https://s3-symbol-logo.tradingview.com/royal-orchid-hotels-ltd.svg,413.05
6776,ZODIAC,Zodiac Energy Ltd.,BSE,https://s3-symbol-logo.tradingview.com/zodiac-ventures-limited.svg,305.5
6777,NIFTYCASE,Zerodha Nifty 50 ETF Units Exchange Traded Fund,BSE,https://s3-symbol-logo.tradingview.com/zerodha-mutual-fd.svg,10.38
6778,SHALIWIR,Shalimar Wires Industries Limited,BSE,https://s3-symbol-logo.tradingview.com/shalimar-wires-industries-ltd.svg,20.85
6779,SUTLEJTEX,Sutlej Textiles & Industries Ltd.,BSE,https://s3-symbol-logo.tradingview.com/sutlej-textiles.svg,33.38
6780,SETUINFRA,Setubandhan Infrastructure Ltd,BSE,https://s3-symbol-logo.tradingview.com/setubandhan-infrastructure-lim.svg,0.49
4586,SHRIKANHA,Shri Kanha Stainless Limited,NSE,SH,55.65
4551,UNIVPHOTO,Universus Photo Imagings Ltd,NSE,https://s3-symbol-logo.tradingview.com/universus-photo-imagings-limit.svg,234.6
4552,LEENEE,Lee & Nee Softwares (Exports) Ltd,BSE,https://s3-symbol-logo.tradingview.com/lee-and-nee-softwares-exports.svg,8.34
4553,SGL,STL Global Limited,BSE,https://s3-symbol-logo.tradingview.com/standard-group.svg,12.66
4554,HAVELLS,Havells India Limited,BSE,https://s3-symbol-logo.tradingview.com/havells.svg,1429.4
4555,RAJSEC,Rajasthan Securities Ltd,BSE,https://s3-symbol-logo.tradingview.com/rajasthan-gases-ltd.svg,40.0
4556,KRISHIVAL,Krishival Foods Limited,NSE,https://s3-symbol-logo.tradingview.com/krishival-foods-li.svg,424.25
4557,CELLO,Cello World Limited,BSE,https://s3-symbol-logo.tradingview.com/cello-world-ltd.svg,549.1
4558,ANJANIFOODS,Anjani Foods Limited,BSE,https://s3-symbol-logo.tradingview.com/anjani-foods-limited.svg,23.82
4559,BIGBLOC,BIGBLOC Construction Ltd,BSE,https://s3-symbol-logo.tradingview.com/bigbloc-constructi.svg,67.21
4560,REPCOHOME,Repco Home Finance Ltd.,BSE,https://s3-symbol-logo.tradingview.com/repco-home-finance.svg,405.15
4561,EFCIL,EFC (I) Ltd.,BSE,https://s3-symbol-logo.tradingview.com/efc-i-limited.svg,304.25
4562,STARLOG,Starlog Enterprises Limited,BSE,https://s3-symbol-logo.tradingview.com/starlog-enterprises-limited.svg,39.27
4563,OMEGAIN,Omega Interactive Technologies Limited,BSE,https://s3-symbol-logo.tradingview.com/omega-interactive-technologies.svg,343.4
4564,TITANSEC,Titan Securities Limited,BSE,https://s3-symbol-logo.tradingview.com/titan-securities-ltd.svg,38.75
4565,GTV,GTV Engineering Ltd.,BSE,https://s3-symbol-logo.tradingview.com/gtv-engineering-limited.svg,56.37
4566,EMMIL,Energy-Mission Machineries (India) Limited,NSE,https://s3-symbol-logo.tradingview.com/energy-mission-mac.svg,190.0
4567,ITIETF,ICICI Prudential Nifty IT ETF,BSE,https://s3-symbol-logo.tradingview.com/icici-prudential-bank.svg,42.99
4568,FORTISMLR,Fortis Malar Hospitals Limited,BSE,https://s3-symbol-logo.tradingview.com/fortis-malar-hospitals-limited.svg,61.64
4569,BAYERCROP,Bayer Cropscience India Limited,BSE,https://s3-symbol-logo.tradingview.com/bayer.svg,4452.8
4570,MASFIN,MAS Financial Services Ltd.,BSE,https://s3-symbol-logo.tradingview.com/mas-financial-services.svg,317.35
4571,CIANAGRO,CIAN Agro Industries & Infrastructure Limited,BSE,https://s3-symbol-logo.tradingview.com/cian-agro-ind-and-infra-ltd.svg,1488.65
6781,ADINATH,Adinath Textiles Ltd.,BSE,https://s3-symbol-logo.tradingview.com/adinath-textiles-ltd.svg,22.66
6782,HIPOLIN,Hipolin Ltd,BSE,https://s3-symbol-logo.tradingview.com/hipolin-ltd.svg,57.98
6783,MAZDA,Mazda Limited,BSE,https://s3-symbol-logo.tradingview.com/mazda-ltd.svg,218.0
6784,KARANWO,Manor Estates and Industries Limited,BSE,https://s3-symbol-logo.tradingview.com/karan-woo-sin-ltd.svg,12.4
6785,TIPSFILMS,Tips Films Limited,BSE,https://s3-symbol-logo.tradingview.com/tips-industries-ltd.svg,453.6
6786,ENVAIREL,Envair Electrodyne Limited,BSE,https://s3-symbol-logo.tradingview.com/envair-electrodyne-ltd.svg,67.01
6787,CERA,Cera Sanitaryware Limited,BSE,https://s3-symbol-logo.tradingview.com/cera-sanitaryware.svg,5296.0
6788,TECHNVISN,TechNVision Ventures Ltd.,BSE,https://s3-symbol-logo.tradingview.com/technvision-ventures-limited.svg,7145.0
6789,INDBANK,Indbank Merchant Banking Services Limited,BSE,https://s3-symbol-logo.tradingview.com/indbank-merch-bank.svg,35.57
6790,UNIQUEO,Unique Organics Limited,BSE,https://s3-symbol-logo.tradingview.com/unique-organics-ltd.svg,101.0
6791,BELLACASA,Bella Casa Fashion & Retail Ltd.,BSE,https://s3-symbol-logo.tradingview.com/bella-casa-fashion-and-retail-li.svg,384.0
6792,SLSTLQ,Sri Lakshmi Saraswathi Textiles (Arni) Ltd.,BSE,https://s3-symbol-logo.tradingview.com/sri-lakshmi-saraswathi-textile.svg,33.99
6793,LORDSCHLO,Lords Chloro Alkali Limited,BSE,https://s3-symbol-logo.tradingview.com/lords-chloro-alkali-ltd.svg,174.2
6794,CITIPOR,Citiport Financial Services Ltd.,BSE,https://s3-symbol-logo.tradingview.com/citiport-financial-services-lt.svg,27.0
6795,SHARIABEES,Nippon India ETF Nifty 50 Shariah BeES,BSE,https://s3-symbol-logo.tradingview.com/nippon-life-india-asset.svg,522.16
6796,NATFIT,National Fittings Limited,BSE,https://s3-symbol-logo.tradingview.com/national-fittings-limited.svg,158.5
6797,BOROSCI,Borosil Scientific Limited,BSE,https://s3-symbol-logo.tradingview.com/borosil-scientific-limited.svg,121.0
6798,BFINVEST,BF Investment Limited,BSE,https://s3-symbol-logo.tradingview.com/bf-investment-ltd.svg,420.85
6799,LIBORDFIN,Libord Finance Limited,BSE,https://s3-symbol-logo.tradingview.com/libord-finance-ltd.svg,19.8
6800,PRECISIO,Precision Electronics Limited,BSE,https://s3-symbol-logo.tradingview.com/precision-electronics-ltd.svg,196.0
6831,SHRAJSYNQ,Shree Rajasthan Syntex Ltd,BSE,https://s3-symbol-logo.tradingview.com/shree-rajasthan-syntex-ltd.svg,14.63
4622,DIVIDEND,Mirae Asset BSE 500 Dividend Leaders 50 ETF Exchange Traded Fund Units,BSE,DI,36.22
6832,SWAGTAM,Swagtam Trading & Services Ltd.,BSE,https://s3-symbol-logo.tradingview.com/swagatam-trading-and-services-li.svg,66.5
4602,MAITREYA,Maitreya Medicare Limited,NSE,https://s3-symbol-logo.tradingview.com/maitreya-medicare.svg,216.0
4651,AVTNPL,AVT Natural Products Limited,BSE,https://s3-symbol-logo.tradingview.com/avt-natural-products.svg,66.59
4652,SYNGENE,Syngene International Ltd.,BSE,https://s3-symbol-logo.tradingview.com/syngene.svg,657.4
4653,SBILIFE,SBI Life Insurance Co. Ltd.,BSE,https://s3-symbol-logo.tradingview.com/sbi-life-insurance.svg,2025.15
4654,VIDHIING,Vidhi Specialty Food Ingredients Ltd,NSE,https://s3-symbol-logo.tradingview.com/vidhi-specialty-food.svg,346.0
4655,BANARBEADS,Banaras Beads Limited,NSE,https://s3-symbol-logo.tradingview.com/banaras-beads-ltd.svg,130.12
4656,MIHIKA,Mihika Industries Ltd,BSE,https://s3-symbol-logo.tradingview.com/mihika-industries-ltd.svg,15.75
4657,HECPROJECT,HEC Infra Projects Ltd.,NSE,https://s3-symbol-logo.tradingview.com/hec-infra-projects-ltd.svg,125.5
4658,INTECCAP,Intec Capital Limited,BSE,https://s3-symbol-logo.tradingview.com/intec-capital-ltd.svg,13.96
4659,FLEXITUFF,Flexituff Ventures International Limited,BSE,https://s3-symbol-logo.tradingview.com/flexituff-ventures-internation.svg,14.99
4660,BAGFILMS,B.A.G. Films & Media Ltd.,BSE,https://s3-symbol-logo.tradingview.com/bagfilms-and-media-ltd.svg,6.45
4661,DYCL,Dynamic Cables Ltd.,BSE,https://s3-symbol-logo.tradingview.com/dynamic-cables-ltd.svg,352.65
4662,NAUKRI,Info Edge India Ltd.,BSE,https://s3-symbol-logo.tradingview.com/info-edge.svg,1359.35
4663,GSLSU,Global Surfaces Limited,BSE,https://s3-symbol-logo.tradingview.com/global-surfaces-ltd.svg,109.5
4664,APS,Australian Premium Solar (India) Limited,NSE,https://s3-symbol-logo.tradingview.com/australian-premium.svg,380.0
4665,MAYASHEEL,Mayasheel Ventures Limited,NSE,https://s3-symbol-logo.tradingview.com/mayasheel-ventures-ltd.svg,61.05
4666,GVL,Greenhitech Ventures Ltd.,BSE,https://s3-symbol-logo.tradingview.com/greenhitech-ventures-limited.svg,111.0
4667,PLADAINFO,Plada Infotech Services Limited,NSE,https://s3-symbol-logo.tradingview.com/plada-infotech-ser.svg,16.45
4668,THESL,Thinking Hats Entertainment Solutions Limited,NSE,https://s3-symbol-logo.tradingview.com/thinking-hats-enter-sol-l.svg,27.2
4669,TBI,TBI Corn Limited,NSE,https://s3-symbol-logo.tradingview.com/tbi-corn-ltd.svg,85.0
4670,VDEAL,Vdeal System Ltd.,NSE,https://s3-symbol-logo.tradingview.com/vdeal-system-ltd.svg,222.5
4671,AGARWALFT,Agarwal Float Glass India Limited,NSE,https://s3-symbol-logo.tradingview.com/agarwal-float-gl.svg,39.25
4672,GAJANAND,Gajanand International Ltd.,NSE,https://s3-symbol-logo.tradingview.com/gajanand-international-l.svg,10.6
4673,MACH,Mac Hotels Ltd.,BSE,https://s3-symbol-logo.tradingview.com/mac-hotels-limited.svg,81.23
4674,PARTYCRUS,Party Cruisers Limited,NSE,https://s3-symbol-logo.tradingview.com/party-cruisers-ltd.svg,89.95
4675,VRUDDHI,Vruddhi Engineering Works Ltd.,BSE,https://s3-symbol-logo.tradingview.com/vruddhi-engineering-works-limi.svg,232.75
4676,KCEIL,Kay Cee Energy & Infra Limited,NSE,https://s3-symbol-logo.tradingview.com/kay-cee-energy-and-i.svg,152.05
4677,MAKS,Maks Energy Solutions India Limited,NSE,https://s3-symbol-logo.tradingview.com/maks-energy-soluti.svg,29.65
4678,EARTH,Earthstahl & Alloys Limited,BSE,https://s3-symbol-logo.tradingview.com/earthstahl-and-alloys-limited.svg,21.0
4679,JFL,Jhandewalas Foods Ltd.,BSE,https://s3-symbol-logo.tradingview.com/jhandewalas-foods-limited.svg,43.2
6833,HINDADH,Hindustan Adhesives Limited,BSE,https://s3-symbol-logo.tradingview.com/hindustan-adhesives-ltd.svg,316.0
6834,MAGNUS,Magnus Steel and Infra Limited,BSE,https://s3-symbol-logo.tradingview.com/magnus-retail-limited.svg,31.67
6835,DAMODARIND,Damodar Industries Limited,BSE,https://s3-symbol-logo.tradingview.com/damodar-industries-ltd.svg,29.93
6836,07AGG,Nippon India Strategic Debt Fund - Segregated Portfolio 2 Units Direct Growth,BSE,https://s3-symbol-logo.tradingview.com/nippon-life-india-asset.svg,13.43
6837,BERVINL,Bervin Investment & Leasing Ltd.,BSE,https://s3-symbol-logo.tradingview.com/bervin-investment-and-leasing-lt.svg,58.1
6838,SEL,Sanathnagar Enterprises Ltd,BSE,https://s3-symbol-logo.tradingview.com/sanathnagar-enterprises-limite.svg,34.78
6839,RAJINFRA,Rajeswari Infrastructure Limited,BSE,https://s3-symbol-logo.tradingview.com/rajeswari-infrastructure-limit.svg,4.53
6840,MUKTAARTS,Mukta Arts Limited,BSE,https://s3-symbol-logo.tradingview.com/mukta-arts-ltd.svg,63.72
6841,LINDEINDIA,Linde India Ltd.,BSE,https://s3-symbol-logo.tradingview.com/linde.svg,5904.25
6842,RVHL,Ravinder Heights Ltd,BSE,https://s3-symbol-logo.tradingview.com/ravinder-heights-limited.svg,54.91
6843,BARONINF,Baron Infotech Ltd.,BSE,https://s3-symbol-logo.tradingview.com/baron-infotech-ltd.svg,1.51
6844,CTE,Cambridge Technology Enterprises Limited,BSE,https://s3-symbol-logo.tradingview.com/cambridge-technology-enterpris.svg,40.2
6845,SEAMECLTD,SEAMEC Limited,BSE,https://s3-symbol-logo.tradingview.com/seamec-ltd.svg,1033.65
6846,SAGARSOFT,Sagarsoft (India) Ltd.,BSE,https://s3-symbol-logo.tradingview.com/sagarsoft-india-limited.svg,105.85
6847,PRIMAPLA,Prima Plastics Limited,BSE,https://s3-symbol-logo.tradingview.com/prima-plastics-ltd.svg,122.0
6848,SOMANYCERA,Somany Ceramics Limited,BSE,https://s3-symbol-logo.tradingview.com/somany-ceramics.svg,417.1
6849,MHSGRMS,Mahasagar Travels Limited,BSE,https://s3-symbol-logo.tradingview.com/mahasagar-travels-ltd.svg,6.8
6850,ZDHJERK,Dhanvantri Jeevan Rekha Limited,BSE,https://s3-symbol-logo.tradingview.com/dhanvantri-jeevan-rekha-ltd.svg,25.61
6864,MIDQ50ADD,DSP Nifty Midcap 150 Quality 50 ETF Units Exchange Traded Fund,BSE,https://s3-symbol-logo.tradingview.com/dsp-blackrock-mutu.svg,250.0
6865,SRECR,Sreechem Resins Ltd.,BSE,https://s3-symbol-logo.tradingview.com/sreechem-resins-ltd.svg,31.5
6866,LIQUIDSHRI,Shriram NIfty 1D Rate Liquid ETF,BSE,https://s3-symbol-logo.tradingview.com/shriram.svg,1083.74
4704,STUDDS,Studds Accessories Limited,BSE,ST,545.0
6867,GUJWIND,Gujarat Winding Systems Ltd,BSE,https://s3-symbol-logo.tradingview.com/hi-tech-winding-systems-limite.svg,6.78
6868,NLFL,Nalin Lease Finance Limited,BSE,https://s3-symbol-logo.tradingview.com/nalin-lease-finance-ltd.svg,47.11
6869,CILSEC,CIL Securities Limited,BSE,https://s3-symbol-logo.tradingview.com/cil-securities-ltd.svg,46.98
6870,RAJRILTD,Raj Rayon Industries Limited,BSE,https://s3-symbol-logo.tradingview.com/raj-rayon-industries.svg,23.82
6871,SBIETFQLTY,SBI Nifty 200 Quality 30 ETF,NSE,https://s3-symbol-logo.tradingview.com/sbi-mutual-fund.svg,233.08
6872,SIS,SIS Limited,BSE,https://s3-symbol-logo.tradingview.com/intel.svg,331.5
4721,SURAJINDPP,Suraj Industries Ltd TEMP,BSE,SU,8.95
6873,ENIFTY,Edelweiss Mutual F Motilal Oswal Nifty Service,NSE,https://s3-symbol-logo.tradingview.com/edelweiss-fin-serv.svg,26.16
6874,GENUSPRIME,Genus Prime Infra Ltd.,BSE,https://s3-symbol-logo.tradingview.com/genus-prime-infra-limited.svg,21.85
4029,JCHAC,Johnson Controls-Hitachi Air Conditioning India Ltd.,NSE,JC,1425.9
4701,DIANATEA,Diana Tea Co. Ltd.,BSE,https://s3-symbol-logo.tradingview.com/diana-tea-coltd.svg,28.33
4702,SETFNIFBK,SBI-ETF Nifty Bank,NSE,https://s3-symbol-logo.tradingview.com/sbi-mutual-fund.svg,606.37
4703,VIVIDM,Vivid Mercantile Ltd.,BSE,https://s3-symbol-logo.tradingview.com/vivid-mercantile-limited.svg,4.83
4705,PAOS,PAOS Industries Limited,BSE,https://s3-symbol-logo.tradingview.com/paos-industries-limited.svg,50.58
4706,GRWRHITECH,Garware Hi-Tech Films Limited,BSE,https://s3-symbol-logo.tradingview.com/garware-hi-tech-films-lim.svg,3280.15
4707,CCCL,Consolidated Construction Consortium Limited,BSE,https://s3-symbol-logo.tradingview.com/consolidated-construction-cons.svg,18.2
4708,BALKRISIND,Balkrishna Industries Limited,BSE,https://s3-symbol-logo.tradingview.com/balkrishna.svg,2313.9
4709,AERONEU,Aeroflex Neu Limited,BSE,https://s3-symbol-logo.tradingview.com/sah-polymers-ltd.svg,79.79
4710,MIDSELIETF,ICICI Prudential BSE Midcap Select ETF,BSE,https://s3-symbol-logo.tradingview.com/icici-prudential-bank.svg,18.65
4711,USGTECH,USG Tech Solutions Limited,BSE,https://s3-symbol-logo.tradingview.com/usg-tech-solutions-ltd.svg,9.1
4712,INDLEASE,India Lease Development Limited,BSE,https://s3-symbol-logo.tradingview.com/india-lease-development-ltd.svg,9.87
4713,EUREKAFORB,Eureka Forbes Limited,BSE,https://s3-symbol-logo.tradingview.com/eureka-forbes-limited.svg,637.75
4714,IDFNIFTYET,Bandhan Nifty 50 ETF Units,NSE,https://s3-symbol-logo.tradingview.com/idfc-mutual-fund.svg,286.99
4751,ECOHOTELS,Eco Hotels and Resorts Ltd,BSE,https://s3-symbol-logo.tradingview.com/eco-hotels-and-resorts-limited.svg,13.33
4752,AFSL,Abans Financial Services Ltd,NSE,https://s3-symbol-logo.tradingview.com/abans-limited.svg,201.8
4753,GULPOLY,Gulshan Polyols Limited,BSE,https://s3-symbol-logo.tradingview.com/gulshan-polyols-ltd.svg,136.8
4754,SHAKTIPR,Shakti Press Ltd.,BSE,https://s3-symbol-logo.tradingview.com/shakti-press-ltd.svg,25.0
4755,SHREMETAL,Shree Metalloys Limited,BSE,https://s3-symbol-logo.tradingview.com/shree-metalloys-ltd.svg,37.0
4756,TEJASCARGO,Tejas Cargo India Limited,NSE,https://s3-symbol-logo.tradingview.com/tejas-cargo-india-ltd.svg,276.7
4757,ASHOKAMET,Ashoka Metcast Limited,BSE,https://s3-symbol-logo.tradingview.com/ashoka-metcast-ltd.svg,15.89
4758,SEL,Sungarner Energies Limited,NSE,https://s3-symbol-logo.tradingview.com/sungarner-energies.svg,206.0
4759,MAXESTATES,Max Estates Limited,BSE,https://s3-symbol-logo.tradingview.com/max-estates-ltd.svg,462.5
4760,SBIETFIT,SBI Nifty IT ETF,NSE,https://s3-symbol-logo.tradingview.com/sbi-mutual-fund.svg,429.95
6875,JLHL,Jupiter Life Line Hospitals Ltd.,BSE,https://s3-symbol-logo.tradingview.com/jupiter-life-line-hosp-l.svg,1380.0
6876,UNITEDTEA,United Nilgiri Tea Estates Co. Ltd.,NSE,https://s3-symbol-logo.tradingview.com/united-nilgiri-tea.svg,446.65
6877,REPRO,Repro India Limited,BSE,https://s3-symbol-logo.tradingview.com/repro-india-ltd.svg,478.6
6878,DOLFIN,Dolfin Rubbers Ltd.,BSE,https://s3-symbol-logo.tradingview.com/dolfin-rubbers-limited.svg,179.95
6879,AHLEAST,Asian Hotels (East) Limited,NSE,https://s3-symbol-logo.tradingview.com/asian-hotels-east-ltd.svg,132.51
6880,METROPOLIS,Metropolis Healthcare Ltd.,BSE,https://s3-symbol-logo.tradingview.com/metropolis-healthcare.svg,1886.0
6881,INDTONER,Indian Toners & Developers Ltd.,BSE,https://s3-symbol-logo.tradingview.com/indian-toners-and-developers-ltd.svg,259.0
6882,PAVNAIND,Pavna Industries Limited,BSE,https://s3-symbol-logo.tradingview.com/pavna-industries-limited.svg,24.61
6883,VAARAD,Vaarad Ventures Limited,BSE,https://s3-symbol-logo.tradingview.com/vaarad-ventures-ltd.svg,11.91
6885,LIQUIDPLUS,Mirae Asset Nifty 1D Rate Liquid ETF - Growth Units -Growth,BSE,https://s3-symbol-logo.tradingview.com/mirae-asset-sec.svg,1065.08
6886,ECOPLAST,Ecoplast Limited,BSE,https://s3-symbol-logo.tradingview.com/ecoplast-ltd.svg,500.0
6887,SANOFI,Sanofi India Limited,BSE,https://s3-symbol-logo.tradingview.com/sanofi.svg,4082.15
6888,WSFX,WSFX Global Pay Limited,BSE,https://s3-symbol-logo.tradingview.com/wall-street-finance-ltd.svg,61.3
6889,KSL,Kalyani Steels Ltd,BSE,https://s3-symbol-logo.tradingview.com/kalyani-steels.svg,737.0
6890,EQUAL200,Mirae Asset BSE 200 Equal Weight ETF Exchange Traded Fund Units,BSE,https://s3-symbol-logo.tradingview.com/mirae-asset-sec.svg,13.29
6891,AXISBNKETF,Axis NIFTY Bank ETF,NSE,https://s3-symbol-logo.tradingview.com/axis-bank.svg,608.6
6892,RAP,Rap Corp Ltd,BSE,https://s3-symbol-logo.tradingview.com/rap-media-ltd.svg,40.45
6893,NITINCAST,Nitin Castings Ltd,BSE,https://s3-symbol-logo.tradingview.com/nitin-castings-limited.svg,520.0
6894,BLUECHIPT,Blue Chip Tex Industries Limited,BSE,https://s3-symbol-logo.tradingview.com/blue-chip-tex-industries-ltd.svg,137.0
6895,CONSUMER,Mirae Asset Nifty India New Age Consumption Etf,BSE,https://s3-symbol-logo.tradingview.com/mirae-asset-sec.svg,11.94
6896,VINYLINDIA,Vinyl Chemicals (India) Limited,BSE,https://s3-symbol-logo.tradingview.com/vinyl-chemicals.svg,246.7
6897,MEHIF,Mehta Integrated Finance Limited,BSE,https://s3-symbol-logo.tradingview.com/mehta-integrated-finance-ltd.svg,31.7
6898,PRIMAIN,Prima Industries Ltd.,BSE,https://s3-symbol-logo.tradingview.com/prima-industries-ltd.svg,22.26
6900,GRINDWELL,Grindwell Norton Limited,BSE,https://s3-symbol-logo.tradingview.com/grindwell-norton.svg,1596.25
6913,DANLAW,Danlaw Technologies India Limited,BSE,https://s3-symbol-logo.tradingview.com/danlaw-technologies-india-ltd.svg,790.0
6914,DECANBRG,Deccan Bearings Ltd.,BSE,https://s3-symbol-logo.tradingview.com/deccan-bearings-ltd.svg,183.25
6915,ANKITMETAL,Ankit Metal & Power Limited,BSE,https://s3-symbol-logo.tradingview.com/ankit-metal-and-power-ltd.svg,1.75
4801,GRANDOAK,Grand Oak Canyons Distillery Ltd,BSE,https://s3-symbol-logo.tradingview.com/pacheli-industrial-finance-lim.svg,41.5
4802,THEMISMED,Themis Medicare Limited,BSE,https://s3-symbol-logo.tradingview.com/themis-medicare-ltd.svg,102.05
4803,INDSWFTLAB,Ind-Swift Laboratories Ltd.,BSE,https://s3-symbol-logo.tradingview.com/ind-swift-labs.svg,92.7
4804,DEEPAKFERT,Deepak Fertilisers and Petrochemicals Corporation Ltd.,BSE,https://s3-symbol-logo.tradingview.com/deepak-fertilisers-and-petrochem.svg,1241.5
4805,TATACOMM,Tata Communications Limited,BSE,https://s3-symbol-logo.tradingview.com/tata.svg,1793.9
4806,CREATIVEYE,Creative Eye Limited,BSE,https://s3-symbol-logo.tradingview.com/creative-eye-ltd.svg,7.07
4807,BIOFILCHEM,Biofil Chemicals & Pharmaceuticals Ltd.,NSE,https://s3-symbol-logo.tradingview.com/biofil-chemicals-and.svg,33.37
4808,VERANDA,Veranda Learning Solutions Ltd.,BSE,https://s3-symbol-logo.tradingview.com/veranda-learning-solutions-lim.svg,190.0
4809,CAMPUS,Campus Activewear Ltd.,BSE,https://s3-symbol-logo.tradingview.com/campus-activewear-ltd.svg,261.85
4810,INFOMEDIA,Infomedia Press Ltd.,BSE,https://s3-symbol-logo.tradingview.com/infomedia-press-ltd.svg,6.3
4811,UCAL,UCAL Limited,NSE,https://s3-symbol-logo.tradingview.com/ucal-ltd.svg,113.0
4812,LANDMARK,Landmark Cars Ltd.,BSE,https://s3-symbol-logo.tradingview.com/landmark-cars-ltd.svg,476.0
4813,BRPL,Bansal Roofing Products Ltd,BSE,https://s3-symbol-logo.tradingview.com/bansal-roofing-products-ltd.svg,105.6
4814,CARYSIL,Carysil Limited,BSE,https://s3-symbol-logo.tradingview.com/acrysil-ltd.svg,914.95
4815,NRBBEARING,NRB Bearings Ltd.,BSE,https://s3-symbol-logo.tradingview.com/nrb-bearings.svg,285.65
4816,INDIASHLTR,India Shelter Finance Corp. Ltd.,BSE,https://s3-symbol-logo.tradingview.com/india-shelter-fin-l.svg,832.2
4817,VOLKAI,Kairosoft AI Solutions Limited,BSE,https://s3-symbol-logo.tradingview.com/pankaj-piyush-trade-and-inv-ltd.svg,45.49
4818,PBMPOLY,PBM Polytex Ltd.,BSE,https://s3-symbol-logo.tradingview.com/pbm-polytex-ltd.svg,52.0
4819,SNXT50BEES,Nippon India ETF S&P BSE Sensex Next 50,BSE,https://s3-symbol-logo.tradingview.com/nippon-life-india-asset.svg,91.6
4820,APOLLOHOSP,Apollo Hospitals Enterprise Limited,BSE,https://s3-symbol-logo.tradingview.com/apollo-hospitals.svg,7086.45
4821,SKRABUL,Shukra Bullions Ltd.,BSE,https://s3-symbol-logo.tradingview.com/shukra-bullions-ltd.svg,30.01
4822,UDS,Updater Services Limited,BSE,https://s3-symbol-logo.tradingview.com/updater-services-ltd.svg,186.85
4823,HCKKVENTURE,HCKK Ventures Ltd,BSE,https://s3-symbol-logo.tradingview.com/hckk-ventures-limited.svg,30.0
4824,BAJAJ_AUTO,Bajaj Auto Limited,BSE,https://s3-symbol-logo.tradingview.com/bajaj-auto.svg,9136.35
4825,GLOBECIVIL,Globe Civil Projects Ltd.,BSE,https://s3-symbol-logo.tradingview.com/globe-civil-projects-ltd.svg,59.54
4826,JINDALPOLY,Jindal Poly Films Limited,BSE,https://s3-symbol-logo.tradingview.com/jindal-poly-films.svg,502.7
4827,CINEVISTA,Cinevista Ltd.,BSE,https://s3-symbol-logo.tradingview.com/cinevista-ltd.svg,15.5
6916,HBLEAS,HB Leasing & Finance Co. Ltd.,BSE,https://s3-symbol-logo.tradingview.com/hb-stockholdings-ltd.svg,13.45
6917,GVBL,Genomic Valley Biotech Ltd,BSE,https://s3-symbol-logo.tradingview.com/genomic-valley-biotech-limited.svg,23.73
6918,CELEBRITY,Celebrity Fashions Limited,BSE,https://s3-symbol-logo.tradingview.com/celebrity-fashions-ltd.svg,8.75
6919,SIGIND,Signet Industries Limited,BSE,https://s3-symbol-logo.tradingview.com/signet-industries-limited.svg,54.5
6920,PASHUPATI,Pashupati Cotspin Ltd.,NSE,https://s3-symbol-logo.tradingview.com/pashupati-cotspin.svg,825.05
6921,JAGSONSER,Jagsonpal Services Ltd,BSE,https://s3-symbol-logo.tradingview.com/jagsonpal-finance-and-leasing-lt.svg,53.58
6922,ADITYASP,Aditya Spinners Ltd.,BSE,https://s3-symbol-logo.tradingview.com/aditya-spinners-ltd.svg,18.8
6923,TCIEXP,TCI Express Ltd.,BSE,https://s3-symbol-logo.tradingview.com/tci-express.svg,586.05
6924,VINAYAKPOL,Vinayak Polycon International Ltd.,BSE,https://s3-symbol-logo.tradingview.com/vinayak-polycon-international.svg,30.0
6925,FINKURVE,Finkurve Financial Services Ltd.,BSE,https://s3-symbol-logo.tradingview.com/finkurve-financial-services-lt.svg,104.25
6926,PIONEEREMB,Pioneer Embroideries Limited,BSE,https://s3-symbol-logo.tradingview.com/pioneer-embroideries-ltd.svg,30.11
6927,NARBADA,Narbada Gems & Jewellery Ltd.,BSE,https://s3-symbol-logo.tradingview.com/narbada-gems-and-jewellery-ltd.svg,65.0
6928,ELANGO,Elango Industries Limited,BSE,https://s3-symbol-logo.tradingview.com/elango-industries-ltd.svg,14.98
6929,SAMRATPH,Samrat Pharmachem Limited,BSE,https://s3-symbol-logo.tradingview.com/samrat-pharmachem-ltd.svg,230.1
6930,BANKBETF,Bajaj Finserv Nifty Bank ETF Units Exchange Traded Fund,BSE,https://s3-symbol-logo.tradingview.com/bajaj-finserv-mutual-fund.svg,60.07
6931,DHPIND,DHP India Limited,BSE,https://s3-symbol-logo.tradingview.com/dhp-india-ltd.svg,567.15
6932,MSCTC,Mardia Samyoung Capillary Tubes Co. Ltd.,BSE,https://s3-symbol-logo.tradingview.com/mardia-samyoung-capillary-tube.svg,115.2
6933,BLUEDART,Blue Dart Express Limited,BSE,https://s3-symbol-logo.tradingview.com/blue-dart-express.svg,5448.0
6934,MEDPLUS,MedPlus Health Services Ltd.,BSE,https://s3-symbol-logo.tradingview.com/medplus-health-serv-ltd.svg,816.95
6935,KATRSPG,Katare Spinning Mills Limited,BSE,https://s3-symbol-logo.tradingview.com/katare-spinning-mills-ltd.svg,105.9
6936,DYNAVSN,Dynavision Ltd.,BSE,https://s3-symbol-logo.tradingview.com/dynavision-ltd.svg,230.0
6937,ASSOCER,Associated Ceramics Ltd,BSE,https://s3-symbol-logo.tradingview.com/associated-ceramics-ltd.svg,194.65
6938,SPLIL,SPL Industries Limited,BSE,https://s3-symbol-logo.tradingview.com/spl-industries-ltd.svg,33.65
6939,RESPONIND,Responsive Industries Limited,BSE,https://s3-symbol-logo.tradingview.com/responsive-industr.svg,197.05
6940,NGIND,NG Industries Ltd.,BSE,https://s3-symbol-logo.tradingview.com/ngindustries-ltd.svg,122.1
6941,FORBESCO,Forbes & Co. Ltd.,BSE,https://s3-symbol-logo.tradingview.com/forbes-and-company-ltd.svg,317.0
6942,MAKEINDIA,Mirae Asset Nifty India Manufacturing ETF Units Exchange Traded Fund,BSE,https://s3-symbol-logo.tradingview.com/mirae-asset-sec.svg,155.44
4851,MANYAVAR,Vedant Fashions Limited,BSE,https://s3-symbol-logo.tradingview.com/vedant-fashions-ltd.svg,587.0
4852,MOM50,Motilal Oswal M50 ETF Units Growth - Exchange Traded Fund,NSE,https://s3-symbol-logo.tradingview.com/motilal.svg,271.39
4853,AUSOMENT,Ausom Enterprise Limited,NSE,https://s3-symbol-logo.tradingview.com/ausom-enterprise-limited.svg,111.01
4854,SAMBHAAV,Sambhaav Media Limited,BSE,https://s3-symbol-logo.tradingview.com/sambhaav-media-ltd.svg,9.11
4855,OILCOUNTUB,Oil Country Tubular Limited,NSE,https://s3-symbol-logo.tradingview.com/oil-country-tubulr.svg,62.46
4856,HEMORGANIC,Hemo Organic Limited,BSE,https://s3-symbol-logo.tradingview.com/hemo-organic-limited.svg,18.98
4857,ATHCON,Athena Constructions Ltd.,BSE,https://s3-symbol-logo.tradingview.com/athena-constructions-limited.svg,5.0
4901,PURVFLEXI,Purv Flexipack Ltd,NSE,https://s3-symbol-logo.tradingview.com/purv-flexipack-lim.svg,88.0
4902,SPRL,SP Refractories Ltd.,NSE,https://s3-symbol-logo.tradingview.com/sp-refractories-li.svg,160.0
4903,VERTEXPLUS,Vertexplus Technologies Ltd.,NSE,https://s3-symbol-logo.tradingview.com/vertexplus-technol.svg,117.0
4904,SYNOPTICS,Synoptics Technologies Limited,NSE,https://s3-symbol-logo.tradingview.com/synoptics-technolo.svg,63.95
4905,ABRFL,Abram Food Limited,BSE,https://s3-symbol-logo.tradingview.com/abram-food-limited.svg,113.5
4906,MARCLOIRE,Marc Loire Fashions Ltd.,BSE,https://s3-symbol-logo.tradingview.com/marc-loire-fashions-limited.svg,47.0
4907,AMWILL,Amwill Health Care Ltd,BSE,https://s3-symbol-logo.tradingview.com/amwill-health-care-limited.svg,41.1
4908,DTL,Diensten Tech Limited,NSE,https://s3-symbol-logo.tradingview.com/diensten-tech-ltd.svg,146.0
4909,KGVL,Khyati Global Ventures Ltd.,BSE,https://s3-symbol-logo.tradingview.com/khyati-global-ventures-limited.svg,50.67
4910,PARAGON,Paragon Fine And Speciality Chemical Limited,NSE,https://s3-symbol-logo.tradingview.com/paragon-fine-and-s.svg,40.5
4911,INNOMET,Innomet Advanced Materials Limited,NSE,https://s3-symbol-logo.tradingview.com/innomet-advanced-materi-l.svg,99.0
4912,VITAL,Vital Chemtech Ltd.,NSE,https://s3-symbol-logo.tradingview.com/vital-chemtech-ltd.svg,57.2
4913,SYSTEMATIC,Systematic Industries Ltd.,BSE,https://s3-symbol-logo.tradingview.com/systematic-industries-ltd.svg,190.0
4914,DHTL,Docmode Health Technologies Limited,NSE,https://s3-symbol-logo.tradingview.com/docmode-health-tec.svg,58.7
4915,RBMINFRA,RBM Infracon Limited,NSE,https://s3-symbol-logo.tradingview.com/rbm-infracon-ltd.svg,421.0
4916,YUDIZ,Yudiz Solutions Limited,NSE,https://s3-symbol-logo.tradingview.com/yudiz-solutions-ltd.svg,28.5
4917,VALINDIA,Valencia India Limited,BSE,https://s3-symbol-logo.tradingview.com/valencia-india-limited.svg,20.0
4918,AHASOLAR,Ahasolar Technologies Limited,BSE,https://s3-symbol-logo.tradingview.com/ahasolar-technologies-limited.svg,85.12
4919,BIRDYS,Grill Splendour Services Ltd.,NSE,https://s3-symbol-logo.tradingview.com/grill-splendour-se.svg,123.0
6943,METROGLOBL,Metroglobal Ltd.,BSE,https://s3-symbol-logo.tradingview.com/metroglobal-limited.svg,121.75
6944,UTCRFS2DGR,UTI Credit Risk Fund(Segregated-06032020) Units Direct Growth,BSE,https://s3-symbol-logo.tradingview.com/uti-asset-management.svg,107.42
4922,SHTL,Shining Tools Ltd.,BSE,SH,64.0
6945,KALPATARU,Kalpataru Ltd.,BSE,https://s3-symbol-logo.tradingview.com/kalpataru-limited.svg,337.25
6946,INDNIPPON,India Nippon Electricals Limited,BSE,https://s3-symbol-logo.tradingview.com/india-nippon-electricals-ltd.svg,808.95
6947,ADL,Archidply Decor Ltd,BSE,https://s3-symbol-logo.tradingview.com/archidply-decor-limted.svg,81.5
6948,ZENITHEXPO,Zenith Exports Limited,NSE,https://s3-symbol-logo.tradingview.com/zenith-exports-ltd.svg,224.65
6949,INNOVACAP,Innova Captab Limited,BSE,https://s3-symbol-logo.tradingview.com/innova-captab-ltd.svg,714.65
6950,OCTAL,Octal Credit Capital Ltd,BSE,https://s3-symbol-logo.tradingview.com/octal-credit-capital-ltd.svg,22.44
6976,MYSORPETRO,Mysore Petro Chemicals Limited,BSE,https://s3-symbol-logo.tradingview.com/mysore-petro-chemicals-ltd.svg,106.15
6977,MACPLASQ,Machino Plastics Limited,BSE,https://s3-symbol-logo.tradingview.com/machino-plastics-ltd.svg,310.2
6978,PHOTON,Photon Capital Advisors Ltd.,BSE,https://s3-symbol-logo.tradingview.com/photon-capital-advisors-ltd.svg,97.0
6979,ABGSEC,Aditya Birla Sun Life CRISIL Broad Based Gilt ETF,BSE,https://s3-symbol-logo.tradingview.com/aditya-birla-fash.svg,111.48
6981,EBBETF0430,Bharat Bond ETF - April 2030 -Units- Exchange Traded Funds,BSE,https://s3-symbol-logo.tradingview.com/edelweiss-fin-serv.svg,1556.57
6982,ESENSEX,Edelweiss BSE Sensex ETF Exchange Traded Fund Units,NSE,https://s3-symbol-logo.tradingview.com/edelweiss-fin-serv.svg,85.55
6983,ACL,Andhra Cements Limited,BSE,https://s3-symbol-logo.tradingview.com/andhra-cements-ltd.svg,67.99
6984,KELENRG,Keltech Energies Limited,BSE,https://s3-symbol-logo.tradingview.com/keltech-energies-ltd.svg,3859.8
6985,VXLINSTR,VXL Instruments Limited,BSE,https://s3-symbol-logo.tradingview.com/vxl-instruments-ltd.svg,2.88
6986,CNL,Creative Newtech Limited,BSE,https://s3-symbol-logo.tradingview.com/creative-peripherals-and.svg,735.9
6987,LICNFNHGP,LIC MF Exchange Traded Fund - Nifty 100,NSE,https://s3-symbol-logo.tradingview.com/lic-mf-exhge-traded.svg,291.3
6988,EASTBUILD,East Buildtech Ltd.,BSE,https://s3-symbol-logo.tradingview.com/east-buildtech-ltd.svg,66.67
6989,ARENTERP,Rajdarshan Industries Limited,BSE,https://s3-symbol-logo.tradingview.com/rajdarshan-industr.svg,46.5
6990,KZLFIN,KZ Leasing & Finance Ltd.,BSE,https://s3-symbol-logo.tradingview.com/kzleasing-and-finance-ltd.svg,26.5
6991,SAICAPI,Sai Capital Ltd.,BSE,https://s3-symbol-logo.tradingview.com/sai-capital-ltd.svg,185.0
6992,RSDFIN,RSD Finance Ltd.,BSE,https://s3-symbol-logo.tradingview.com/rsd-finance-limited.svg,95.99
6993,VALLABHSQ,Vallabh Steels Limited,BSE,https://s3-symbol-logo.tradingview.com/vallabh-steels-ltd.svg,9.9
6994,HINDAPL,Hindustan Appliances Ltd,BSE,https://s3-symbol-logo.tradingview.com/hindustan-appliances-ltd.svg,128.7
6995,MRUTR,Mrugesh Trading Ltd.,BSE,https://s3-symbol-logo.tradingview.com/mrugesh-trading-ltd.svg,5.21
6996,EQUAL50ADD,DSP Nifty 50 Equal Weight ETF Exchange Traded Fund Units,BSE,https://s3-symbol-logo.tradingview.com/dsp-blackrock-mutu.svg,345.3
6997,SAVFI,Savani Financials Ltd,BSE,https://s3-symbol-logo.tradingview.com/savani-financials-ltd.svg,15.55
6998,DUROPLY,Duroply Industries Limited,BSE,https://s3-symbol-logo.tradingview.com/duroply-industries-limited.svg,168.0
6999,SKPSEC,SKP Securities Ltd.,BSE,https://s3-symbol-logo.tradingview.com/skp-securities-ltd.svg,119.9
7000,KUWERIN,Kuwer Industries Ltd.,BSE,https://s3-symbol-logo.tradingview.com/kuwer-industries-ltd.svg,11.52
7008,BENARAS,Benares Hotels Limited,BSE,https://s3-symbol-logo.tradingview.com/benares-hotels-ltd.svg,9500.0
4973,MIDCAPADD,DSP Nifty Midcap 150 ETF Exchange Traded Fund Units,BSE,MI,22.03
4951,HINDWAREAP,Hindware Home Innovation Limited,BSE,https://s3-symbol-logo.tradingview.com/somany-hom-innovation-ltd.svg,261.1
4952,NRAIL,NR Agarwal Industries Ltd.,NSE,https://s3-symbol-logo.tradingview.com/nragarwal-industries-ltd.svg,494.95
4953,SOLARINDS,Solar Industries India Limited,BSE,https://s3-symbol-logo.tradingview.com/solar-industries.svg,12562.55
4954,SALONA,Salona Cotspin Limited,NSE,https://s3-symbol-logo.tradingview.com/salona-cotspin-ltd.svg,270.0
4955,WEPSOLN,WeP Solutions Limited,BSE,https://s3-symbol-logo.tradingview.com/wep-solutions-ltd.svg,23.08
4956,STOVEKRAFT,Stove Kraft Ltd.,BSE,https://s3-symbol-logo.tradingview.com/stove-kraft.svg,615.05
4957,LIQUIDIETF,ICICI Prudential BSE Liquid Rate ETF - IDCW,BSE,https://s3-symbol-logo.tradingview.com/icici-prudential-bank.svg,1000.0
4958,JINDALPHOT,Jindal Photo Limited,NSE,https://s3-symbol-logo.tradingview.com/jindal-photo-ltd.svg,1504.7
4959,KIRLOSIND,Kirloskar Industries Limited,NSE,https://s3-symbol-logo.tradingview.com/kirloskar-ferrous-ind-ltd.svg,3275.0
4960,ACCURACY,Accuracy Shipping Ltd.,BSE,https://s3-symbol-logo.tradingview.com/accuracy-shipping-ltd.svg,5.72
4961,GOKAKTEX,Gokak Textiles Limited,BSE,https://s3-symbol-logo.tradingview.com/gokak-textiles-ltd.svg,69.0
4962,MEIL,Mangal Electrical Industries Limited,BSE,https://s3-symbol-logo.tradingview.com/mangal-electrical-industries-limited.svg,376.0
4963,ARAVALIS,Aravali Securities & Finance Ltd.,BSE,https://s3-symbol-logo.tradingview.com/aravali-securities-and-finance-l.svg,4.15
4964,TRISHAKT,Trishakti Industries Ltd,BSE,https://s3-symbol-logo.tradingview.com/trishakti-industries-limited.svg,144.05
4965,EUROPRATIK,Euro Pratik Sales Limited,BSE,https://s3-symbol-logo.tradingview.com/euro-pratik-sales-limited.svg,301.25
4966,MUKANDLTD,Mukand Limited,BSE,https://s3-symbol-logo.tradingview.com/mukand-ltd.svg,133.35
4967,SPCAPIT,SP Capital Financing Ltd.,BSE,https://s3-symbol-logo.tradingview.com/sp-capital-financing-ltd.svg,57.51
4968,SASKEN,Sasken Technologies Ltd,BSE,https://s3-symbol-logo.tradingview.com/sasken-technologie.svg,1346.7
4969,PVSL,Popular Vehicles and Services Limited,BSE,https://s3-symbol-logo.tradingview.com/popular-vehicles-and-services.svg,119.25
7009,GFSTEELS,Grand Foundry Ltd.,BSE,https://s3-symbol-logo.tradingview.com/grand-foundry-ltd.svg,9.97
7010,MUTHOOTCAP,Muthoot Capital Services Ltd.,BSE,https://s3-symbol-logo.tradingview.com/muthoot-capital.svg,278.1
7011,PARKERAC,Parker Agrochem Exports Ltd.,BSE,https://s3-symbol-logo.tradingview.com/parker-agrochem-exports-ltd.svg,18.9
7012,GILLETTE,Gillette India Limited,BSE,https://s3-symbol-logo.tradingview.com/gillette-india.svg,7994.6
7013,UEL,Ujaas Energy Limited,NSE,https://s3-symbol-logo.tradingview.com/ujaas-energy-limited.svg,142.3
7014,PYRAMID,Pyramid Technoplast Ltd.,BSE,https://s3-symbol-logo.tradingview.com/pyramid-technoplast-ltd.svg,162.95
7015,TFSL,Typhoon Financial Services Ltd.,BSE,https://s3-symbol-logo.tradingview.com/typhoon-financial-services-ltd.svg,43.69
7016,IMPAL,India Motor Parts & Accessories Limited,BSE,https://s3-symbol-logo.tradingview.com/india-motor-parts.svg,1040.9
7017,VINDHYATEL,Vindhya Telelinks Limited,BSE,https://s3-symbol-logo.tradingview.com/vindhya-telelinks.svg,1417.1
7018,VSTL,Vibhor Steel Tubes Ltd.,BSE,https://s3-symbol-logo.tradingview.com/vibhor-steel-tubes-limited.svg,133.05
7019,KANCOTEA,Kanco Tea & Industries Ltd.,BSE,https://s3-symbol-logo.tradingview.com/kanco-tea-and-industries-limited.svg,71.0
7020,VEEDOL,Veedol Corp. Ltd,BSE,https://s3-symbol-logo.tradingview.com/tide-water-oil-in.svg,1681.0
7021,NPBET,Tata Nifty Private Bank Exchange Traded Fund Units Exchange Traded Fund,NSE,https://s3-symbol-logo.tradingview.com/tata.svg,293.48
7022,NAGPI,Nagpur Power & Industries Ltd.,BSE,https://s3-symbol-logo.tradingview.com/nagpur-power-and-industries-ltd.svg,84.0
7023,NILACHAL,Nilachal Refractories Ltd.,BSE,https://s3-symbol-logo.tradingview.com/nilachal-refractories-ltd.svg,40.8
7024,ZSARACOM,Saraswati Commercial (India) Ltd.,BSE,https://s3-symbol-logo.tradingview.com/saraswati-commercial-india-l.svg,13000.0
7025,DEEPAKSP,Deepak Spinners Ltd,BSE,https://s3-symbol-logo.tradingview.com/deepak-spinners-ltd.svg,121.35
7026,BUTTERFLY,Butterfly Gandhimathi Appliances Limited,BSE,https://s3-symbol-logo.tradingview.com/butterfly-gandhima.svg,645.15
7027,SHIVALIK,Shivalik Rasayan Ltd,BSE,https://s3-symbol-logo.tradingview.com/shivalik-rasayan-ltd.svg,379.95
7028,ALPA,Alpa Laboratories Limited,BSE,https://s3-symbol-logo.tradingview.com/alpa-laboratories.svg,77.51
7030,PRABHHANS,Prabhhans Industries Limited,BSE,https://s3-symbol-logo.tradingview.com/prabhhans-industries-limited.svg,36.9
7031,SAMPANN,Sampann Utpadan India Ltd,BSE,https://s3-symbol-logo.tradingview.com/sampann-utpadan-india-limited.svg,32.83
5001,BESTEAST,Best Eastern Hotels Limited,BSE,https://s3-symbol-logo.tradingview.com/best-eastern-hotels-ltd.svg,11.19
5051,GOCOLORS,Go Fashion (India) Limited,BSE,https://s3-symbol-logo.tradingview.com/go-fashion.svg,460.0
5052,RATHIBAR,Rathi Bars Limited,BSE,https://s3-symbol-logo.tradingview.com/rathi-bars-ltd.svg,26.61
5053,S&SPOWER,S&S Power Switchgear Ltd.,NSE,https://s3-symbol-logo.tradingview.com/sands-power-switchgear-ltd.svg,260.15
5054,SPICEISLIN,Spice Islands Industries Limited,BSE,https://s3-symbol-logo.tradingview.com/spice-islands-apparels-ltd.svg,148.2
5055,CHOKSILA,Choksi Laboratories Limited,BSE,https://s3-symbol-logo.tradingview.com/choksi-laboratories-ltd.svg,132.0
5056,SHILCTECH,Shilchar Technologies Limited,NSE,https://s3-symbol-logo.tradingview.com/shilchar-technologies-ltd.svg,3967.5
5057,AXISTECETF,Axis NIFTY IT ETF,NSE,https://s3-symbol-logo.tradingview.com/axis-bank.svg,427.2
5058,RNBDENIMS,R&B Denims Ltd,BSE,https://s3-symbol-logo.tradingview.com/randb-denims-ltd.svg,119.05
5059,CIL,Citizen Infoline Ltd,BSE,https://s3-symbol-logo.tradingview.com/citizen-infoline-ltd.svg,289.15
5060,AVONMORE,Avonmore Capital & Management Services Limited,BSE,https://s3-symbol-logo.tradingview.com/avonmore-capital-and-management.svg,18.8
5061,TAVERNIER,Tavernier Resources Limited,BSE,https://s3-symbol-logo.tradingview.com/tavernier-resources-limi.svg,68.64
5062,KANANIIND,Kanani Industries Limited,BSE,https://s3-symbol-logo.tradingview.com/kanani-industries.svg,1.74
5063,GOKULAGRO,Gokul Agro Resources Ltd.,BSE,https://s3-symbol-logo.tradingview.com/gokul-agro-resources-ltd.svg,187.1
5064,AMIC,Amic Forging Limited,BSE,https://s3-symbol-logo.tradingview.com/amic-forging-limited.svg,1552.0
5065,PICCADIL,Piccadily Agro Industries Limited,BSE,https://s3-symbol-logo.tradingview.com/piccadily-agro-industries-ltd.svg,567.35
5066,FOCE,Foce India Limited,NSE,https://s3-symbol-logo.tradingview.com/foce-india-ltd.svg,1810.0
5067,MADHAV,Madhav Marbles & Granites Ltd.,NSE,https://s3-symbol-logo.tradingview.com/madhav-marb-and-gran.svg,41.9
5068,PIGL,Power & Instrumentation (Gujarat) Ltd.,BSE,https://s3-symbol-logo.tradingview.com/power-and-instrumentation-gujar.svg,130.0
5069,PPAP,PPAP Automotive Limited,NSE,https://s3-symbol-logo.tradingview.com/ppap.svg,213.98
5070,TIPSMUSIC,Tips Music Limited,BSE,https://s3-symbol-logo.tradingview.com/tips-industries-ltd.svg,527.5
5071,DHABRIYA,Dhabriya Polywood Ltd,BSE,https://s3-symbol-logo.tradingview.com/dhabriya-polywood-limited.svg,370.0
5072,UNJHAFOR,Unjha Formulations Limited,BSE,https://s3-symbol-logo.tradingview.com/unjha-formulations-ltd.svg,24.7
5073,AWFIS,Awfis Space Solutions Limited,BSE,https://s3-symbol-logo.tradingview.com/awfis-space-solutions-limited.svg,498.9
5074,GARGFUR,Garg Furnace Limited,BSE,https://s3-symbol-logo.tradingview.com/garg-furnace-ltd.svg,132.2
5075,ABATEAS,ABATE AS Industries Limited,BSE,https://s3-symbol-logo.tradingview.com/abate-as-industries-limited.svg,17.3
5076,DICIND,DIC India Limited,NSE,https://s3-symbol-logo.tradingview.com/dic-india-ltd.svg,490.0
5077,BORANA,Borana Weaves Limited,BSE,https://s3-symbol-logo.tradingview.com/borana-weaves-ltd.svg,300.1
5078,SOMATEX,Soma Textiles & Industries Ltd,NSE,https://s3-symbol-logo.tradingview.com/soma-textile-and-ind.svg,117.81
5079,ARMAN,Arman Holdings Ltd,BSE,https://s3-symbol-logo.tradingview.com/arman-ltd.svg,98.49
5080,TIGLOB,T&I Global Ltd.,BSE,https://s3-symbol-logo.tradingview.com/t-and-i-global-ltd.svg,194.95
7032,SUPREME,Supreme Holdings & Hospitality (India) Limited,BSE,https://s3-symbol-logo.tradingview.com/supreme-and-hospitality.svg,78.2
7033,SOMAPPR,Soma Papers & Industries Ltd,BSE,https://s3-symbol-logo.tradingview.com/soma-papers-and-industries-ltd.svg,135.55
7034,NAHARSPING,Nahar Spinning Mills Ltd,BSE,https://s3-symbol-logo.tradingview.com/nahar-spinning-mills-ltd.svg,196.05
7035,RHL,Robust Hotels Ltd.,BSE,https://s3-symbol-logo.tradingview.com/robust-hotels-limited.svg,193.85
7036,JINDHOT,Jindal Hotels Limited,BSE,https://s3-symbol-logo.tradingview.com/jindal-hotels-ltd.svg,75.0
7037,AARTECH,Aartech Solonics Ltd.,BSE,https://s3-symbol-logo.tradingview.com/aartech-solonics-limited.svg,48.25
7038,MAYURUNIQ,Mayur Uniquoters Limited,BSE,https://s3-symbol-logo.tradingview.com/mayur-uniquoters.svg,493.15
7039,ELIN,Elin Electronics Limited,BSE,https://s3-symbol-logo.tradingview.com/elin-electronics-ltd.svg,166.25
7040,LICMFGOLD,LIC MF Gold ETF,BSE,https://s3-symbol-logo.tradingview.com/lic-mf-exhge-traded.svg,12346.61
7041,DHARMAJ,Dharmaj Crop Guard Ltd.,BSE,https://s3-symbol-logo.tradingview.com/dharmaj-crop-guard-limited.svg,245.25
7042,MAKERSL,Makers Laboratories Ltd,BSE,https://s3-symbol-logo.tradingview.com/makers-laboratories-ltd.svg,116.75
7043,GTNTEX,GTN Textiles Limited,BSE,https://s3-symbol-logo.tradingview.com/gtn-textiles-ltd.svg,9.18
7044,KEYCORP,Key Corp Limited,BSE,https://s3-symbol-logo.tradingview.com/key-ltd.svg,91.99
7045,MEDICAMEQ,Medicamen Biotech Limited,BSE,https://s3-symbol-logo.tradingview.com/medicamen-biotech-ltd.svg,385.5
7046,PCCOSMA,PEE Cee Cosma Sope Limited,BSE,https://s3-symbol-logo.tradingview.com/pee-cee-cosma-sope-ltd.svg,370.0
7047,DRCSYSTEMS,DRC Systems India Limited,BSE,https://s3-symbol-logo.tradingview.com/drc-systems-india-ltd.svg,17.39
7048,RANEHOLDIN,Rane Holdings Limited,BSE,https://s3-symbol-logo.tradingview.com/rane-ltd.svg,1339.4
7049,LYKALABS,Lyka Labs Limited,BSE,https://s3-symbol-logo.tradingview.com/lyka.svg,77.17
7050,TIRUPATI,Shree Tirupati Balajee FIBC Ltd.,NSE,https://s3-symbol-logo.tradingview.com/shree-tirupati-bal.svg,719.0
7071,LFIC,Lakshmi Finance & Industrial Corp. Ltd.,NSE,https://s3-symbol-logo.tradingview.com/lakshmi-finance.svg,173.4
7072,TTKHLTCARE,TTK Healthcare Limited,BSE,https://s3-symbol-logo.tradingview.com/ttk-healthcare-ltd.svg,1056.5
7073,NIBL,NRB Industrial Bearings Ltd.,BSE,https://s3-symbol-logo.tradingview.com/nrb-industrial-bearings-ltd.svg,29.01
7074,RRMETAL,RR Metalmakers India Ltd.,BSE,https://s3-symbol-logo.tradingview.com/rr-metalmakers-india-limited.svg,28.66
7075,TECILCHEM,TECIL Chemicals & Hydro Power Ltd,NSE,https://s3-symbol-logo.tradingview.com/tecil-chemicals-and-hydro-power.svg,19.97
7076,POLYLINK,Polylink Polymers (India) Limited,BSE,https://s3-symbol-logo.tradingview.com/polylink-polymers-india-ltd.svg,20.94
7077,SURJIND,Suraj Industries Ltd,BSE,https://s3-symbol-logo.tradingview.com/suraj-industries-ltd.svg,41.66
7078,KAMADGIRI,Kamadgiri Fashion Limited,BSE,https://s3-symbol-logo.tradingview.com/kamadgiri-fashion-ltd.svg,89.99
7079,BIMETAL,Bimetal Bearings Limited,BSE,https://s3-symbol-logo.tradingview.com/bimetal-bearings-ltd.svg,597.1
7080,MAHALXSE,Mahalaxmi Seamless Limited,BSE,https://s3-symbol-logo.tradingview.com/mahalaxmi-seamless-ltd.svg,8.32
5145,JAYESH,Jayesh Logistics Limited,NSE,JA,167.85
5101,CAPRIHANS,Caprihans India Ltd.,BSE,https://s3-symbol-logo.tradingview.com/caprihans-india-ltd.svg,87.09
5102,INDSILHYD,Indsil Hydro Power & Manganese Ltd.,BSE,https://s3-symbol-logo.tradingview.com/indsil-hydro-power-and-mangane.svg,45.78
5103,TCPLPACK,TCPL Packaging Limited,NSE,https://s3-symbol-logo.tradingview.com/tcpl-packaging-ltd.svg,2963.3
5104,WSTCSTPAPR,West Coast Paper Mills Limited,BSE,https://s3-symbol-logo.tradingview.com/west-coast-paper-mills.svg,420.25
5105,GRAVISSHO,Graviss Hospitality Limited,BSE,https://s3-symbol-logo.tradingview.com/graviss-hospitality-ltd.svg,35.0
5106,TGBHOTELS,TGB Banquets & Hotels Ltd.,BSE,https://s3-symbol-logo.tradingview.com/tgb-banquets-and-hotels-ltd.svg,10.24
5107,SKMEGGPROD,SKM Egg Products Export (India) Ltd.,BSE,https://s3-symbol-logo.tradingview.com/skm-egg-products.svg,433.0
5108,SONAL,Sonal Mercantile Ltd,BSE,https://s3-symbol-logo.tradingview.com/sonal-mercantile-limited.svg,121.89
5109,DIVISLAB,Divi's Laboratories Limited,BSE,https://s3-symbol-logo.tradingview.com/divis.svg,6486.2
5110,MARUTI,Maruti Suzuki India Limited,BSE,https://s3-symbol-logo.tradingview.com/maruti-suzuki-india.svg,16623.25
5111,CHEMTECH,Chemtech Industrial Valves Ltd.,BSE,https://s3-symbol-logo.tradingview.com/chemtech-industrial-valves-ltd.svg,80.4
5112,DRL,Disha Resources Ltd,BSE,https://s3-symbol-logo.tradingview.com/disha-resources-limited.svg,17.38
5113,ANANDRATHI,Anand Rathi Wealth Ltd.,BSE,https://s3-symbol-logo.tradingview.com/anand-rathi-wealth-limited.svg,3013.9
5115,SLONE,Slone Infosystems Limited,NSE,https://s3-symbol-logo.tradingview.com/slone-infosystems.svg,247.3
5151,AMEYA,Ameya Precision Engineers Ltd.,NSE,https://s3-symbol-logo.tradingview.com/ameya-precision-en.svg,105.0
5152,KARNIKA,Karnika Industries Ltd.,NSE,https://s3-symbol-logo.tradingview.com/karnika-industries.svg,123.0
5153,BRGIL,B.R.Goyal Infrastructure Limited,BSE,https://s3-symbol-logo.tradingview.com/brgoyal-infrastructure-limit.svg,123.6
5154,GOEL,Goel Food Products Ltd.,BSE,https://s3-symbol-logo.tradingview.com/goel-food-products-limited.svg,16.49
5155,BENCHMARK,Benchmark Computer Solutions Ltd.,BSE,https://s3-symbol-logo.tradingview.com/benchmark-computer-solutions-l.svg,29.17
5156,SIHORA,Sihora Industries Limited,BSE,https://s3-symbol-logo.tradingview.com/sihora-industries-limited.svg,60.01
5157,SHANTIDENM,Shanti Spintex Ltd.,BSE,https://s3-symbol-logo.tradingview.com/shanti-spintex-limited.svg,60.0
5158,ZELIO,Zelio E-Mobility Ltd.,BSE,https://s3-symbol-logo.tradingview.com/zelio-e-mobility-ltd.svg,456.55
5159,DAVIN,Davin Sons Retail Limited,BSE,https://s3-symbol-logo.tradingview.com/davin-sons-retail-limited.svg,43.15
5160,UCL,Ushanti Colour Chem Ltd.,NSE,https://s3-symbol-logo.tradingview.com/ushanti-colour-che.svg,48.0
5161,WOSAL,Western Overseas Study Abroad Limited,BSE,WO,49.56
5162,FINBUD,Finbud Financial Services Limited,NSE,FI,132.55
7081,LIQUIDBETF,Bajaj Finserv Nifty 1D Rate Liquid ETF - Growth Units Exchange Traded Fund,BSE,https://s3-symbol-logo.tradingview.com/bajaj-finserv-mutual-fund.svg,1061.79
7083,PALCO,Palco Metals Ltd,BSE,https://s3-symbol-logo.tradingview.com/palco-metals-limited.svg,116.6
7084,TIMKEN,Timken India Limited,BSE,https://s3-symbol-logo.tradingview.com/timken-india-ltd.svg,3064.55
7085,CSLFINANCE,CSL Finance Limited,BSE,https://s3-symbol-logo.tradingview.com/csl-finance-limited.svg,315.4
7086,NAGREEKEXP,Nagreeka Exports Ltd,BSE,https://s3-symbol-logo.tradingview.com/nagreeka-exports-ltd.svg,27.4
7087,MERCURYLAB,Mercury Laboratories Ltd.,BSE,https://s3-symbol-logo.tradingview.com/mercury-laboratories-limited.svg,822.0
7088,MMFL,MM Forgings Limited,BSE,https://s3-symbol-logo.tradingview.com/mm-forgings.svg,362.0
7089,NDGL,Naga Dhunseri Group Ltd,NSE,https://s3-symbol-logo.tradingview.com/naga-dhunseri-grou.svg,2879.0
7090,MHLXMIRU,Mahalaxmi Rubtech Ltd,BSE,https://s3-symbol-logo.tradingview.com/mahalaxmi-rubtech-ltd.svg,214.2
7091,PUROHITCON,Purohit Construction Ltd,BSE,https://s3-symbol-logo.tradingview.com/purohit-construction-limited.svg,13.66
7092,NUTECGLOB,Nutech Global Limited,BSE,https://s3-symbol-logo.tradingview.com/nutech-global-ltd.svg,28.35
7093,OASISEC,Oasis Securities Limited,BSE,https://s3-symbol-logo.tradingview.com/oasis-securities-ltd.svg,19.39
7094,SIZEMASTER,Sizemasters Technology Limited,BSE,https://s3-symbol-logo.tradingview.com/sizemasters-technology-limited.svg,154.4
7095,AROGRANITE,ARO Granite Industries Limited,BSE,https://s3-symbol-logo.tradingview.com/aro-granite-industries-ltd.svg,31.57
7096,FUNDVISER,Fundviser Capital (India) Limited,BSE,https://s3-symbol-logo.tradingview.com/fundviser-capital-india-limi.svg,199.95
7097,ANKIN,Anka India Ltd.,BSE,https://s3-symbol-logo.tradingview.com/anka-india-ltd.svg,35.29
7098,EBBETF0433,Bharat Bond ETF - April 2033,BSE,https://s3-symbol-logo.tradingview.com/edelweiss-fin-serv.svg,1270.06
7099,RAMAPPR_B,Rama Paper Mills Limited,BSE,https://s3-symbol-logo.tradingview.com/rama-paper-mills-ltd.svg,9.15
7119,SANDUPHQ,Sandu Pharmaceuticals Limited,BSE,https://s3-symbol-logo.tradingview.com/sandu-pharmaceuticals-ltd.svg,39.5
7120,MAHAPEXLTD,Maha Rashtra Apex Corporation Limited,BSE,https://s3-symbol-logo.tradingview.com/maha-rashtra-apex.svg,107.0
7121,DHOOTIN,Dhoot Industrial Finance Limited,BSE,https://s3-symbol-logo.tradingview.com/dhoot-industrial-finance-ltd.svg,224.8
7122,GANDHITUBE,Gandhi Special Tubes Limited,BSE,https://s3-symbol-logo.tradingview.com/gandhi-special-tubes-ltd.svg,784.0
7123,ADHBHUTIN,Adhbhut Infrastructure Ltd.,BSE,https://s3-symbol-logo.tradingview.com/adhbhut-infrastructure-ltd.svg,16.05
7124,HALEOSLABS,Haleos Labs Ltd.,NSE,https://s3-symbol-logo.tradingview.com/sms-lifesciences-india-ltd.svg,1294.4
7125,INFORTEC,Informed Technologies India Limited,BSE,https://s3-symbol-logo.tradingview.com/informed-technologies-india-lt.svg,79.95
7126,WINSOMTX,Winsome Textile Industries Limited,BSE,https://s3-symbol-logo.tradingview.com/winsome-textile-industries-ltd.svg,80.0
5217,DIVIDEND,Mirae Asset BSE 500 Dividend Leaders 50 ETF Exchange Traded Fund Units,NSE,DI,36.25
5201,SHKARTP,Shree Karthik Papers Ltd.,BSE,https://s3-symbol-logo.tradingview.com/shree-karthik-papers-ltd.svg,8.0
5202,NORBTEAEXP,Norben Tea & Exports Ltd.,NSE,https://s3-symbol-logo.tradingview.com/norben-tea-and-exports-ltd.svg,73.9
5203,TVSELECT,TVS Electronics Limited,NSE,https://s3-symbol-logo.tradingview.com/tvs-electronics-ltd.svg,454.9
5204,PPL,Prakash Pipes Limited,BSE,https://s3-symbol-logo.tradingview.com/prakash-pipes-ltd.svg,246.0
5205,GANONPRO,Ganon Products Ltd.,BSE,https://s3-symbol-logo.tradingview.com/ganon-products-limited.svg,15.52
5206,QUICKHEAL,Quick Heal Technologies Ltd.,BSE,https://s3-symbol-logo.tradingview.com/quick-heal.svg,279.9
5207,SMLT,Sarthak Metals Ltd,BSE,https://s3-symbol-logo.tradingview.com/sarthak-metals-limited.svg,86.24
5208,HLEGLAS,HLE Glascoat Ltd,BSE,https://s3-symbol-logo.tradingview.com/hle-glascoat-limited.svg,456.65
5209,CMICABLES,CMI Limited,BSE,https://s3-symbol-logo.tradingview.com/cmi.svg,5.68
5210,SKPMIL,Shree Krishna Paper Mills & Industries Ltd,BSE,https://s3-symbol-logo.tradingview.com/shree-krishna-paper-mills-and-in.svg,133.8
5211,BIRET,Brookfield India Real Estate Trust,BSE,https://s3-symbol-logo.tradingview.com/brookfield.svg,330.06
5212,POLYCAB,Polycab India Ltd.,BSE,https://s3-symbol-logo.tradingview.com/polycab.svg,7634.75
5213,DLTNCBL,Delton Cables Limited,BSE,https://s3-symbol-logo.tradingview.com/delton-cables-ltd.svg,618.2
5214,RADAAN,Radaan Mediaworks (I) Ltd.,BSE,https://s3-symbol-logo.tradingview.com/radaan-mediaworks.svg,3.65
5215,TRIOMERC,Trio Mercantile & Trading Ltd.,BSE,https://s3-symbol-logo.tradingview.com/trio-mercantile-and-trading-ltd.svg,0.75
5216,MRCAGRO,MRC Agrotech Limited,BSE,https://s3-symbol-logo.tradingview.com/mrc-agrotech-limited.svg,48.0
5218,JKLAKSHMI,JK Lakshmi Cement Limited,BSE,https://s3-symbol-logo.tradingview.com/jk-lakshmi-cement.svg,786.9
5219,REFEXRENEW,Refex Renewables & Infrastructure Limited,BSE,https://s3-symbol-logo.tradingview.com/refex-industries-l.svg,272.55
5220,SSLEL,Sir Shadi Lal Enterprises Limited,BSE,https://s3-symbol-logo.tradingview.com/sir-shadi-lal-enterprises-ltd.svg,262.0
5221,SIMMOND,Simmonds Marshall Limited,BSE,https://s3-symbol-logo.tradingview.com/simmonds-marshall-ltd.svg,120.2
5222,JINDCAP,Jindal Capital Limited,BSE,https://s3-symbol-logo.tradingview.com/jindal-capital-ltd.svg,34.5
5223,PALREDTEC,Palred Technologies Limited,NSE,https://s3-symbol-logo.tradingview.com/palred-technologies-limited.svg,38.49
5224,KJMCFIN,KJMC Financial Services Limited,BSE,https://s3-symbol-logo.tradingview.com/kjmc-financial-services-ltd.svg,59.17
5225,SHAHALLOYS,Shah Alloys Limited,NSE,https://s3-symbol-logo.tradingview.com/shah-alloys-ltd.svg,68.63
5226,PREMIERPOL,Premier Polyfilm Limited,BSE,https://s3-symbol-logo.tradingview.com/premier-polyfilms-ltd.svg,41.44
7127,GOLCA,Golden Carpets Ltd.,BSE,https://s3-symbol-logo.tradingview.com/golden-carpets-ltd.svg,9.5
7128,SHAMROIN,Shamrock Industrial Co. Ltd.,BSE,https://s3-symbol-logo.tradingview.com/shamrock-industrial-coltd.svg,19.4
7129,MASKINVEST,Mask Investments Ltd,NSE,https://s3-symbol-logo.tradingview.com/mask-investments-l.svg,161.0
7130,GINISILK,Gini Silk Mills Limited,BSE,https://s3-symbol-logo.tradingview.com/gini-silk-mills-ltd.svg,65.48
7131,GANHOLD,Ganesh Holding Ltd,BSE,https://s3-symbol-logo.tradingview.com/ganesh-ltd.svg,106.0
7132,INNOVTEC,Innovative Tech Pack Limited,BSE,https://s3-symbol-logo.tradingview.com/innovative-tech-pack-ltd.svg,19.0
7133,WEALTH,Wealth First Portfolio Managers Ltd.,BSE,https://s3-symbol-logo.tradingview.com/wealth-frst-port-mg-ltd.svg,1001.0
7134,APLABPP,Aplab Limited TEMP,BSE,https://s3-symbol-logo.tradingview.com/aplab-ltd.svg,57.99
7135,INDCTST,Inducto Steel Ltd.,BSE,https://s3-symbol-logo.tradingview.com/inducto-steel-ltd.svg,48.5
7136,ABHICAP,Abhinav Capital Services Limited,BSE,https://s3-symbol-logo.tradingview.com/abhinav-capital-services-ltd.svg,131.0
7137,MSCIADD,DSP MSCI India ETF Units,BSE,https://s3-symbol-logo.tradingview.com/dsp-blackrock-mutu.svg,30.54
7138,BAMBINO,Bambino Agro Industries Limited,BSE,https://s3-symbol-logo.tradingview.com/bambino-agro-industries-ltd.svg,232.55
7139,APIS,Apis India Ltd,BSE,https://s3-symbol-logo.tradingview.com/apis-india-ltd.svg,64.65
7140,FILTRON,Filtron Engineers Ltd,BSE,https://s3-symbol-logo.tradingview.com/filtron-engineers-ltd.svg,83.14
7141,SATAGRI,Satiate Agri Ltd,BSE,https://s3-symbol-logo.tradingview.com/satiate-agri-limited.svg,27.17
7142,KLGCAP,KLG Capital Services Ltd.,BSE,https://s3-symbol-logo.tradingview.com/klg-capital-services-ltd.svg,21.09
7143,SHRAJOI,Shri Rajivlochan Oil Extraction Ltd,BSE,https://s3-symbol-logo.tradingview.com/shri-rajivlochan-oil-extractio.svg,31.5
7144,JOLYPLS,Jolly Plastic Industries Ltd.,BSE,https://s3-symbol-logo.tradingview.com/jolly-plastic-industries-ltd.svg,59.45
7145,BLOIN,Bloom Industries Ltd.,BSE,https://s3-symbol-logo.tradingview.com/bloom-industries-ltd.svg,37.0
7146,STDSHOE,Standard Shoe Sole & Mould India Ltd.,BSE,https://s3-symbol-logo.tradingview.com/standard-shoe-sole-and-mould.svg,21.45
7147,SOURCEIND,Source Industries (India) Limited,BSE,https://s3-symbol-logo.tradingview.com/source-industries-india-ltd.svg,4.81
7148,RAYALEMA,Royale Manor Hotels & Industries Ltd.,BSE,https://s3-symbol-logo.tradingview.com/royale-manor-hotels-and-industri.svg,38.85
7149,CITYONLINE,City Online Services Ltd,BSE,https://s3-symbol-logo.tradingview.com/city-online-services-limited.svg,6.88
7151,COARO,Coastal Roadways Ltd,BSE,https://s3-symbol-logo.tradingview.com/coastal-roadways-ltd.svg,30.7
7152,INTETHR,Integrated Thermoplastics Ltd.,BSE,https://s3-symbol-logo.tradingview.com/integrated-thermoplastics-ltd.svg,8.9
7153,SARTHAKIND,Sarthak Industries Limited,BSE,https://s3-symbol-logo.tradingview.com/sarthak-industries-ltd.svg,30.01
5277,ATLPP,Allcargo Terminals Limited,BSE,AT,11.06
5251,KSE,KSE Ltd.,BSE,https://s3-symbol-logo.tradingview.com/kse-ltd.svg,226.0
5252,XCHANGING,Xchanging Solutions Limited,BSE,https://s3-symbol-logo.tradingview.com/xchanging-solution.svg,82.97
5253,HIGHENE,High Energy Batteries Ltd.,BSE,https://s3-symbol-logo.tradingview.com/high-energy-batteries-india.svg,545.0
5254,GSEC10IETF,ICICI Prudential Nifty 10 yr Benchmark G-Sec ETF,BSE,https://s3-symbol-logo.tradingview.com/icici-prudential-bank.svg,257.56
5255,RONI,Roni Households Ltd.,BSE,https://s3-symbol-logo.tradingview.com/roni-households-limited.svg,52.99
5256,WIMPLAST,Wim Plast Limited,BSE,https://s3-symbol-logo.tradingview.com/wim-plast-ltd.svg,459.9
5301,KISAAN,Kisaan Parivar Industries Ltd,BSE,https://s3-symbol-logo.tradingview.com/kisaan-parivar-industries-limi.svg,21.45
5302,UTIAMC,UTI Asset Management Co. Ltd.,BSE,https://s3-symbol-logo.tradingview.com/uti-asset-management.svg,1139.9
5303,KSB,KSB Ltd.,BSE,https://s3-symbol-logo.tradingview.com/ksb-ltd.svg,774.45
5304,KECL,Kirloskar Electric Co. Ltd.,BSE,https://s3-symbol-logo.tradingview.com/kirloskar-electric.svg,100.6
5305,GUJRAFFIA,Gujarat Raffia Industries Limited,NSE,https://s3-symbol-logo.tradingview.com/gujarat-raffia-industries-ltd.svg,48.34
5306,TRAVELFOOD,Travel Food Services Limited,BSE,https://s3-symbol-logo.tradingview.com/travel-food-services-ltd.svg,1211.0
5307,KIRLOSBROS,Kirloskar Brothers Ltd.,BSE,https://s3-symbol-logo.tradingview.com/kirloskar-brothers.svg,1631.05
5308,COCKERILL,John Cockerill India Limited,BSE,https://s3-symbol-logo.tradingview.com/john-cockerill-india-limited.svg,4887.05
5309,MEDIASSIST,Medi Assist Healthcare Services Limited,BSE,https://s3-symbol-logo.tradingview.com/medi-assist-health-ser-l.svg,453.35
5310,SHRIPISTON,Shriram Pistons & Rings Ltd.,BSE,https://s3-symbol-logo.tradingview.com/shriram-pistons-and.svg,3191.9
5311,PREMIER,Premier Limited,NSE,https://s3-symbol-logo.tradingview.com/premier.svg,2.92
5312,CARERATING,CARE Ratings Ltd,BSE,https://s3-symbol-logo.tradingview.com/care-ratings.svg,1607.95
5313,NGIL,Nakoda Group of Industries Ltd.,BSE,https://s3-symbol-logo.tradingview.com/ngil-rs-6-ppd-up.svg,30.06
5314,STARHEALTH,Star Health & Allied Insurance Co. Ltd.,BSE,https://s3-symbol-logo.tradingview.com/star-health-and-al-ins-co-l.svg,459.4
5315,HDFCVALUE,HDFC NIFTY50 Value 20 ETF,NSE,https://s3-symbol-logo.tradingview.com/hdfc-bank.svg,140.69
5316,ASKAUTOLTD,ASK Automotive Limited,BSE,https://s3-symbol-logo.tradingview.com/ask-automotive-ltd.svg,493.3
5317,TVVISION,TV Vision Ltd.,BSE,https://s3-symbol-logo.tradingview.com/tv-vision-limited.svg,10.39
5318,EVEREADY,Eveready Industries India Ltd,BSE,https://s3-symbol-logo.tradingview.com/eveready-industrie.svg,329.8
5319,YASHMGM,Yash Management and Satellite Limited,BSE,https://s3-symbol-logo.tradingview.com/yash-management-and-satellite-lt.svg,9.58
5320,BAMPSL,Bampsl Securities Limited,BSE,https://s3-symbol-logo.tradingview.com/bampsl-securities-ltd.svg,20.75
5321,PROMACT,Promact Impex Ltd,BSE,https://s3-symbol-logo.tradingview.com/promact-impex-limited.svg,9.52
7154,WMINIMT,Western Ministil Ltd.,BSE,https://s3-symbol-logo.tradingview.com/western-ministil-ltd.svg,0.54
7155,PARMCOS_B,PARAMOUNT COSMETICS (India) Ltd.,BSE,https://s3-symbol-logo.tradingview.com/paramount-cosmetics-india-lt.svg,35.5
7156,MODMA,Modern Malleables Ltd.,BSE,https://s3-symbol-logo.tradingview.com/modern-malleables-ltd.svg,5.37
7157,HISARSP,Hisar Spinning Mills Ltd.,BSE,https://s3-symbol-logo.tradingview.com/hisar-spinning-mills-ltd.svg,45.24
7158,SHIKHAR,Shikhar Consultants Ltd,BSE,https://s3-symbol-logo.tradingview.com/shikhar-consultants-ltd.svg,11.85
7159,RJSHAH,R J Shah & Co Ltd,BSE,https://s3-symbol-logo.tradingview.com/rjshah-and-coltd.svg,528.05
7160,ACROW,Acrow India Limited,BSE,https://s3-symbol-logo.tradingview.com/acrow-india-ltd.svg,664.95
7161,SCOOBEEDAY,Scoobee Day Garments (India) Limited,BSE,https://s3-symbol-logo.tradingview.com/scoobee-day-garments-india-l.svg,80.0
7162,SPARKLEGR,Sparkle Gold Rock Limited,BSE,https://s3-symbol-logo.tradingview.com/sree-jayalakshmi-autospin-ltd.svg,80.24
7163,SHYAMTEL,Shyam Telecom Limited,BSE,https://s3-symbol-logo.tradingview.com/shyam-telecom-ltd.svg,13.0
7164,KENFIN,Ken Financial Services Limited,BSE,https://s3-symbol-logo.tradingview.com/ken-financial-services-ltd.svg,14.75
7165,UNTTEMI,United Leasing & Industries Ltd.,BSE,https://s3-symbol-logo.tradingview.com/united-leasing-and-industries-lt.svg,36.45
7166,AXSENSEX,AXIS S&P BSE SENSEX ETF,BSE,https://s3-symbol-logo.tradingview.com/axis-bank.svg,88.38
7167,SHENTRA,Shentracon Chemicals Ltd,BSE,https://s3-symbol-logo.tradingview.com/shentracon-chemicals-ltd.svg,36.23
7168,SENSEXADD,DSP BSE Sensex ETF,BSE,https://s3-symbol-logo.tradingview.com/dsp-blackrock-mutu.svg,87.5
7169,THEINVEST,Investment Trust of India Limited,BSE,https://s3-symbol-logo.tradingview.com/the-investment-tru.svg,115.9
7170,APCOTEXIND,Apcotex Industries Ltd,BSE,https://s3-symbol-logo.tradingview.com/apcotex-industries.svg,384.0
7171,WILLIMFI,Williamson Financial Services Limited,BSE,https://s3-symbol-logo.tradingview.com/williamson-financial-services.svg,9.92
7172,MUFTI,Credo Brands Marketing Limited,BSE,https://s3-symbol-logo.tradingview.com/credo-brands-marketing-l.svg,100.35
7173,JSWHL,JSW Holdings Limited,BSE,https://s3-symbol-logo.tradingview.com/jsw-holdings-ltd.svg,20430.5
7174,QUANTDIA,Quantum Digital Vision (India) Ltd.,BSE,https://s3-symbol-logo.tradingview.com/quantum-digital-vision-india.svg,23.0
7175,EIHAHOTELS,EIH Associated Hotels Limited,BSE,https://s3-symbol-logo.tradingview.com/eih.svg,361.3
7176,SUYOG,Suyog Telematics Ltd.,BSE,https://s3-symbol-logo.tradingview.com/suyog-telematics-ltd.svg,626.2
7177,CPCAP,CP Capital Ltd,BSE,https://s3-symbol-logo.tradingview.com/career-point.svg,117.7
7178,CENTENKA,Century Enka Limited,BSE,https://s3-symbol-logo.tradingview.com/century-enka.svg,434.0
7179,ASIAPAK,Asia Pack Ltd.,BSE,https://s3-symbol-logo.tradingview.com/asia-pack-ltd.svg,48.0
7180,NIRAJISPAT,Niraj Ispat Industries Ltd,NSE,https://s3-symbol-logo.tradingview.com/niraj-ispat-indust.svg,203.4
7181,MRF,MRF Limited,BSE,https://s3-symbol-logo.tradingview.com/mrf.svg,153487.35
7182,EUROBOND,Euro Panel Products Limited,BSE,https://s3-symbol-logo.tradingview.com/euro-panel-product.svg,183.6
7183,NMSRESRC,NMS Global Ltd,BSE,https://s3-symbol-logo.tradingview.com/nms-resources-global-limited.svg,58.21
7184,INDOSTAR,IndoStar Capital Finance Limited,BSE,https://s3-symbol-logo.tradingview.com/indostar-capital-finance.svg,241.0
7185,GUJHOTE,Gujarat Hotels Limited,BSE,https://s3-symbol-logo.tradingview.com/gujarat-hotels-ltd.svg,214.0
7186,CLSEL,Chaman Lal Setia Exports Limited,BSE,https://s3-symbol-logo.tradingview.com/chaman-lal-setia-exports-ltd.svg,262.1
7187,WEIZMANIND,Weizmann Limited,BSE,https://s3-symbol-logo.tradingview.com/weizmann-ltd.svg,99.2
7188,LIBORD,Libord Securities Limited,BSE,https://s3-symbol-logo.tradingview.com/libord-finance-ltd.svg,18.85
5351,OVAL,Oval Projects Engineering Limited,BSE,https://s3-symbol-logo.tradingview.com/oval-projects-engineering-limited.svg,52.9
5352,OCTAWARE,Octaware Technologies Ltd.,BSE,https://s3-symbol-logo.tradingview.com/octaware-technologies-limited.svg,52.78
5353,RACONTEUR,Raconteur Global Resources Limited,BSE,https://s3-symbol-logo.tradingview.com/raconteur-global-resources-lim.svg,16.5
5354,DHILLON,Dhillon Freight Carrier Limited,BSE,https://s3-symbol-logo.tradingview.com/dhillon-freight-carrier-limited.svg,44.4
5355,TRANSVOY,Transvoy Logistics India Ltd.,BSE,https://s3-symbol-logo.tradingview.com/transvoy-logistics-india-limit.svg,126.4
5356,INNOVATORS,Innovators Facade Systems Ltd.,BSE,https://s3-symbol-logo.tradingview.com/innovators-facade-systems-limi.svg,186.0
5357,SMARITIME,Sahara Maritime Limited,BSE,https://s3-symbol-logo.tradingview.com/sahara-maritime-limited.svg,35.0
5358,APEXECO,Apex Ecotech Ltd.,NSE,https://s3-symbol-logo.tradingview.com/apex-ecotech-ltd.svg,128.0
5359,EFACTOR,E Factor Experiences Ltd.,NSE,https://s3-symbol-logo.tradingview.com/e-factor-experienc.svg,339.0
5360,QUESTFLOW,Quest Flow Controls Ltd,BSE,https://s3-symbol-logo.tradingview.com/meson-valves-india-limited.svg,198.5
5361,ADJIA,Adjia Technologies Ltd.,BSE,https://s3-symbol-logo.tradingview.com/adjia-technologies-limited.svg,53.84
5362,NAMAN,Naman In-Store (India) Limited,NSE,https://s3-symbol-logo.tradingview.com/naman-in-store.svg,67.05
5363,MICROPRO,Micropro Software Solutions Limited,NSE,https://s3-symbol-logo.tradingview.com/micropro-software.svg,20.0
5364,CITYSQUARE,Jay Ambe Supermarkets Limited,BSE,https://s3-symbol-logo.tradingview.com/jay-ambe-supermarkets-limited.svg,122.5
5365,UBL,United Breweries Limited,BSE,https://s3-symbol-logo.tradingview.com/united-breweries.svg,1617.55
5366,IMPAL,India Motor Parts & Accessories Limited,NSE,https://s3-symbol-logo.tradingview.com/india-motor-parts.svg,1041.3
5367,VRAJ,Vraj Iron & Steel Ltd.,BSE,https://s3-symbol-logo.tradingview.com/vraj-iron-and-steel-ltd.svg,128.0
5368,ABANSENT,ABans Enterprises Ltd.,BSE,https://s3-symbol-logo.tradingview.com/abans-enterprises-ltd.svg,31.99
5401,AMTL,Advance Metering Technology Ltd.,BSE,https://s3-symbol-logo.tradingview.com/advance-metering-technology-lt.svg,22.36
7189,SCANPRO,Scan Projects Ltd.,BSE,https://s3-symbol-logo.tradingview.com/scan-projects-ltd.svg,79.32
7190,MITSHI,Mitshi India Ltd.,BSE,https://s3-symbol-logo.tradingview.com/mitshi-india-limited.svg,14.69
7191,JUBLCPL,Jubilant Agri and Consumer Products Limited,BSE,https://s3-symbol-logo.tradingview.com/jubilant-agri-and-consumer-pro.svg,2260.55
7192,CRSTCHM,Crestchem Ltd,BSE,https://s3-symbol-logo.tradingview.com/crestchem-ltd.svg,117.9
7193,HINDCOMPOS,Hindustan Composites Limited,BSE,https://s3-symbol-logo.tradingview.com/hindustan-composit.svg,429.1
7194,CRAVATEX,Cravatex Limited,BSE,https://s3-symbol-logo.tradingview.com/cravatex-ltd.svg,391.9
7195,FFPL,Foundry Fuel Products Ltd,BSE,https://s3-symbol-logo.tradingview.com/foundry-fuel-products-ltd.svg,6.98
7196,SANBLUE,Sanblue Corporation Limited,BSE,https://s3-symbol-logo.tradingview.com/sanblue-ltd.svg,44.13
7197,CHRTEDCA,Chartered Capital & Investment Ltd.,BSE,https://s3-symbol-logo.tradingview.com/chartered-capital-and-investment.svg,285.0
7198,CURAA,Cura Technologies Limited,NSE,https://s3-symbol-logo.tradingview.com/cura-technologies-ltd.svg,112.42
7199,SCC,Scintilla Commercial & Credit Ltd,BSE,https://s3-symbol-logo.tradingview.com/scintilla-commercial-and-credit.svg,11.95
7200,ALLDIGI,Alldigi Tech Ltd,BSE,https://s3-symbol-logo.tradingview.com/allsec-technologie.svg,832.0
7232,INTEGFD,Integrated Proteins Ltd.,BSE,https://s3-symbol-logo.tradingview.com/integrated-proteins-ltd.svg,36.1
7233,ESCORP,Escorp Asset Management Ltd.,BSE,https://s3-symbol-logo.tradingview.com/escorp-asset-management-limite.svg,142.0
7234,LOWVOL,Mirae Asset Nifty 100 Low Volatility 30 ETF Exchange Traded Fund Units,BSE,https://s3-symbol-logo.tradingview.com/mirae-asset-sec.svg,213.59
7235,JAYUSH,Jay Ushin Limited,BSE,https://s3-symbol-logo.tradingview.com/jay-ushin-ltd.svg,912.0
7236,JKAGRI,JK Agri Genetics Ltd.,BSE,https://s3-symbol-logo.tradingview.com/jk-agri-genetics-ltd.svg,391.0
7237,UNITDCR,United Credit Ltd,BSE,https://s3-symbol-logo.tradingview.com/united-credit-ltd.svg,30.95
7238,BIRLANU,Birlanu Limited,BSE,https://s3-symbol-logo.tradingview.com/hil.svg,1545.2
7239,UNICK,Unick Fix-A-Form & Printers Ltd,BSE,https://s3-symbol-logo.tradingview.com/unick-fix-a-form-and-printers.svg,60.62
7240,SILINV,SIL Investments Limited,BSE,https://s3-symbol-logo.tradingview.com/sil-investments.svg,518.0
7241,MAGADSUGAR,Magadh Sugar & Energy Ltd.,BSE,https://s3-symbol-logo.tradingview.com/magadh-sugar-and-ene.svg,508.95
6194,UTINIFTETF,UTI Nifty 50 ETF,BSE,UT,288.44
5446,MIDCAPADD,DSP Nifty Midcap 150 ETF Exchange Traded Fund Units,NSE,MI,22.33
5451,FORCEMOT,Force Motors Limited,BSE,https://s3-symbol-logo.tradingview.com/force-motors.svg,18433.7
5452,RAMCOSYS,Ramco Systems Limited,BSE,https://s3-symbol-logo.tradingview.com/ramco-systems.svg,599.5
5453,DIGISPICE,DiGiSPICE Technologies Ltd.,BSE,https://s3-symbol-logo.tradingview.com/digispice-technologies-limited.svg,24.99
5454,BHARATGEAR,Bharat Gears Limited,BSE,https://s3-symbol-logo.tradingview.com/bharat-gears-ltd.svg,107.0
5455,SIDDHA,Siddha Ventures Limited,BSE,https://s3-symbol-logo.tradingview.com/siddha-ventures-ltd.svg,5.42
5456,VASWANI,Vaswani Industries Limited,BSE,https://s3-symbol-logo.tradingview.com/vaswani-industries-ltd.svg,60.0
5457,OFSS,Oracle Financial Services Software Limited,BSE,https://s3-symbol-logo.tradingview.com/oracle.svg,7803.15
5458,SUVEN,Suven Life Sciences Limited,BSE,https://s3-symbol-logo.tradingview.com/suven-life-science.svg,170.85
5459,RUCHINFRA,Ruchi Infrastructure Limited,BSE,https://s3-symbol-logo.tradingview.com/ruchi-infrastructu.svg,6.61
5460,HONDAPOWER,Honda India Power Products Limited,NSE,https://s3-symbol-logo.tradingview.com/honda.svg,2349.5
5461,KAYPOWR,Kay Power & Paper Ltd.,BSE,https://s3-symbol-logo.tradingview.com/kay-power-and-paper-ltd.svg,12.56
5462,MAHLOG,Mahindra Logistics Ltd.,BSE,https://s3-symbol-logo.tradingview.com/mahindra-logistics.svg,330.5
5463,MLKFOOD,Milkfood Ltd.,BSE,https://s3-symbol-logo.tradingview.com/milkfood-ltd.svg,61.0
5464,TOP100CASE,Zerodha Nifty 100 ETF,BSE,https://s3-symbol-logo.tradingview.com/zerodha-mutual-fd.svg,11.17
5465,PREMCO,Premco Global Limited,BSE,https://s3-symbol-logo.tradingview.com/premco-global-ltd.svg,432.05
5466,MEHSECU,Mehta Securities Ltd,BSE,https://s3-symbol-logo.tradingview.com/mehta-securities-ltd.svg,43.89
5467,ESABINDIA,Esab India Limited,NSE,https://s3-symbol-logo.tradingview.com/esab.svg,6226.0
5468,AXISCETF,Axis NIFTY India Consumption ETF,NSE,https://s3-symbol-logo.tradingview.com/axis-bank.svg,126.24
5469,SHHARICH,Shree Hari Chemicals Export Limited,BSE,https://s3-symbol-logo.tradingview.com/shree-hari-chemicals-export-lt.svg,113.0
5470,SABTNL,Sri Adhikari Brothers Television Network Limited,BSE,https://s3-symbol-logo.tradingview.com/sri-adhikari-bros.svg,1591.0
5471,EPIGRAL,Epigral Ltd,BSE,https://s3-symbol-logo.tradingview.com/meghmani-finechem-ltd.svg,1365.85
5472,MON50EQUAL,Motilal Oswal Nifty 50 Equal Weight ETF Exchange Traded Fund Units,NSE,https://s3-symbol-logo.tradingview.com/motilal.svg,33.49
5473,DSSL,Dynacons Systems & Solutions Ltd.,BSE,https://s3-symbol-logo.tradingview.com/dynacons-systems-and-solutions-l.svg,978.35
5474,PATANGPP,Kati Patang Lifestyle Limited TEMP,BSE,https://s3-symbol-logo.tradingview.com/virtualsoft-systems-ltd.svg,8.9
5475,NAGTECH,Nagarjuna Agri Tech Ltd.,BSE,https://s3-symbol-logo.tradingview.com/nacl-industries-limited.svg,45.56
5476,VIPULORG,Vipul Organics Limited,BSE,https://s3-symbol-logo.tradingview.com/vipul-organics-limited.svg,221.0
5477,AXISCADES,AXISCADES Technologies Ltd.,BSE,https://s3-symbol-logo.tradingview.com/axiscades-technologies-limited.svg,1347.65
5478,MODINATUR,Modi Naturals Limited,BSE,https://s3-symbol-logo.tradingview.com/modi-naturals-limited.svg,402.5
5479,HIMTEK,Him Teknoforge Ltd.,BSE,https://s3-symbol-logo.tradingview.com/him-teknoforge-limited.svg,215.3
5480,MARUTISE,Maruti Securities Ltd,BSE,https://s3-symbol-logo.tradingview.com/maruti-securities-ltd.svg,51.25
5481,ARVIND,Arvind Limited,BSE,https://s3-symbol-logo.tradingview.com/arvind.svg,318.25
7242,UNIENTER,Uniphos Enterprises Limited,BSE,https://s3-symbol-logo.tradingview.com/uniphos-enterprise.svg,145.0
7243,ACCEL,Accel Limited,BSE,https://s3-symbol-logo.tradingview.com/accel-limited.svg,15.45
7244,NATGENI,National General Industries Ltd.,BSE,https://s3-symbol-logo.tradingview.com/national-general-industries-lt.svg,42.2
7245,MALLCOM,Mallcom (India) Ltd.,BSE,https://s3-symbol-logo.tradingview.com/mallcom-india-ltd.svg,1186.5
7246,SOFTSOL,Softsol India Limited,BSE,https://s3-symbol-logo.tradingview.com/softsol-india-ltd.svg,226.5
7247,JATTAINDUS,Jattashankar Industries Ltd.,BSE,https://s3-symbol-logo.tradingview.com/jattashankar-industies-ltd.svg,384.0
7248,ELIXIR,Elixir Capital Ltd,BSE,https://s3-symbol-logo.tradingview.com/elixir-capital-limited.svg,99.55
7249,DEVINE,Devine Impex Limited,BSE,https://s3-symbol-logo.tradingview.com/devine-impex-ltd.svg,8.08
7250,DMCC,DMCC Speciality Chemicals Limited,BSE,https://s3-symbol-logo.tradingview.com/dmcc-speciality-chemicals.svg,258.0
7262,HESTERBIO,Hester Biosciences Limited,BSE,https://s3-symbol-logo.tradingview.com/hester-biosciences.svg,1598.0
7264,ITL,ITL Industries Limited,BSE,https://s3-symbol-logo.tradingview.com/itl-industries-ltd.svg,312.9
7265,BANARISUG,Bannari Amman Sugars Limited,NSE,https://s3-symbol-logo.tradingview.com/bannari-amman-sug.svg,3606.2
7266,ARCEEIN,Arcee Industries Limited,BSE,https://s3-symbol-logo.tradingview.com/arcee-industries-ltd.svg,5.8
7267,SURAJLTD,Suraj Limited,NSE,https://s3-symbol-logo.tradingview.com/suraj-ltd.svg,263.9
7268,AVROIND,AVRO India Ltd.,BSE,https://s3-symbol-logo.tradingview.com/avro-india-limited.svg,118.85
7269,MEGASOFT,Megasoft Limited,BSE,https://s3-symbol-logo.tradingview.com/megasoft-ltd.svg,191.3
7270,QNIFTY,Quantum Nifty 50 ETF,NSE,https://s3-symbol-logo.tradingview.com/quantum-gold-fund.svg,2864.0
7271,BINNYMILLS,Binny Mills Ltd.,BSE,https://s3-symbol-logo.tradingview.com/binny-mills-ltd.svg,247.85
7272,LICNETFN50,LIC MF Exchange Traded fund - Nifty 50 Units Exchange Traded Fund - Growth Plan - Growth,BSE,https://s3-symbol-logo.tradingview.com/lic-mf-exhge-traded.svg,290.26
5512,VIVIMEDLAB,Vivimed Labs Limited,BSE,VI,22.75
7273,VINTAGES,Vintage Securities Ltd.,BSE,https://s3-symbol-logo.tradingview.com/vintage-securities-ltd.svg,20.19
7274,RSCINT,RSC International Ltd,BSE,https://s3-symbol-logo.tradingview.com/rsc-international-ltd.svg,61.85
7275,GKWLIMITED,GKW Ltd.,NSE,https://s3-symbol-logo.tradingview.com/gkw-ltd.svg,1719.9
7276,DGCONTENT,Digicontent Ltd.,BSE,https://s3-symbol-logo.tradingview.com/digicontent-ltd.svg,32.46
7277,SOLARAPP1,Solara Active Pharma Sciences Ltd. TEMP,BSE,https://s3-symbol-logo.tradingview.com/solara-active-pharma.svg,375.25
7278,HARIAAPL,Haria Apparels Ltd,BSE,https://s3-symbol-logo.tradingview.com/haria-apparels-ltd.svg,6.26
7279,GRINFRA,G R Infraprojects Ltd.,BSE,https://s3-symbol-logo.tradingview.com/g-r-infraprojects.svg,1026.0
7280,CREST,Crest Ventures Limited,BSE,https://s3-symbol-logo.tradingview.com/crest-ventures.svg,399.0
7281,KGPETRO,KG Petrochem Ltd.,BSE,https://s3-symbol-logo.tradingview.com/kg-petrochem-ltd.svg,217.3
7282,VRFILMS,V R Films & Studios Limited,BSE,https://s3-symbol-logo.tradingview.com/v-r-films-and-studios-limited.svg,14.5
7283,SVLL,Shree Vasu Logistics Ltd.,NSE,https://s3-symbol-logo.tradingview.com/shree-vasu-logistics-ltd.svg,701.5
5501,CPML,City Pulse Multiventures Ltd,BSE,https://s3-symbol-logo.tradingview.com/city-pulse-multiplex-limited.svg,3002.0
5502,GMPL,G M Polyplast Ltd,BSE,https://s3-symbol-logo.tradingview.com/g-m-polyplast-limited.svg,65.0
5503,MRF,MRF Limited,NSE,https://s3-symbol-logo.tradingview.com/mrf.svg,153680.0
5504,HGS,Hinduja Global Solutions Limited,BSE,https://s3-symbol-logo.tradingview.com/hinduja-global-sol.svg,458.05
5505,SPTRSHI,Saptarishi Agro Industries Ltd.,BSE,https://s3-symbol-logo.tradingview.com/saptarishi-agro-industries-ltd.svg,38.95
5506,RAYMONDLSL,Raymond Lifestyle Limited,BSE,https://s3-symbol-logo.tradingview.com/raymond-lifestyle-ltd.svg,1058.7
5507,RUPA,Rupa & Co. Ltd.,BSE,https://s3-symbol-logo.tradingview.com/rupa-and-co-ltd.svg,164.5
5508,VIKRAMTH,Vikram Thermo (India) Limited,BSE,https://s3-symbol-logo.tradingview.com/vikram-thermo-india-ltd.svg,159.7
5509,LOTUSCHO,Lotus Chocolate Co. Ltd.,BSE,https://s3-symbol-logo.tradingview.com/lotus-chocolate-coltd.svg,844.95
5510,GRAMEVA,Grameva Limited,BSE,https://s3-symbol-logo.tradingview.com/bangalore-fort-farms-limited.svg,57.36
5511,PANCHMAHQ,Panchmahal Steel Ltd,BSE,https://s3-symbol-logo.tradingview.com/panchmahal-steel-ltd.svg,300.05
5513,WEIZMANIND,Weizmann Limited,NSE,https://s3-symbol-logo.tradingview.com/weizmann-ltd.svg,99.98
5514,RESPONSINF,Response Informatics Ltd,BSE,https://s3-symbol-logo.tradingview.com/response-informatics-ltd.svg,35.42
5551,KRISHIVAL,Krishival Foods Limited,BSE,https://s3-symbol-logo.tradingview.com/krishival-foods-li.svg,423.1
5552,SANOFICONR,Sanofi Consumer Healthcare India Limited,NSE,https://s3-symbol-logo.tradingview.com/sanofi-cons-healthc-ind-l.svg,4540.9
5553,AICHAMP,A.I. Champdany Industries Ltd.,BSE,https://s3-symbol-logo.tradingview.com/ai-champdany-industries-ltd.svg,48.0
5554,RACE,Race Eco Chain Ltd.,NSE,https://s3-symbol-logo.tradingview.com/race-eco-chain-limited.svg,146.49
5555,SAINIK,Sainik Finance & Industries Limited,BSE,https://s3-symbol-logo.tradingview.com/sainik-finance-and-industries-lt.svg,39.5
5556,TAINWALCHM,Tainwala Chemicals & Plastics (India) Ltd,BSE,https://s3-symbol-logo.tradingview.com/tainwala-chemicals-and-plastics.svg,201.0
5557,IWP,Indian Wood Products Co. Ltd.,BSE,https://s3-symbol-logo.tradingview.com/the-indian-wood-products-co-l.svg,37.15
5558,REMUS,Remus Pharmaceuticals Ltd.,NSE,https://s3-symbol-logo.tradingview.com/remus-pharmaceutic.svg,725.0
5559,SOFTTECH,SoftTech Engineers Ltd.,NSE,https://s3-symbol-logo.tradingview.com/softtech-engineers-limited.svg,328.2
5560,V2RETAIL,V2 Retail Limited,BSE,https://s3-symbol-logo.tradingview.com/v2-retail-ltd.svg,2330.55
5561,TARMAT,Tarmat Ltd.,BSE,https://s3-symbol-logo.tradingview.com/tarmat-ltd.svg,51.82
7284,EXPLEOSOL,Expleo Solutions Limited,BSE,https://s3-symbol-logo.tradingview.com/expleo-solutions.svg,1034.5
7285,BCONCEPTS,Brand Concepts Ltd.,BSE,https://s3-symbol-logo.tradingview.com/brand-concepts-limited.svg,315.0
7286,HONDAPOWER,Honda India Power Products Limited,BSE,https://s3-symbol-logo.tradingview.com/honda.svg,2350.0
7287,SURYALA,Suryalata Spinning Mills Limited,BSE,https://s3-symbol-logo.tradingview.com/suryalata-spinning-mills-ltd.svg,330.1
7288,ENIL,Entertainment Network (India) Limited,BSE,https://s3-symbol-logo.tradingview.com/entertainment-network-india.svg,114.7
7289,RUSTOMJEE,Keystone Realtors Ltd.,BSE,https://s3-symbol-logo.tradingview.com/keystone-realtors-limited.svg,523.55
7290,ASTRON,Astron Paper & Board Mill Ltd.,BSE,https://s3-symbol-logo.tradingview.com/astron-paper-and-board-mill-limi.svg,6.1
7291,ALANSCOTT,Alan Scott Enterprises Ltd.,BSE,https://s3-symbol-logo.tradingview.com/alan-scott-industries-ltd.svg,360.15
7292,JASCH,Jasch Industries Limited,BSE,https://s3-symbol-logo.tradingview.com/jasch-gauging-technologies-lim.svg,161.85
7293,TVSSRICHAK,TVS Srichakra Limited,BSE,https://s3-symbol-logo.tradingview.com/tvs-srichakra-ltd.svg,4183.15
7294,CONSTRONIC,Constronics Infra Limited,BSE,https://s3-symbol-logo.tradingview.com/constronics-infra-limited.svg,56.56
7295,GEECEE,GeeCee Ventures Limited,BSE,https://s3-symbol-logo.tradingview.com/geecee-ventures.svg,336.0
7296,CHORDIA,Chordia Food Products Limited,BSE,https://s3-symbol-logo.tradingview.com/chordia-food-products-ltd.svg,77.15
7297,PROGREXV,Progrex Ventures Ltd.,BSE,https://s3-symbol-logo.tradingview.com/progrex-ventures-limited.svg,25.57
7298,MANRAJH,Manraj Housing Finance Ltd.,BSE,https://s3-symbol-logo.tradingview.com/manraj-housing-finance-ltd.svg,47.9
7299,NRAIL,NR Agarwal Industries Ltd.,BSE,https://s3-symbol-logo.tradingview.com/nragarwal-industries-ltd.svg,493.9
7300,NORTHLINK,Northlink Fiscal and Capital Services Ltd,BSE,https://s3-symbol-logo.tradingview.com/northlink-fiscal-and-capital-s.svg,16.67
7312,ACEENGITEC,Ace Engitech Limited,BSE,https://s3-symbol-logo.tradingview.com/ace-engitech-limited.svg,134.45
7313,SHRINIWAS,Shri Niwas Leasing And Finance Ltd,BSE,https://s3-symbol-logo.tradingview.com/shri-niwas-leasing-and-finance.svg,10.42
7314,11MPR,Nippon India Equity Hybrid Fund- Segregated Portfolio 2 Units 2020-MONTHLY DIVIDEND REINVESTMENT,BSE,https://s3-symbol-logo.tradingview.com/nippon-life-india-asset.svg,43.51
7315,BANKNIFTY1,Kotak Nifty Bank ETF,BSE,https://s3-symbol-logo.tradingview.com/kotak-mahindra-ast.svg,613.31
7316,MPILCORPL,MPIL Corporation Ltd.,BSE,https://s3-symbol-logo.tradingview.com/mpil-ltd.svg,438.9
7317,RAUNAQ,Raunaq International Ltd,BSE,https://s3-symbol-logo.tradingview.com/raunaq-epc-international-limit.svg,62.97
7318,ESENSEX,Edelweiss BSE Sensex ETF Exchange Traded Fund Units,BSE,https://s3-symbol-logo.tradingview.com/edelweiss-fin-serv.svg,84.6
7319,RAMANEWS,Shree Rama Newsprint Ltd.,BSE,https://s3-symbol-logo.tradingview.com/shree-rama-newspri.svg,30.56
7320,GOGIACAPGL,Gogia Capital Growth Ltd,BSE,https://s3-symbol-logo.tradingview.com/gogia-capital-services-limited.svg,75.0
3,SENSEX,SENSEX,INDEX,logos/SENSEX.svg,71000.0
5601,HELPAGE,Helpage Finlease Ltd.,BSE,https://s3-symbol-logo.tradingview.com/helpage-finlease-ltd.svg,25.99
5602,WINSOME,Winsome Yarns Ltd,NSE,https://s3-symbol-logo.tradingview.com/winsome-yarns-ltd.svg,1.9
5603,AGIIL,Agi Infra Ltd.,BSE,https://s3-symbol-logo.tradingview.com/agi-infra-ltd.svg,261.85
5604,INFRAIETF,ICICI Prudential Nifty Infrastructure ETF,BSE,https://s3-symbol-logo.tradingview.com/icici-prudential-bank.svg,99.12
5605,KANORICHEM,Kanoria Chemicals & Industries Ltd,BSE,https://s3-symbol-logo.tradingview.com/kanoria-chemicals-and-industries.svg,79.04
5606,GLFL,Gujarat Lease Financing Limited,NSE,https://s3-symbol-logo.tradingview.com/gujarat-lease-financing-ltd.svg,5.97
5607,PRUDENT,Prudent Corporate Advisory Services Limited,BSE,https://s3-symbol-logo.tradingview.com/prudent-corporate-advisory-ser.svg,2652.0
5608,NIPPOBATRY,Indo National Limited,NSE,https://s3-symbol-logo.tradingview.com/indo-national-ltd.svg,412.65
5609,IVALUE,Ivalue Infosolutions Limited,BSE,https://s3-symbol-logo.tradingview.com/ivalue-infosolutions-limited.svg,275.65
5610,GARBIFIN,Garbi Finvest Ltd.,BSE,https://s3-symbol-logo.tradingview.com/garbi-finvest-limited.svg,13.24
5611,BANSALWIRE,Bansal Wire Industries Limited,BSE,https://s3-symbol-logo.tradingview.com/bansal-wire-industries-l.svg,313.15
5612,BRAWN,Brawn Biotech Limited,BSE,https://s3-symbol-logo.tradingview.com/brawn-biotech-ltd.svg,22.1
5613,PLATIND,Platinum Industries Limited,BSE,https://s3-symbol-logo.tradingview.com/platinum-industries-limited.svg,264.55
5614,SARUPINDUS,Sarup Industries Limited,BSE,https://s3-symbol-logo.tradingview.com/sarup-industries-ltd.svg,145.35
5615,ANTELOPUS,Antelopus Selan Energy Ltd,BSE,https://s3-symbol-logo.tradingview.com/selan-exploration-technology-l.svg,421.95
5616,HINFLUR,Hindustan Fluorocarbons Ltd.,BSE,https://s3-symbol-logo.tradingview.com/hindustan-fluorocarbons-ltd.svg,16.51
5617,ACKNIT,Acknit Industries Limited,BSE,https://s3-symbol-logo.tradingview.com/acknit-industries-ltd.svg,275.0
5618,SIDDHEGA,Siddheswari Garments Ltd,BSE,https://s3-symbol-logo.tradingview.com/siddheswari-garments-ltd.svg,16.8
5619,UNIVPHOTO,Universus Photo Imagings Ltd,BSE,https://s3-symbol-logo.tradingview.com/universus-photo-imagings-limit.svg,237.75
5620,KAMATHOTEL,Kamat Hotels (India) Ltd,BSE,https://s3-symbol-logo.tradingview.com/kamat-hotels-ind.svg,238.55
5621,ATHARVENT,Atharv Enterprises Limited,BSE,https://s3-symbol-logo.tradingview.com/atharv-enterprises-ltd.svg,3.31
5622,KANCHI,Kanchi Karpooram Ltd,BSE,https://s3-symbol-logo.tradingview.com/kanchi-karpooram-ltd.svg,369.5
5623,MAHKTECH,Mirae Asset Hang Seng TECH ETF Units Exchange Traded Fund,BSE,https://s3-symbol-logo.tradingview.com/mirae-asset-sec.svg,25.28
5624,HEALTHY,Aditya Birla Sun Life Nifty Healthcare ETF Units Exchange Traded Fund,BSE,https://s3-symbol-logo.tradingview.com/aditya-birla-fash.svg,15.24
5625,BBTCL,B&B Triplewall Containers Ltd.,BSE,https://s3-symbol-logo.tradingview.com/bandb-triplewall-containers-limi.svg,190.0
7321,VINYOFL,Vinyoflex Limited,BSE,https://s3-symbol-logo.tradingview.com/vinyoflex-ltd.svg,54.16
7322,SANATHAN,Sanathan Textiles Limited,BSE,https://s3-symbol-logo.tradingview.com/sanathan-textiles-limited.svg,448.1
7323,EUROLED,Euro Leder Fashion Ltd.,BSE,https://s3-symbol-logo.tradingview.com/euro-leder-fashion-ltd.svg,20.0
7324,KRITI,Kriti Industries (India) Ltd.,BSE,https://s3-symbol-logo.tradingview.com/kriti-industries-ind-ltd.svg,88.31
7325,VADILALIND,Vadilal Industries Limited,BSE,https://s3-symbol-logo.tradingview.com/vadilal-industries-ltd.svg,5050.0
7326,BAPACK,B&A Packaging India Ltd.,BSE,https://s3-symbol-logo.tradingview.com/banda-packaging-india-limited.svg,220.0
7327,HUIL,Hindusthan Urban Infrastructure Ltd.,BSE,https://s3-symbol-logo.tradingview.com/hindusthan-urban-infrastructur.svg,1970.05
7328,SECMARK,SecMark Consultancy Ltd.,BSE,https://s3-symbol-logo.tradingview.com/secmark-consultancy-limited.svg,116.55
7329,ANSINDUS,ANS Industries Ltd.,BSE,https://s3-symbol-logo.tradingview.com/ans-industries-ltd.svg,13.02
7330,KAYCEEI,Kaycee Industries Ltd.,BSE,https://s3-symbol-logo.tradingview.com/kaycee-industries-ltd.svg,920.0
7331,FUTSOL,Futuristic Solutions Limited,BSE,https://s3-symbol-logo.tradingview.com/futuristic-solutions-ltd.svg,50.0
7332,TIRUSTA,Tirupati Starch & Chemicals Limited,BSE,https://s3-symbol-logo.tradingview.com/tirupati-starch-and-chemicals-lt.svg,165.25
7333,FUTURSEC,Futuristic Securities Limited,BSE,https://s3-symbol-logo.tradingview.com/futuristic-securities-ltd.svg,36.1
7334,SVGLOBAL,S V Global Mill Ltd.,BSE,https://s3-symbol-logo.tradingview.com/s-v-global-mill-ltd.svg,142.95
7335,LEADFIN,Lead Financial Services Limited,BSE,https://s3-symbol-logo.tradingview.com/lead-financial-services-ltd.svg,16.0
7336,SETFNIFBK,SBI-ETF Nifty Bank,BSE,https://s3-symbol-logo.tradingview.com/sbi-mutual-fund.svg,607.64
7337,PRIMAGR,Prima Agro Ltd.,BSE,https://s3-symbol-logo.tradingview.com/prima-industries-ltd.svg,22.44
7338,VENLONENT,Venlon Enterprises Limited,BSE,https://s3-symbol-logo.tradingview.com/venlon-enterprises-ltd.svg,7.0
7339,SIKOZY,Sikozy Realtors Limited,BSE,https://s3-symbol-logo.tradingview.com/sikozy-realtors-limited.svg,0.96
7340,11AMD,Nippon India Equity Hybrid Fund- Segregated Portfolio 2 Units 2020-DIRECT MONTHLY DIVIDEND DIVIDEND PAYOUT,BSE,https://s3-symbol-logo.tradingview.com/nippon-life-india-asset.svg,44.96
7341,NIFTYADD,DSP Nifty 50 ETF Units Exchange Traded Fund,BSE,https://s3-symbol-logo.tradingview.com/dsp-blackrock-mutu.svg,274.3
7342,ARYAN,Aryan Share & Stock Brokers Ltd.,BSE,https://s3-symbol-logo.tradingview.com/aryan-share-and-stock-brokers-lt.svg,24.88
7344,AAIL,Akar Auto Industries Ltd,BSE,https://s3-symbol-logo.tradingview.com/akar-auto-industries-limited.svg,126.0
7345,PILANIINVS,Pilani Investment And Industries Corporation Limited,BSE,https://s3-symbol-logo.tradingview.com/pilani-investment.svg,5185.5
7346,GUJTERC,Gujarat Terce Laboratories Limited,BSE,https://s3-symbol-logo.tradingview.com/gujarat-terce-laboratories-ltd.svg,49.04
7347,NIF10GETF,UTI Nifty 10 yr Benchmark G-Sec ETF Exchange Traded Fund Units,BSE,https://s3-symbol-logo.tradingview.com/uti-asset-management.svg,26.19
7863,SILVERBETA,UTI Silver ETF,NSE,SI,211.68
5714,TOP20,Mirae Asset Nifty Top 20 Equal Weight ETF Exchange Traded Fund Units,BSE,TO,9.73
5651,ETML,Emerald Tyre Manufacturers Ltd.,NSE,https://s3-symbol-logo.tradingview.com/emerald-tyre-manuf-ltd.svg,106.5
5652,K2INFRA,K2 Infragen Limited,NSE,https://s3-symbol-logo.tradingview.com/k2-infragen-ltd.svg,62.55
5653,HPTL,HP Telecom India Limited,NSE,https://s3-symbol-logo.tradingview.com/hp-telecom-india-ltd.svg,277.95
5654,DCG,DCG Cables & Wires Ltd,NSE,https://s3-symbol-logo.tradingview.com/dcg-cables-and-wires.svg,65.0
5655,VPL,Vrundavan Plantation Ltd.,BSE,https://s3-symbol-logo.tradingview.com/vrundavan-plantation-limited.svg,43.0
5656,CTLLAB,Clinitech Laboratory Limited,BSE,https://s3-symbol-logo.tradingview.com/clinitech-laboratory-limited.svg,37.5
5657,PIOTEX,Piotex Industries Limited,BSE,https://s3-symbol-logo.tradingview.com/piotex-industries-limited.svg,60.0
5701,RASSIREF,Raasi Refractories Ltd.,BSE,https://s3-symbol-logo.tradingview.com/raasi-refractories-ltd.svg,21.22
5702,MADHUVEER,Madhuveer Com 18 Network Ltd.,BSE,https://s3-symbol-logo.tradingview.com/madhuveer-com-18-network-limit.svg,210.0
5703,PSUBNKIETF,ICICI Prudential Nifty PSU Bank ETF Exchange Traded Fund Units,BSE,https://s3-symbol-logo.tradingview.com/icici-prudential-bank.svg,84.43
5704,TINNARUBR,Tinna Rubber & Infrastructure Limited,BSE,https://s3-symbol-logo.tradingview.com/tinna-rubber-and-infrastructur.svg,812.0
5705,SUNSHIEL,Sunshield Chemicals Limited,BSE,https://s3-symbol-logo.tradingview.com/sunshield-chemicals-ltd.svg,927.95
5706,VENUSREM,Venus Remedies Limited,BSE,https://s3-symbol-logo.tradingview.com/venus-remedies-ltd.svg,822.0
5707,VELHO,Velan Hotels Limited,BSE,https://s3-symbol-logo.tradingview.com/velan-hotels-ltd.svg,5.81
5708,GODAVARIB,Godavari Biorefineries Limited,BSE,https://s3-symbol-logo.tradingview.com/godavari-biorefineries-l.svg,265.75
5709,HITECHGEAR,Hi-Tech Gears Limited,BSE,https://s3-symbol-logo.tradingview.com/the-hi-tech-gears-ltd.svg,685.0
5710,BALPHARMA,Bal Pharma Limited,BSE,https://s3-symbol-logo.tradingview.com/bal-pharma-ltd.svg,73.0
5711,WANBURY,Wanbury Limited,BSE,https://s3-symbol-logo.tradingview.com/wanbury-ltd.svg,233.3
5712,GOODLUCK,Goodluck India Ltd.,BSE,https://s3-symbol-logo.tradingview.com/goodluck-india-ltd.svg,1068.95
5713,MAPMYINDIA,C.E. Info Systems Ltd.,BSE,https://s3-symbol-logo.tradingview.com/c-e-info-systems-ltd.svg,1729.0
5715,ONWARDTEC,Onward Technologies Limited,BSE,https://s3-symbol-logo.tradingview.com/onward-technologies-ltd.svg,277.9
5716,HATSUN,Hatsun Agro Product Limited,BSE,https://s3-symbol-logo.tradingview.com/hatsun-agro-product.svg,983.8
5717,CHEMBOND,Chembond Material Technologies Limited,BSE,https://s3-symbol-logo.tradingview.com/chembond-chemicals-ltd.svg,160.0
5718,VADILALIND,Vadilal Industries Limited,NSE,https://s3-symbol-logo.tradingview.com/vadilal-industries-ltd.svg,5045.0
5719,HARIAEXPO,Haria Exports Limited,BSE,https://s3-symbol-logo.tradingview.com/haria-exports-ltd.svg,6.81
7348,ASTRAZEN,AstraZeneca Pharma India Limited,BSE,https://s3-symbol-logo.tradingview.com/astrazeneca.svg,9147.5
7349,BLUECOAST,Blue Coast Hotels Limited,BSE,https://s3-symbol-logo.tradingview.com/blue-coast-hotels-ltd.svg,34.51
7350,BERLDRG,Beryl Drugs Limited,BSE,https://s3-symbol-logo.tradingview.com/beryl-drugs-ltd.svg,23.75
7378,RFLL,Rita Finance & Leasing Ltd.,BSE,https://s3-symbol-logo.tradingview.com/rita-finance-and-leasing-limit.svg,19.07
7379,RATNABHUMI,Ratnabhumi Developers Ltd.,BSE,https://s3-symbol-logo.tradingview.com/ratnabhumi-developers-limited.svg,233.45
7380,ORIENTLTD,Orient Press Limited,BSE,https://s3-symbol-logo.tradingview.com/orient-press-ltd.svg,78.95
7381,KINGFA,Kingfa Science & Technology (India) Limited,BSE,https://s3-symbol-logo.tradingview.com/kingfa-science-and-t.svg,4239.35
7382,MIZVEN,Mizzen Ventures Ltd,BSE,https://s3-symbol-logo.tradingview.com/jyothi-infraventures-ltd.svg,139.6
7383,HARLETH,Haryana Leather Chemicals Limited,BSE,https://s3-symbol-logo.tradingview.com/haryana-leather-chemicals-ltd.svg,61.0
7384,DCMFINSERV,DCM Financial Services Limited,BSE,https://s3-symbol-logo.tradingview.com/dcm-financial-services-ltd.svg,5.24
7385,SBECSYS,SBEC Systems (India) Ltd,BSE,https://s3-symbol-logo.tradingview.com/sbec-systems-india-ltd.svg,21.8
7386,PKTEA,Peria Karamalai Tea & Produce Co. Ltd.,NSE,https://s3-symbol-logo.tradingview.com/peria-karamalai-te.svg,845.4
7387,SHIVAUM,Shiv Aum Steels Ltd.,NSE,https://s3-symbol-logo.tradingview.com/shiv-aum-steels-ltd.svg,282.0
7388,DEL,Dhanashree Electronics Ltd.,BSE,https://s3-symbol-logo.tradingview.com/dhanashree-electronics-limited.svg,225.0
7389,HAWKINCOOK,Hawkins Cookers Limited,BSE,https://s3-symbol-logo.tradingview.com/hawkins-cookers-ltd.svg,8098.9
7390,VENMAX,Venmax Drugs & Pharmaceuticals Ltd.,BSE,https://s3-symbol-logo.tradingview.com/venmax-drugs-and-pharmaceutica.svg,27.69
7391,ICRA,ICRA Limited,BSE,https://s3-symbol-logo.tradingview.com/icra-ltd.svg,6220.0
7392,ABBOTINDIA,Abbott India Limited,BSE,https://s3-symbol-logo.tradingview.com/abbott.svg,28070.0
7393,QGO,Qgo Finance Ltd.,BSE,https://s3-symbol-logo.tradingview.com/qgo-finance-limited.svg,46.99
7394,NSIL,Nalwa Sons Investments Limited,BSE,https://s3-symbol-logo.tradingview.com/nalwa-sons-invest.svg,6564.0
7395,CSURGSU,Centenial Surgical Suture Ltd.,BSE,https://s3-symbol-logo.tradingview.com/centenial-surgical-suture-ltd.svg,103.95
7396,SUNLOC,Sunil Healthcare Ltd.,BSE,https://s3-symbol-logo.tradingview.com/sunil-healthcare-ltd.svg,67.11
7397,VIVIDIND,Vivid Global Industries Limited,BSE,https://s3-symbol-logo.tradingview.com/vivid-global-industries-ltd.svg,17.48
7398,DFL,Decillion Finance Ltd,BSE,https://s3-symbol-logo.tradingview.com/decillion-finance-ltd.svg,52.25
7399,UNIDT,United Drilling Tools Limited,BSE,https://s3-symbol-logo.tradingview.com/united-drilling-tools-ltd.svg,201.9
7400,WELINV,Welspun Investments & Commercials Ltd.,BSE,https://s3-symbol-logo.tradingview.com/welspun.svg,1357.25
7408,ALFREDHE,Alfred Herbert (India) Ltd.,BSE,https://s3-symbol-logo.tradingview.com/alfred-herbert-india-ltd.svg,2835.0
7409,KKPLASTICK,Kkalpana Plastick Ltd.,BSE,https://s3-symbol-logo.tradingview.com/kkalpana-plastick-limited.svg,31.66
7410,AKCAPIT,A. K. Capital Services Ltd.,BSE,https://s3-symbol-logo.tradingview.com/akcapital-services-ltd.svg,1421.05
7411,AVIVA,Aviva Industries Limited,BSE,https://s3-symbol-logo.tradingview.com/aviva-industries-ltd.svg,57.29
7412,UYFINCORP,U. Y. Fincorp Limited,BSE,https://s3-symbol-logo.tradingview.com/u-y-fincorp-limited.svg,14.45
7413,CEWATER,Concord Enviro Systems Limited,BSE,https://s3-symbol-logo.tradingview.com/concord-enviro-systems-limited.svg,442.65
7414,KJMCCORP,KJMC Corporate Advisors (India) Ltd.,BSE,https://s3-symbol-logo.tradingview.com/kjmc-financial-services-ltd.svg,55.99
5751,ADLINE,Adline Chem Lab Limited,BSE,https://s3-symbol-logo.tradingview.com/adline-chem-lab-limited.svg,8.78
5752,CYBERMEDIA,Cyber Media (India) Limited,BSE,https://s3-symbol-logo.tradingview.com/cyber-media-india-ltd.svg,15.8
5753,POLYMED,Poly Medicure Limited,BSE,https://s3-symbol-logo.tradingview.com/poly-medicure.svg,1791.35
5754,PDMJEPAPER,Pudumjee Paper Products Ltd.,BSE,https://s3-symbol-logo.tradingview.com/pudumjee-paper-products-limite.svg,98.2
5755,HYBRIDFIN,Hybrid Financial Services Ltd.,BSE,https://s3-symbol-logo.tradingview.com/hybrid-financial-services.svg,19.7
5756,SHILCTECH,Shilchar Technologies Limited,BSE,https://s3-symbol-logo.tradingview.com/shilchar-technologies-ltd.svg,3978.65
5757,MOTOGENFIN,Motor & General Finance Ltd.,BSE,https://s3-symbol-logo.tradingview.com/motor-and-general-finance-ltd.svg,22.67
5758,CHEVIOT,Cheviot Co. Ltd.,NSE,https://s3-symbol-logo.tradingview.com/cheviot-company-ltd.svg,1089.2
5759,SAKHTISUG,Sakthi Sugars Limited,BSE,https://s3-symbol-logo.tradingview.com/sakthi-sugars-ltd.svg,19.4
5760,SCPL,Sheetal Cool Products Ltd.,BSE,https://s3-symbol-logo.tradingview.com/sheetal-cool-products-ltd.svg,310.35
5761,KAMAHOLD,Kama Holdings Limited,BSE,https://s3-symbol-logo.tradingview.com/kama-holdings-limited.svg,2829.0
5762,RSWM,RSWM Ltd,BSE,https://s3-symbol-logo.tradingview.com/rswm.svg,152.0
5763,CDG,CDG Petchem Ltd,BSE,https://s3-symbol-logo.tradingview.com/cdg-petchem-limited.svg,104.05
5764,HDFCMOMENT,13 HDFC Nifty 200 Momentum 30 ETF,BSE,https://s3-symbol-logo.tradingview.com/hdfc-bank.svg,31.8
5765,SHARDUL,Shardul Securities Limited,BSE,https://s3-symbol-logo.tradingview.com/shardul-securities-ltd.svg,35.0
5766,NIRLON,Nirlon Limited,BSE,https://s3-symbol-logo.tradingview.com/nirlon-ltd.svg,505.0
5767,COSMOFE,Cosmo Ferrites Limited,BSE,https://s3-symbol-logo.tradingview.com/cosmo-ferrites-ltd.svg,161.6
5768,CPPLUS,Aditya Infotech Limited,BSE,https://s3-symbol-logo.tradingview.com/aditya-infotech-ltd.svg,1573.75
5769,TMB,Tamilnad Mercantile Bank Limited,BSE,https://s3-symbol-logo.tradingview.com/tamilnad-mercantile-bank-limit.svg,503.65
5770,INTERNET,Mirae Asset Nifty India Internet ETF Units Exchange Traded Fund,BSE,https://s3-symbol-logo.tradingview.com/mirae-asset-sec.svg,14.34
5771,WILLAMAGOR,Williamson Magor & Co.Ltd.,NSE,https://s3-symbol-logo.tradingview.com/williamson-magor-and.svg,29.86
7415,CHEVIOT,Cheviot Co. Ltd.,BSE,https://s3-symbol-logo.tradingview.com/cheviot-company-ltd.svg,1084.4
7416,BPLPHARMA,Bharat Parenterals Ltd.,BSE,https://s3-symbol-logo.tradingview.com/bharat-parenterals-limited.svg,1219.4
7417,INDOCRED,Indo Credit Capital Ltd.,BSE,https://s3-symbol-logo.tradingview.com/indo-credit-capital-ltd.svg,3.59
7418,HILLTONE,Hilltone software & Gases Limited,BSE,https://s3-symbol-logo.tradingview.com/hilltone-software-and-gases-lt.svg,76.95
7419,COVANCE,Covance Softsol Limited,BSE,https://s3-symbol-logo.tradingview.com/covance-softsol-limited.svg,92.26
7420,AGRITECH,Agri-Tech (India) Ltd.,BSE,https://s3-symbol-logo.tradingview.com/agri-tech-india-ltd.svg,161.5
7421,TVSHLTD,TVS Holdings Limited,BSE,https://s3-symbol-logo.tradingview.com/sundaram-clayton.svg,14449.6
7422,EMERGENT,Emergent Industrial Solutions Ltd,BSE,https://s3-symbol-logo.tradingview.com/emergent-industrial-solutions.svg,552.5
7423,BAZELINTER,Bazel International Ltd.,BSE,https://s3-symbol-logo.tradingview.com/bazel-international-limited.svg,64.0
7424,GALAXYSURF,Galaxy Surfactants Ltd.,BSE,https://s3-symbol-logo.tradingview.com/galaxy-surfactants.svg,2030.6
7425,ELEMARB,Elegant Marbles & Grani Industries Ltd.,BSE,https://s3-symbol-logo.tradingview.com/elegant-marbles-and-grani-indust.svg,218.0
7426,GOPAIST,Gopal Iron & Steels Co. Gujarat Ltd.,BSE,https://s3-symbol-logo.tradingview.com/gopal-iron-and-steels-co-gujara.svg,9.51
7427,DHANFAB,Dhanlaxmi Fabrics Limited,BSE,https://s3-symbol-logo.tradingview.com/dhanlaxmi-fabrics-ltd.svg,54.23
7428,KAKATCEM,Kakatiya Cement Sugar & Industries Ltd.,BSE,https://s3-symbol-logo.tradingview.com/kakatiya-cement-sugar-and-indust.svg,128.2
7429,DICIND,DIC India Limited,BSE,https://s3-symbol-logo.tradingview.com/dic-india-ltd.svg,484.95
7430,DHRUVCA,Dhruva Capital Services Limited,BSE,https://s3-symbol-logo.tradingview.com/dhruva-capital-services-ltd.svg,158.95
7431,ARYACAPM,Aryaman Capital Markets Ltd.,BSE,https://s3-symbol-logo.tradingview.com/aryaman-financial-services-ltd.svg,490.0
7432,ORIENTLTD,Orient Press Limited,NSE,https://s3-symbol-logo.tradingview.com/orient-press-ltd.svg,77.18
7433,GLANCE,Glance Finance Limited,BSE,https://s3-symbol-logo.tradingview.com/glance-finance-ltd.svg,184.15
7434,ACCEDERE,Accedere Ltd,BSE,https://s3-symbol-logo.tradingview.com/accedere-limited.svg,81.0
7435,BOMBCYC,Bombay Cycle & Motor Agency Ltd.,BSE,https://s3-symbol-logo.tradingview.com/bombay-cycle-and-motor-agency-lt.svg,1695.0
7436,AXENTRA,Axentra Corp Ltd,BSE,https://s3-symbol-logo.tradingview.com/dugar-housing-developments-ltd.svg,368.2
7437,AMBARPIL,Ambar Protein Industries Ltd.,BSE,https://s3-symbol-logo.tradingview.com/ambar-protein-industries-limit.svg,276.0
5801,ABCOTS,AB Cotspin India Ltd.,NSE,https://s3-symbol-logo.tradingview.com/ab-cotspin-india-l.svg,411.45
5851,SIGNORIA,Signoria Creation Limited,NSE,https://s3-symbol-logo.tradingview.com/signoria-creation.svg,95.7
5852,PRERINFRA,Prerna Infrabuild Limited,BSE,https://s3-symbol-logo.tradingview.com/prerna-infrabuild-ltd.svg,29.5
5853,AMBOAGRI,Ambo Agritec Ltd.,BSE,https://s3-symbol-logo.tradingview.com/ambo-agritec-limited.svg,32.7
5854,PRLIND,Premier Roadlines Ltd.,NSE,https://s3-symbol-logo.tradingview.com/premier-roadlines.svg,76.55
5855,SHREE,Shree Marutinandan Tubes Ltd.,BSE,https://s3-symbol-logo.tradingview.com/shree-marutinandan-tubes-limit.svg,90.0
5856,SCARNOSE,Scarnose International Ltd.,BSE,https://s3-symbol-logo.tradingview.com/scarnose-international-limited.svg,62.8
5857,ZGOLDINV,Gold Rock Investments Ltd.,BSE,https://s3-symbol-logo.tradingview.com/gold-rock-investments-ltd.svg,12.14
5858,NEPTUNE,Neptune Petrochemicals Limited,NSE,https://s3-symbol-logo.tradingview.com/neptune-petrochemicals-l.svg,223.7
5859,PENTAGON,Pentagon Rubber Limited,NSE,https://s3-symbol-logo.tradingview.com/pentagon-rubber-li.svg,73.25
5860,MAIDEN,Maiden Forgings Ltd.,BSE,https://s3-symbol-logo.tradingview.com/maiden-forgings-limited.svg,93.33
5861,ACML,Aditya Consumer Marketing Ltd.,BSE,https://s3-symbol-logo.tradingview.com/aditya-consumer-marketing-limi.svg,38.79
5862,FILME,Filmcity Media Limited,BSE,https://s3-symbol-logo.tradingview.com/filmcity-media-ltd.svg,2.07
5863,CONTAINE,Containe Technologies Ltd.,BSE,https://s3-symbol-logo.tradingview.com/containe-technologies-limited.svg,29.76
5864,KKJEWELS,Kabra Jewels Limited,NSE,https://s3-symbol-logo.tradingview.com/kabra-jewels-ltd.svg,90.7
5865,INNOVATIVE,Innovative Ideals & Services (India) Ltd.,BSE,https://s3-symbol-logo.tradingview.com/innovative-ideals-and-services.svg,16.5
5866,CUDML,Cash Ur Drive Marketing Limited,NSE,https://s3-symbol-logo.tradingview.com/cash-ur-drive-marketing-l.svg,140.0
5867,DESCO,Desco Infratech Ltd.,BSE,https://s3-symbol-logo.tradingview.com/desco-infratech-limited.svg,203.0
5868,ROCKPP.E1,RockingDeals Circular Economy Limited TEMP,NSE,https://s3-symbol-logo.tradingview.com/rockingdeals-circu.svg,78.0
5869,GUJCONT,Gujarat Containers Ltd.,BSE,https://s3-symbol-logo.tradingview.com/gujarat-containers-ltd.svg,172.0
5870,EMAPARTNER,Ema Partners India Limited,NSE,https://s3-symbol-logo.tradingview.com/ema-partners-india-ltd.svg,85.25
5871,IFINSER,Interactive Financial Services Ltd.,BSE,https://s3-symbol-logo.tradingview.com/interactive-financial-services.svg,17.72
5872,NATHBIOGEN,Nath Bio-Genes (India) Ltd.,BSE,https://s3-symbol-logo.tradingview.com/nath-bio-genes.svg,160.0
5873,VISAKAIND,Visaka Industries Ltd.,BSE,https://s3-symbol-logo.tradingview.com/visaka-ind.svg,67.5
5874,ENKEIWHEL,Enkei Wheels (India) Limited,BSE,https://s3-symbol-logo.tradingview.com/enkei-wheels-india-ltd.svg,486.0
5875,COASTCORP,Coastal Corporation Limited,BSE,https://s3-symbol-logo.tradingview.com/coastal-ltd.svg,45.85
5876,SHIVAMILLS,Shiva Mills Ltd.,NSE,https://s3-symbol-logo.tradingview.com/shiva-mills-limited.svg,60.22
5877,GUJTHEM,Gujarat Themis Biosyn Ltd,BSE,https://s3-symbol-logo.tradingview.com/gujarat-themis-biosyn-ltd.svg,406.25
5878,EMKAY,Emkay Global Financial Services Limited,NSE,https://s3-symbol-logo.tradingview.com/emkay-global-financial-service.svg,274.35
5879,AMCOIND,Amco India Limited,BSE,https://s3-symbol-logo.tradingview.com/amco-india-ltd.svg,72.3
7438,HDFCVALUE,HDFC NIFTY50 Value 20 ETF,BSE,https://s3-symbol-logo.tradingview.com/hdfc-bank.svg,138.59
7439,SAVERA,Savera Industries Limited,BSE,https://s3-symbol-logo.tradingview.com/savera-industries-ltd.svg,148.0
7440,LICNMID100,LIC MF Nifty Midcap 100 ETF Exchange Traded Fund Units,BSE,https://s3-symbol-logo.tradingview.com/lic-mf-exhge-traded.svg,60.82
7441,GALLOPENT,Gallops Enterprise Ltd.,BSE,https://s3-symbol-logo.tradingview.com/gallops-enterprise-ltd.svg,23.73
7442,DCI,Dc Infotech And Communication Ltd,BSE,https://s3-symbol-logo.tradingview.com/dc-infotech-and-communication.svg,245.8
7443,DISAQ,DISA India Limited,BSE,https://s3-symbol-logo.tradingview.com/disa-india-ltd.svg,12249.25
7444,11DPD,Nippon India Equity Hybrid Fund- Segregated Portfolio 2 Units 2020-DIVIDEND DIVIDEND PAYOUT,BSE,https://s3-symbol-logo.tradingview.com/nippon-life-india-asset.svg,5.94
7445,MYMONEY,My Money Securities Ltd,BSE,https://s3-symbol-logo.tradingview.com/my-money-securities-ltd.svg,43.56
7446,RANDER,Rander Corporation Limited,BSE,https://s3-symbol-logo.tradingview.com/rander-ltd.svg,11.37
7447,ORIBEVER,Orient Beverages Ltd.,BSE,https://s3-symbol-logo.tradingview.com/orient-beverages-ltd.svg,182.5
7448,BLUECHIP,Blue Chip India Ltd,NSE,https://s3-symbol-logo.tradingview.com/blue-chip-india-ltd.svg,3.15
7449,ZR2,ZR2 Bioenergy Ltd,BSE,https://s3-symbol-logo.tradingview.com/gujchem-distillers-india-ltd.svg,270.0
7450,MODIPON,Modipon Limited,BSE,https://s3-symbol-logo.tradingview.com/modipon-ltd.svg,40.99
7468,SHIVATEX,Shiva Texyarn Limited,BSE,https://s3-symbol-logo.tradingview.com/shiva-texyarn-ltd.svg,183.75
7469,ARUNAHTEL,Aruna Hotels Ltd.,BSE,https://s3-symbol-logo.tradingview.com/aruna-hotels-ltd.svg,8.89
7470,SHAHLON,Shahlon Silk Industries Ltd,BSE,https://s3-symbol-logo.tradingview.com/shahlon-silk-industries-limite.svg,19.97
7471,EASTRED,Eastern Treads Limited,BSE,https://s3-symbol-logo.tradingview.com/eastern-treads-ltd.svg,31.7
7472,TCPLPACK,TCPL Packaging Limited,BSE,https://s3-symbol-logo.tradingview.com/tcpl-packaging-ltd.svg,2935.25
7473,ERPSOFT,ERP Soft Systems Ltd,BSE,https://s3-symbol-logo.tradingview.com/erp-soft-systems-ltd.svg,96.95
7474,ISFT,Intrasoft Technologies Limited,BSE,https://s3-symbol-logo.tradingview.com/intrasoft-technologies-ltd.svg,93.19
7475,BANKADD,DSP Mutual Fund - DSP Nifty 50 ETF,BSE,https://s3-symbol-logo.tradingview.com/dsp-blackrock-mutu.svg,60.35
7476,PANSARI,Pansari Developers Ltd.,NSE,https://s3-symbol-logo.tradingview.com/pansari-developers-ltd.svg,300.1
7477,KICL,Kalyani Investment Co. Ltd.,BSE,https://s3-symbol-logo.tradingview.com/kalyani-group.svg,4916.0
7478,SOUTHERNIN,Southern Infoconsultants Limited,BSE,https://s3-symbol-logo.tradingview.com/southern-infosys-limited.svg,23.99
7479,POLSON,Polson Ltd.,BSE,https://s3-symbol-logo.tradingview.com/polson-ltd.svg,11440.0
7480,ABCINDQ,ABC India Limited,BSE,https://s3-symbol-logo.tradingview.com/abc-india-ltd.svg,79.9
7481,MORARJEE,Morarjee Textiles Limited,BSE,https://s3-symbol-logo.tradingview.com/morarjee-textiles.svg,8.0
7482,MAITRI,Maitri Enterprises Ltd.,BSE,https://s3-symbol-logo.tradingview.com/maitri-enterprises-limited.svg,33.4
7483,DECCANCE,Deccan Cements Ltd,BSE,https://s3-symbol-logo.tradingview.com/deccan-cement.svg,775.15
7484,PEOPLIN,Peoples Investments Ltd.,BSE,https://s3-symbol-logo.tradingview.com/peoples-investments-ltd.svg,181.0
7485,QUAL30IETF,ICICI Prudential Nifty 200 Quality 30 ETF Exchange Traded Fund Units,BSE,https://s3-symbol-logo.tradingview.com/nifty-india-financials.svg,22.14
5901,GULFPETRO,GP Petroleums Limited,BSE,https://s3-symbol-logo.tradingview.com/gp-petroleums-ltd.svg,35.95
5902,SCHAND,S Chand And Company Limited,BSE,https://s3-symbol-logo.tradingview.com/s-chand-and-company-limited.svg,165.0
5903,ZODIACLOTH,Zodiac Clothing Company Limited,NSE,https://s3-symbol-logo.tradingview.com/zodiac-ventures-limited.svg,87.5
5904,TBOTEK,TBO Tek Ltd.,BSE,https://s3-symbol-logo.tradingview.com/tbo-tek-limited.svg,1688.15
5905,KHAITANLTD,Khaitan India Ltd.,NSE,https://s3-symbol-logo.tradingview.com/khaitan-india-ltd.svg,100.01
5906,HONAUT,Honeywell Automation India Limited,NSE,https://s3-symbol-logo.tradingview.com/honeywell.svg,33390.0
5907,MANUFGBEES,Nippon India Nifty India Manufacturing ETF Exchange Traded Fund Units,NSE,https://s3-symbol-logo.tradingview.com/nippon-life-india-asset.svg,153.72
5908,SUMEDHA,Sumedha Fiscal Services Ltd,BSE,https://s3-symbol-logo.tradingview.com/sumedha-fiscal-services-ltd.svg,48.65
5909,KANUNGO,Kanungo Financiers Ltd.,BSE,https://s3-symbol-logo.tradingview.com/kanungo-financiers-limited.svg,11.47
5910,STELLANT,Stellant Securities (India) Ltd.,BSE,https://s3-symbol-logo.tradingview.com/stellant-securities-india-lt.svg,368.2
5911,OBEROIRLTY,Oberoi Realty Limited,BSE,https://s3-symbol-logo.tradingview.com/oberoi-realty.svg,1663.0
5912,TIGERLOGS,Tiger Logistics (India) Ltd.,BSE,https://s3-symbol-logo.tradingview.com/tiger-logistics-india-ltd.svg,37.46
5913,ALBERTDAVD,Albert David Ltd,NSE,https://s3-symbol-logo.tradingview.com/albert-david-ltd.svg,754.95
5914,CAPRO,Caprolactam Chemicals Ltd.,BSE,https://s3-symbol-logo.tradingview.com/caprolactam-chemicals-ltd.svg,52.57
5951,ECSTSTL,East Coast Steel Ltd,BSE,https://s3-symbol-logo.tradingview.com/east-coast-steel-ltd.svg,22.8
5952,HARAFIN,Haryana Financial Corp. Ltd.,BSE,https://s3-symbol-logo.tradingview.com/haryana-financial.svg,89.5
5953,HVAX,HVAX Technologies Ltd.,NSE,https://s3-symbol-logo.tradingview.com/hvax-technologies-ltd.svg,770.0
5954,POSITRON,Positron Energy Limited,NSE,https://s3-symbol-logo.tradingview.com/positron-energy-ltd.svg,216.9
5955,MADHUSE,Madhusudan Securities Limited,BSE,https://s3-symbol-logo.tradingview.com/madhusudan-securities-ltd.svg,22.66
5956,ALLTIME,All Time Plastics Limited,BSE,https://s3-symbol-logo.tradingview.com/all-time-plastics-limited.svg,271.95
5957,GEE,GEE Limited,BSE,https://s3-symbol-logo.tradingview.com/gee-ltd.svg,77.95
5958,MONARCH,Monarch Networth Capital Limited,BSE,https://s3-symbol-logo.tradingview.com/monarch-networth-cap-ltd.svg,308.55
5959,PGHL,Procter & Gamble Health Ltd.,NSE,https://s3-symbol-logo.tradingview.com/procter-and-gamble.svg,5647.0
7486,EXCELINDUS,Excel Industries Limited,BSE,https://s3-symbol-logo.tradingview.com/excel-industries.svg,944.8
7488,WIREFABR,Wires and Fabriks (S.A.) Limited,BSE,https://s3-symbol-logo.tradingview.com/wires-and-fabriks-sa-ltd.svg,177.0
7489,SDL,Span Divergent Ltd,BSE,https://s3-symbol-logo.tradingview.com/span-divergent-limited.svg,35.18
7490,HAWAENG,Hawa Engineers Ltd,BSE,https://s3-symbol-logo.tradingview.com/hawa-engineers-ltd.svg,105.1
7491,BSLSENETFG,Aditya Birla Sun Life BSE Sensex ETF - Growth Units,BSE,https://s3-symbol-logo.tradingview.com/aditya-birla-fash.svg,85.85
7492,UNITEDTE,United Textiles Limited,BSE,https://s3-symbol-logo.tradingview.com/united-textiles-ltd.svg,17.95
7493,GORANIN,Gorani Industries Ltd.,BSE,https://s3-symbol-logo.tradingview.com/gorani-industries-ltd.svg,62.51
7494,ELCIDIN,Elcid Investments Ltd.,BSE,https://s3-symbol-logo.tradingview.com/elcid-investments-ltd.svg,127701.0
7495,SALSTEEL,S.A.L. Steel Ltd.,BSE,https://s3-symbol-logo.tradingview.com/salsteel-ltd.svg,40.97
7496,DTIL,Dhunseri Tea & Industries Ltd,BSE,https://s3-symbol-logo.tradingview.com/dhunseri-tea-and-industries-ltd.svg,160.0
7497,NIRAVCOM,Nirav Commercials Limited,BSE,https://s3-symbol-logo.tradingview.com/nirav-commercials-ltd.svg,715.0
7498,TRICOMFRU,Tricom Fruit Products Limited.,BSE,https://s3-symbol-logo.tradingview.com/tricom-fruit-products-limited.svg,2.64
7499,PARSHVA,Parshva Enterprises Limited,BSE,https://s3-symbol-logo.tradingview.com/parshva-enterprises-limited.svg,189.0
7500,YUKEN,Yuken India Limited,BSE,https://s3-symbol-logo.tradingview.com/yuken-india-ltd.svg,845.0
7522,11DPR,Nippon India Equity Hybrid Fund- Segregated Portfolio 2 Units 2020-DIVIDEND DIVIDEND REINVESTMENT,BSE,https://s3-symbol-logo.tradingview.com/nippon-life-india-asset.svg,16.1
7523,EUROTEXIND,Eurotex Industries & Exports Ltd.,NSE,https://s3-symbol-logo.tradingview.com/eurotex-industries-and-exports-l.svg,13.67
7524,TAMBOLIIN,Tamboli Industries Ltd,BSE,https://s3-symbol-logo.tradingview.com/tamboli-industries-limited.svg,148.95
7525,GANGAPA,Ganga Papers India Ltd,BSE,https://s3-symbol-logo.tradingview.com/ganga-papers-india-ltd.svg,86.9
7526,SAMSRITA,Samsrita Labs Limited,BSE,https://s3-symbol-logo.tradingview.com/samsrita-labs-limited.svg,23.2
7527,AHLEAST,Asian Hotels (East) Limited,BSE,https://s3-symbol-logo.tradingview.com/asian-hotels-east-ltd.svg,135.0
7528,SURYVANSP,Suryavanshi Spinning Mills Limited,BSE,https://s3-symbol-logo.tradingview.com/suryavanshi-spinning-mills-ltd.svg,22.99
7529,MTPL,Marg Techno Projects Ltd.,BSE,https://s3-symbol-logo.tradingview.com/marg-techno-projects-limited.svg,43.97
7530,BANKETFADD,DSP Mutual Fund - DSP Nifty 50 ETF,BSE,https://s3-symbol-logo.tradingview.com/dsp-blackrock-mutu.svg,60.65
7531,AMARJOTHI,Amarjothi Spinning Mills Limited,BSE,https://s3-symbol-logo.tradingview.com/amarjothi-spinning-mills-ltd.svg,145.1
7532,RRP,RRP Semiconductor Ltd,BSE,https://s3-symbol-logo.tradingview.com/gdtrading-and-agencies-ltd.svg,10984.05
7864,GLOBALLOG,Global Ocean Logistics India Ltd.,BSE,GL,79.29
5999,GROWWMC150,Groww Nifty Midcap 150 ETF Units Exchange Traded Fund,NSE,GR,222.23
6001,GSEC10YEAR,Mirae Asset Nifty 8-13 Yr G-Sec ETF Exchange Traded Fund Units,NSE,https://s3-symbol-logo.tradingview.com/mirae-asset-sec.svg,29.44
6002,GALXBRG,Galaxy Bearings Ltd,BSE,https://s3-symbol-logo.tradingview.com/galaxy-bearings-ltd.svg,547.9
6003,BANKADD,DSP Mutual Fund - DSP Nifty 50 ETF,NSE,https://s3-symbol-logo.tradingview.com/dsp-blackrock-mutu.svg,60.35
6004,TECILCHEM,TECIL Chemicals & Hydro Power Ltd,BSE,https://s3-symbol-logo.tradingview.com/tecil-chemicals-and-hydro-power.svg,18.5
6005,BSLSENETFG,Aditya Birla Sun Life BSE Sensex ETF - Growth Units,NSE,https://s3-symbol-logo.tradingview.com/aditya-birla-fash.svg,85.75
6006,JUNIPER,Juniper Hotels Limited,BSE,https://s3-symbol-logo.tradingview.com/juniper-hotels-limited.svg,262.05
6007,IVP,IVP Ltd,NSE,https://s3-symbol-logo.tradingview.com/ivp-ltd.svg,148.11
6008,VESUVIUS,Vesuvius India Ltd,BSE,https://s3-symbol-logo.tradingview.com/vesuvius-india-ltd.svg,477.0
6009,DUROPACK,Duropack Limited,BSE,https://s3-symbol-logo.tradingview.com/duropack-ltd.svg,67.84
6010,AKZOINDIA,Akzo Nobel India Limited,BSE,https://s3-symbol-logo.tradingview.com/akzo-nobel.svg,3146.75
6011,ARTSON,Artson Ltd,BSE,https://s3-symbol-logo.tradingview.com/artson-engineering-ltd.svg,157.5
6012,ETHOSLTD,Ethos Ltd.,BSE,https://s3-symbol-logo.tradingview.com/ethos-ltd.svg,3070.45
6013,TRIUMPIN,Triumph International Finance India Ltd,BSE,https://s3-symbol-logo.tradingview.com/triumph-international-finance.svg,20.62
6014,ACGL,Automobile Corporation of Goa Limited,BSE,https://s3-symbol-logo.tradingview.com/automobile-of-goa.svg,1713.95
6015,JTEKTINDIA,JTEKT India Limited,BSE,https://s3-symbol-logo.tradingview.com/jtekt-india-ltd.svg,144.6
6016,GLOBALE,Globale Tessile Ltd,NSE,https://s3-symbol-logo.tradingview.com/globale-tessile-ltd.svg,12.31
6017,RAMAVISION,Rama Vision Limited,BSE,https://s3-symbol-logo.tradingview.com/rama-vision-ltd.svg,121.5
6018,ARISTO,Aristo Bio Tech and Lifescience Limited,NSE,https://s3-symbol-logo.tradingview.com/aristo-bio-tech-an.svg,119.65
6019,BRISK,Brisk Technovision Limited,BSE,https://s3-symbol-logo.tradingview.com/brisk-technovision-limited.svg,82.0
6020,DRSDILIP,DRS Dilip Roadlines Ltd.,NSE,https://s3-symbol-logo.tradingview.com/drs-dilip-roadline.svg,61.6
6021,INFINITY,Infinity Infoway Limited,BSE,https://s3-symbol-logo.tradingview.com/infinity-infoway-limited.svg,375.0
6022,ZENITHDRUG,Zenith Drugs Ltd.,NSE,https://s3-symbol-logo.tradingview.com/zenith-drugs-ltd.svg,51.95
6023,VAICC,Vaishno Cement Co Ltd,BSE,https://s3-symbol-logo.tradingview.com/vaishno-cement-co-ltd.svg,5.9
6024,TCL,Thaai Casting Limited,NSE,https://s3-symbol-logo.tradingview.com/thaai-casting-ltd.svg,105.0
6025,SAENTER,South Asian Enterprises Limited,BSE,https://s3-symbol-logo.tradingview.com/south-asian-enterprises-ltd.svg,52.0
6026,SILKY,Silky Overseas Ltd.,NSE,https://s3-symbol-logo.tradingview.com/silky-overseas-ltd.svg,145.0
6027,EKENNIS,Ekennis Software Service Limited,BSE,https://s3-symbol-logo.tradingview.com/ekennis-software-service-limit.svg,150.25
7533,ARISINT,Aris International Ltd.,BSE,https://s3-symbol-logo.tradingview.com/aris-international-ltd.svg,331.6
7534,SURYALAXMI,Suryalakshmi Cotton Mills Ltd.,BSE,https://s3-symbol-logo.tradingview.com/suryalakshmi-cotton-mills-ltd.svg,58.74
7535,UNITEDINT,United Interactive Limited,BSE,https://s3-symbol-logo.tradingview.com/united-interactive-ltd.svg,77.0
7536,SAMOR,Samor Reality Limited,BSE,https://s3-symbol-logo.tradingview.com/samor-reality-limited.svg,75.0
7537,LOTUSEYE,Lotus Eye Hospital And Institute Ltd,BSE,https://s3-symbol-logo.tradingview.com/lotus-eye-hospital-and-institu.svg,125.45
7538,KAIRA,Kaira Can Co. Ltd.,BSE,https://s3-symbol-logo.tradingview.com/kaira-can-coltd.svg,1470.0
7539,HINDMILL,Hindoostan Mills Limited,BSE,https://s3-symbol-logo.tradingview.com/hindoostan-mills-ltd.svg,181.9
7540,UEL,Ujaas Energy Limited,BSE,https://s3-symbol-logo.tradingview.com/ujaas-energy-limited.svg,145.9
7541,YASTF,Yash Trading & Finance Ltd.,BSE,https://s3-symbol-logo.tradingview.com/yash-trading-and-finance-ltd.svg,152.15
7542,DIVGIITTS,Divgi TorqTransfer Systems Ltd.,BSE,https://s3-symbol-logo.tradingview.com/divgi-torqtransfer-syst-l.svg,583.35
7543,ARTNIRMAN,Art Nirman Ltd,NSE,https://s3-symbol-logo.tradingview.com/art-nirman-ltd.svg,47.5
7544,RPGLIFE,RPG Life Sciences Limited,BSE,https://s3-symbol-logo.tradingview.com/rpg-life-sciences.svg,2370.45
7545,NBIFIN,N.B.I. Industrial Finance Company Ltd,NSE,https://s3-symbol-logo.tradingview.com/nbi-industrial.svg,2218.0
7546,10AGG,Nippon India Credit Risk Fund-Segregated Portfolio 2 Units Direct Growth Plan,BSE,https://s3-symbol-logo.tradingview.com/nippon-life-india-asset.svg,130.0
7547,SHIVAGR,Shivagrico Implements Limited,BSE,https://s3-symbol-logo.tradingview.com/shivagrico-implements-ltd.svg,28.77
7548,POLYSPIN,Polyspin Exports Limited,BSE,https://s3-symbol-logo.tradingview.com/polyspin-exports-ltd.svg,36.61
7549,SHVFL,Shreevatsaa Finance & Leasing Ltd.,BSE,https://s3-symbol-logo.tradingview.com/shreevatsaa-finance-and-leasing.svg,27.0
7550,DHUNINV,Dhunseri Investments Limited,BSE,https://s3-symbol-logo.tradingview.com/dhunseri-investmen.svg,1265.0
7553,GLOSTERLTD,Gloster Ltd.,BSE,https://s3-symbol-logo.tradingview.com/gloster-ltd.svg,639.9
7554,BOMTALKIES,Bombay Talkies Limited,BSE,https://s3-symbol-logo.tradingview.com/bombay-talkies-limited.svg,5.32
7555,IISL,Ishaan Infrastructures & Shelters Ltd.,BSE,https://s3-symbol-logo.tradingview.com/ishaan-infrastructure-and-shel.svg,11.67
7556,TRADEWELL,Tradewell Holdings Limited,BSE,https://s3-symbol-logo.tradingview.com/tradewell-limited.svg,73.44
7557,MOSERVICE,Motilal Oswal Nifty Services Sector ETF Exchange Traded Fund Units,NSE,https://s3-symbol-logo.tradingview.com/motilal.svg,34.03
7558,AKSHARCHEM,AksharChem India Ltd.,BSE,https://s3-symbol-logo.tradingview.com/aksharchem-india-ltd.svg,248.95
7559,OMKARPH,Omkar Pharmachem Ltd.,BSE,https://s3-symbol-logo.tradingview.com/omkar-pharmachem-ltd.svg,29.74
7560,PRSNTIN,Prashant India Ltd,BSE,https://s3-symbol-logo.tradingview.com/prashant-india-ltd.svg,24.37
6051,VISHALBL,Vishal Bearings Ltd,BSE,https://s3-symbol-logo.tradingview.com/vishal-bearings-limited.svg,69.94
6052,MITCON,MITCON Consultancy & Engineering Services Ltd.,NSE,https://s3-symbol-logo.tradingview.com/mitcon-con.svg,68.53
6053,INDIAMART,IndiaMART InterMESH Ltd.,BSE,https://s3-symbol-logo.tradingview.com/indiamart.svg,2240.85
6054,DIAMONDYD,Prataap Snacks Ltd.,BSE,https://s3-symbol-logo.tradingview.com/prataap-snacks-ltd.svg,1185.0
6055,RACLGEAR,RACL Geartech Ltd,BSE,https://s3-symbol-logo.tradingview.com/racl-geartech-limited.svg,1034.7
6056,BIRLACORPN,Birla Corporation Limited,BSE,https://s3-symbol-logo.tradingview.com/birla.svg,1096.0
6057,USK,Udayshivakumar Infra Ltd.,BSE,https://s3-symbol-logo.tradingview.com/udayshivakumar-infra-limited.svg,24.62
6101,VIKRAMAR,Vikram Aroma Limited,BSE,https://s3-symbol-logo.tradingview.com/vikram-aroma-limited.svg,75.84
6102,PWASML,Prakash Woollen & Synthetic Mills Ltd,BSE,https://s3-symbol-logo.tradingview.com/prakash-woollen-and-synthetic-mi.svg,26.2
6103,PALASHSECU,Palash Securities Ltd.,BSE,https://s3-symbol-logo.tradingview.com/palash-securities.svg,110.0
6104,ORCHPHARMA,Orchid Pharma Limited,BSE,https://s3-symbol-logo.tradingview.com/orchid-pharma-limited.svg,785.6
6105,ELDEHSG,Eldeco Housing & Industries Ltd.,NSE,https://s3-symbol-logo.tradingview.com/eldeco-hsg-and-ind-ltd.svg,910.0
6106,NIKKIGL,Nikki Global Finance Limited,BSE,https://s3-symbol-logo.tradingview.com/nikki-global-finance-ltd.svg,14.82
6107,GKB,Gkb Ophthalmics Limited,BSE,https://s3-symbol-logo.tradingview.com/gkb-ophthalmics-ltd.svg,53.0
6108,CONTPTR,Continental Petroleums Limited,BSE,https://s3-symbol-logo.tradingview.com/continental-petroleums-ltd.svg,110.05
6109,JASH,Jash Engineering Ltd.,BSE,https://s3-symbol-logo.tradingview.com/jash-engineering-ltd.svg,437.8
6110,SKFINDIA,SKF India Limited,BSE,https://s3-symbol-logo.tradingview.com/skf.svg,1770.0
6111,GOLD360,360 ONE Gold ETF Exchange Traded Fund Units,BSE,https://s3-symbol-logo.tradingview.com/360-one-mutual-fund.svg,133.7
6112,COCHINM,Cochin Minerals & Rutile Ltd.,BSE,https://s3-symbol-logo.tradingview.com/cochin-minerals-and-rutile-ltd.svg,261.9
6113,3MINDIA,3M India Limited,NSE,https://s3-symbol-logo.tradingview.com/3m.svg,35370.0
6114,MANGALAM,Mangalam Drugs & Organics Ltd.,BSE,https://s3-symbol-logo.tradingview.com/mangalam-drugs-and-organics-ltd.svg,24.08
6115,HARSHA,Harsha Engineers International Ltd.,BSE,https://s3-symbol-logo.tradingview.com/harsha-engineers-int-ltd.svg,376.0
6116,TREL,TransIndia Real Estate Limited,BSE,https://s3-symbol-logo.tradingview.com/transindia-real-estate-limited.svg,29.72
6117,ARL,Anand Rayons Limited,BSE,https://s3-symbol-logo.tradingview.com/anand-rayons-limited.svg,434.95
6118,RELIABVEN,Reliable Ventures India Limited,BSE,https://s3-symbol-logo.tradingview.com/reliable-ventures-india-ltd.svg,21.88
6119,HITECHGEAR,Hi-Tech Gears Limited,NSE,https://s3-symbol-logo.tradingview.com/the-hi-tech-gears-ltd.svg,674.0
6120,TRILIANCE,Triliance Polymers Limited,BSE,https://s3-symbol-logo.tradingview.com/triliance-polymers-limited.svg,80.25
7561,MARGOFIN,Margo Finance Limited,BSE,https://s3-symbol-logo.tradingview.com/margo-finance-limited.svg,75.0
7562,ORIENTBELL,Orient Bell Limited,BSE,https://s3-symbol-logo.tradingview.com/orient-bell-ltd.svg,272.0
7563,NATPLAS,National Plastic Industries Limited,BSE,https://s3-symbol-logo.tradingview.com/national-plastic-industries-lt.svg,54.05
7564,SUPERBAK,Super Bakers (India) Ltd.,BSE,https://s3-symbol-logo.tradingview.com/super-bakers-india-ltd.svg,32.33
7565,LORDSHOTL,Lords Ishwar Hotels Limited,BSE,https://s3-symbol-logo.tradingview.com/lords-ishwar-hotels-limited.svg,14.79
7566,AMBIT,Ambitious Plastomac Co. Ltd.,BSE,https://s3-symbol-logo.tradingview.com/ambitious-plastomac-company-lt.svg,10.46
6127,BHARATRAS,Bharat Rasayan Limited,BSE,BH,2323.7
7567,MODTHREAD,Modern Threads (India) Ltd,NSE,https://s3-symbol-logo.tradingview.com/modern-threads-india-ltd.svg,43.4
7568,AMBICAAGAR,Ambica Agarbathies & Aroma Industries Ltd.,BSE,https://s3-symbol-logo.tradingview.com/ambica-agarbathies-and-aroma-ind.svg,24.94
7569,BANARISUG,Bannari Amman Sugars Limited,BSE,https://s3-symbol-logo.tradingview.com/bannari-amman-sug.svg,3594.55
7570,MANAKALUCO,Manaksia Aluminium Company Ltd,BSE,https://s3-symbol-logo.tradingview.com/manaksia-coated-metals-and-indus.svg,25.0
7571,OLYOI,Olympic Oil Industries Ltd.,BSE,https://s3-symbol-logo.tradingview.com/olympic-oil-industries-ltd.svg,26.59
7572,SRGHFL,SRG Housing Finance Ltd.,BSE,https://s3-symbol-logo.tradingview.com/srg-housing-finance-l.svg,273.05
7573,CHALLANI,Challani Capital Limited,BSE,https://s3-symbol-logo.tradingview.com/challani-capital-limited.svg,24.0
7574,LOYALTEX,Loyal Textile Mills Limited,BSE,https://s3-symbol-logo.tradingview.com/loyal-textile-mills-ltd.svg,212.5
7576,ABSLBANETF,Aditya Birla Sun Life Nifty Bank ETF,BSE,https://s3-symbol-logo.tradingview.com/aditya-birla-fash.svg,60.58
7577,BOSTONBIO,Boston Bio Systems Limited,BSE,https://s3-symbol-logo.tradingview.com/boston-bio-systems-ltd.svg,6.64
7578,ATAM,Atam Valves Ltd.,BSE,https://s3-symbol-logo.tradingview.com/atam-valves-limited.svg,82.75
7579,TIRUFOAM,Tirupati Foam Ltd,BSE,https://s3-symbol-logo.tradingview.com/tirupati-foam-limited.svg,89.21
7580,EXPLICITFIN,Explicit Finance Limited,BSE,https://s3-symbol-logo.tradingview.com/explicit-finance-ltd.svg,12.38
7581,AFSL,Abans Financial Services Ltd,BSE,https://s3-symbol-logo.tradingview.com/abans-limited.svg,201.05
7582,MOLOWVOL,Motilal Oswal S&P BSE Low Volatility ETF Units Exchange Traded Fund,BSE,https://s3-symbol-logo.tradingview.com/motilal.svg,38.52
7583,ROML,Raj Oil Mills Limited,BSE,https://s3-symbol-logo.tradingview.com/raj-oil-mills-ltd.svg,51.98
7584,NKIND,N.K. Industries Ltd.,BSE,https://s3-symbol-logo.tradingview.com/nkindustries-ltd.svg,69.99
7585,CREATIVE,Creative Castings Ltd.,BSE,https://s3-symbol-logo.tradingview.com/creative-castings-limited.svg,576.0
7587,IFINSEC,India Finsec Ltd.,BSE,https://s3-symbol-logo.tradingview.com/india-finsec-ltd.svg,164.45
7588,LMW,LMW Limited,BSE,https://s3-symbol-logo.tradingview.com/lakshmi-machine-works.svg,14868.4
7589,AMALGAM,Amalgamated Electricity Co. Ltd.,BSE,https://s3-symbol-logo.tradingview.com/amalgamated-electricity-coltd.svg,72.65
7590,HPCOTTON,H P Cotton Textile Mills Limited,BSE,https://s3-symbol-logo.tradingview.com/hpcotton-textile-mills-ltd.svg,104.9
7591,BLAL,BEML Land Assets Limited,BSE,https://s3-symbol-logo.tradingview.com/beml.svg,205.05
7592,GCSL,Gretex Corporate Services Ltd,BSE,https://s3-symbol-logo.tradingview.com/gretex-corporate-services-limi.svg,352.0
7593,POLYCHMP,Polymechplast Machines Limited,BSE,https://s3-symbol-logo.tradingview.com/polymechplast-machines-ltd.svg,51.35
7594,INTSTOIL,Inter State Oil Carrier Ltd.,BSE,https://s3-symbol-logo.tradingview.com/inter-state-oil-carrier-ltd.svg,32.93
7595,ARISE,Arihant's Securities Ltd.,BSE,https://s3-symbol-logo.tradingview.com/arihants-securities-ltd.svg,22.8
6151,DCMSRIND,DCM Shriram Industries Limited,BSE,https://s3-symbol-logo.tradingview.com/dcm-shriram-ind-ltd.svg,166.7
6152,RIIL,Reliance Industrial Infrastructure Limited,BSE,https://s3-symbol-logo.tradingview.com/reliance-industrial-infrastructure.svg,828.7
6153,ASHAI,Ashiana Agro Industries Limited,BSE,https://s3-symbol-logo.tradingview.com/ashiana-agro-industries-ltd.svg,11.28
6154,SGIL,Synergy Green Industries Ltd.,BSE,https://s3-symbol-logo.tradingview.com/synergy-green-industries-limit.svg,530.05
6155,MORGANITE,Morganite Crucible (India) Limited,BSE,https://s3-symbol-logo.tradingview.com/morgan-advanced-materials-pl.svg,1531.3
6156,BHAGERIA,Bhageria Industries Ltd.,BSE,https://s3-symbol-logo.tradingview.com/bhageria-industrie.svg,186.25
6157,CHOWGULSTM,Chowgule Steamships Limited,BSE,https://s3-symbol-logo.tradingview.com/chowgule-steamships-ltd.svg,21.5
6158,VSTTILLERS,VST Tillers Tractors Limited,BSE,https://s3-symbol-logo.tradingview.com/vst-tillers-tract.svg,5965.0
6159,IFBAGRO,IFB Agro Industries Ltd.,BSE,https://s3-symbol-logo.tradingview.com/ifb-agro-industries-ltd.svg,1397.9
6160,INVIGO,Invigorated Business Consulting Ltd,BSE,https://s3-symbol-logo.tradingview.com/invigorated-business-consultin.svg,6.49
6161,DBOL,Dhampur Bio Organics Ltd,BSE,https://s3-symbol-logo.tradingview.com/dhampur-bio-organics-limited.svg,76.92
6162,SUNDARMFIN,Sundaram Finance Limited,BSE,https://s3-symbol-logo.tradingview.com/sundaram-finance.svg,4928.55
6163,BBTC,Bombay Burmah Trading Corp. Ltd.,BSE,https://s3-symbol-logo.tradingview.com/bombay-burmah-trading.svg,1905.65
6164,DHANCOT,Dhanlaxmi Cotex Ltd.,BSE,https://s3-symbol-logo.tradingview.com/dhanlaxmi-cotex-ltd.svg,135.5
6165,NATCAPSUQ,Natural Capsules Limited,NSE,https://s3-symbol-logo.tradingview.com/natural-capsules-ltd.svg,177.01
6166,BFLAFL,BFL Asset Finvest Ltd,BSE,https://s3-symbol-logo.tradingview.com/bfl-asset-finvest-limited.svg,10.6
6167,HARYNACAP,Haryana Capfin Limited.,BSE,https://s3-symbol-logo.tradingview.com/haryana-capfin-ltd.svg,166.4
6168,AXISTECETF,Axis NIFTY IT ETF,BSE,https://s3-symbol-logo.tradingview.com/axis-bank.svg,424.37
6169,KIRANPR,Kiran Print-Pack Ltd.,BSE,https://s3-symbol-logo.tradingview.com/kiran-print-pack-ltd.svg,21.81
6251,CHEMFAB,Chemfab Alkalis Ltd.,BSE,https://s3-symbol-logo.tradingview.com/chemfab-alkalis-ltd.svg,439.0
6252,SALAUTO,SAL Automotive Ltd.,BSE,https://s3-symbol-logo.tradingview.com/sal-automotive-limited.svg,221.0
6253,SALORAINTL,Salora International Limited,BSE,https://s3-symbol-logo.tradingview.com/salora-international-ltd.svg,36.0
6254,SIGNPOST,Signpost India Limited,BSE,https://s3-symbol-logo.tradingview.com/signpost-india-limited.svg,222.1
6255,ANKITMETAL,Ankit Metal & Power Limited,NSE,https://s3-symbol-logo.tradingview.com/ankit-metal-and-power-ltd.svg,1.71
6256,LAKESHORE,Lake Shore Realty Ltd,BSE,https://s3-symbol-logo.tradingview.com/mahaan-foods-ltd.svg,92.25
6257,KEYFINSERV,Keynote Financial Services Limited,NSE,https://s3-symbol-logo.tradingview.com/keynote-financial-services-lim.svg,321.15
6258,PTCIL,PTC Industries Ltd,BSE,https://s3-symbol-logo.tradingview.com/ptc-industries-ltd.svg,18111.5
6209,SMALLADD,DSP Nifty Smallcap 250 ETF Exchange Traded Fund Units,BSE,SM,16.16
6259,LAXMICOT,Laxmi Cotspin Ltd.,NSE,https://s3-symbol-logo.tradingview.com/laxmi-cotspin-ltd.svg,19.15
6260,PILANIINVS,Pilani Investment And Industries Corporation Limited,NSE,https://s3-symbol-logo.tradingview.com/pilani-investment.svg,5193.5
6261,LIQUIDADD,DSP BSE Liquid Rate ETF Units,BSE,https://s3-symbol-logo.tradingview.com/dsp-blackrock-mutu.svg,1105.72
6262,CHEMCON,Chemcon Speciality Chemicals Ltd,BSE,https://s3-symbol-logo.tradingview.com/chemcon-special-chem-ltd.svg,202.4
6263,NESCO,NESCO Limited,BSE,https://s3-symbol-logo.tradingview.com/nesco.svg,1246.95
6264,MAHASTEEL,Mahamaya Steel Industries Ltd.,BSE,https://s3-symbol-logo.tradingview.com/mahamaya-steel-industries-ltd.svg,904.5
6265,11AQD,Nippon India Equity Hybrid Fund- Segregated Portfolio 2 Units 2020-DIRECT QUARTERLY DIVIDEND DIVIDEND PAYOUT,BSE,https://s3-symbol-logo.tradingview.com/nippon-life-india-asset.svg,31.79
6266,ORICONENT,Oricon Enterprises Limited,BSE,https://s3-symbol-logo.tradingview.com/oricon-enterprises-ltd.svg,59.97
6267,MAXIND,Max India Ltd,BSE,https://s3-symbol-logo.tradingview.com/max-estates-ltd.svg,186.25
6268,08AGG,Nippon India Equity Savings Fund - Segerated Portfolio 2 Units Direct Growth Plan,BSE,https://s3-symbol-logo.tradingview.com/nippon-life-india-asset.svg,36.04
6269,NAHARINDUS,Nahar Industrial Enterprises Limited,BSE,https://s3-symbol-logo.tradingview.com/nahar-industrial-enterprises-l.svg,113.0
6270,AANANDALAK,Aananda Lakshmi Spinning Mills Ltd,BSE,https://s3-symbol-logo.tradingview.com/aananda-lakshmi-spinning-mills.svg,12.28
6271,ASIANENE,Asian Energy Services Limited,BSE,https://s3-symbol-logo.tradingview.com/asian-energy-services-ltd.svg,295.55
6272,KUBERJI,Kuber Udyog Ltd,BSE,https://s3-symbol-logo.tradingview.com/kuber-udyog-limited.svg,13.5
6273,AHLUCONT,Ahluwalia Contracts (India) Limited,BSE,https://s3-symbol-logo.tradingview.com/ahluwalia-cont-ltd.svg,986.0
6274,UTISENSETF,UTI BSE Sensex ETF,NSE,https://s3-symbol-logo.tradingview.com/uti-asset-management.svg,942.9
6275,MORARKFI,Morarka Finance Limited,BSE,https://s3-symbol-logo.tradingview.com/morarka-finance-ltd.svg,82.95
6276,NURECA,Nureca Ltd.,BSE,https://s3-symbol-logo.tradingview.com/nureca.svg,287.45
6277,GLOBUSSPR,Globus Spirits Limited,BSE,https://s3-symbol-logo.tradingview.com/globus-spirits.svg,990.6
6278,SANGAMFIN,Sangam Finserv Ltd,BSE,https://s3-symbol-logo.tradingview.com/sangam-finserv-limited.svg,30.05
6279,RAJPUTANA,Rajputana Investment and Finance Ltd,BSE,https://s3-symbol-logo.tradingview.com/rajputana-investment-and-finan.svg,39.0
7596,SANCTRN,Sanco Trans Limited,BSE,https://s3-symbol-logo.tradingview.com/sanco-trans-ltd.svg,731.5
7597,SESHAPAPER,Seshasayee Paper & Boards Ltd.,BSE,https://s3-symbol-logo.tradingview.com/seshasayee-paper-and-boards-ltd.svg,241.5
7598,SAPL,SAR Auto Products Ltd,BSE,https://s3-symbol-logo.tradingview.com/sar-auto-products-limited.svg,1997.8
6325,SKFINDUS,SKF India (Industrial) Ltd.,BSE,SK,2451.3
6301,SHANTIGEAR,Shanthi Gears Limited,BSE,https://s3-symbol-logo.tradingview.com/shanthi-gears-ltd.svg,470.15
6302,SAMINDUS,Sam Industries Limited,BSE,https://s3-symbol-logo.tradingview.com/sam-industries-ltd.svg,48.27
6303,RELCHEMQ,Reliance Chemotex Industries Ltd,NSE,https://s3-symbol-logo.tradingview.com/reliance-chemotex-ind-ltd.svg,138.75
6304,KAJARIR,KIC Metaliks Ltd.,BSE,https://s3-symbol-logo.tradingview.com/kic-metaliks-ltd.svg,27.12
6305,MOLDTECH,Mold-Tek Technologies Limited,BSE,https://s3-symbol-logo.tradingview.com/mold-tek-technolo.svg,158.65
6306,COMSYN,Commercial Syn Bags Limited,BSE,https://s3-symbol-logo.tradingview.com/commercial-syn-bags-ltd.svg,142.05
6307,AMRUTANJAN,Amrutanjan Health Care Limited,BSE,https://s3-symbol-logo.tradingview.com/amrutanjan-health-care.svg,676.95
6308,MAJESAUT,Majestic Auto Limited,BSE,https://s3-symbol-logo.tradingview.com/majestic-auto-ltd.svg,327.0
6309,QUALITY30,Kotak Nifty200 Quality 30 ETF Units Exchange Traded Fund,NSE,https://s3-symbol-logo.tradingview.com/kotak-mahindra-ast.svg,21.64
6310,GTEIT,G-Tech Info-Training Limited,BSE,https://s3-symbol-logo.tradingview.com/g-tech-info-training-ltd.svg,12.43
6311,CITADEL,Citadel Realty & Developers Ltd.,BSE,https://s3-symbol-logo.tradingview.com/citadel-realty-and-developers.svg,49.58
6312,DHENUBUILD,Dhenu Buildcon Infra Limited,BSE,https://s3-symbol-logo.tradingview.com/dhenu-buildcon-infra-ltd.svg,6.37
6313,ITDC,India Tourism Development Corp. Ltd.,BSE,https://s3-symbol-logo.tradingview.com/india-tourism-development.svg,573.0
6314,OSCARGLO,Oscar Global Limited.,BSE,https://s3-symbol-logo.tradingview.com/oscar-global-ltd.svg,16.15
6351,STARPAPER,Star Paper Mills Ltd.,BSE,https://s3-symbol-logo.tradingview.com/star-paper-mills.svg,163.5
6352,JSLL,Jeena Sikho Lifecare Limited,BSE,https://s3-symbol-logo.tradingview.com/jeena-sikho-lifecare-ltd.svg,713.5
6353,TACENT,Tacent Projects Limited,BSE,https://s3-symbol-logo.tradingview.com/rahul-merchandising-ltd.svg,40.44
6354,NIFTYBETF,Bajaj Finserv Nifty 50 ETF Units Exchange traded fund,NSE,https://s3-symbol-logo.tradingview.com/bajaj-finserv.svg,267.45
6355,ASINPET,Asian Petroproducts & Exports Ltd.,BSE,https://s3-symbol-logo.tradingview.com/asian-petroproducts-and-exports.svg,8.91
6356,TRANSFRE,Trans Freight Containers Limited,BSE,https://s3-symbol-logo.tradingview.com/trans-freight-containers-ltd.svg,23.03
6357,WESTLIFE,Westlife Foodworld Limited,BSE,https://s3-symbol-logo.tradingview.com/westlife-development.svg,520.95
6429,D1246267RP,DSP Blackrock Fixed Maturity Plan Units 2022-13.04.2026 Series 267-1246D Regular IDCW Payout,BSE,D1,8.3
6401,5PAISA,5paisa Capital Ltd.,BSE,https://s3-symbol-logo.tradingview.com/5paisa-capital.svg,316.3
6402,ADMANUM,Ad-Manum Finance Ltd.,BSE,https://s3-symbol-logo.tradingview.com/ad-manum-finance-ltd.svg,58.25
6403,SPAL,S.P. Apparels Ltd.,BSE,https://s3-symbol-logo.tradingview.com/s-p-apparels.svg,726.55
6404,ATLASCYCLE,Atlas Cycles Haryana Ltd.,NSE,https://s3-symbol-logo.tradingview.com/atlas-cycles-haryana-ltd.svg,91.55
6405,HTMEDIA,HT Media Limited,BSE,https://s3-symbol-logo.tradingview.com/ht-media-ltd.svg,22.88
6406,KARMAENG,Karma Energy Limited,BSE,https://s3-symbol-logo.tradingview.com/karma-energy-ltd.svg,49.61
6407,OILCOUNTUB,Oil Country Tubular Limited,BSE,https://s3-symbol-logo.tradingview.com/oil-country-tubulr.svg,61.9
6408,EMUDHRA,eMudhra Limited,BSE,https://s3-symbol-logo.tradingview.com/emudhra-ltd.svg,592.55
6409,SOTL,Savita Oil Technologies Limited,BSE,https://s3-symbol-logo.tradingview.com/savita-oil-technol.svg,382.25
6410,GUJARATPOLY,Gujarat Poly Electronics Ltd,BSE,https://s3-symbol-logo.tradingview.com/gujarat-poly-electronics-limit.svg,60.7
6411,HDFCNIF100,HDFC Nifty 100 ETF,BSE,https://s3-symbol-logo.tradingview.com/hdfc-bank.svg,27.5
6412,KENNAMET,Kennametal India Limited,BSE,https://s3-symbol-logo.tradingview.com/kennametal-india-l.svg,2140.0
6413,HITECHCORP,Hitech Corporation Ltd,NSE,https://s3-symbol-logo.tradingview.com/hitech.svg,174.82
6414,BBNPNBETF,Baroda BNP Paribas Nifty Bank ETF Units Exchange Traded Fund,NSE,https://s3-symbol-logo.tradingview.com/paribas.svg,59.58
6415,TYCHE,Tyche Industries Limited,BSE,https://s3-symbol-logo.tradingview.com/tyche-industries.svg,111.3
6416,SONALAD,Sonal Adhesives Limited,BSE,https://s3-symbol-logo.tradingview.com/sonal-adhesives-ltd.svg,43.5
6417,RELICTEC,Relic Technologies Limited,BSE,https://s3-symbol-logo.tradingview.com/relic-technologies-ltd.svg,77.88
6418,SANJIVIN,Sanjivani Paranteral Ltd.,BSE,https://s3-symbol-logo.tradingview.com/sanjivani-paranteral-ltd.svg,215.0
6419,TASTYBITE,Tasty Bite Eatables Ltd,NSE,https://s3-symbol-logo.tradingview.com/tasty-bite.svg,7974.0
6420,SARVOTTAM,Sarvottam Finvest Ltd,BSE,https://s3-symbol-logo.tradingview.com/survottam-finvest-ltd.svg,21.41
6421,SWELECTES,Swelect Energy Systems Limited,BSE,https://s3-symbol-logo.tradingview.com/swelect-energy-sys.svg,616.9
6422,KLRFM,Kovilpatti Lakshmi Roller Flour Mills Ltd,BSE,https://s3-symbol-logo.tradingview.com/kovilpatti-lakshmi-roller-flou.svg,101.15
6423,COSMOFIRST,Cosmo First Limited,BSE,https://s3-symbol-logo.tradingview.com/cosmo-films.svg,687.55
6424,BODHTREE,Bodhtree Consulting Ltd.,BSE,https://s3-symbol-logo.tradingview.com/bodhtree-consulting-limited.svg,25.0
6425,MAITHANALL,Maithan Alloys Ltd.,BSE,https://s3-symbol-logo.tradingview.com/maithan-alloys.svg,969.95
6426,EMKAY,Emkay Global Financial Services Limited,BSE,https://s3-symbol-logo.tradingview.com/emkay-global-financial-service.svg,273.5
6427,SPECTRUM,Spectrum Electrical Industries Limited,BSE,https://s3-symbol-logo.tradingview.com/spectrum-electrica.svg,1238.4
6428,MARATHON,Marathon Nextgen Realty Limited,BSE,https://s3-symbol-logo.tradingview.com/marathon-nextgen-realty-ltd.svg,519.9
6430,AUTOINT,Autoriders International Ltd.,BSE,https://s3-symbol-logo.tradingview.com/autoriders-international-ltd.svg,615.95
6451,SYNTHFO,Synthiko Foils Limited,BSE,SY,1679.75
6452,ASPINWALL,Aspinwall and Company Limited,NSE,https://s3-symbol-logo.tradingview.com/aspinwall-and-comp.svg,234.95
6453,BRNL,Bharat Road Network Ltd.,BSE,https://s3-symbol-logo.tradingview.com/bharat-road-networ.svg,22.41
6454,POONADAL,Poona Dal & Oil Industries Ltd.,BSE,https://s3-symbol-logo.tradingview.com/poona-dal-and-oil-industries-ltd.svg,68.5
6455,BARODARY,Baroda Rayon Corp Ltd,BSE,https://s3-symbol-logo.tradingview.com/baroda-rayon-ltd.svg,119.7
6456,GUFICBIO,Gufic Biosciences Limited,BSE,https://s3-symbol-logo.tradingview.com/gufic-biosciences.svg,344.35
6457,ABSLNN50ET,Aditya Birla Sun Life Nifty Next 50 ETF Units Exchange Traded Fund,BSE,https://s3-symbol-logo.tradingview.com/aditya-birla-fash.svg,72.44
6458,CONTROLPR,Control Print Limited,BSE,https://s3-symbol-logo.tradingview.com/control-print-ltd.svg,721.6
6459,INDOAMIN,Indo Amines Limited,BSE,https://s3-symbol-logo.tradingview.com/indo-amines-ltd.svg,129.15
6460,RFSL,Richfield Financial Services Ltd. (India),BSE,https://s3-symbol-logo.tradingview.com/richfield-financial-services-l.svg,37.0
6501,SUNDRMBRAK,Sundaram Brake Linings Limited,NSE,https://s3-symbol-logo.tradingview.com/sundaram-brake-linings-ltd.svg,675.3
6502,FRUTION,Fruition Venture Ltd,BSE,https://s3-symbol-logo.tradingview.com/fruition-venture-ltd.svg,40.95
6503,SHIVTEXCHEM,Shiv Texchem Limited,BSE,https://s3-symbol-logo.tradingview.com/shiva-texyarn-ltd.svg,165.9
6504,VR,V R Infraspace Ltd.,NSE,https://s3-symbol-logo.tradingview.com/v-r-infraspace-lim.svg,172.0
6505,PRATHAM,Pratham EPC Projects Ltd.,NSE,https://s3-symbol-logo.tradingview.com/pratham-epc-projec.svg,148.2
6506,PCCL,Petro Carbon & Chemicals Ltd,NSE,https://s3-symbol-logo.tradingview.com/petro-carbon-and-chemi-l.svg,204.95
6507,ARIHANTACA,Arihant Academy Ltd.,NSE,https://s3-symbol-logo.tradingview.com/arihant-academy-ltd.svg,480.0
6508,NATPLY,National Plywood Industries Ltd,BSE,https://s3-symbol-logo.tradingview.com/national-plywood-industries-lt.svg,2.61
6509,MAXHEIGHTS,Maxheights Infrastructure Ltd.,BSE,https://s3-symbol-logo.tradingview.com/maxheights-infrastructure-ltd.svg,12.68
6510,STRATMONT,Stratmont Industries Limited,BSE,https://s3-symbol-logo.tradingview.com/stratmont-industries-limited.svg,63.01
6511,BFUTILITIE,BF Utilities Ltd.,BSE,https://s3-symbol-logo.tradingview.com/kalyani-group.svg,665.05
6512,SIMRAN,Simran Farms Limited,BSE,https://s3-symbol-logo.tradingview.com/simran-farms-ltd.svg,174.6
6513,SFPIL,Square Four Projects India Limited,BSE,https://s3-symbol-logo.tradingview.com/square-four-projects-india-lim.svg,9.46
6514,ASHIMASYN,Ashima Limited,BSE,https://s3-symbol-logo.tradingview.com/ashima-ltd.svg,18.09
6515,VENUSPIPES,Venus Pipes & Tubes Ltd.,BSE,https://s3-symbol-logo.tradingview.com/venus-pipes-and-tubes-limited.svg,1189.9
6516,BDH,BDH Industries Limited,BSE,https://s3-symbol-logo.tradingview.com/bdh-industries-ltd.svg,410.0
6544,D1246267RG,DSP Blackrock Fixed Maturity Plan Units 2022-13.04.2026 Series 267-1246D Regular Growth,BSE,D1,8.3
6551,ALFAICA,Alfa Ica (India) Limited,BSE,https://s3-symbol-logo.tradingview.com/alfa-ica-india-ltd.svg,86.08
6552,LMW,LMW Limited,NSE,https://s3-symbol-logo.tradingview.com/lakshmi-machine-works.svg,14855.0
6553,PANCARBON,Panasonic Carbon India Co. Limited,BSE,https://s3-symbol-logo.tradingview.com/panasonic.svg,486.1
6554,DIDL,Dalmia Industrial Development Ltd.,BSE,https://s3-symbol-logo.tradingview.com/dalmia-industrial-development.svg,9.02
6555,MUNJALSHOW,Munjal Showa Limited,BSE,https://s3-symbol-logo.tradingview.com/munjal-showa.svg,125.15
6556,NEWTRAC,Newtrac Foods & Beverages Ltd,BSE,https://s3-symbol-logo.tradingview.com/markobenz-ventures-limited.svg,6.26
6557,LOYALTEX,Loyal Textile Mills Limited,NSE,https://s3-symbol-logo.tradingview.com/loyal-textile-mills-ltd.svg,212.72
6558,ALKYLAMINE,Alkyl Amines Chemicals Limited,BSE,https://s3-symbol-logo.tradingview.com/alkyl-amines.svg,1614.55
6559,RICHUNV,Rich Universe Network Limited,BSE,https://s3-symbol-logo.tradingview.com/rich-universe-network-ltd.svg,7.0
6560,UNIONGOLD,Union Gold ETF Units Exchange Traded Fund,BSE,https://s3-symbol-logo.tradingview.com/unionamc-uniongold.svg,131.0
6561,MEGASTAR,Megastar Foods Ltd.,BSE,https://s3-symbol-logo.tradingview.com/megastar-foods-limited.svg,237.05
6562,ORGCOAT,Organic Coatings Limited,BSE,https://s3-symbol-logo.tradingview.com/organic-coatings-ltd.svg,24.99
6563,POLYPLEX,Polyplex Corporation Limited,BSE,https://s3-symbol-logo.tradingview.com/polyplex.svg,826.5
6564,MERCANTILE,Mercantile Ventures Ltd,BSE,https://s3-symbol-logo.tradingview.com/mercantile-ventures-limited.svg,24.0
6565,COMSYN,Commercial Syn Bags Limited,NSE,https://s3-symbol-logo.tradingview.com/commercial-syn-bags-ltd.svg,144.0
6566,DBSTOCKBRO,DB (International) Stock Brokers Limited,BSE,https://s3-symbol-logo.tradingview.com/db-international-stock-broke.svg,25.0
6567,AARTISURF,Aarti Surfactants Ltd.,BSE,https://s3-symbol-logo.tradingview.com/aarti-surfactants-ltd.svg,397.0
6568,RELIABLE,Reliable Data Services Ltd.,BSE,https://s3-symbol-logo.tradingview.com/reliable-data-serv.svg,153.6
6569,CPEDU,Career Point Edutech Limited,BSE,https://s3-symbol-logo.tradingview.com/career-point-edutech-limited.svg,262.4
6570,ABSLPSE,Aditya Birla Sun Life Nifty PSE ETF,BSE,https://s3-symbol-logo.tradingview.com/aditya-birla-fash.svg,10.06
6571,ELANTAS,ELANTAS Beck India Limited,BSE,https://s3-symbol-logo.tradingview.com/elantas-beck-india-ltd.svg,9614.15
6572,AMNPLST,Amines & Plasticizers Ltd.,BSE,https://s3-symbol-logo.tradingview.com/amines-and-plasticizers-ltd.svg,205.0
6663,JPTRLES,Jupiter Industries & Leasing Ltd.,BSE,JP,3.99
6601,CRANEX,Cranex Limited,BSE,https://s3-symbol-logo.tradingview.com/cranex-ltd.svg,67.02
6602,RKSWAMY,R K Swamy Limited,BSE,https://s3-symbol-logo.tradingview.com/r-k-swamy-limited.svg,112.5
6603,TREEHOUSE,Tree House Education & Accessories Limited,BSE,https://s3-symbol-logo.tradingview.com/tree-house-educati.svg,8.23
6604,ZFSTEERING,Z F Steering Gear (India) Limited,BSE,https://s3-symbol-logo.tradingview.com/zfsteering-gear-india-ltd.svg,777.35
6651,TTC,Toss The Coin Ltd.,BSE,https://s3-symbol-logo.tradingview.com/toss-the-coin-limited.svg,418.0
6652,GEMSPIN,Gem Spinners India Limited,BSE,https://s3-symbol-logo.tradingview.com/gem-spinners-india-ltd.svg,4.8
6653,JAYIND,Jayatma Industries Limited,BSE,https://s3-symbol-logo.tradingview.com/jayatma-industries-limited.svg,13.02
6654,EIMCOELECO,Eimco Elecon (India) Ltd.,BSE,https://s3-symbol-logo.tradingview.com/eimco-elecon-india.svg,1555.0
6655,SHUKJEW,Shukra Jewellery Limited,BSE,https://s3-symbol-logo.tradingview.com/shukra-jewellers-ltd.svg,7.7
6656,CWD,CWD Limited,BSE,https://s3-symbol-logo.tradingview.com/cwd-limited.svg,1888.0
6657,SUNDRMFAST,Sundram Fasteners Limited,BSE,https://s3-symbol-logo.tradingview.com/sundram-fasteners.svg,939.5
6658,MNPLFIN,Manipal Finance Corp. Ltd.,BSE,https://s3-symbol-logo.tradingview.com/manipal-finance-lt.svg,9.52
6659,PREMCAPM,Premium Capital Market & Investments Ltd.,BSE,https://s3-symbol-logo.tradingview.com/premium-capital-market-and-inves.svg,7.5
6660,ZKHANDEN,Khandelwal Extractions Ltd.,BSE,https://s3-symbol-logo.tradingview.com/khandelwal-extraction-ltd.svg,141.0
6661,RAAJMEDI,Raaj Medisafe India Ltd.,BSE,https://s3-symbol-logo.tradingview.com/raaj-medisafe-india-ltd.svg,68.0
6662,BANKETF,Mirae Asset Nifty Bank ETF Exchange Traded Fund Units,BSE,https://s3-symbol-logo.tradingview.com/mirae-asset-sec.svg,601.18
6664,SHAHALLOYS,Shah Alloys Limited,BSE,https://s3-symbol-logo.tradingview.com/shah-alloys-ltd.svg,70.0
6665,OTCO,OTCO International Ltd.,BSE,https://s3-symbol-logo.tradingview.com/otco-international-ltd.svg,6.61
6666,KIRANSY_B,Kiran Syntex Ltd.,BSE,https://s3-symbol-logo.tradingview.com/kiran-syntex-ltd.svg,12.25
6667,TIJARIA,Tijaria Polypipes Limited,BSE,https://s3-symbol-logo.tradingview.com/tijaria-polypipes-ltd.svg,5.21
6668,FIBERWEB,Fiberweb (India) Limited,BSE,https://s3-symbol-logo.tradingview.com/fiberweb-india-ltd.svg,36.53
6669,KHANDSE,Khandwala Securities Limited,BSE,https://s3-symbol-logo.tradingview.com/khandwala-securities-ltd.svg,21.9
6670,MFML,Mahalaxmi Fabric Mills Limited,BSE,https://s3-symbol-logo.tradingview.com/mahalaxmi-fabric-mills-ltd.svg,26.25
6671,SHUBHSHREE,Shubhshree Biofuels Energy Ltd.,NSE,https://s3-symbol-logo.tradingview.com/shubhshree-biofuels-ene-l.svg,379.1
6672,VISASTEEL,VISA Steel Limited,BSE,https://s3-symbol-logo.tradingview.com/visa-steel-ltd.svg,48.06
6673,SPECTRUM,Spectrum Electrical Industries Limited,NSE,https://s3-symbol-logo.tradingview.com/spectrum-electrica.svg,1227.9
6674,ASHUTPM,Tridev InfraEstates Limited,BSE,https://s3-symbol-logo.tradingview.com/ashutosh-paper-mills-ltd.svg,7.6
6675,NEXUSSURGL,Nexus Surgical and Medicare Limited,BSE,https://s3-symbol-logo.tradingview.com/nexus-surgical-and-medicare-li.svg,17.01
6724,GOLDBND,Bandhan Gold ETF NFO Units,BSE,GO,137.09
6701,FINEORG,Fine Organic Industries Ltd.,BSE,https://s3-symbol-logo.tradingview.com/fine-organic-ind.svg,4295.15
6702,LUDLOWJUT,Ludlow Jute & Specialities Limited,BSE,https://s3-symbol-logo.tradingview.com/ludlow-jute-and-specialities-ltd.svg,286.0
6703,STARDELTA,Star Delta Transformers Ltd.,BSE,https://s3-symbol-logo.tradingview.com/star-delta-transformers-limite.svg,604.05
6704,ANANTAM,Anantam Highways Trust,BSE,https://s3-symbol-logo.tradingview.com/anantam-highways-trust.svg,103.2
6705,MANUGRAPH,Manugraph India Limited,BSE,https://s3-symbol-logo.tradingview.com/manugraph-india-ltd.svg,16.49
6706,AUTOPINS,Auto Pins (India) Ltd,BSE,https://s3-symbol-logo.tradingview.com/auto-pins-india-ltd.svg,128.1
6707,BIRLACABLE,Birla Cable Limited,BSE,https://s3-symbol-logo.tradingview.com/birla-cable-ltd.svg,135.75
6708,SENSEX1,Kotak S&P BSE Sensex ETF,BSE,https://s3-symbol-logo.tradingview.com/kotak-mahindra-ast.svg,93.31
6709,HEUBACHIND,Sudarshan Colorants India Limited,BSE,https://s3-symbol-logo.tradingview.com/clariant.svg,466.85
6710,URAVIDEF,Uravi Defence and Technology Limited,BSE,https://s3-symbol-logo.tradingview.com/uravi-t-and-wedg-lamp-ltd.svg,198.1
6711,BAJAJINDEF,Indef Manufacturing Limited,BSE,https://s3-symbol-logo.tradingview.com/indef-manufacturing-ltd.svg,328.25
6712,TARAPUR,Tarapur Transformers Limited,BSE,https://s3-symbol-logo.tradingview.com/tarapur-transformers-ltd.svg,29.89
6713,TTL,T T Limited,BSE,https://s3-symbol-logo.tradingview.com/t-t-ltd.svg,8.63
6714,CHARMS,Charms Industries Limited,BSE,https://s3-symbol-logo.tradingview.com/charms-industries-ltd.svg,6.74
6715,DYNPRO,Dynemic Products Limited,BSE,https://s3-symbol-logo.tradingview.com/dynemic-products.svg,267.1
6716,11MPD,Nippon India Equity Hybrid Fund- Segregated Portfolio 2 Units 2020-MONTHLY DIVIDEND DIVIDEND PAYOUT,BSE,https://s3-symbol-logo.tradingview.com/nippon-life-india-asset.svg,3.0
6751,NAPL,Naturite Agro Products Ltd,BSE,https://s3-symbol-logo.tradingview.com/naturite-agro-products-limited.svg,247.0
6752,MOHITPPR,Mohit Paper Mills Limited,BSE,https://s3-symbol-logo.tradingview.com/mohit-paper-mills-ltd.svg,29.8
6753,PRIMEPRO,Prime Property Development Corporation Limited,BSE,https://s3-symbol-logo.tradingview.com/prime-property-development-cor.svg,27.41
6754,ESG,Mirae Asset Nifty 100 ESG Sector Leaders ETF,BSE,https://s3-symbol-logo.tradingview.com/mirae-asset-sec.svg,44.48
6801,SHREYANIND,Shreyans Industries Limited,BSE,https://s3-symbol-logo.tradingview.com/shreyans-industrie.svg,174.3
6802,HERCULES,Hercules Investments Ltd,BSE,https://s3-symbol-logo.tradingview.com/hercules-hoists.svg,165.1
6803,ARYAMAN,Aryaman Financial Services Limited,BSE,https://s3-symbol-logo.tradingview.com/aryaman-financial-services-ltd.svg,690.9
6804,RUBFILA,Rubfila International Limited,BSE,https://s3-symbol-logo.tradingview.com/rubfila-international-ltd.svg,73.78
6805,SHEMAROO,Shemaroo Entertainment Ltd.,BSE,https://s3-symbol-logo.tradingview.com/shemaroo-entertainment.svg,107.65
6806,ASITCFIN,Asit C. Mehta Financial Services Ltd.,BSE,https://s3-symbol-logo.tradingview.com/asit-cmehta-financial-service.svg,139.2
6807,ARIES,Aries Agro Ltd.,BSE,https://s3-symbol-logo.tradingview.com/aries-agro-ltd.svg,317.65
6808,ZFCVINDIA,ZF Commercial Vehicle Control Systems India Limited,BSE,https://s3-symbol-logo.tradingview.com/wabco.svg,15086.7
6809,SAHARAHOUS,Sahara Housingfina Corporation Limited,BSE,https://s3-symbol-logo.tradingview.com/sahara-housingfina.svg,41.0
6810,KIDUJA,Kiduja India Limited,BSE,https://s3-symbol-logo.tradingview.com/kiduja-india-ltd.svg,20.25
6811,VISIONCO,Vision Corporation Limited,BSE,https://s3-symbol-logo.tradingview.com/vision-ltd.svg,3.0
6812,INDPRUD,Industrial & Prudential Investment Co. Ltd.,BSE,https://s3-symbol-logo.tradingview.com/industrial-and-prudential-invest.svg,5550.05
6813,BROOKS,Brooks Laboratories Limited,BSE,https://s3-symbol-logo.tradingview.com/brooks-laboratories-ltd.svg,94.5
6814,ZODIACLOTH,Zodiac Clothing Company Limited,BSE,https://s3-symbol-logo.tradingview.com/zodiac-ventures-limited.svg,87.75
6815,ASHISHPO,Ashish Polyplast Limited,BSE,https://s3-symbol-logo.tradingview.com/ashish-polyplast-ltd.svg,35.15
6816,UDAYJEW,Uday Jewellery Industries Ltd.,BSE,https://s3-symbol-logo.tradingview.com/uday-jewellery-industries-limi.svg,142.2
6817,BHILSPIN,Bhilwara Spinners Limited,BSE,https://s3-symbol-logo.tradingview.com/bhilwara-spinners-ltd.svg,109.5
6818,PRABHA,Prabha Energy Limited,BSE,https://s3-symbol-logo.tradingview.com/prabha-energy-ltd.svg,195.9
6819,SHRJAGP,Shri Jagdamba Polymers Ltd.,BSE,https://s3-symbol-logo.tradingview.com/shri-jagdamba-polymers-ltd.svg,660.1
6820,MODISONLTD,Modison Limited,BSE,https://s3-symbol-logo.tradingview.com/modison-ltd.svg,136.8
6821,PREMSYN,Premier Synthetics Limited,BSE,https://s3-symbol-logo.tradingview.com/premier-synthetics-ltd.svg,23.8
6822,JISLDVREQS,Jain Irrigation Systems Limited,BSE,https://s3-symbol-logo.tradingview.com/jain-irrigation-systems.svg,27.65
6823,STRGRENWO,Sterling Green Woods Ltd.,BSE,https://s3-symbol-logo.tradingview.com/sterling-green-woods-ltd.svg,27.0
6824,SURFI,Suryo Foods & Industries Ltd.,BSE,https://s3-symbol-logo.tradingview.com/suryo-foods-and-industries-ltd.svg,30.09
6825,RMDRIP,R M Drip And Sprinklers Systems Limited,BSE,https://s3-symbol-logo.tradingview.com/r-m-drip-and-sprinklers-systems-limited.svg,79.3
6826,ASHIANA,Ashiana Housing Limited,BSE,https://s3-symbol-logo.tradingview.com/ashiana-housing-ltd.svg,295.05
6827,SMARTLINK,Smartlink Holdings Limited,BSE,https://s3-symbol-logo.tradingview.com/smartlink-limited.svg,127.25
6828,WINDMACHIN,Windsor Machines Limited,BSE,https://s3-symbol-logo.tradingview.com/windsor-machines.svg,269.5
6829,SHANTAI,Shantai Industries Ltd.,BSE,https://s3-symbol-logo.tradingview.com/shantai-industries-limited.svg,13.85
6830,NIF100IETF,ICICI Prudential Nifty 100 ETF,BSE,https://s3-symbol-logo.tradingview.com/icici-prudential-bank.svg,29.71
6859,REGAL,Regal Entertainment & Consultants Ltd.,BSE,RE,43.22
6851,TASTYBITE,Tasty Bite Eatables Ltd,BSE,https://s3-symbol-logo.tradingview.com/tasty-bite.svg,7969.95
6852,ASHOKRE,Ashoka Refineries Ltd.,BSE,https://s3-symbol-logo.tradingview.com/ashoka-refineries-ltd.svg,12.15
6853,GOTHIPL,Gothi Plascon (India) Limited,BSE,https://s3-symbol-logo.tradingview.com/gothi-plascon-india-ltd.svg,40.0
6854,TULASEEBIOE,Tulasee Bio-Ethanol Ltd.,BSE,https://s3-symbol-logo.tradingview.com/tulasee-bio-ethanol-ltd.svg,43.22
6855,KACHCHH,Kachchh Minerals Limited,BSE,https://s3-symbol-logo.tradingview.com/kachchh-minerals-ltd.svg,31.5
6856,AJWAFUN,Ajwa Fun World & Resort Ltd.,BSE,https://s3-symbol-logo.tradingview.com/ajwa-fun-world-and-resort-ltd.svg,45.0
6857,ITCONS,Itcons E-Solutions Limited,BSE,https://s3-symbol-logo.tradingview.com/itcons-e-solutions-limited.svg,440.0
6858,PREVEST,Prevest Denpro Ltd.,BSE,https://s3-symbol-logo.tradingview.com/prevest-denpro-limited.svg,486.0
6860,CONTICON,Continental Controls Limited,BSE,https://s3-symbol-logo.tradingview.com/continental-controls-ltd.svg,11.12
6861,CITYMAN,Cityman Limited,BSE,https://s3-symbol-logo.tradingview.com/cityman-ltd.svg,12.95
6862,AVASARA,Avasara Finance Limited,BSE,https://s3-symbol-logo.tradingview.com/avasara-finance-limited.svg,28.0
6863,KINETRU,Kinetic Trust Limited,BSE,https://s3-symbol-logo.tradingview.com/kinetic-trust-ltd.svg,37.59
6902,KUMPFIN,Kumbhat Financial Services Limited,BSE,https://s3-symbol-logo.tradingview.com/kumbhat-financial-services-ltd.svg,24.68
6903,STERPOW,Sterling Powergensys Limited,BSE,https://s3-symbol-logo.tradingview.com/sterling-powergensys-ltd.svg,29.49
6904,OMANSH,Omansh Enterprises Ltd,BSE,https://s3-symbol-logo.tradingview.com/omansh-enterprises-ltd.svg,167.55
6905,SANCO,Sanco Industries Ltd,NSE,https://s3-symbol-logo.tradingview.com/sanco-ind-ltd.svg,1.98
6906,BRIGHTBR,Bright Brothers Limited,BSE,https://s3-symbol-logo.tradingview.com/bright-brothers-ltd.svg,268.0
6907,SWARAJENG,Swaraj Engines Ltd,BSE,https://s3-symbol-logo.tradingview.com/swaraj-engines.svg,3627.25
6908,SHRDAIS,Sharda Ispat Ltd.,BSE,https://s3-symbol-logo.tradingview.com/sharda-ispat-ltd.svg,181.45
6909,RIDDHI,Riddhi Siddhi Gluco Biols Limited,BSE,https://s3-symbol-logo.tradingview.com/riddhi-siddhi-gluco-biols-ltd.svg,470.0
6910,BHAGWOX,Bhagawati Oxygen Ltd.,BSE,https://s3-symbol-logo.tradingview.com/bhagwati-oxygen-ltd.svg,42.5
6911,PADMALAYAT,Padmalaya Telefilms Limited,BSE,https://s3-symbol-logo.tradingview.com/padmalaya-telefilms-ltd.svg,5.25
6912,SRMCL,Sri Ramakrishna Mills Coimbatore Ltd.,BSE,https://s3-symbol-logo.tradingview.com/sri-ramakrishna-mills-coimbat.svg,42.74
6884,JCHAC,Johnson Controls-Hitachi Air Conditioning India Ltd.,BSE,JC,1426.8
6899,UTIBANKETF,UTI Nifty Bank ETF,BSE,UT,61.0
6901,NIFMID150,UTI Nifty Midcap 150 ETF Units Exchange Traded Fund,BSE,NI,223.95
6951,SUDAI,Sudal Industries Limited,BSE,https://s3-symbol-logo.tradingview.com/sudal-industries-ltd.svg,70.9
6952,BOMBWIR,Bombay Wire Ropes Ltd,BSE,https://s3-symbol-logo.tradingview.com/bombay-wire-ropes-ltd.svg,47.0
6953,DENORA,De Nora India Limited,BSE,https://s3-symbol-logo.tradingview.com/de-nora-india.svg,704.8
6954,ABGSEC,Aditya Birla Sun Life CRISIL Broad Based Gilt ETF,NSE,https://s3-symbol-logo.tradingview.com/aditya-birla-fash.svg,110.96
6955,INDOCO,Indoco Remedies Limited,BSE,https://s3-symbol-logo.tradingview.com/indoco-remedies.svg,237.85
6956,GAJANANSEC,Gajanan Securities Services Ltd,BSE,https://s3-symbol-logo.tradingview.com/gajanan-securities-services-lt.svg,55.0
6957,SOMICONVEY,Somi Conveyor Beltings Limited,BSE,https://s3-symbol-logo.tradingview.com/somi-conveyor-beltings-ltd.svg,126.9
6958,PGHH,Procter & Gamble Hygiene & Health Care Ltd.,BSE,https://s3-symbol-logo.tradingview.com/procter-and-gamble.svg,12886.45
6959,ANIKINDS,Anik Industries Limited,BSE,https://s3-symbol-logo.tradingview.com/anik-industries-ltd.svg,53.03
6960,RIDDHICORP,Riddhi Corporate Services Ltd.,BSE,https://s3-symbol-logo.tradingview.com/riddhi-corporate-services-limi.svg,66.89
6961,LICNETFN50,LIC MF Exchange Traded fund - Nifty 50 Units Exchange Traded Fund - Growth Plan - Growth,NSE,https://s3-symbol-logo.tradingview.com/lic-mf-exhge-traded.svg,291.02
6962,MEDICAPQ,Medi-Caps Ltd.,BSE,https://s3-symbol-logo.tradingview.com/medi-caps-ltd.svg,31.34
6963,TRF,TRF Limited.,BSE,https://s3-symbol-logo.tradingview.com/trf-ltd.svg,305.0
6964,NIFTY50ADD,DSP Nifty 50 ETF Units Exchange Traded Fund,BSE,https://s3-symbol-logo.tradingview.com/dsp-blackrock-mutu.svg,272.84
6965,ALPINEHOU,Alpine Housing Development Corporation Limited.,BSE,https://s3-symbol-logo.tradingview.com/alpine-housing-development-cor.svg,114.75
6966,CORNE,Coral Newsprints Limited,BSE,https://s3-symbol-logo.tradingview.com/coral-newsprints-ltd.svg,14.24
6967,ICDSLTD,ICDS Ltd.,BSE,https://s3-symbol-logo.tradingview.com/icds-ltd.svg,43.12
6968,DIGJAMLMTD,Digjam Ltd.,BSE,https://s3-symbol-logo.tradingview.com/digjam-limited.svg,49.21
6969,HONAUT,Honeywell Automation India Limited,BSE,https://s3-symbol-logo.tradingview.com/honeywell.svg,33483.85
6970,NGLFINE,NGL Fine-Chem Ltd.,NSE,https://s3-symbol-logo.tradingview.com/ngl-fine-chem-ltd.svg,1300.0
6971,MADHUDIN,Madhusudan Industries Limited,BSE,https://s3-symbol-logo.tradingview.com/madhusudan-industries-ltd.svg,35.8
6972,RETAIL,JHS Svendgaard Retail Ventures Pvt Ltd,BSE,https://s3-symbol-logo.tradingview.com/jhs-svendgaard-retail-v-l.svg,25.71
6973,PIXTRANS,PIX Transmissions Ltd,BSE,https://s3-symbol-logo.tradingview.com/pix-transmissions-ltd.svg,1442.0
6974,JAIPAN,Jaipan Industries Ltd.,BSE,https://s3-symbol-logo.tradingview.com/jaipan-industries-ltd.svg,29.84
6975,TOKYOPLAST,Tokyo Plast International Ltd,BSE,https://s3-symbol-logo.tradingview.com/tokyo-plast-international-ltd.svg,111.05
6980,ISTLTD,IST Ltd,BSE,https://s3-symbol-logo.tradingview.com/ist-ltd.svg,771.0
7005,SESHACHAL,Seshachal Technologies Limited,BSE,SE,46.79
7001,ASPIRA,Aspira Pathlab & Diagnostics Ltd.,BSE,https://s3-symbol-logo.tradingview.com/aspira-pathlab-and-diagnostics-l.svg,62.59
7002,DPABHUSHAN,D. P. Abhushan Ltd.,BSE,https://s3-symbol-logo.tradingview.com/d-p-abhushan-ltd.svg,1446.35
7003,ZSVARAJT,Svaraj Trading & Agencies Ltd.,BSE,https://s3-symbol-logo.tradingview.com/svaraj-trading-and-agencies-ltd.svg,8.2
7004,ZMULTIPU,Multipurpose Trading & Agencies Ltd.,BSE,https://s3-symbol-logo.tradingview.com/multipurpose-trading-and-agencie.svg,10.45
7006,VLL,Virat Leasing Ltd.,BSE,https://s3-symbol-logo.tradingview.com/virat-leasing-limited.svg,41.31
7007,MOMOMENTUM,Motilal Oswal Nifty 200 Momentum 30 ETF Units Exchange Traded Fund,BSE,https://s3-symbol-logo.tradingview.com/motilal.svg,64.0
7051,SANDESH,Sandesh Limited,NSE,https://s3-symbol-logo.tradingview.com/sandesh-ltd.svg,1092.0
7052,SANGAMIND,Sangam (India) Limited,BSE,https://s3-symbol-logo.tradingview.com/sangam-india-ltd.svg,431.75
7053,HARRMALAYA,Harrisons Malayalam Ltd,BSE,https://s3-symbol-logo.tradingview.com/harrisons-malayalam-ltd.svg,161.9
7054,GANGESSECU,Ganges Securities Ltd.,BSE,https://s3-symbol-logo.tradingview.com/ganges-securities-ltd.svg,140.4
7055,MAGNAELQ,Magna Electro Castings Limited,BSE,https://s3-symbol-logo.tradingview.com/magna-electro-castings-ltd.svg,902.75
7056,TRITONV,Triton Valves Limited,BSE,https://s3-symbol-logo.tradingview.com/triton-valves-ltd.svg,3200.0
7057,PONNIERODE,Ponni Sugars (Erode) Ltd.,BSE,https://s3-symbol-logo.tradingview.com/ponni-sugars-erode.svg,270.15
7058,INSECTICID,Insecticides (India) Limited,BSE,https://s3-symbol-logo.tradingview.com/insecticides-india.svg,703.05
7059,IGPL,IG Petrochemicals Ltd.,BSE,https://s3-symbol-logo.tradingview.com/ig-petrochemical.svg,388.0
7060,CINELINE,Cineline India Limited,BSE,https://s3-symbol-logo.tradingview.com/cineline-india-limited.svg,92.9
7061,LUMAXIND,Lumax Industries Limited,BSE,https://s3-symbol-logo.tradingview.com/lumax-industries-ltd.svg,5674.75
7062,ACEMEN,Ace Men Engg Works Ltd.,BSE,https://s3-symbol-logo.tradingview.com/ace-men-engg-works-limited.svg,97.5
7063,REGENCERAM,Regency Ceramics Ltd,BSE,https://s3-symbol-logo.tradingview.com/regency-ceramics.svg,46.53
7064,ALFAVIO,Alfavision Overseas (India) Limited,BSE,https://s3-symbol-logo.tradingview.com/alfavision-overseas-india-lt.svg,5.95
7065,AXISOL,Axis Solution Ltd,BSE,https://s3-symbol-logo.tradingview.com/axis-solutions-limited.svg,86.43
7066,HOTLSILV,H.S. India Ltd.,BSE,https://s3-symbol-logo.tradingview.com/hsindia-ltd.svg,12.25
7067,NAHARPOLY,Nahar Poly Films Limited,BSE,https://s3-symbol-logo.tradingview.com/nahar-capital-and.svg,255.1
7068,WORTHPERI,Worth Peripherals Ltd.,BSE,https://s3-symbol-logo.tradingview.com/worth-peripherals-ltd.svg,144.75
7069,AREXMIS,Arex Industries Limited,BSE,https://s3-symbol-logo.tradingview.com/arex-industries-ltd.svg,140.0
7070,ISHANCH,Ishan Dyes and Chemicals Limited,BSE,https://s3-symbol-logo.tradingview.com/ishan-dyes-and-chemicals-ltd.svg,63.42
7150,SANCF,Sanchay Finvest Ltd,BSE,https://s3-symbol-logo.tradingview.com/sanchay-finvest-ltd.svg,24.05
7029,UTINEXT50,UTI-Nifty Next 50 ETF,BSE,UT,74.28
7113,MOMNC,Motilal Oswal Nifty MNC ETF Exchange Traded Fund Units,NSE,MO,30.23
7100,STOVACQ,Stovec Industries Limited,BSE,https://s3-symbol-logo.tradingview.com/stovec-industries-ltd.svg,2049.0
7101,GSEC5IETF,ICICI Prudential Nifty 5 yr Benchmark G-SEC ETF,BSE,https://s3-symbol-logo.tradingview.com/icici-prudential-bank.svg,63.56
7102,ABMINTLLTD,ABM International Ltd.,NSE,https://s3-symbol-logo.tradingview.com/abm-international-ltd.svg,41.01
7103,EBBETF0431,BHARAT Bond ETF April 2031 Units Exchange Traded Fund,BSE,https://s3-symbol-logo.tradingview.com/edelweiss-fin-serv.svg,1395.38
7104,GUJPETR,Gujarat Petrosynthese Ltd.,BSE,https://s3-symbol-logo.tradingview.com/gujarat-petrosynthese-ltd.svg,60.35
7105,AMBIKCO,Ambika Cotton Mills Limited,BSE,https://s3-symbol-logo.tradingview.com/ambika-cotton-mill.svg,1263.1
7106,IDM,International Data Management Ltd.,BSE,https://s3-symbol-logo.tradingview.com/international-data-management.svg,28.52
7107,BLUECHIP,Blue Chip India Ltd,BSE,https://s3-symbol-logo.tradingview.com/blue-chip-india-ltd.svg,3.97
7108,LEXORAA,Lexoraa Industries Ltd,BSE,https://s3-symbol-logo.tradingview.com/servoteach-industries-ltd.svg,12.91
7109,SHREEPUSHK,Shree Pushkar Chemicals & Fertilisers Ltd.,BSE,https://s3-symbol-logo.tradingview.com/shree-pushkar-chem.svg,390.95
7110,SOURCENTRL,Source Natural Foods & Herbal Supplements Ltd.,BSE,https://s3-symbol-logo.tradingview.com/source-natural-foods-and-herbal.svg,137.95
7111,AIRLTD,Avishkar Infra Realty Ltd,BSE,https://s3-symbol-logo.tradingview.com/avishkar-infra-realty-limited.svg,672.4
7112,VADILENT,Vadilal Enterprises Limited,BSE,https://s3-symbol-logo.tradingview.com/vadilal-industries-ltd.svg,10000.0
7114,HINDUST,Hindustan Agrigenetics Ltd,BSE,https://s3-symbol-logo.tradingview.com/hindustan-agrigenetics-ltd.svg,54.0
7115,EVERESTIND,Everest Industries Limited,BSE,https://s3-symbol-logo.tradingview.com/everest-industries.svg,515.7
7116,PNTKYOR,Pentokey Organy (India) Limited,BSE,https://s3-symbol-logo.tradingview.com/pentokey-organy-india-ltd.svg,43.9
7117,SIL,Standard Industries Limited,BSE,https://s3-symbol-logo.tradingview.com/standard-inds.svg,16.5
7118,NEIL,Neil Industries Ltd,BSE,https://s3-symbol-logo.tradingview.com/neil-industries-ltd.svg,7.5
7082,UTISXN50,UTI BSE Sensex Next 50 ETF,BSE,UT,93.15
7201,OMAXAUTO,Omax Autos Limited,BSE,https://s3-symbol-logo.tradingview.com/omax-autos-ltd.svg,98.0
7202,VELJAN,Veljan Denison Limited,BSE,https://s3-symbol-logo.tradingview.com/veljan-denison-limited.svg,1192.1
7203,GYANDEV,Gyan Developers & Builders Ltd.,BSE,https://s3-symbol-logo.tradingview.com/gyan-developers-and-builders-ltd.svg,44.1
7204,BIL,Bhartiya International Limited,BSE,https://s3-symbol-logo.tradingview.com/bhartiya-international-ltd.svg,759.05
7205,PANABYTE,Panabyte Technologies Ltd,BSE,https://s3-symbol-logo.tradingview.com/panabyte-technologies-limited.svg,36.34
7206,VHL,Vardhman Holdings Limited,NSE,https://s3-symbol-logo.tradingview.com/vardhaman.svg,3599.8
7207,TIIL,Technocraft Industries (India) Limited,BSE,https://s3-symbol-logo.tradingview.com/technocraft-indust.svg,2287.6
7208,HBPOR,HB Portfolio Limited,BSE,https://s3-symbol-logo.tradingview.com/hb-stockholdings-ltd.svg,65.25
7209,BBL,Bharat Bijlee Limited,BSE,https://s3-symbol-logo.tradingview.com/bharat-bijlee-ltd.svg,2758.5
7210,NDMETAL,N.D. Metal Industries Ltd.,BSE,https://s3-symbol-logo.tradingview.com/ndmetal-industries-ltd.svg,86.0
7211,RATNAMANI,Ratnamani Metals & Tubes Ltd.,BSE,https://s3-symbol-logo.tradingview.com/ratnamani-metals-and-tubes.svg,2325.5
7212,ARENTERP,Rajdarshan Industries Limited,NSE,https://s3-symbol-logo.tradingview.com/rajdarshan-industr.svg,45.5
7213,ALKEM,Alkem Laboratories Ltd.,BSE,https://s3-symbol-logo.tradingview.com/alkem.svg,5609.35
7214,UPHOT,U P Hotels Limited,BSE,https://s3-symbol-logo.tradingview.com/uphotels-ltd.svg,1500.0
7215,EQUAL50,Mirae Asset Nifty50 Equal Weight ETF Exchange Traded Fund Units,NSE,https://s3-symbol-logo.tradingview.com/mirae-asset-sec.svg,335.28
7216,ANSALBU,Ansal Buildwell Limited,BSE,https://s3-symbol-logo.tradingview.com/ansal-buildwell-ltd.svg,118.0
7217,AUTOAXLES,Automotive Axles Limited,BSE,https://s3-symbol-logo.tradingview.com/automotive-axles.svg,1873.5
7218,LOWVOL,Mirae Asset Nifty 100 Low Volatility 30 ETF Exchange Traded Fund Units,NSE,https://s3-symbol-logo.tradingview.com/mirae-asset-sec.svg,216.19
7219,ISLCONSUL,ISL Consulting Limited,BSE,https://s3-symbol-logo.tradingview.com/isl-consulting-ltd.svg,28.94
7220,NINSYS,NINtec Systems Ltd,BSE,https://s3-symbol-logo.tradingview.com/nintec-systems-ltd.svg,411.65
7221,NIF5GETF,UTI Nifty 5 Yr Benchmark G-Sec ETF Exchange Traded Fund Units,BSE,https://s3-symbol-logo.tradingview.com/uti-asset-management.svg,63.5
7222,SIIL,Sabrimala Industries India Ltd.,BSE,https://s3-symbol-logo.tradingview.com/sabrimala-industries-india-lim.svg,16.1
7223,MSL,Mangalam Seeds Ltd,BSE,https://s3-symbol-logo.tradingview.com/mangalam-seeds-limited.svg,155.0
7224,NETLINK,Netlink Solutions (India) Limited,BSE,https://s3-symbol-logo.tradingview.com/netlink-solutions-india-ltd.svg,145.0
7225,CONTCHM,Continental Chemicals Limited,BSE,https://s3-symbol-logo.tradingview.com/continental-chemicals-ltd.svg,68.0
7226,SUNCLAY,Sundaram-Clayton Limited,BSE,https://s3-symbol-logo.tradingview.com/sundaram-clayton.svg,1237.85
7227,SUMMITSEC,Summit Securities Limited,BSE,https://s3-symbol-logo.tradingview.com/summit-securities-ltd.svg,2035.0
7228,RACE,Race Eco Chain Ltd.,BSE,https://s3-symbol-logo.tradingview.com/race-eco-chain-limited.svg,146.0
7229,KIRLOSIND,Kirloskar Industries Limited,BSE,https://s3-symbol-logo.tradingview.com/kirloskar-ferrous-ind-ltd.svg,3252.0
7230,MOLOWVOL,Motilal Oswal S&P BSE Low Volatility ETF Units Exchange Traded Fund,NSE,https://s3-symbol-logo.tradingview.com/motilal.svg,38.97
7231,ZIMLAB,Zim Laboratories Ltd.,BSE,https://s3-symbol-logo.tradingview.com/zim-laboratories-limited.svg,72.08
7251,GCSL,Gretex Corporate Services Ltd,NSE,https://s3-symbol-logo.tradingview.com/gretex-corporate-services-limi.svg,335.0
7252,HATHWAYB,Hathway Bhawani Cabletel & Datacom Ltd.,BSE,https://s3-symbol-logo.tradingview.com/hathway-bhawani-cabletel-and-dat.svg,13.32
7253,SICALLOG,Sical Logistics Limited.,BSE,https://s3-symbol-logo.tradingview.com/sical-logistics-ltd.svg,96.5
7254,INFRABEES,Nippon India ETF Nifty Infrastructure BeES,BSE,https://s3-symbol-logo.tradingview.com/nippon-life-india-asset.svg,994.72
7255,21STCENMGM,Twentyfirst Century Management Services Limited,BSE,https://s3-symbol-logo.tradingview.com/twentyfirst-century-management.svg,50.51
7256,BHUDEVI,Bhudevi Infra Projects Limited,BSE,https://s3-symbol-logo.tradingview.com/bhudevi-infra-projects-limited.svg,273.0
7257,BNRUDY,BNR Udyog Limited,BSE,https://s3-symbol-logo.tradingview.com/bnr-udyog-ltd.svg,43.48
7258,ESPIRE,Espire Hospitality Limited,BSE,https://s3-symbol-logo.tradingview.com/espire-hospitality-limited.svg,272.0
7259,BIJHANS,Bijoy Hans Ltd.,BSE,https://s3-symbol-logo.tradingview.com/bijoy-hans-ltd.svg,47.72
7260,TVSELECT,TVS Electronics Limited,BSE,https://s3-symbol-logo.tradingview.com/tvs-electronics-ltd.svg,459.5
7261,RCCL,Rajasthan Cylinders & Containers Ltd,BSE,https://s3-symbol-logo.tradingview.com/rajasthan-cylinders-and-containe.svg,35.2
7263,NUTRICIRCLE,NutriCircle Limited,BSE,https://s3-symbol-logo.tradingview.com/nutricircle-limited.svg,354.85
7301,HEMANG,Hemang Resources Limited,BSE,https://s3-symbol-logo.tradingview.com/hemang-resources-limited.svg,18.5
7302,SRHHYPOLTD,Sree Rayalaseema Hi-Strength Hypo Limited,BSE,https://s3-symbol-logo.tradingview.com/sree-rayalaseema-hi-strength-h.svg,528.65
7303,RITCO,Ritco Logistics Ltd.,BSE,https://s3-symbol-logo.tradingview.com/ritco-logistics-limited.svg,276.5
7304,BENGALASM,Bengal & Assam Co. Ltd.,BSE,https://s3-symbol-logo.tradingview.com/bengal-and-assam-company-ltd.svg,7052.0
7305,RAPIDIN,Rapid Investments Ltd.,BSE,https://s3-symbol-logo.tradingview.com/rapid-investments-ltd.svg,95.0
7306,SENSEXIETF,ICICI Prudential BSE Sensex ETF,BSE,https://s3-symbol-logo.tradingview.com/icici-prudential-bank.svg,973.72
7307,BERYLSE,Beryl Securities Limited,BSE,https://s3-symbol-logo.tradingview.com/beryl-securities-ltd.svg,27.79
7308,ARYAVAN,Ecofinity Atomix Ltd,BSE,https://s3-symbol-logo.tradingview.com/aryavan-enterprise-limited.svg,39.5
7309,GALADAFIN,Galada Finance Ltd,BSE,https://s3-symbol-logo.tradingview.com/galada-finance-limited.svg,32.24
7310,MODIRUBBER,Modi Rubber Limited,BSE,https://s3-symbol-logo.tradingview.com/modi-rubber.svg,106.1
7311,PUNJABCHEM,Punjab Chemicals & Crop Protection Ltd.,BSE,https://s3-symbol-logo.tradingview.com/punjab-chemicals-and-crop-prot.svg,1255.1
7351,SANTETX,Sanrhea Technical Textiles Ltd.,BSE,https://s3-symbol-logo.tradingview.com/sanrhea-technical-textiles-ltd.svg,152.5
7352,SASHWAT,Sashwat Technocrats Ltd.,BSE,https://s3-symbol-logo.tradingview.com/sashwat-technocrats-limited.svg,278.75
7353,ADHHATA,Adhata Global Limited,BSE,https://s3-symbol-logo.tradingview.com/adhata-global-limited.svg,35.39
7354,INTCAPL,Integra Capital Ltd,BSE,https://s3-symbol-logo.tradingview.com/integra-capital-limited.svg,14.8
7355,RML,Rane (Madras) Limited,BSE,https://s3-symbol-logo.tradingview.com/rane-brake-lining.svg,749.0
7356,JAYATMA,Jayatma Enterprises Ltd.,BSE,https://s3-symbol-logo.tradingview.com/jayatma-enterprises-limited.svg,13.99
7357,SMTEL,SMT Engineering Limited,BSE,https://s3-symbol-logo.tradingview.com/adarsh-mercantile-ltd.svg,177.45
7358,OSWALEA,Oswal Leasing Ltd.,BSE,https://s3-symbol-logo.tradingview.com/oswal-leasing-ltd.svg,61.64
7359,PALREDTEC,Palred Technologies Limited,BSE,https://s3-symbol-logo.tradingview.com/palred-technologies-limited.svg,38.15
7360,GSBFIN,GSB Finance Limited,BSE,https://s3-symbol-logo.tradingview.com/gsb-finance-ltd.svg,32.65
7361,BJDUP,B. J. Duplex Boards Ltd,BSE,https://s3-symbol-logo.tradingview.com/bjduplex-boards-ltd.svg,20.7
7362,INDTERRAIN,Indian Terrain Fashions Limited,BSE,https://s3-symbol-logo.tradingview.com/indian-terrain.svg,35.5
7363,INDAGIV,Ind-Agiv Commerce Limited,BSE,https://s3-symbol-logo.tradingview.com/ind-agiv-commerce-ltd.svg,72.0
7364,VASUPRADA,Shri Vasuprada Plantations Limited.,BSE,https://s3-symbol-logo.tradingview.com/shri-vasuprada-plantations-lim.svg,112.85
7365,ENCODE,Encode Packaging India Limited,BSE,https://s3-symbol-logo.tradingview.com/encode-packaging-india-limited.svg,12.77
7366,TNTELE,Tamilnadu Telecommunications Ltd.,BSE,https://s3-symbol-logo.tradingview.com/tamilnadu-telecommunications-l.svg,10.06
7367,NATHUEC,Natura Hue Chem Ltd.,BSE,https://s3-symbol-logo.tradingview.com/natura-hue-chem-ltd.svg,9.76
7368,INNOVANA,Innovana Thinklabs Ltd.,BSE,https://s3-symbol-logo.tradingview.com/innovana-thinklabs.svg,431.0
7369,TULIVE,Tulive Developers Limited,BSE,https://s3-symbol-logo.tradingview.com/tulive-developers-limited.svg,726.0
7370,FOSECOIND,Foseco India Limited,BSE,https://s3-symbol-logo.tradingview.com/foseco-india.svg,4964.7
7371,SANPA,Sangal Papers Limited,BSE,https://s3-symbol-logo.tradingview.com/sangal-papers-ltd.svg,195.0
7372,KAKTEX,Kakatiya Textiles Ltd.,BSE,https://s3-symbol-logo.tradingview.com/kakatiya-textiles-ltd.svg,16.0
7373,TARAI,Tarai Foods Limited,BSE,https://s3-symbol-logo.tradingview.com/tarai-foods-ltd.svg,7.02
7374,ELIQUID,Edelweiss Nifty 1D Rate Liquid ETF Exchange Traded Fund Units,NSE,https://s3-symbol-logo.tradingview.com/edelweiss-fin-serv.svg,1011.42
7375,JINDALPHOT,Jindal Photo Limited,BSE,https://s3-symbol-logo.tradingview.com/jindal-photo-ltd.svg,1501.05
7376,LINC,Linc Limited,BSE,https://s3-symbol-logo.tradingview.com/linc-limited.svg,114.0
7377,KTIL,Kesar Terminals & Infrastructure Limited,BSE,https://s3-symbol-logo.tradingview.com/kesar-terminals-and-infrastructu.svg,78.03
7343,NIFITETF,UTI Nifty IT ETF Units Exchange Traded Fund,BSE,NI,408.77
7401,EQUIPPP,Equippp Social Impact Technologies Limited,BSE,https://s3-symbol-logo.tradingview.com/equippp-soc-imp-tech-ltd.svg,22.68
7402,EKAMLEA,Ekam Leasing & Finance Co. Ltd.,BSE,https://s3-symbol-logo.tradingview.com/ekam-leasing-and-finance-coltd.svg,6.5
7403,PANELEC,Pan Electronics (India) Limited,BSE,https://s3-symbol-logo.tradingview.com/pan-electronics-india-ltd.svg,42.34
7404,SHRIDINE,Shri Dinesh Mills Limited,BSE,https://s3-symbol-logo.tradingview.com/shri-dinesh-mills-ltd.svg,239.0
7405,ATLASCYCLE,Atlas Cycles Haryana Ltd.,BSE,https://s3-symbol-logo.tradingview.com/atlas-cycles-haryana-ltd.svg,93.14
7406,IVZINNIFTY,Invesco India Nifty ETF,NSE,https://s3-symbol-logo.tradingview.com/invesco.svg,2975.48
7407,MOM50,Motilal Oswal M50 ETF Units Growth - Exchange Traded Fund,BSE,https://s3-symbol-logo.tradingview.com/motilal.svg,271.92
7451,TALBROSENG,Talbros Engineering Ltd.,BSE,https://s3-symbol-logo.tradingview.com/talbros-engineering-limited.svg,618.2
7452,ELIQUID,Edelweiss Nifty 1D Rate Liquid ETF Exchange Traded Fund Units,BSE,https://s3-symbol-logo.tradingview.com/edelweiss-fin-serv.svg,1011.13
7453,KKCL,Kewal Kiran Clothing Limited,BSE,https://s3-symbol-logo.tradingview.com/kewel-kiran-clothi.svg,489.45
7454,ZENITHEXPO,Zenith Exports Limited,BSE,https://s3-symbol-logo.tradingview.com/zenith-exports-ltd.svg,225.0
7455,SILVERO,Silver Oak Commercial Ltd.,BSE,https://s3-symbol-logo.tradingview.com/silver-oak-commercial-ltd.svg,5.84
7456,SKILVEN,Skyline Ventures India Ltd,BSE,https://s3-symbol-logo.tradingview.com/skyline-ventures-india-limited.svg,24.52
7457,PGHL,Procter & Gamble Health Ltd.,BSE,https://s3-symbol-logo.tradingview.com/procter-and-gamble.svg,5652.5
7458,IBINFO,IB Infotech Enterprises Limited,BSE,https://s3-symbol-logo.tradingview.com/ib-infotech-enterprises-ltd.svg,255.0
7459,UNQTYMI,Union Quality Plastics Ltd.,BSE,https://s3-symbol-logo.tradingview.com/union-quality-plastics-ltd.svg,16.59
7460,CEEJAY,Ceejay Finance Limited,BSE,https://s3-symbol-logo.tradingview.com/ceejay-finance-ltd.svg,169.25
7461,SANOFICONR,Sanofi Consumer Healthcare India Limited,BSE,https://s3-symbol-logo.tradingview.com/sanofi-cons-healthc-ind-l.svg,4551.6
7462,NATIONSTD,National Standard (India) Ltd.,BSE,https://s3-symbol-logo.tradingview.com/national-standard-india-ltd.svg,1264.9
7463,MOMGF,Motilal Oswal Nifty India Manufacturing ETF Exchange Traded Fund Units,NSE,https://s3-symbol-logo.tradingview.com/motilal.svg,152.74
7464,XELPMOC,Xelpmoc Design And Tech Ltd,BSE,https://s3-symbol-logo.tradingview.com/xelpmoc-design-and-tech-limite.svg,139.5
7465,CONTAINER,Containerway International Ltd.,BSE,https://s3-symbol-logo.tradingview.com/containerway-international-lim.svg,22.2
7466,SRINACHA,Sri Nachammai Cotton Mills Limited,BSE,https://s3-symbol-logo.tradingview.com/sri-nachammai-cotton-mills-ltd.svg,31.3
7467,PVTBANKADD,DSP Nifty Private Bank ETF Exchange Traded Fund Units,BSE,https://s3-symbol-logo.tradingview.com/dsp-blackrock-mutu.svg,28.7
7487,AANCHALISP,Aanchal Ispat Ltd,BSE,AA,9.72
7501,VHL,Vardhman Holdings Limited,BSE,https://s3-symbol-logo.tradingview.com/vardhaman.svg,3603.7
7502,ZENITHSTL,Zenith Steel Pipes & Industries Limited,BSE,https://s3-symbol-logo.tradingview.com/zenith-steel-pipes-and-indust.svg,7.34
7503,JSLINDL,JSL Industries Limited,BSE,https://s3-symbol-logo.tradingview.com/jsl-industries-ltd.svg,1066.55
7504,TIAANC,Tiaan Consumer Limited,BSE,https://s3-symbol-logo.tradingview.com/tiaan-consumer-limited.svg,8.15
7505,SHAHFOOD,Shah Foods Limited,BSE,https://s3-symbol-logo.tradingview.com/shah-foods-ltd.svg,147.4
7506,AMJLAND,AMJ Land Holdings Ltd.,BSE,https://s3-symbol-logo.tradingview.com/amj-land-limited.svg,51.54
7507,SENSEXETF,Mirae Asset S&P BSE Sensex ETF,BSE,https://s3-symbol-logo.tradingview.com/mirae-asset-sec.svg,87.77
7508,POLYCHEM,Polychem Limited,BSE,https://s3-symbol-logo.tradingview.com/polychem-ltd.svg,2070.0
7509,LICNETFSEN,LIC MF Exchange Traded Fund - Sensex,NSE,https://s3-symbol-logo.tradingview.com/lic-mf-exhge-traded.svg,961.76
7510,MODTHREAD,Modern Threads (India) Ltd,BSE,https://s3-symbol-logo.tradingview.com/modern-threads-india-ltd.svg,42.67
7511,RISHDIGA,Rishabh Digha Steel & Allied Products Ltd.,BSE,https://s3-symbol-logo.tradingview.com/rishabh-digha-steel-and-allied-p.svg,37.95
7512,RAJABAH,Raja Bahadur International Ltd.,BSE,https://s3-symbol-logo.tradingview.com/raja-bahadur-international-ltd.svg,4551.0
7513,HASTIFIN,Hasti Finance Limited,BSE,https://s3-symbol-logo.tradingview.com/hasti-finance-ltd.svg,9.33
7514,SURAJLTD,Suraj Limited,BSE,https://s3-symbol-logo.tradingview.com/suraj-ltd.svg,258.4
7515,ZWELCAST,Welcast Steels Limited,BSE,https://s3-symbol-logo.tradingview.com/welcast-steels-ltd.svg,859.5
7516,MPAGI,MP Agro Industries Ltd.,BSE,https://s3-symbol-logo.tradingview.com/mpagro-industries-ltd.svg,10.39
7517,HITTCO,Hittco Tools Limited,BSE,https://s3-symbol-logo.tradingview.com/hittco-tools-ltd.svg,12.5
7518,SIEL,Superior Industrial Enterprises Limited,BSE,https://s3-symbol-logo.tradingview.com/superior-industrial-enterprise.svg,45.0
7519,TYROON,Tyroon Tea Company Limited,BSE,https://s3-symbol-logo.tradingview.com/tyroon-tea-coltd.svg,93.35
7520,FAZE3Q,Faze Three Ltd.,BSE,https://s3-symbol-logo.tradingview.com/faze-three-ltd.svg,451.8
7521,MARIS,Maris Spinners Ltd.,BSE,https://s3-symbol-logo.tradingview.com/maris-spinners-ltd.svg,30.92
7575,GALADA,Galada Power & Telecommunication Ltd.,BSE,GA,2.87
7551,JAINEX,Jainex Aamcol Limited,BSE,https://s3-symbol-logo.tradingview.com/jainex-aamcol-ltd.svg,124.1
7552,QNIFTY,Quantum Nifty 50 ETF,BSE,https://s3-symbol-logo.tradingview.com/quantum-gold-fund.svg,2866.5
7601,SUPRATRE,Supra Trends Ltd.,BSE,https://s3-symbol-logo.tradingview.com/supra-trends-limited.svg,15.0
7602,SAUMYA,Saumya Consultants Limited,BSE,https://s3-symbol-logo.tradingview.com/saumya-consultants-ltd.svg,151.4
7603,TCIIND,TCI Industries Limited,BSE,https://s3-symbol-logo.tradingview.com/tci-industries-ltd.svg,1455.5
7604,SUPERHOUSE,Superhouse Limited,BSE,https://s3-symbol-logo.tradingview.com/superhouse-ltd.svg,147.45
7605,RAJVIR,Rajvir Industries Limited,BSE,https://s3-symbol-logo.tradingview.com/rajvir-industries-ltd.svg,10.39
7606,EMAMIPAP,Emami Paper Mills Limited,BSE,https://s3-symbol-logo.tradingview.com/emami-paper-mills-ltd.svg,86.64
7607,GUJRAFFIA,Gujarat Raffia Industries Limited,BSE,https://s3-symbol-logo.tradingview.com/gujarat-raffia-industries-ltd.svg,55.64
7608,IITLPROJ,IITL Projects Limited,BSE,https://s3-symbol-logo.tradingview.com/iitl-projects-limited.svg,64.9
7609,SNIM,Svarnim Trade Udyog Ltd.,BSE,https://s3-symbol-logo.tradingview.com/svarnim-trade-udyog-limited.svg,19.73
7610,SYBLY,Sybly Industries Limited,BSE,https://s3-symbol-logo.tradingview.com/sybly-industries-ltd.svg,1.59
7611,SALSAIN,Shree Salasar Investment Ltd,BSE,https://s3-symbol-logo.tradingview.com/shree-salasar-investment-ltd.svg,62.68
7612,1STCUS,First Custodian Fund India Ltd.,BSE,https://s3-symbol-logo.tradingview.com/first-custodian-fund-india-l.svg,93.0
7613,VIDHIING,Vidhi Specialty Food Ingredients Ltd,BSE,https://s3-symbol-logo.tradingview.com/vidhi-specialty-food.svg,342.0
7614,KEMP,Kemp & Co. Ltd.,BSE,https://s3-symbol-logo.tradingview.com/kemp-and-company-ltd.svg,1109.6
7615,PICTUREHS,Picturehouse Media Limited,BSE,https://s3-symbol-logo.tradingview.com/picturehouse-media-ltd.svg,7.56
7616,KRISHNACAP,Krishna Capital & Securities Ltd.,BSE,https://s3-symbol-logo.tradingview.com/krishna-capital-and-securities.svg,23.31
7617,GLOBALE,Globale Tessile Ltd,BSE,https://s3-symbol-logo.tradingview.com/globale-tessile-ltd.svg,12.52
7618,NIDHGRN,Nidhi Granites Ltd.,BSE,https://s3-symbol-logo.tradingview.com/nidhi-granites-ltd.svg,425.0
7619,MODWOOL,Modella Woollens Ltd.,BSE,https://s3-symbol-logo.tradingview.com/modella-woollens-ltd.svg,69.0
7620,ASTAR,Asian Star Co. Ltd.,BSE,https://s3-symbol-logo.tradingview.com/asian-star-coltd.svg,630.5
7621,PHOENXINTL,Phoenix International Limited,BSE,https://s3-symbol-logo.tradingview.com/phoenix-international-ltd.svg,39.54
7622,MAYURFL,Mayur Floorings Ltd.,BSE,https://s3-symbol-logo.tradingview.com/mayur-floorings-ltd.svg,18.39
7623,GOLDENTOBC,Golden Tobacco Limited,BSE,https://s3-symbol-logo.tradingview.com/golden-tobacco-ltd.svg,33.4
7624,PANIDPR,Panther Industrial Products Ltd,BSE,https://s3-symbol-logo.tradingview.com/panther-industrial-products-lt.svg,48.19
7625,INDSOYA,Indsoya Ltd.,BSE,https://s3-symbol-logo.tradingview.com/indsoya-ltd.svg,7.6
7626,SUKHJITS,Sukhjit Starch & Chemicals Ltd.,BSE,https://s3-symbol-logo.tradingview.com/sukhjit-starch-and-chem-ltd.svg,152.5
7627,VARDHMAN,Vardhman Concrete Limited,BSE,https://s3-symbol-logo.tradingview.com/vardhman-concrete-limited.svg,6.08
7628,VIRAT,Virat Industries Limited,BSE,https://s3-symbol-logo.tradingview.com/virat-industries-ltd.svg,511.1
7586,UTISENSETF,UTI BSE Sensex ETF,BSE,UT,942.9
7689,UPROTECH,Unipro Technologies Ltd.,BSE,UP,8.69
7651,APOORVA,Apoorva Leasing Finance & Investment Co. Ltd.,BSE,https://s3-symbol-logo.tradingview.com/apoorva-leasing-finance-and-inve.svg,31.96
7652,OCTAVIUSPL,Octavius Plantations Ltd,BSE,https://s3-symbol-logo.tradingview.com/octavius-plantations-limited.svg,45.0
7653,MOGSEC,MOTILAL OSWAL 5 YEAR G-SEC ETF Exchange Traded Fund,BSE,https://s3-symbol-logo.tradingview.com/motilal.svg,62.92
7654,MANBRO,Manbro Industries Ltd,BSE,https://s3-symbol-logo.tradingview.com/manbro-industries-limited.svg,388.0
7655,LYNMC,Lynx Machinery & Commercials Ltd.,BSE,https://s3-symbol-logo.tradingview.com/lynx-machinery-and-commercials-l.svg,154.7
7656,ABIRAFN,Abirami Financial Services (India) Limited,BSE,https://s3-symbol-logo.tradingview.com/abirami-financial-services-in.svg,40.0
7657,JAGANLAM,Jagan Lamps Limited,BSE,https://s3-symbol-logo.tradingview.com/jagan-lamps-ltd.svg,68.5
7658,PARSHWANA,Parshwanath Corporation Limited,BSE,https://s3-symbol-logo.tradingview.com/parshwanath-ltd.svg,91.55
7659,COCHMAL,Cochin Malabar Estates & Industries Ltd.,BSE,https://s3-symbol-logo.tradingview.com/cochin-malabar-estates-and-indus.svg,139.3
7660,KIFS,KIFS Financial Services Ltd.,BSE,https://s3-symbol-logo.tradingview.com/kifs-financial-services-ltd.svg,115.2
7661,SALEM,Salem Erode Investments Ltd.,BSE,https://s3-symbol-logo.tradingview.com/salem-erode-investments-ltd.svg,38.25
7662,KEERTHI,Keerthi Industries Limited,BSE,https://s3-symbol-logo.tradingview.com/keerthi-industries-ltd.svg,68.9
7663,COSCO,Cosco (India) Limited,BSE,https://s3-symbol-logo.tradingview.com/cosco-india-ltd.svg,214.8
7678,GRPLTD,GRP Ltd,BSE,https://s3-symbol-logo.tradingview.com/grp-ltd.svg,1703.0
7701,RAJKOTINV,Rajkot Investment Trust Ltd.,BSE,https://s3-symbol-logo.tradingview.com/rajkot-investment-trust-limite.svg,41.05
7702,EQUILATERA,Equilateral Enterprises Ltd,BSE,https://s3-symbol-logo.tradingview.com/surya-industrial-l.svg,25.5
7703,PSPLATINA,Property Share Investment Trust,BSE,https://s3-symbol-logo.tradingview.com/property-share-investment-trus.svg,1010200.0
7704,JAYSREETEA,Jay Shree Tea & Industries Ltd.,BSE,https://s3-symbol-logo.tradingview.com/jayshree-tea.svg,89.24
7705,PODDARMENT,Poddar Pigments Limited,BSE,https://s3-symbol-logo.tradingview.com/poddar-pigments-ltd.svg,265.05
7706,LINCOLN,Lincoln Pharmaceuticals Ltd,BSE,https://s3-symbol-logo.tradingview.com/lincoln-pharmaceuticals.svg,492.05
7707,DSINVEST,Dalal Street Investments Ltd.,BSE,https://s3-symbol-logo.tradingview.com/dalal-street-investments-ltd.svg,429.0
7708,SEJALLTD,Sejal Glass Limited,BSE,https://s3-symbol-logo.tradingview.com/sejal-glass-ltd.svg,899.95
7709,RFL,Ruparel Food Products Ltd,BSE,https://s3-symbol-logo.tradingview.com/mehta-housing-finance-ltd.svg,132.15
7715,CHOICEGOLD,Choice Gold ETF Units,BSE,CH,136.76
7721,SIMANDHAR,Simandhar Impex Limited,BSE,SI,23.65
7751,AUSOMENT,Ausom Enterprise Limited,BSE,https://s3-symbol-logo.tradingview.com/ausom-enterprise-limited.svg,111.2
7752,HBESD,HB Estate Developers Limited,BSE,https://s3-symbol-logo.tradingview.com/hb-stockholdings-ltd.svg,72.88
7753,MIVENMACH,Miven Machine Tools Ltd,BSE,https://s3-symbol-logo.tradingview.com/miven-machine-tools-ltd.svg,78.0
7754,SIMPLXPAP,Simplex Papers Limited,BSE,https://s3-symbol-logo.tradingview.com/simplex-realty-ltd.svg,1555.0
7755,SHILINDORE,Sayaji Hotels (Indore) Limited,BSE,https://s3-symbol-logo.tradingview.com/sayaji-hotels-ltd.svg,789.0
7756,08QPR,Nippon India Equity Savings Fund - Segerated Portfolio 2 Units Quarterly Divivdend Plan,BSE,https://s3-symbol-logo.tradingview.com/nippon-life-india-asset.svg,1571.3
7757,KRYSTAL,Krystal Integrated Services Ltd.,BSE,https://s3-symbol-logo.tradingview.com/krystal-integrated-services-li.svg,516.55
7758,TOKYOFIN,Tokyo Finance Ltd. (India),BSE,https://s3-symbol-logo.tradingview.com/tokyo-finance-ltd.svg,24.97
7759,BBNPNBETF,Baroda BNP Paribas Nifty Bank ETF Units Exchange Traded Fund,BSE,https://s3-symbol-logo.tradingview.com/paribas.svg,59.57
7760,PEETISEC,Peeti Securities Limited,BSE,https://s3-symbol-logo.tradingview.com/peeti-securities-ltd.svg,22.8
7761,RELCHEMQ,Reliance Chemotex Industries Ltd,BSE,https://s3-symbol-logo.tradingview.com/reliance-chemotex-ind-ltd.svg,135.85
7762,VKGLOBAL,VK Global Industries Limited,BSE,https://s3-symbol-logo.tradingview.com/sps-international-ltd.svg,31.36
7763,PARMAX,Parmax Pharma Ltd.,BSE,https://s3-symbol-logo.tradingview.com/paras-defence-and-space-technologies.svg,31.85
7764,HEXATRADEX,Hexa Tradex Limited,BSE,https://s3-symbol-logo.tradingview.com/hexa-tradex-ltd.svg,169.95
7765,BEFOUNDMOL,Befound Movement Ltd,BSE,https://s3-symbol-logo.tradingview.com/regency-trust-ltd.svg,4.74
7766,LIKHAMI,Likhami Consulting Ltd.,BSE,https://s3-symbol-logo.tradingview.com/likhami-consulting-limited.svg,312.05
7767,ARCHIDPLY,Archidply Industries Limited,BSE,https://s3-symbol-logo.tradingview.com/archidply-industries-ltd.svg,86.45
7768,07GPG,Nippon India Strategic Debt Fund - Segregated Portfolio 2 Units Growth,BSE,https://s3-symbol-logo.tradingview.com/nippon-life-india-asset.svg,4.64
7769,MADHUCON,Madhucon Projects Limited,BSE,https://s3-symbol-logo.tradingview.com/madhucon-projects-ltd.svg,6.3
7770,09GPG,Nippon India Hybrid Bond Fund - Segregated Portfolio 2 Units Growth,BSE,https://s3-symbol-logo.tradingview.com/nippon-life-india-asset.svg,10.45
7771,ASHNOOR,Ashnoor Textile Mills Limited,BSE,https://s3-symbol-logo.tradingview.com/ashnoor-textile-mills-ltd.svg,47.25
7772,KREBSBIO,Krebs Biochemicals & Industries Ltd.,NSE,https://s3-symbol-logo.tradingview.com/krebs-biochemandinds.svg,71.63
7773,VIJSOLX,Vijay Solvex Ltd.,BSE,https://s3-symbol-logo.tradingview.com/vijay-solvex-ltd.svg,703.0
7774,VEGA,Vega Jewellers Limited,BSE,https://s3-symbol-logo.tradingview.com/ph-trading-ltd.svg,193.3
7775,DECOMIC,Deco-Mica Ltd,BSE,https://s3-symbol-logo.tradingview.com/deco-mica-ltd.svg,75.0
7806,EASTSILK,Eastern Silk Industries Limited,NSE,EA,82.6
7848,RANJITSE,Ranjit Securities Ltd.,BSE,RA,13.17
7801,SHRICON,Shricon Industries Limited,BSE,https://s3-symbol-logo.tradingview.com/shricon-industries-ltd.svg,176.35
7802,STEP2COR,Step Two Corporation Ltd,BSE,https://s3-symbol-logo.tradingview.com/step-two-ltd.svg,35.6
7803,EY,Eyantra Ventures Limited,BSE,https://s3-symbol-logo.tradingview.com/eyantra-ventures-limited.svg,970.0
7804,APLAB,Aplab Limited,BSE,https://s3-symbol-logo.tradingview.com/aplab-ltd.svg,76.95
7805,RISHYRN,Rishab Special Yarns Ltd.,BSE,https://s3-symbol-logo.tradingview.com/rishab-special-yarns-ltd.svg,49.02
7807,NIPPOBATRY,Indo National Limited,BSE,https://s3-symbol-logo.tradingview.com/indo-national-ltd.svg,419.0
7808,PARAGONF,Paragon Finance Ltd,BSE,https://s3-symbol-logo.tradingview.com/paragon-finance-ltd.svg,51.99
7809,SAYAJIIND,Sayaji Industries Limited,BSE,https://s3-symbol-logo.tradingview.com/sayaji-industries-limited.svg,68.16
7810,BLOOM,Bloom Dekor Ltd,BSE,https://s3-symbol-logo.tradingview.com/bloom-dekor-ltd.svg,10.74
7851,MULLER,Muller & Phipps (India) Ltd.,BSE,https://s3-symbol-logo.tradingview.com/muller-and-phipps-india-ltd.svg,251.4
7852,SINNAR,Sinnar Bidi Udyog Ltd.,BSE,https://s3-symbol-logo.tradingview.com/sinnar-bidi-udyog-ltd.svg,725.4
7853,DIAMINESQ,Diamines & Chemicals Ltd.,BSE,https://s3-symbol-logo.tradingview.com/diamines-and-chemicals.svg,258.0
7854,VJLAXMIE,Veejay Lakshmi Engineering Works Limited,BSE,https://s3-symbol-logo.tradingview.com/veejay-lakshmi-engineering-wor.svg,52.0
7855,SAMRATFORG,Samrat Forgings Limited,BSE,https://s3-symbol-logo.tradingview.com/samrat-forgings-limited.svg,253.05
7856,SPACAPS,SPA Capital Services Ltd.,BSE,https://s3-symbol-logo.tradingview.com/spa-capital-services-limited.svg,235.0
7857,CMBL,Corporate Merchant Bankers Ltd.,BSE,https://s3-symbol-logo.tradingview.com/corporate-merchant-bankers-lim.svg,307.2
7858,SRDAPRT,Sarda Proteins Ltd.,BSE,https://s3-symbol-logo.tradingview.com/sarda-proteins-ltd.svg,78.01
7859,AMARSEC,Amarnath Securities Ltd,BSE,https://s3-symbol-logo.tradingview.com/amarnath-securities-ltd.svg,13.64
7860,STDSFAC,Standard Surfactants Ltd.,BSE,https://s3-symbol-logo.tradingview.com/standard-surfactants-ltd.svg,51.49
7861,SOFTTECH,SoftTech Engineers Ltd.,BSE,https://s3-symbol-logo.tradingview.com/softtech-engineers-limited.svg,327.65
7862,ENERGY,Mirae Asset Nifty Energy ETF Exchange Traded Fund Units,BSE,https://s3-symbol-logo.tradingview.com/sector/energy.svg,12113.75
1,NIFTY,NIFTY 50,INDEX,logos/NIFTY.svg,21500.0
2,BANKNIFTY,BANK NIFTY,INDEX,logos/BANKNIFTY.svg,45500.0
4,IDEA,Vodafone Idea Ltd,NSE,https://s3-symbol-logo.tradingview.com/vodafone-idea.svg,12.08
5,AVANCE,Avance Technologies Limited,BSE,https://s3-symbol-logo.tradingview.com/avance-technologies-ltd.svg,1.52
6,JWL,Jupiter Wagons Limited,NSE,https://s3-symbol-logo.tradingview.com/jupiter-wagons-ltd.svg,351.25
8,BELRISE,Belrise Industries Limited,NSE,https://s3-symbol-logo.tradingview.com/belrise-industries-limited.svg,168.86
9,RPOWER,Reliance Power Limited,NSE,https://s3-symbol-logo.tradingview.com/reliance-group.svg,36.25
10,IDEA,Vodafone Idea Ltd,BSE,https://s3-symbol-logo.tradingview.com/vodafone-idea.svg,12.07
11,NMDC,NMDC Limited,NSE,https://s3-symbol-logo.tradingview.com/nmdc.svg,82.02
12,TATAGOLD,Tata Gold Exchange Traded Fund Units Exchange Traded Fund,NSE,https://s3-symbol-logo.tradingview.com/tata.svg,13.27
13,TATSILV,Tata Silver Exchange Traded Fund Units Exchange Traded Fund,NSE,https://s3-symbol-logo.tradingview.com/tata.svg,20.53
14,OLAELEC,Ola Electric Mobility Limited,NSE,https://s3-symbol-logo.tradingview.com/ola-electric-mobility-ltd.svg,35.14
16,PCJEWELLER,PC Jeweller Ltd.,NSE,https://s3-symbol-logo.tradingview.com/pc-jeweller-ltd.svg,9.68
17,ALOKINDS,Alok Industries Limited,NSE,https://s3-symbol-logo.tradingview.com/alok-industries.svg,16.92
18,IRFC,Indian Railway Finance Corp. Ltd.,NSE,https://s3-symbol-logo.tradingview.com/indian-railway-finance-corporation.svg,122.53
19,GTLINFRA,GTL Infrastructure Ltd,NSE,https://s3-symbol-logo.tradingview.com/gtl-infrastructure.svg,1.25
20,IRCON,IRCON International Ltd.,NSE,https://s3-symbol-logo.tradingview.com/ircon-international.svg,174.64
21,SILVERBEES,Nippon India Silver ETF,NSE,https://s3-symbol-logo.tradingview.com/nippon-life-india-asset.svg,201.81
22,AURIGROW,Auri Grow India Limited,NSE,https://s3-symbol-logo.tradingview.com/godha-cabcon-insulat-ltd.svg,0.99
23,GOLDBEES,Nippon India ETF Gold BeES,NSE,https://s3-symbol-logo.tradingview.com/nippon-life-india-asset.svg,113.2
24,RBA,Restaurant Brands Asia Limited,NSE,https://s3-symbol-logo.tradingview.com/burger-king.svg,66.0
25,YESBANK,Yes Bank Limited,NSE,https://s3-symbol-logo.tradingview.com/yes-bank.svg,21.79
26,ALSTONE,Alstone Textiles (India) Ltd.,BSE,https://s3-symbol-logo.tradingview.com/alstone-textiles-india-ltd.svg,0.28
27,HCC,Hindustan Construction Co. Ltd.,NSE,https://s3-symbol-logo.tradingview.com/hindustan-construction.svg,19.63
28,FILATFASH,Filatex Fashions Limited,NSE,https://s3-symbol-logo.tradingview.com/filatex-fashions-ltd.svg,0.38
29,MURAE,Murae Organisor Limited,BSE,https://s3-symbol-logo.tradingview.com/murae-organisor-limited.svg,0.29
30,SUZLON,Suzlon Energy Ltd,NSE,https://s3-symbol-logo.tradingview.com/suzlon-energy.svg,53.56
31,MANGIND,Mangalam Industrial Finance Ltd,BSE,https://s3-symbol-logo.tradingview.com/mangalam-industrial-finance-lt.svg,0.96
32,RVNL,Rail Vikas Nigam Ltd.,NSE,https://s3-symbol-logo.tradingview.com/rail-vikas-nigam.svg,347.6
33,SCL,Sunshine Capital Ltd.,BSE,https://s3-symbol-logo.tradingview.com/sunshine-capital-ltd.svg,0.27
34,HFCL,HFCL Limited,NSE,https://s3-symbol-logo.tradingview.com/himachal-futuristics.svg,66.65
35,HINDCOPPER,Hindustan Copper Ltd,NSE,https://s3-symbol-logo.tradingview.com/hindustan-copper.svg,410.0
36,DAVANGERE,Davangere Sugar Company Limited,NSE,https://s3-symbol-logo.tradingview.com/davangere-sugar-company-l.svg,3.59
37,JPPOWER,Jaiprakash Power Ventures Limited,NSE,https://s3-symbol-logo.tradingview.com/jaiprakash-power.svg,17.87
38,COALINDIA,Coal India Ltd.,NSE,https://s3-symbol-logo.tradingview.com/coal-india.svg,400.5
39,GATECH,GACM Technologies Limited,NSE,https://s3-symbol-logo.tradingview.com/gacm-technologies-limited.svg,0.6
40,CANBK,Canara Bank,NSE,https://s3-symbol-logo.tradingview.com/canara-bank.svg,150.0
41,PATELENG,Patel Engineering Limited,NSE,https://s3-symbol-logo.tradingview.com/patel-engineering.svg,30.3
42,DHARAN,Dharan Infra-EPC Ltd,NSE,https://s3-symbol-logo.tradingview.com/kbc-global-limited.svg,0.26
43,SILVERCASE,Zerodha Silver ETF Exchange Traded Fund Units,NSE,https://s3-symbol-logo.tradingview.com/zerodhaamc-silvercase.svg,21.4
44,RBA,Restaurant Brands Asia Limited,BSE,https://s3-symbol-logo.tradingview.com/burger-king.svg,66.1
45,IDFCFIRSTB,IDFC First Bank Ltd.,NSE,https://s3-symbol-logo.tradingview.com/idfc-first-bank.svg,85.17
46,JWL,Jupiter Wagons Limited,BSE,https://s3-symbol-logo.tradingview.com/jupiter-wagons-ltd.svg,349.45
47,TATACAP,Tata Capital Ltd.,NSE,https://s3-symbol-logo.tradingview.com/tata.svg,344.55
48,RPOWER,Reliance Power Limited,BSE,https://s3-symbol-logo.tradingview.com/reliance-group.svg,36.27
49,STANCAP,Standard Capital Markets Ltd.,BSE,https://s3-symbol-logo.tradingview.com/standard-capital-markets-ltd.svg,0.59
83,PURVA,Puravankara Limited,NSE,https://s3-symbol-logo.tradingview.com/puravankara-ltd.svg,268.0
84,HDFCBANK,HDFC Bank Limited,NSE,https://s3-symbol-logo.tradingview.com/hdfc-bank.svg,993.1
85,CHOLAFIN,Cholamandalam Investment and Finance Co. Ltd.,NSE,https://s3-symbol-logo.tradingview.com/cholamandalam.svg,1692.3
86,OLAELEC,Ola Electric Mobility Limited,BSE,https://s3-symbol-logo.tradingview.com/ola-electric-mobility-ltd.svg,35.16
87,SHRENIK,Shrenik Limited,NSE,https://s3-symbol-logo.tradingview.com/shrenik-ltd.svg,0.55
88,AWHCL,Antony Waste Handling Cell Ltd.,NSE,https://s3-symbol-logo.tradingview.com/antony-waste-handling.svg,535.5
89,MOTHERSON,Samvardhana Motherson International Limited,NSE,https://s3-symbol-logo.tradingview.com/motherson.svg,120.58
90,RAJESHEXPO,Rajesh Exports Limited,NSE,https://s3-symbol-logo.tradingview.com/rajesh-exports.svg,220.35
91,ITBEES,Nippon India ETF Nifty IT,NSE,https://s3-symbol-logo.tradingview.com/nippon-life-india-asset.svg,42.97
92,SADHNANIQ,Sadhana Nitro Chem Limited,NSE,https://s3-symbol-logo.tradingview.com/sadhana-nitrochem-ltd.svg,8.25
93,PFOCUS,Prime Focus Limited,NSE,https://s3-symbol-logo.tradingview.com/prime-focus.svg,227.27
94,RAMASTEEL,Rama Steel Tubes Ltd.,NSE,https://s3-symbol-logo.tradingview.com/rama-steel-tubes.svg,9.58
95,RITES,RITES Ltd.,NSE,https://s3-symbol-logo.tradingview.com/rites.svg,251.79
96,GOLDIETF,ICICI Prudential Gold ETF,NSE,https://s3-symbol-logo.tradingview.com/icici-prudential-bank.svg,117.23
97,ASHOKLEY,Ashok Leyland Limited,NSE,https://s3-symbol-logo.tradingview.com/ashok-leyland.svg,177.23
98,RTNPOWER,RattanIndia Power Limited,NSE,https://s3-symbol-logo.tradingview.com/rattanindia-power.svg,9.65
99,MEHAI,Mehai Technology Ltd.,BSE,https://s3-symbol-logo.tradingview.com/mehai-technology-limited.svg,1.63
100,PNB,Punjab National Bank,NSE,https://s3-symbol-logo.tradingview.com/punjab-natl-bank.svg,121.47
113,BEL,Bharat Electronics Limited,NSE,https://s3-symbol-logo.tradingview.com/bharat-electronics.svg,401.65
114,RECLTD,REC Limited,NSE,https://s3-symbol-logo.tradingview.com/rec.svg,355.45
115,RAJNISH,Rajnish Wellness Ltd.,BSE,https://s3-symbol-logo.tradingview.com/rajnish-wellness-limited.svg,0.62
116,POWERGRID,Power Grid Corporation of India Limited,NSE,https://s3-symbol-logo.tradingview.com/power-grid.svg,268.55
117,JKTYRE,JK Tyre & Industries Limited,NSE,https://s3-symbol-logo.tradingview.com/jk-tyre-and-industries.svg,513.25
119,ITC,ITC Limited,NSE,https://s3-symbol-logo.tradingview.com/itc.svg,404.5
120,PFC,Power Finance Corporation Limited,NSE,https://s3-symbol-logo.tradingview.com/power-finance.svg,352.45
121,SILVERIETF,ICICI Prudential Silver ETF Units Exchange Traded Fund,NSE,https://s3-symbol-logo.tradingview.com/icici-prudential-bank.svg,210.72
122,EASEMYTRIP,Easy Trip Planners Ltd.,NSE,https://s3-symbol-logo.tradingview.com/easy-trip-planners-limited.svg,7.62
123,WIPRO,Wipro Limited,NSE,https://s3-symbol-logo.tradingview.com/wipro.svg,271.0
124,INFIBEAM,Infibeam Avenues Ltd.,NSE,https://s3-symbol-logo.tradingview.com/infibeam-avenues.svg,16.78
125,IOB,Indian Overseas Bank,NSE,https://s3-symbol-logo.tradingview.com/indian-overseas-bank.svg,33.99
126,LLOYDSENT,Lloyds Enterprises Limited,NSE,https://s3-symbol-logo.tradingview.com/lloyds-enterprises-limited.svg,70.76
127,MAHABANK,Bank of Maharashtra,NSE,https://s3-symbol-logo.tradingview.com/bank-of-maharashtra.svg,57.9
128,NBCC,NBCC (INDIA) LIMITED,NSE,https://s3-symbol-logo.tradingview.com/nbcc-india.svg,116.8
129,ONGC,Oil & Natural Gas Corp. Ltd.,NSE,https://s3-symbol-logo.tradingview.com/oil-and-natural-gas.svg,236.58
130,GVFILM,GV Films Ltd.,BSE,https://s3-symbol-logo.tradingview.com/gv-films-ltd.svg,0.48
131,EXCEL,Excel Realty N Infra Ltd,NSE,https://s3-symbol-logo.tradingview.com/excel-realty-n-inf.svg,1.46
132,BCG,Brightcom Group Limited,NSE,https://s3-symbol-logo.tradingview.com/brightcom-group.svg,10.9
133,TFCILTD,Tourism Finance Corporation of India Limited,NSE,https://s3-symbol-logo.tradingview.com/tourism-fin.svg,65.11
134,SEPC,SEPC Limited,NSE,https://s3-symbol-logo.tradingview.com/sepc-limited.svg,10.1
135,TAKE,TAKE Solutions Limited,NSE,https://s3-symbol-logo.tradingview.com/take-solutions.svg,38.91
136,INDIAHOMES,India homes Limited,BSE,https://s3-symbol-logo.tradingview.com/india-steel-works-ltd.svg,12.38
137,HDFCSILVER,Hdfc Silver ETF Units Exchange Traded Fund,NSE,https://s3-symbol-logo.tradingview.com/hdfc-bank.svg,202.5
138,KESORAMIND,Kesoram Industries Ltd,NSE,https://s3-symbol-logo.tradingview.com/kesorind-gdr.svg,11.48
139,EVEXIA,Evexia Lifecare Limited,BSE,https://s3-symbol-logo.tradingview.com/evexia-lifecare-limited.svg,1.66
140,NHPC,NHPC Limited,NSE,https://s3-symbol-logo.tradingview.com/nhpc.svg,78.35
141,OMAXE,Omaxe Limited,NSE,https://s3-symbol-logo.tradingview.com/omaxe-ltd.svg,76.3
142,QUADFUTURE,Quadrant Future Tek Limited,NSE,https://s3-symbol-logo.tradingview.com/quadrant-future-tek-limited.svg,317.25
143,ABSLPSE,Aditya Birla Sun Life Nifty PSE ETF,NSE,https://s3-symbol-logo.tradingview.com/aditya-birla-fash.svg,10.07
144,ADANIPOWER,Adani Power Limited,NSE,https://s3-symbol-logo.tradingview.com/adani.svg,143.22
145,AKUMS,Akums Drugs and Pharmaceuticals Limited,NSE,https://s3-symbol-logo.tradingview.com/akums-drugs-and-pharma-l.svg,453.6
147,VPRPL,Vishnu Prakash R Punglia Ltd.,NSE,https://s3-symbol-logo.tradingview.com/vishnu-prakash-r-pungli-l.svg,60.84
148,INOXGREEN,Inox Green Energy Services Ltd.,NSE,https://s3-symbol-logo.tradingview.com/inox-green-energy-services-lim.svg,208.68
150,TATAGOLD,Tata Gold Exchange Traded Fund Units Exchange Traded Fund,BSE,https://s3-symbol-logo.tradingview.com/tata.svg,13.26
165,JIOFIN,Jio Financial Services Limited,NSE,https://s3-symbol-logo.tradingview.com/jio-fin-services-ltd.svg,299.4
166,IRB,IRB Infrastructure Developers Limited,NSE,https://s3-symbol-logo.tradingview.com/irb-infrastructure-trust.svg,42.49
167,DCBBANK,DCB Bank Limited,NSE,https://s3-symbol-logo.tradingview.com/dcb-bank.svg,176.25
168,RICOAUTO,Rico Auto Industries Limited,NSE,https://s3-symbol-logo.tradingview.com/rico-auto-inds.svg,127.72
169,VMM,Vishal Mega Mart Ltd.,NSE,https://s3-symbol-logo.tradingview.com/vishal-mega-mart-limited.svg,136.52
170,VIKASLIFE,Vikas Lifecare Limited,NSE,https://s3-symbol-logo.tradingview.com/vikas-lifecare-limited.svg,1.84
171,APOLLO,Apollo Micro Systems Ltd.,NSE,https://s3-symbol-logo.tradingview.com/apollo-micro-systems-limited.svg,262.25
172,CUPID,Cupid Limited,NSE,https://s3-symbol-logo.tradingview.com/cupid-ltd.svg,464.9
173,FRANKLININD,Franklin Industries Ltd,BSE,https://s3-symbol-logo.tradingview.com/franklin-industries-limited.svg,0.65
174,MODEFENCE,Motilal Oswal Nifty India Defence ETF Units Exchange Traded Fund,NSE,https://s3-symbol-logo.tradingview.com/motilal.svg,85.56
175,SARVESHWAR,Sarveshwar Foods Ltd.,NSE,https://s3-symbol-logo.tradingview.com/sarveshwar-foods-ltd.svg,4.58
176,SPICEJET,SpiceJet Limited,BSE,https://s3-symbol-logo.tradingview.com/spicejet.svg,30.82
177,PATANJALI,Patanjali Foods Limited,BSE,https://s3-symbol-logo.tradingview.com/ruchi-soya-industries.svg,547.65
178,IFCI,IFCI Limited,NSE,https://s3-symbol-logo.tradingview.com/ifci.svg,50.64
179,SANGHVIMOV,Sanghvi Movers Limited,NSE,https://s3-symbol-logo.tradingview.com/sanghvi-movers-ltd.svg,364.5
180,IDBI,IDBI Bank Limited,NSE,https://s3-symbol-logo.tradingview.com/idbi-bank.svg,99.95
267,BSOFT,Birlasoft Limited,NSE,https://s3-symbol-logo.tradingview.com/birlasoft-india.svg,455.95
181,NYKAA,FSN E-Commerce Ventures Ltd.,NSE,https://s3-symbol-logo.tradingview.com/fsn-e-commerce-ventures.svg,255.45
182,DECNGOLD,Deccan Gold Mines Limited,BSE,https://s3-symbol-logo.tradingview.com/deccan-gold-mines-ltd.svg,101.25
183,PATANJALI,Patanjali Foods Limited,NSE,https://s3-symbol-logo.tradingview.com/ruchi-soya-industries.svg,548.0
184,BHEL,Bharat Heavy Electricals Limited,NSE,https://s3-symbol-logo.tradingview.com/bharat-heavy-electricals.svg,283.75
185,PHARMABEES,Nippon India Nifty Pharma ETF Units Exchange Traded Fund,NSE,https://s3-symbol-logo.tradingview.com/nippon-life-india-asset.svg,23.41
186,UCOBANK,UCO Bank,NSE,https://s3-symbol-logo.tradingview.com/uco-bank.svg,28.97
187,COFORGE,Coforge Limited,NSE,https://s3-symbol-logo.tradingview.com/coforge-limited.svg,1774.3
188,BLUEGOD,Bluegod Entertainment Ltd,BSE,https://s3-symbol-logo.tradingview.com/bluegod-entertainment-ltd.svg,4.51
190,EDELWEISS,Edelweiss Financial Services Limited,NSE,https://s3-symbol-logo.tradingview.com/edelweiss-fin-serv.svg,108.31
191,BSE,BSE Ltd.,NSE,https://s3-symbol-logo.tradingview.com/bse.svg,2732.4
192,BAJFINANCE,Bajaj Finance Limited,NSE,https://s3-symbol-logo.tradingview.com/bajaj-finance.svg,1008.2
193,SUZLON,Suzlon Energy Ltd,BSE,https://s3-symbol-logo.tradingview.com/suzlon-energy.svg,53.52
194,MMTC,MMTC Limited,NSE,https://s3-symbol-logo.tradingview.com/mmtc.svg,58.38
195,NCC,NCC Limited,NSE,https://s3-symbol-logo.tradingview.com/ncc.svg,161.75
196,INFY,Infosys Limited,NSE,https://s3-symbol-logo.tradingview.com/infosys.svg,1667.6
197,JMFINANCIL,JM Financial Limited,NSE,https://s3-symbol-logo.tradingview.com/jm-financial.svg,146.0
198,GTLINFRA,GTL Infrastructure Ltd,BSE,https://s3-symbol-logo.tradingview.com/gtl-infrastructure.svg,1.23
199,UTKARSHBNK,Utkarsh Small Finance Bank Limited,NSE,https://s3-symbol-logo.tradingview.com/utkarsh-small-fin-bank-l.svg,15.05
200,ENBETRD,Enbee Trade & Finance Ltd.,BSE,https://s3-symbol-logo.tradingview.com/enbee-trade-andamp-finance-ltd.svg,0.43
226,NIFTYBEES,Nippon India ETF Nifty 50 BeES,NSE,https://s3-symbol-logo.tradingview.com/nippon-life-india-asset.svg,295.92
227,DISHTV,Dish TV India Limited,NSE,https://s3-symbol-logo.tradingview.com/dish-tv-india.svg,3.98
228,NIITLTD,NIIT Limited,NSE,https://s3-symbol-logo.tradingview.com/niit.svg,98.09
229,BPCL,Bharat Petroleum Corporation Limited,NSE,https://s3-symbol-logo.tradingview.com/bharat-petroleum.svg,371.55
230,JPPOWER,Jaiprakash Power Ventures Limited,BSE,https://s3-symbol-logo.tradingview.com/jaiprakash-power.svg,17.85
231,ASIANTILES,Asian Granito India Limited,NSE,https://s3-symbol-logo.tradingview.com/asian-granito.svg,71.66
232,GLOBE,GLOBE ENTERPRISES (INDIA) LIMITED,NSE,https://s3-symbol-logo.tradingview.com/globe-textiles-i-ltd.svg,2.56
233,PPLPHARMA,Piramal Pharma Limited,NSE,https://s3-symbol-logo.tradingview.com/piramal-pharma-limited.svg,178.74
234,SALASAR,Salasar Techno Engineering Ltd.,NSE,https://s3-symbol-logo.tradingview.com/salasar-techno-eng.svg,9.06
235,GOLDBEES,Nippon India ETF Gold BeES,BSE,https://s3-symbol-logo.tradingview.com/nippon-life-india-asset.svg,113.17
236,MOGOLD,Motilal Oswal Gold ETF Exchange Traded Fund Units,NSE,https://s3-symbol-logo.tradingview.com/motilal.svg,135.15
237,SBIN,State Bank of India,NSE,https://s3-symbol-logo.tradingview.com/state-bank.svg,973.45
238,VAKRANGEE,Vakrangee Limited,NSE,https://s3-symbol-logo.tradingview.com/vakrangee.svg,8.03
239,SRESTHA,Srestha Finvest Ltd.,BSE,https://s3-symbol-logo.tradingview.com/srestha-finvest-limited.svg,0.33
240,LOWVOLIETF,ICICI Prudential Nifty 100 Low Volatility 30 ETF,NSE,https://s3-symbol-logo.tradingview.com/icici-prudential-bank.svg,23.21
242,VIKRAN,Vikran Engineering Limited,NSE,https://s3-symbol-logo.tradingview.com/vikran-engineering-limited.svg,86.8
243,BANKBARODA,Bank of Baroda,NSE,https://s3-symbol-logo.tradingview.com/bank-of-baroda.svg,292.8
244,AVANTEL,Avantel Limited,NSE,https://s3-symbol-logo.tradingview.com/avantel-ltd.svg,161.32
245,ALLCARGO,Allcargo Logistics Limited,NSE,https://s3-symbol-logo.tradingview.com/allcargo-logistics.svg,10.88
246,EXCEL,Excel Realty N Infra Ltd,BSE,https://s3-symbol-logo.tradingview.com/excel-realty-n-inf.svg,1.45
247,NLCINDIA,NLC India Limited,NSE,https://s3-symbol-logo.tradingview.com/nlc-india.svg,250.4
248,IFL,IFL Enterprises Limited,BSE,https://s3-symbol-logo.tradingview.com/ifl-enterprises-limited.svg,0.55
249,KFINTECH,Kfin Technologies Limited,NSE,https://s3-symbol-logo.tradingview.com/kfin-technologies-limited.svg,1082.7
250,UPL,UPL Limited,NSE,https://s3-symbol-logo.tradingview.com/upl.svg,783.75
253,GPIL,Godawari Power & Ispat Ltd.,NSE,https://s3-symbol-logo.tradingview.com/godawari-pow-and-isp-ltd.svg,252.11
254,VIKASECO,Vikas EcoTech Limited,NSE,https://s3-symbol-logo.tradingview.com/vikas-lifecare-limited.svg,1.68
255,SWIGGY,Swiggy Limited,NSE,https://s3-symbol-logo.tradingview.com/swiggy-ltd.svg,401.2
256,SHANGAR,Shangar Decor Ltd.,BSE,https://s3-symbol-logo.tradingview.com/shangar-decor-limited.svg,0.29
257,VBL,Varun Beverages Ltd.,NSE,https://s3-symbol-logo.tradingview.com/varun-beverages-ltd.svg,480.55
258,TPHQ,Teamo Productions HQ Limited,BSE,https://s3-symbol-logo.tradingview.com/teamo-productions-hq-ltd.svg,0.7
259,BAJAJHIND,Bajaj Hindusthan Sugar Limited,NSE,https://s3-symbol-logo.tradingview.com/bajaj-hindusthan-s.svg,18.9
260,GROWINGTON,Growington Ventures India Limited,BSE,https://s3-symbol-logo.tradingview.com/growington-ventures-india-limi.svg,0.75
261,NETWORK18,Network18 Media & Investments Limited,NSE,https://s3-symbol-logo.tradingview.com/network-18-media.svg,43.5
262,RELINFRA,Reliance Infrastructure Limited,NSE,https://s3-symbol-logo.tradingview.com/reliance-group.svg,173.2
263,VKAL,Vantage Knowledge Academy Ltd.,BSE,https://s3-symbol-logo.tradingview.com/vantage-knowledge-academy-limi.svg,1.37
264,RELIANCE,Reliance Industries Limited,NSE,https://s3-symbol-logo.tradingview.com/reliance-industrial-infrastructure.svg,1575.2
265,HUDCO,Housing & Urban Development Corp. Ltd.,NSE,https://s3-symbol-logo.tradingview.com/housing-urban-dev.svg,217.15
266,RAIN,Rain Industries Limited,NSE,https://s3-symbol-logo.tradingview.com/rain-industries.svg,125.75
268,SIPTL,Sharanam Infraproject and Trading Ltd,BSE,https://s3-symbol-logo.tradingview.com/sharanam-infraproject-and-trad.svg,0.34
269,NAVKARURB,Navkar Urbanstructure Limited,NSE,https://s3-symbol-logo.tradingview.com/navkar-urbanstructure-limited.svg,1.28
270,ROTO,Roto Pumps Limited,NSE,https://s3-symbol-logo.tradingview.com/roto-pumps-ltd.svg,71.42
271,IDEAFORGE,Ideaforge Technology Limited,NSE,https://s3-symbol-logo.tradingview.com/ideaforge-techno-ltd.svg,487.85
272,COALINDIA,Coal India Ltd.,BSE,https://s3-symbol-logo.tradingview.com/coal-india.svg,400.25
273,JINDALSAW,Jindal Saw Limited,NSE,https://s3-symbol-logo.tradingview.com/jindal-saw-ltd.svg,170.94
274,GPTINFRA,GPT Infraprojects Limited,NSE,https://s3-symbol-logo.tradingview.com/gpt-infraprojects-ltd.svg,111.52
275,PMCFIN,PMC Fincorp Limited,BSE,https://s3-symbol-logo.tradingview.com/pmc-fincorp-limited.svg,1.99
276,KTKBANK,Karnataka Bank Ltd.,NSE,https://s3-symbol-logo.tradingview.com/karnataka-bank.svg,205.27
277,JAMNAAUTO,Jamna Auto Industries Limited,NSE,https://s3-symbol-logo.tradingview.com/jamna-auto-ind.svg,128.88
278,ARCFIN,ARC Finance Ltd.,BSE,https://s3-symbol-logo.tradingview.com/arc-finance-limited.svg,0.7
279,MOREPENLAB,Morepen Laboratories Limited,NSE,https://s3-symbol-logo.tradingview.com/morepen-laboratories.svg,42.48
280,THINKINK,Thinkink Picturez Ltd.,BSE,https://s3-symbol-logo.tradingview.com/thinkink-picturez-limited.svg,0.25
281,EQUITASBNK,Equitas Small Finance Bank Ltd.,NSE,https://s3-symbol-logo.tradingview.com/equitas-bank.svg,60.9
282,PADAMCO,Padam Cotton Yarns Ltd.,BSE,https://s3-symbol-logo.tradingview.com/padam-cotton-yarns-ltd.svg,3.3
283,MOTISONS,Motisons Jewellers Ltd,NSE,https://s3-symbol-logo.tradingview.com/suraj-estate-developers-l.svg,15.75
284,ANUPAM,Anupam Finserv Limited,BSE,https://s3-symbol-logo.tradingview.com/anupam-finserv-limited.svg,2.92
285,SILVERETF,UTI Silver ETF,NSE,https://s3-symbol-logo.tradingview.com/uti-asset-management.svg,204.2
286,BANDHANBNK,Bandhan Bank Ltd.,NSE,https://s3-symbol-logo.tradingview.com/bandhan-bank.svg,150.17
287,CENTRALBK,Central Bank of India,NSE,https://s3-symbol-logo.tradingview.com/central-bank-of-india.svg,37.08
288,HARSHILAGR,Harshil Agrotech Limited,BSE,https://s3-symbol-logo.tradingview.com/harshil-agrotech-limited.svg,0.55
289,CPSEETF,CPSE ETF,NSE,https://s3-symbol-logo.tradingview.com/nippon-life-india-asset.svg,91.49
290,SCI,Shipping Corporation of India Limited,NSE,https://s3-symbol-logo.tradingview.com/shipping.svg,217.09
291,SILVER,Aditya Birla Sun Life Silver ETF,NSE,https://s3-symbol-logo.tradingview.com/aditya-birla-fash.svg,210.55
292,BANKINDIA,Bank of India,NSE,https://s3-symbol-logo.tradingview.com/bank-of-india.svg,142.2
293,HINDCOPPER,Hindustan Copper Ltd,BSE,https://s3-symbol-logo.tradingview.com/hindustan-copper.svg,410.5
294,AARTIIND,AARTI Industries Ltd,NSE,https://s3-symbol-logo.tradingview.com/aarti-industries.svg,388.25
295,GRANULES,Granules India Limited,NSE,https://s3-symbol-logo.tradingview.com/granules.svg,597.6
297,RVNL,Rail Vikas Nigam Ltd.,BSE,https://s3-symbol-logo.tradingview.com/rail-vikas-nigam.svg,347.2
298,EMPOWER,Empower India Limited,BSE,https://s3-symbol-logo.tradingview.com/empower-india-ltd.svg,1.79
299,MCLOUD,Magellanic Cloud Ltd.,NSE,https://s3-symbol-logo.tradingview.com/magellanic-cloud-limited.svg,26.21
300,GRMOVER,GRM Overseas Ltd.,NSE,https://s3-symbol-logo.tradingview.com/grm-overseas-ltd.svg,498.85
330,CROMPTON,Crompton Greaves Consumer Electricals Ltd.,NSE,https://s3-symbol-logo.tradingview.com/crompton-greaves-consumer-elec.svg,259.9
331,GGENG,G G Engineering Ltd.,BSE,https://s3-symbol-logo.tradingview.com/g-g-engineering-limited.svg,0.55
332,AXISILVER,Axis Silver ETF,NSE,https://s3-symbol-logo.tradingview.com/axis-bank.svg,209.34
333,GROWWRAIL,Groww Nifty India Railways PSU ETF Units Exchange Traded Fund,NSE,https://s3-symbol-logo.tradingview.com/growwamc-growwdefnc.svg,34.8
334,BHARTIARTL,Bharti Airtel Limited,NSE,https://s3-symbol-logo.tradingview.com/airtel.svg,2128.2
335,INDOWIND,Indowind Energy Limited,NSE,https://s3-symbol-logo.tradingview.com/indowind-energy-ltd.svg,14.89
336,EXCELSOFT,Excelsoft Technologies Limited,NSE,https://s3-symbol-logo.tradingview.com/excelsoft-technologies-limited.svg,89.07
337,LEMONTREE,Lemon Tree Hotels Ltd.,NSE,https://s3-symbol-logo.tradingview.com/lemon-tree-hotels.svg,163.79
338,GOLD1,Kotak Gold ETF,NSE,https://s3-symbol-logo.tradingview.com/kotak-mahindra-ast.svg,113.97
339,TATACAP,Tata Capital Ltd.,BSE,https://s3-symbol-logo.tradingview.com/tata.svg,346.95
340,SHAH,Shah Metacorp Ltd,NSE,https://s3-symbol-logo.tradingview.com/shah-metacorp-ltd.svg,4.96
341,PCBL,PCBL Chemical Limited,NSE,https://s3-symbol-logo.tradingview.com/phillips-carbon-black.svg,310.8
342,DEVYANI,Devyani International Ltd.,NSE,https://s3-symbol-logo.tradingview.com/devyani-international.svg,138.65
343,ABCAPITAL,Aditya Birla Capital Ltd.,NSE,https://s3-symbol-logo.tradingview.com/aditya-birla-capital.svg,345.5
344,TATAPOWER,Tata Power Company Limited,NSE,https://s3-symbol-logo.tradingview.com/tata.svg,383.05
345,INDINFO,Indian Infotech & Software Ltd.,BSE,https://s3-symbol-logo.tradingview.com/indian-infotech-and-software-ltd.svg,0.72
346,UNIONBANK,Union Bank of India Limited,BSE,https://s3-symbol-logo.tradingview.com/union-bank-of-india.svg,152.35
347,SAKUMA,Sakuma Exports Limited,NSE,https://s3-symbol-logo.tradingview.com/sakuma-exports-ltd.svg,2.18
348,GRSE,Garden Reach Shipbuilders & Engineers Ltd.,NSE,https://s3-symbol-logo.tradingview.com/garden-reach-shipbuilders-and-en.svg,2433.0
349,LTGILTBEES,Reliance ETF Long Term Gilt,NSE,https://s3-symbol-logo.tradingview.com/nippon-life-india-asset.svg,29.02
350,ONEPOINT,One Point One Solutions Ltd.,NSE,https://s3-symbol-logo.tradingview.com/one-point-one-solu.svg,55.9
366,GLENMARK,Glenmark Pharmaceuticals Limited,NSE,https://s3-symbol-logo.tradingview.com/glenmark.svg,2060.4
367,RTNINDIA,RattanIndia Enterprises Limited,NSE,https://s3-symbol-logo.tradingview.com/rattanindia.svg,42.71
368,INDUSINDBK,IndusInd Bank Ltd.,NSE,https://s3-symbol-logo.tradingview.com/indusind-bank.svg,850.1
369,NDTV,New Delhi Television Limited,NSE,https://s3-symbol-logo.tradingview.com/new-delhi-television-ltd.svg,93.22
370,SMCGLOBAL,SMC Global Securities Ltd. (India),NSE,https://s3-symbol-logo.tradingview.com/smc-global-securities-ltd.svg,86.48
371,SBFC,SBFC Finance Limited,NSE,https://s3-symbol-logo.tradingview.com/sbfc-finance-ltd.svg,105.5
372,ENRIN,Siemens Energy India Limited,NSE,https://s3-symbol-logo.tradingview.com/siemens-energy.svg,2603.9
373,SAGILITY,Sagility Limited,BSE,https://s3-symbol-logo.tradingview.com/sagility-india-ltd.svg,52.9
374,COCHINSHIP,Cochin Shipyard Limited,NSE,https://s3-symbol-logo.tradingview.com/cochin-shipyard-limited.svg,1646.7
375,GMRP&UI,GMR Power and Urban Infra Ltd,NSE,https://s3-symbol-logo.tradingview.com/gmr-power-and-urban-infra-limi.svg,116.05
376,GPPL,Gujarat Pipavav Port Limited,NSE,https://s3-symbol-logo.tradingview.com/pipavav.svg,193.25
377,BANKIETF,ICICI Prudential Nifty Bank ETF,NSE,https://s3-symbol-logo.tradingview.com/icici-prudential-bank.svg,60.56
378,PETRONET,Petronet Lng Limited,NSE,https://s3-symbol-logo.tradingview.com/petronet-lng.svg,279.9
379,DLF,DLF Limited,NSE,https://s3-symbol-logo.tradingview.com/dlf.svg,694.0
380,HITECH,Hi-Tech Pipes Ltd.,NSE,https://s3-symbol-logo.tradingview.com/hi-tech-pipes-limited.svg,92.9
381,AXISBANK,Axis Bank Limited,NSE,https://s3-symbol-logo.tradingview.com/axis-bank.svg,1229.2
382,REMLIFE,Remedium Lifecare Ltd,BSE,https://s3-symbol-logo.tradingview.com/remedium-lifecare-limited.svg,0.87
383,OSWALSEEDS,ShreeOswal Seeds & Chemicals Ltd.,NSE,https://s3-symbol-logo.tradingview.com/shreeoswal-s-and-che-ltd.svg,18.4
384,SOUTHBANK,South Indian Bank Limited,BSE,https://s3-symbol-logo.tradingview.com/south-indian-bank.svg,39.41
385,KELLTONTEC,Kellton Tech Solutions Ltd.,NSE,https://s3-symbol-logo.tradingview.com/kellton-tech-sol-ltd.svg,19.45
386,KALYANKJIL,Kalyan Jewellers India Ltd.,NSE,https://s3-symbol-logo.tradingview.com/kalyan-jewellers-ind-ltd.svg,490.9
387,MSPL,MSP Steel & Power Limited,NSE,https://s3-symbol-logo.tradingview.com/msp-steel-and-power-ltd.svg,36.34
388,TCS,Tata Consultancy Services Limited,NSE,https://s3-symbol-logo.tradingview.com/tata.svg,3298.1
389,MOSCHIP,Moschip Technologies Ltd,NSE,https://s3-symbol-logo.tradingview.com/moschip-technologies-limited.svg,211.67
390,TTML,Tata Teleservices (Maharashtra) Limited,NSE,https://s3-symbol-logo.tradingview.com/tata-teleservices.svg,49.75
391,TITANIN,Titan Intech Limited,BSE,https://s3-symbol-logo.tradingview.com/titan-intech-limited.svg,1.27
392,HCLTECH,HCL Technologies Limited,NSE,https://s3-symbol-logo.tradingview.com/hcl-technologies.svg,1680.6
393,NFL,National Fertilizers Ltd.,NSE,https://s3-symbol-logo.tradingview.com/national-fertilizers.svg,89.11
394,PROFINC,Pro Fin Capital Services Ltd,BSE,https://s3-symbol-logo.tradingview.com/pro-fin-capital-services-ltd.svg,8.12
395,HCC,Hindustan Construction Co. Ltd.,BSE,https://s3-symbol-logo.tradingview.com/hindustan-construction.svg,19.64
396,FCSSOFT,FCS Software Solutions Limited,NSE,https://s3-symbol-logo.tradingview.com/fcs-software-solut.svg,1.96
397,RELIGARE,Religare Enterprises Limited,NSE,https://s3-symbol-logo.tradingview.com/religare-enterpris.svg,242.72
398,RAJESHEXPO,Rajesh Exports Limited,BSE,https://s3-symbol-logo.tradingview.com/rajesh-exports.svg,221.9
400,SAWACA,Sawaca Enterprises Ltd,BSE,https://s3-symbol-logo.tradingview.com/sawaca-business-machines-ltd.svg,0.37
411,CUB,City Union Bank Limited,NSE,https://s3-symbol-logo.tradingview.com/city-union-bank.svg,287.15
412,SILVER1,Kotak Silver ETF,NSE,https://s3-symbol-logo.tradingview.com/kotak-mahindra-ast.svg,204.85
413,GOLDETF,Mirae Asset Gold ETF,NSE,https://s3-symbol-logo.tradingview.com/mirae-asset-sec.svg,132.53
414,CHAMBLFERT,Chambal Fertilisers & Chemicals Ltd.,NSE,https://s3-symbol-logo.tradingview.com/chambal-fertilisers-and-chemical.svg,473.6
415,SARDAEN,Sarda Energy & Minerals Limited,NSE,https://s3-symbol-logo.tradingview.com/sarda-energy-and-minerals-ltd.svg,528.5
416,MTNL,Mahanagar Telephone Nigam Limited,NSE,https://s3-symbol-logo.tradingview.com/mahanagar-telep-ni.svg,36.36
417,PSB,Punjab & Sind Bank Ltd.,NSE,https://s3-symbol-logo.tradingview.com/punjab-and-sind-bank.svg,26.93
418,MANAPPURAM,Manappuram Finance Limited,NSE,https://s3-symbol-logo.tradingview.com/manappuram-finance.svg,293.7
419,SHREESEC,Shree Securities Limited,BSE,https://s3-symbol-logo.tradingview.com/shree-securities-ltd.svg,0.25
420,SILVERCASE,Zerodha Silver ETF Exchange Traded Fund Units,BSE,https://s3-symbol-logo.tradingview.com/zerodhaamc-silvercase.svg,21.41
421,GREAVESCOT,Greaves Cotton Limited,NSE,https://s3-symbol-logo.tradingview.com/greaves-cotton.svg,191.11
422,KIOCL,KIOCL Ltd,NSE,https://s3-symbol-logo.tradingview.com/kiocl-ltd.svg,364.95
423,ANANTRAJ,Anant Raj Ltd.,NSE,https://s3-symbol-logo.tradingview.com/anant-raj-ltd.svg,559.05
424,KROSS,Kross Limited,NSE,https://s3-symbol-logo.tradingview.com/kross-ltd.svg,198.44
425,AURUM,Aurum Proptech Limited,BSE,https://s3-symbol-logo.tradingview.com/aurum-proptech.svg,186.6
426,WELSPUNLIV,Welspun Living Limited,NSE,https://s3-symbol-logo.tradingview.com/welspun-india.svg,137.01
427,IRISDOREME,Iris Clothings Ltd.,NSE,https://s3-symbol-logo.tradingview.com/iris-clothings-ltd.svg,38.33
428,DELHIVERY,Delhivery Limited,NSE,https://s3-symbol-logo.tradingview.com/delhivery-limited.svg,411.85
429,MAZDOCK,Mazagon Dock Shipbuilders Ltd.,NSE,https://s3-symbol-logo.tradingview.com/mazagon-dock-shipbuilders-limi.svg,2527.3
430,BLISSGVS,Bliss GVS Pharma Limited,NSE,https://s3-symbol-logo.tradingview.com/bliss-gvs-pharma.svg,175.79
431,JSWINFRA,JSW Infrastructure Limited,NSE,https://s3-symbol-logo.tradingview.com/jsw.svg,284.4
432,MIDHANI,Mishra Dhatu Nigam Ltd.,NSE,https://s3-symbol-logo.tradingview.com/mishra-dhatu-nigam.svg,318.0
433,DAVANGERE,Davangere Sugar Company Limited,BSE,https://s3-symbol-logo.tradingview.com/davangere-sugar-company-l.svg,3.57
434,ENGINERSIN,Engineers India Limited,NSE,https://s3-symbol-logo.tradingview.com/engineers-india.svg,201.33
435,ADVANCE,Advance Agrolife Ltd.,NSE,https://s3-symbol-logo.tradingview.com/advance-agrolife-ltd.svg,124.57
437,ITCHOTELS,ITC Hotels Ltd,NSE,https://s3-symbol-logo.tradingview.com/itc-hotels-ltd.svg,195.2
438,INDHOTEL,Indian Hotels Co. Ltd.,NSE,https://s3-symbol-logo.tradingview.com/indian-hotels.svg,736.5
439,MOM100,Motilal Oswal Midcap 100 ETF Units Exchange Traded Fund - Growth,NSE,https://s3-symbol-logo.tradingview.com/motilal.svg,65.46
440,GVKPIL,GVK Power & Infrastructure Limited,NSE,https://s3-symbol-logo.tradingview.com/gvk-power-and-infrastructure.svg,3.25
441,DIACABS,Diamond Power Infrastructure Limited,NSE,https://s3-symbol-logo.tradingview.com/diamond-power-infra-ltd.svg,145.5
442,MFLINDIA,MFL India Limited,BSE,https://s3-symbol-logo.tradingview.com/mfl-india-ltd.svg,0.5
443,MAXHEALTH,Max Healthcare Institute Ltd,NSE,https://s3-symbol-logo.tradingview.com/max-healthcare.svg,1075.8
445,JAIBALAJI,Jai Balaji Industries Limited,NSE,https://s3-symbol-logo.tradingview.com/jai-balaji-industries-ltd.svg,63.9
446,HATHWAY,Hathway Cable & Datacom Ltd.,NSE,https://s3-symbol-logo.tradingview.com/hathway.svg,12.61
447,MOSILVER,Motilal Oswal Silver ETF Exchange Traded Fund Units,NSE,https://s3-symbol-logo.tradingview.com/motilal.svg,208.69
448,SAIL,Steel Authority of India Limited,BSE,https://s3-symbol-logo.tradingview.com/steel-authority-of-india.svg,133.75
449,SADHNANIQ,Sadhana Nitro Chem Limited,BSE,https://s3-symbol-logo.tradingview.com/sadhana-nitrochem-ltd.svg,8.18
450,LLOYDPP.E1,Lloyds Enterprises Limited TEMP,NSE,https://s3-symbol-logo.tradingview.com/lloyds-enterprises-limited.svg,48.3
477,ATHERENERG,Ather Energy Limited,NSE,https://s3-symbol-logo.tradingview.com/ather-energy-limited.svg,701.3
478,GRAPHITE,Graphite India Limited,NSE,https://s3-symbol-logo.tradingview.com/graphite-india-limited.svg,571.2
479,CAPILLARY,Capillary Technologies India Ltd.,NSE,https://s3-symbol-logo.tradingview.com/capillary-technologies-india-ltd.svg,688.15
480,NIRAJ,Niraj Cement Structurals Limited,NSE,https://s3-symbol-logo.tradingview.com/niraj-cement-struc-ltd.svg,44.36
481,HSCL,Himadri Speciality Chemical Ltd.,NSE,https://s3-symbol-logo.tradingview.com/himadri-speciality.svg,483.2
482,SIGACHI,Sigachi Industries Limited,NSE,https://s3-symbol-logo.tradingview.com/sigachi-industries-limited.svg,34.45
483,COFFEEDAY,Coffee Day Enterprises Ltd,NSE,https://s3-symbol-logo.tradingview.com/coffee-day-enterprises.svg,35.9
484,ESSENTIA,Integra Essentia Limited,NSE,https://s3-symbol-logo.tradingview.com/integra-essentia-ltd.svg,1.56
485,IFCI,IFCI Limited,BSE,https://s3-symbol-logo.tradingview.com/ifci.svg,50.6
486,APOLLOTYRE,Apollo Tyres Limited.,NSE,https://s3-symbol-logo.tradingview.com/apollo-tyres.svg,513.1
487,SUNPHARMA,Sun Pharmaceutical Industries Limited,NSE,https://s3-symbol-logo.tradingview.com/sun-pharmaceutical.svg,1765.4
488,KRT.RR,Knowledge Realty Trust,NSE,https://s3-symbol-logo.tradingview.com/knowledge-realty-trust.svg,125.89
489,HAZOOR,Hazoor Multi Projects Limited,BSE,https://s3-symbol-logo.tradingview.com/hazoor-multi-projects-ltd.svg,37.97
490,FCL,Fineotex Chemical Limited,NSE,https://s3-symbol-logo.tradingview.com/fineotex-chemical-ltd.svg,24.6
491,LAURUSLABS,Laurus Labs Ltd.,NSE,https://s3-symbol-logo.tradingview.com/laurus-labs.svg,1063.3
492,PARAS,Paras Defence & Space Technologies Ltd.,NSE,https://s3-symbol-logo.tradingview.com/paras-defence-and-space-techno.svg,676.5
493,HDFCLIFE,HDFC Life Insurance Co. Ltd.,NSE,https://s3-symbol-logo.tradingview.com/hdfc-life.svg,761.5
494,HINDPETRO,Hindustan Petroleum Corporation Limited,NSE,https://s3-symbol-logo.tradingview.com/hindustan-petroleum.svg,473.5
495,HFCL,HFCL Limited,BSE,https://s3-symbol-logo.tradingview.com/himachal-futuristics.svg,66.54
496,PATELENG,Patel Engineering Limited,BSE,https://s3-symbol-logo.tradingview.com/patel-engineering.svg,30.27
497,MAHACORP,Maharashtra Corporation Limited,BSE,https://s3-symbol-logo.tradingview.com/maharashtra-ltd.svg,0.45
498,NDL,Nandan Denim Limited,NSE,https://s3-symbol-logo.tradingview.com/nandan-denim-limited.svg,3.0
499,NIACL,New India Assurance Co. Ltd.,NSE,https://s3-symbol-logo.tradingview.com/the-new-india-assu.svg,155.0
500,MIDCAPETF,Mirae Asset Nifty Midcap 150 ETF Exchange Traded Fund Units,NSE,https://s3-symbol-logo.tradingview.com/mirae-asset-sec.svg,22.74
508,AWL,AWL Agri Business Ltd,NSE,https://s3-symbol-logo.tradingview.com/adani-wilmar-ltd.svg,240.0
509,PAYTM,One 97 Communications Ltd.,NSE,https://s3-symbol-logo.tradingview.com/one-97-communications.svg,1328.1
510,KARURVYSYA,Karur Vysya Bank Ltd.,NSE,https://s3-symbol-logo.tradingview.com/karur-vysya-bank.svg,251.99
511,DCW,DCW Ltd.,NSE,https://s3-symbol-logo.tradingview.com/dcw.svg,61.25
512,SKIL,SKIL Infrastructure Limited,BSE,https://s3-symbol-logo.tradingview.com/skil-infrastructure-limited.svg,1.11
513,IGL,Indraprastha Gas Limited,NSE,https://s3-symbol-logo.tradingview.com/indraprastha-gas.svg,195.3
514,QUADRANT,Quadrant Televentures Limited,BSE,https://s3-symbol-logo.tradingview.com/quadrant-televentures-limited.svg,0.35
515,USHAMART,Usha Martin Limited,NSE,https://s3-symbol-logo.tradingview.com/usha-martin.svg,463.85
516,RTNPOWER,RattanIndia Power Limited,BSE,https://s3-symbol-logo.tradingview.com/rattanindia-power.svg,9.64
517,VASCONEQ,Vascon Engineers Limited,NSE,https://s3-symbol-logo.tradingview.com/vascon-engineers-ltd.svg,48.0
518,NSLNISP,NMDC Steel Limited,BSE,https://s3-symbol-logo.tradingview.com/nmdc-steel-limited.svg,42.1
519,KHOOBSURAT,Khoobsurat Ltd.,BSE,https://s3-symbol-logo.tradingview.com/khoobsurat-ltd.svg,0.55
520,JSWSTEEL,JSW Steel Limited,NSE,https://s3-symbol-logo.tradingview.com/jsw.svg,1101.3
521,AVANTIFEED,Avanti Feeds Limited,NSE,https://s3-symbol-logo.tradingview.com/avanti-feeds.svg,855.65
522,SUBEXLTD,Subex Limited,NSE,https://s3-symbol-logo.tradingview.com/subex-ltd.svg,11.99
523,GOLDSHARE,UTI Gold ETF,NSE,https://s3-symbol-logo.tradingview.com/uti-asset-management.svg,114.8
524,SONATSOFTW,Sonata Software Limited,NSE,https://s3-symbol-logo.tradingview.com/sonata-software.svg,356.9
525,GLOBALCA,Global Capital Markets Ltd.,BSE,https://s3-symbol-logo.tradingview.com/global-capital-markets-ltd.svg,0.66
526,CHENNPETRO,Chennai Petroleum Corporation Limited,NSE,https://s3-symbol-logo.tradingview.com/chennai-petro.svg,875.6
527,ZUARI,Zuari Agro Chemicals Ltd.,NSE,https://s3-symbol-logo.tradingview.com/zuari-agro-chemica.svg,322.2
528,ADANIPORTS,Adani Ports & Special Economic Zone Ltd,NSE,https://s3-symbol-logo.tradingview.com/adani.svg,1503.0
529,PARSVNATH,Parsvnath Developers Limited,NSE,https://s3-symbol-logo.tradingview.com/parsvnath-developers-ltd.svg,11.15
530,SPARC,Sun Pharma Advanced Research Co. Ltd.,NSE,https://s3-symbol-logo.tradingview.com/sun-pharma-adv.svg,141.3
531,GSFC,Gujarat State Fertilizers & Chemicals Limited,NSE,https://s3-symbol-logo.tradingview.com/gujarat-state-fertilizers-and-ch.svg,179.17
532,MAHABANK,Bank of Maharashtra,BSE,https://s3-symbol-logo.tradingview.com/bank-of-maharashtra.svg,57.87
533,RKFORGE,Ramkrishna Forgings Ltd,NSE,https://s3-symbol-logo.tradingview.com/ramkrishna-forgins.svg,526.0
534,ADANIGREEN,Adani Green Energy Limited,NSE,https://s3-symbol-logo.tradingview.com/adani.svg,1019.6
535,HDFCSML250,HDFC Nifty Smallcap 250 ETF,NSE,https://s3-symbol-logo.tradingview.com/hdfc-bank.svg,167.58
536,MICEL,MIC Electronics Limited,NSE,https://s3-symbol-logo.tradingview.com/mic-electronics-ltd.svg,44.71
537,GOLDCASE,Zerodha Gold ETF Exchange Traded Fund Units,BSE,https://s3-symbol-logo.tradingview.com/zerodha-mutual-fund.svg,21.52
538,BANG,Bang Overseas Limited,NSE,https://s3-symbol-logo.tradingview.com/bang-overseas-ltd.svg,50.3
539,FORTIS,Fortis Healthcare Ltd.,NSE,https://s3-symbol-logo.tradingview.com/fortis-healthcare.svg,898.15
540,RHETAN,Rhetan TMT Ltd.,NSE,https://s3-symbol-logo.tradingview.com/rhetan-tmt-limited.svg,24.3
541,VIKASLIFE,Vikas Lifecare Limited,BSE,https://s3-symbol-logo.tradingview.com/vikas-lifecare-limited.svg,1.82
542,VIDYAWIRES,Vidya Wires Limited,BSE,https://s3-symbol-logo.tradingview.com/vidya-wires-ltd.svg,52.3
543,SPIC,Southern Petrochemical Industries Corporation Limited,NSE,https://s3-symbol-logo.tradingview.com/southern-petrochem.svg,82.33
544,AMBUJACEM,Ambuja Cements Limited,BSE,https://s3-symbol-logo.tradingview.com/ambuja-cements.svg,551.25
545,AFCONS,Afcons Infrastructure Limited,NSE,https://s3-symbol-logo.tradingview.com/afcons-infrastructure-ltd.svg,384.4
546,VIKRAMSOLR,Vikram Solar Limited,NSE,https://s3-symbol-logo.tradingview.com/vikram-solar-limited.svg,245.3
547,SANDUMA,Sandur Manganese & Iron Ores Ltd,BSE,https://s3-symbol-logo.tradingview.com/sandur-mang-and-iron-ores-l.svg,228.85
548,CEIGALL,Ceigall India Limited,NSE,https://s3-symbol-logo.tradingview.com/ceigall-india-ltd.svg,249.55
549,INDIGO,InterGlobe Aviation Ltd,NSE,https://s3-symbol-logo.tradingview.com/interglobe-aviatio.svg,5156.5
550,RRETAIL,Rajnish Retail Ltd,BSE,https://s3-symbol-logo.tradingview.com/rajnish-retail-limited.svg,5.19
572,INDIACEM,India Cements Ltd.,NSE,https://s3-symbol-logo.tradingview.com/india-cements.svg,445.55
573,RAILTEL,RailTel Corp. of India Ltd.,BSE,https://s3-symbol-logo.tradingview.com/railtel.svg,369.85
574,SHRINGARMS,Shringar House Of Mangalsutra Limited,NSE,https://s3-symbol-logo.tradingview.com/shringar-house-of-mangalsutra-limited.svg,229.35
575,GROWWSLVR,Groww Silver ETF Units Exchange Traded Fund,NSE,https://s3-symbol-logo.tradingview.com/growwamc-growwdefnc.svg,207.35
576,MUFIN,Mufin Green Finance Limited,NSE,https://s3-symbol-logo.tradingview.com/mufin-green-finance-ltd.svg,117.05
578,NHCFOODS,NHC Foods Limited,BSE,https://s3-symbol-logo.tradingview.com/nhc-foods-ltd.svg,0.93
579,ADANIPOWER,Adani Power Limited,BSE,https://s3-symbol-logo.tradingview.com/adani.svg,143.1
580,CDSL,Central Depository Services (India) Limited,NSE,https://s3-symbol-logo.tradingview.com/central-depository.svg,1516.9
581,LT,Larsen & Toubro Limited,NSE,https://s3-symbol-logo.tradingview.com/larsen-and-toubro.svg,4081.9
582,LOWVOL1,Kotak Nifty 100 Low Volatility 30 ETF,NSE,https://s3-symbol-logo.tradingview.com/kotak-mahindra-ast.svg,22.07
583,JDCABLES,JD Cables Limited,BSE,https://s3-symbol-logo.tradingview.com/jd-cables-limited.svg,187.75
584,CIPLA,Cipla Ltd,NSE,https://s3-symbol-logo.tradingview.com/cipla.svg,1505.3
585,CANTABIL,Cantabil Retail India Limited,NSE,https://s3-symbol-logo.tradingview.com/cantabil-retail-india-ltd.svg,256.55
586,CASHIETF,ICICI Prudential BSE Liquid Rate ETF Exchange Traded Fund Units,NSE,https://s3-symbol-logo.tradingview.com/icici-prudential-bank.svg,1042.25
587,DCXINDIA,DCX Systems Limited,BSE,https://s3-symbol-logo.tradingview.com/dcx-systems-limited.svg,193.0
588,RHFL,Reliance Home Finance Ltd.,NSE,https://s3-symbol-logo.tradingview.com/reliance-group.svg,2.96
589,IBULLSLTD,Indiabulls Limited,NSE,https://s3-symbol-logo.tradingview.com/indiabulls.svg,15.57
590,FILATEX,Filatex India Ltd,NSE,https://s3-symbol-logo.tradingview.com/filatex-india-ltd.svg,50.08
591,EPACKPEB,Epack Prefab Technologies Limited,NSE,https://s3-symbol-logo.tradingview.com/epack-durable-ltd.svg,298.85
592,STLNETWORK,STL Networks Limited,NSE,https://s3-symbol-logo.tradingview.com/stl-networks-limited.svg,23.12
593,EPL,EPL Limited,NSE,https://s3-symbol-logo.tradingview.com/essel-propack.svg,218.35
594,TECHM,Tech Mahindra Limited,NSE,https://s3-symbol-logo.tradingview.com/mahindra-tech.svg,1639.7
595,ASHAPURMIN,Ashapura Minechem Ltd,NSE,https://s3-symbol-logo.tradingview.com/ashapura-mine-chem.svg,861.65
596,CGPOWER,CG Power & Industrial Solutions Ltd,NSE,https://s3-symbol-logo.tradingview.com/cg-power-and-industrial-solutions.svg,671.85
597,JAICORPLTD,Jai Corp Limited,NSE,https://s3-symbol-logo.tradingview.com/jai.svg,131.88
598,CUPIDALBV,Cupid Breweries and Distilleries Ltd,BSE,https://s3-symbol-logo.tradingview.com/cupid-breweries-and-distilleri.svg,37.4
599,NATCOPHARM,NATCO Pharma Limited,NSE,https://s3-symbol-logo.tradingview.com/natco-pharma.svg,929.05
600,PGEL,PG Electroplast Limited,NSE,https://s3-symbol-logo.tradingview.com/pg-electroplast-ltd.svg,576.05
619,KAJARIACER,Kajaria Ceramics Limited,NSE,https://s3-symbol-logo.tradingview.com/kajaria-ceramics.svg,1028.0
620,MANAKSTEEL,Manaksia Steels Ltd,NSE,https://s3-symbol-logo.tradingview.com/manaksia-steels-limited.svg,75.71
622,SYRMA,Syrma SGS Technology Limited,NSE,https://s3-symbol-logo.tradingview.com/syrma-sgs-technology-limited.svg,726.95
623,CHOICEIN,Choice International Limited,NSE,https://s3-symbol-logo.tradingview.com/choice-international-ltd.svg,809.65
624,DABUR,Dabur India Limited,NSE,https://s3-symbol-logo.tradingview.com/dabur.svg,493.6
625,PRAJIND,PRAJ Industries Limited,NSE,https://s3-symbol-logo.tradingview.com/praj-industries.svg,339.85
626,CHEMICAL,Kotak Nifty Chemicals ETF Exchange Traded Fund Units,NSE,https://s3-symbol-logo.tradingview.com/kotak-mahindra-ast.svg,29.11
628,IIL,Integrated Industries Ltd,BSE,https://s3-symbol-logo.tradingview.com/integrated-industries-limited.svg,30.42
629,PAKKA,Pakka Ltd,NSE,https://s3-symbol-logo.tradingview.com/yash-pakka-limited.svg,110.68
630,IIFL,IIFL Finance Limited,NSE,https://s3-symbol-logo.tradingview.com/iifl.svg,571.7
631,IGIL,International Gemmological Institute (India) Limited,NSE,https://s3-symbol-logo.tradingview.com/international-gemmological-ins.svg,329.6
632,SATTVASUKU,Sattva Sukun Lifecare Ltd,BSE,https://s3-symbol-logo.tradingview.com/mayukh-dealtrade-limited.svg,0.62
634,BLS,BLS International Services Ltd.,NSE,https://s3-symbol-logo.tradingview.com/bls-international.svg,322.9
635,RITES,RITES Ltd.,BSE,https://s3-symbol-logo.tradingview.com/rites.svg,247.75
636,AERPACE,Aerpace Industries Ltd,BSE,https://s3-symbol-logo.tradingview.com/aerpace-industries-limited.svg,25.25
637,SITINET,Siti Networks Limited,NSE,https://s3-symbol-logo.tradingview.com/siti-networks-ltd.svg,0.39
638,VAISHALI,Vaishali Pharma Ltd.,NSE,https://s3-symbol-logo.tradingview.com/vaishali-pharma-ltd.svg,9.6
639,LLOYDSME,Lloyds Metals & Energy Ltd.,NSE,https://s3-symbol-logo.tradingview.com/lloyds-metals-and-energy-ltd.svg,1386.0
640,PVTBANIETF,ICICI Prudential Nifty Private Bank ETF,NSE,https://s3-symbol-logo.tradingview.com/icici-prudential-bank.svg,28.71
641,MAFANG,Mirae Asset NYSE FANG+ ETF Exchange Traded Fund Units,NSE,https://s3-symbol-logo.tradingview.com/mirae-asset-sec.svg,168.98
642,BEPL,Bhansali Engineering Polymers Ltd.,NSE,https://s3-symbol-logo.tradingview.com/bhansali-engineering-polymers.svg,89.54
643,NIFTYCASE,Zerodha Nifty 50 ETF Units Exchange Traded Fund,NSE,https://s3-symbol-logo.tradingview.com/zerodha-mutual-fd.svg,10.41
644,BALUFORGE,Balu Forge Industries Ltd,NSE,https://s3-symbol-logo.tradingview.com/balu-forge-industries-limited.svg,623.8
645,HARDWYN,Hardwyn India Ltd.,NSE,https://s3-symbol-logo.tradingview.com/hardwyn-india-limited.svg,17.28
646,ETERNAL,Eternal Limited,BSE,https://s3-symbol-logo.tradingview.com/zomato.svg,285.75
647,HAL,Hindustan Aeronautics Limited,NSE,https://s3-symbol-logo.tradingview.com/hindustan-aeronautics-limited.svg,4430.0
648,GVT&D,GE Vernova T&D India Limited,NSE,https://s3-symbol-logo.tradingview.com/ge-t-and-d-india-ltd.svg,3124.7
649,BOMDYEING,Bombay Dyeing & Manufacturing Co. Ltd.,NSE,https://s3-symbol-logo.tradingview.com/bombay-dyeing.svg,134.55
650,AUTOIND,Autoline Industries Limited,NSE,https://s3-symbol-logo.tradingview.com/autoline-industrie.svg,80.71
653,TRENT,Trent Limited,NSE,https://s3-symbol-logo.tradingview.com/trent.svg,4200.7
654,IRB,IRB Infrastructure Developers Limited,BSE,https://s3-symbol-logo.tradingview.com/irb-infrastructure-trust.svg,42.55
655,HINDUNILVR,Hindustan Unilever Limited,NSE,https://s3-symbol-logo.tradingview.com/unilever.svg,2293.3
656,ADCOUNTY,Adcounty Media India Limited,BSE,https://s3-symbol-logo.tradingview.com/adcounty-media-india-limited.svg,114.7
657,KIRIINDUS,Kiri Industries Limited,NSE,https://s3-symbol-logo.tradingview.com/kiri-industries.svg,583.5
658,FEDERALBNK,Federal Bank Ltd. (India),BSE,https://s3-symbol-logo.tradingview.com/fed-bank.svg,266.1
659,SETFGOLD,SBI Gold ETF,BSE,https://s3-symbol-logo.tradingview.com/sbi-mutual-fund.svg,116.67
660,KPIGREEN,KPI Green Energy Limited,NSE,https://s3-symbol-logo.tradingview.com/kpi-green-energy-ltd.svg,417.55
661,STEELXIND,Steel Exchange India Limited,BSE,https://s3-symbol-logo.tradingview.com/steel-exchange-india-ltd.svg,9.17
662,RECLTD,REC Limited,BSE,https://s3-symbol-logo.tradingview.com/rec.svg,355.25
663,SHAKTIPUMP,Shakti Pumps (India) Limited,BSE,https://s3-symbol-logo.tradingview.com/shakti-pumps-india.svg,739.0
664,AUBANK,AU Small Finance Bank Limited,NSE,https://s3-symbol-logo.tradingview.com/au-small-finance-b.svg,977.45
665,DELTACORP,Delta Corp. Ltd. (India),NSE,https://s3-symbol-logo.tradingview.com/delta-air-lines.svg,71.42
666,TEXRAIL,Texmaco Rail & Engineering Limited,BSE,https://s3-symbol-logo.tradingview.com/texmaco-rail-and-engineering.svg,138.3
667,VINNY,Vinny Overseas Ltd.,NSE,https://s3-symbol-logo.tradingview.com/vinny-overseas-limited.svg,1.31
668,HEXT,Hexaware Technologies Limited,NSE,https://s3-symbol-logo.tradingview.com/hexaware-technologies-ltd.svg,738.3
669,CANHLIFE,Canara HSBC Life Insurance Company Limited,BSE,https://s3-symbol-logo.tradingview.com/canara-hsbc-life-insurance-company-limited.svg,136.1
670,RALLIS,Rallis India Limited,NSE,https://s3-symbol-logo.tradingview.com/rallis-india.svg,275.35
671,PRESTIGE,Prestige Estates Projects Limited,NSE,https://s3-symbol-logo.tradingview.com/prestige-estates-projects.svg,1599.7
672,SWSOLAR,Sterling And Wilson Renewable Energy Limited,NSE,https://s3-symbol-logo.tradingview.com/sterling-and-wilson-so-ltd.svg,219.11
673,ICIL,Indo Count Industries Limited,NSE,https://s3-symbol-logo.tradingview.com/indo-count-industries.svg,273.0
674,SHREEGANES,Shree Ganesh Biotech (India) Ltd.,BSE,https://s3-symbol-logo.tradingview.com/shree-ganesh-biotech-india-l.svg,0.62
675,SILVERIETF,ICICI Prudential Silver ETF Units Exchange Traded Fund,BSE,https://s3-symbol-logo.tradingview.com/icici-prudential-bank.svg,210.81
676,MIDCAPIETF,ICICI Prudential Nifty Midcap 150 ETF,NSE,https://s3-symbol-logo.tradingview.com/icici-prudential-bank.svg,23.05
677,ALPSINDUS,Alps Industries Limited,NSE,https://s3-symbol-logo.tradingview.com/alps-industries-ltd.svg,4.01
678,RPPINFRA,RPP Infra Projects Ltd.,NSE,https://s3-symbol-logo.tradingview.com/rpp-infra-projects-ltd.svg,107.8
679,LXCHEM,Laxmi Organic Industries Ltd.,NSE,https://s3-symbol-logo.tradingview.com/laxmi-organic-industries.svg,174.95
680,GMDCLTD,Gujarat Mineral Development Corporation Limited,BSE,https://s3-symbol-logo.tradingview.com/gujarat-mineral-development-co.svg,531.2
681,KIRLOSENG,Kirloskar Oil Engines Limited,NSE,https://s3-symbol-logo.tradingview.com/kirloskar-oil-engines.svg,1294.0
682,INDIANB,Indian Bank,NSE,https://s3-symbol-logo.tradingview.com/indian-bank.svg,784.1
683,HIKAL,Hikal Limited,NSE,https://s3-symbol-logo.tradingview.com/hikal.svg,243.19
7865,GOLDBETA,UTI Gold ETF,NSE,GO,115.2
684,ITI,ITI Limited,NSE,https://s3-symbol-logo.tradingview.com/indian-tel-ind-iti.svg,310.25
685,GARUDA,Garuda Construction and Engineering Limited,NSE,https://s3-symbol-logo.tradingview.com/garuda-construct-n-eng-l.svg,202.01
686,STARHFL,Star Housing Finance Limited,BSE,https://s3-symbol-logo.tradingview.com/star-housing-finance-limited.svg,14.85
687,JOHNPHARMA,Johnson Pharmacare Limited,BSE,https://s3-symbol-logo.tradingview.com/johnson-pharmacare-limited.svg,0.59
688,FMCGIETF,ICICI Prudential Nifty FMCG ETF,NSE,https://s3-symbol-logo.tradingview.com/icici-prudential-bank.svg,58.88
689,TATACONSUM,Tata Consumer Products Limited,NSE,https://s3-symbol-logo.tradingview.com/tata.svg,1179.5
690,MCX,Multi Commodity Exchange of India Limited,NSE,https://s3-symbol-logo.tradingview.com/multi-commodity-ex.svg,10819.0
691,KAMDHENU,Kamdhenu Limited,NSE,https://s3-symbol-logo.tradingview.com/kamdhenu-ltd.svg,23.42
692,SILVERAG,Mirae Asset Silver ETF,NSE,https://s3-symbol-logo.tradingview.com/mirae-asset-sec.svg,205.49
693,KEC,KEC International Ltd.,NSE,https://s3-symbol-logo.tradingview.com/kec-international.svg,742.0
695,KERNEX,Kernex Microsystems India Ltd.,NSE,https://s3-symbol-logo.tradingview.com/kernex-microsystems-india-lt.svg,1320.1
696,ASHOKA,Ashoka Buildcon Limited,NSE,https://s3-symbol-logo.tradingview.com/ashoka-buildcon-lt.svg,176.98
697,PURVA,Puravankara Limited,BSE,https://s3-symbol-logo.tradingview.com/puravankara-ltd.svg,266.15
698,FRESHARA,Freshara Agro Exports Limited,NSE,https://s3-symbol-logo.tradingview.com/freshara-agro-exports-ltd.svg,174.4
699,LLOYDSENT,Lloyds Enterprises Limited,BSE,https://s3-symbol-logo.tradingview.com/lloyds-enterprises-limited.svg,70.51
700,SERVOTECH,Servotech Renewable Power System Ltd,NSE,https://s3-symbol-logo.tradingview.com/servotech-power-sys-ltd.svg,79.98
735,M_MFIN,Mahindra & Mahindra Financial Services Ltd.,BSE,https://s3-symbol-logo.tradingview.com/mahindra-finance.svg,378.4
736,GOENKA,Goenka Diamond & Jewels Ltd.,NSE,https://s3-symbol-logo.tradingview.com/goenka-diamond-and-jewels-ltd.svg,0.82
737,EMIL,Electronics Mart India Limited,NSE,https://s3-symbol-logo.tradingview.com/electronics-mart-india-limited.svg,106.16
738,IREDA,Indian Renewable Energy Development Agency Ltd.,BSE,https://s3-symbol-logo.tradingview.com/indian-renewable-energy.svg,139.25
739,NSDL,National Securities Depository Limited,BSE,https://s3-symbol-logo.tradingview.com/national-securities-depository.svg,1079.8
740,NXST.RR,Nexus Select Trust,NSE,https://s3-symbol-logo.tradingview.com/nexus-select-trust.svg,158.0
741,ARIHANTSUP,Arihant Superstructures Limited,NSE,https://s3-symbol-logo.tradingview.com/arihant-superstruc.svg,312.3
742,ADANIENSOL,Adani Energy Solutions Ltd,NSE,https://s3-symbol-logo.tradingview.com/adani-transmiss-in.svg,1000.0
743,GOLDIETF,ICICI Prudential Gold ETF,BSE,https://s3-symbol-logo.tradingview.com/icici-prudential-bank.svg,117.28
744,NEXT50IETF,ICICI Prudential Nifty Next 50 ETF,NSE,https://s3-symbol-logo.tradingview.com/icici-prudential-bank.svg,72.58
745,HDFCAMC,HDFC Asset Management Co. Ltd.,NSE,https://s3-symbol-logo.tradingview.com/hdfc.svg,2703.0
746,SAMBHV,Sambhv Steel Tubes Limited,NSE,https://s3-symbol-logo.tradingview.com/sambhv-steel-tubes-limited.svg,96.76
747,VAIBHAVGBL,Vaibhav Global Ltd.,NSE,https://s3-symbol-logo.tradingview.com/vaibhav-global.svg,242.92
748,MANINDS,Man Industries (India) Limited,NSE,https://s3-symbol-logo.tradingview.com/man-industries.svg,405.15
749,ZEELEARN,Zee Learn Limited,NSE,https://s3-symbol-logo.tradingview.com/zee-learn-ltd.svg,7.48
750,ROYALIND,Royal India Corporation Limited,BSE,https://s3-symbol-logo.tradingview.com/royal-india-limite.svg,6.81
764,TRANSRAILL,Transrail Lighting Limited,NSE,https://s3-symbol-logo.tradingview.com/transrail-lighting-limited.svg,603.6
766,GATECHDVR,GACM Technologies Limited,NSE,https://s3-symbol-logo.tradingview.com/gacm-technologies-limited.svg,0.49
767,OKPLA,OK Play India Ltd.,BSE,https://s3-symbol-logo.tradingview.com/ok-play-india-ltd.svg,8.47
768,TI,Tilaknagar Industries Limited,NSE,https://s3-symbol-logo.tradingview.com/tilaknagar-industries-ltd.svg,468.55
769,IT,Kotak Nifty IT ETF,NSE,https://s3-symbol-logo.tradingview.com/kotak-mahindra-ast.svg,42.84
770,JMJFINPP,JMJ Fintech Limited TEMP,BSE,https://s3-symbol-logo.tradingview.com/jmj-fintech-limited.svg,3.47
771,ESAFSFB,ESAF Small Finance Bank Limited,NSE,https://s3-symbol-logo.tradingview.com/esaf-small-finance-bank-l.svg,26.55
772,SEPC,SEPC Limited,BSE,https://s3-symbol-logo.tradingview.com/sepc-limited.svg,10.09
773,QPOWER,Quality Power Electrical Equipments Ltd.,NSE,https://s3-symbol-logo.tradingview.com/quality-power-electrical-equip.svg,736.85
774,MSTCLTD,MSTC Ltd.,NSE,https://s3-symbol-logo.tradingview.com/mstc.svg,495.95
775,NECLIFE,Nectar Lifesciences Ltd.,BSE,https://s3-symbol-logo.tradingview.com/neclifes-gdr.svg,22.0
776,ADCON,Adcon Capital Services Ltd.,BSE,https://s3-symbol-logo.tradingview.com/adcon-capital-services-limited.svg,0.67
777,PENIND,Pennar Industries Limited,NSE,https://s3-symbol-logo.tradingview.com/pennar-industries-ltd.svg,201.44
778,MARINE,Marine Electricals (India) Limited,NSE,https://s3-symbol-logo.tradingview.com/marine-electrical-i-ltd.svg,215.93
779,CMSINFO,CMS Info Systems Ltd.,NSE,https://s3-symbol-logo.tradingview.com/cms-info-systems-limited.svg,349.0
781,ECOSMOBLTY,ECOS (India) Mobility & Hospitality Limited,NSE,https://s3-symbol-logo.tradingview.com/ecos-india-mob-and-hosp-l.svg,209.16
782,TAJGVK,TAJGVK Hotels & Resorts Ltd.,NSE,https://s3-symbol-logo.tradingview.com/oriental-hotels.svg,413.05
783,ACMESOLAR,ACME Solar Holdings Ltd.,NSE,https://s3-symbol-logo.tradingview.com/acme-solar-ltd.svg,235.78
784,BABA,Baba Arts Limited,BSE,https://s3-symbol-logo.tradingview.com/baba-arts-ltd.svg,9.3
785,HDFCSILVER,Hdfc Silver ETF Units Exchange Traded Fund,BSE,https://s3-symbol-logo.tradingview.com/hdfc-bank.svg,202.79
786,CRSL,Cressanda Railway Solutions Ltd,BSE,https://s3-symbol-logo.tradingview.com/cressanda-solutions-ltd.svg,3.25
787,LLOYDSENGG,Lloyds Engineering Works Ltd,BSE,https://s3-symbol-logo.tradingview.com/lloyds-steels-industries-limit.svg,58.5
788,AEROFLEX,Aeroflex Industries Ltd.,BSE,https://s3-symbol-logo.tradingview.com/aeroflex-industries-ltd.svg,203.05
789,ITIETF,ICICI Prudential Nifty IT ETF,NSE,https://s3-symbol-logo.tradingview.com/icici-prudential-bank.svg,42.96
790,HUBTOWN,Hubtown Limited,NSE,https://s3-symbol-logo.tradingview.com/hubtown-ltd.svg,246.2
791,SANWARIA,Sanwaria Consumer Ltd,NSE,https://s3-symbol-logo.tradingview.com/sanwaria-consumer-limited.svg,0.26
792,PARAGMILK,Parag Milk Foods Ltd.,NSE,https://s3-symbol-logo.tradingview.com/parag-milk-foods.svg,302.95
793,BGJL,Bhakti Gems & Jewellery Ltd.,BSE,https://s3-symbol-logo.tradingview.com/bhakti-gems-and-jewellery-limi.svg,35.15
794,FEDFINA,Fedbank Financial Services Ltd.,NSE,https://s3-symbol-logo.tradingview.com/fedbank-financial-ser-l.svg,146.13
795,MID150BEES,Nippon India ETF Nifty Midcap 150,NSE,https://s3-symbol-logo.tradingview.com/nippon-life-india-asset.svg,230.07
796,IOLCP,IOL Chemicals & Pharmaceuticals Ltd.,NSE,https://s3-symbol-logo.tradingview.com/iol-chemicals-and-pharmaceutical.svg,83.88
797,PROSTARM,Prostarm Info Systems Limited,NSE,https://s3-symbol-logo.tradingview.com/prostarm-info-systems-ltd.svg,178.82
798,SHRIRAMFIN,Shriram Finance Limited,BSE,https://s3-symbol-logo.tradingview.com/shriram.svg,947.0
799,EIDPARRY,E.I.D.-Parry (India) Limited,NSE,https://s3-symbol-logo.tradingview.com/e-i-d-parry.svg,1066.4
800,TOP100CASE,Zerodha Nifty 100 ETF,NSE,https://s3-symbol-logo.tradingview.com/zerodha-mutual-fd.svg,11.15
815,MON100,Motilal Oswal NASDAQ 100 ETF Exchange Traded Fund Units,NSE,https://s3-symbol-logo.tradingview.com/motilal.svg,235.0
816,TECHNOE,Techno Electric & Engineering Company Limited,NSE,https://s3-symbol-logo.tradingview.com/techno-electric-and.svg,1134.8
817,SIRCA,Sirca Paints India Ltd.,NSE,https://s3-symbol-logo.tradingview.com/sirca-paints-india.svg,495.6
819,HYUNDAI,Hyundai Motor India Limited,NSE,https://s3-symbol-logo.tradingview.com/hyundai.svg,2313.1
820,ADVIKCA,Advik Capital Ltd,BSE,https://s3-symbol-logo.tradingview.com/advik-capital-limited.svg,1.32
821,AVONMORE,Avonmore Capital & Management Services Limited,NSE,https://s3-symbol-logo.tradingview.com/avonmore-capital-and-management.svg,18.99
822,UCOBANK,UCO Bank,BSE,https://s3-symbol-logo.tradingview.com/uco-bank.svg,28.89
823,NRBBEARING,NRB Bearings Ltd.,NSE,https://s3-symbol-logo.tradingview.com/nrb-bearings.svg,287.0
824,VCL,Vaxtex Cotfab Ltd,NSE,https://s3-symbol-logo.tradingview.com/vaxtex-cotfab-ltd.svg,1.89
825,SKIL,SKIL Infrastructure Limited,NSE,https://s3-symbol-logo.tradingview.com/skil-infrastructure-limited.svg,1.19
826,DREDGECORP,Dredging Corporation of India Limited,NSE,https://s3-symbol-logo.tradingview.com/dredging-of-india.svg,980.7
827,RAMASTEEL,Rama Steel Tubes Ltd.,BSE,https://s3-symbol-logo.tradingview.com/rama-steel-tubes.svg,9.54
828,SHAH,Shah Metacorp Ltd,BSE,https://s3-symbol-logo.tradingview.com/shah-metacorp-ltd.svg,4.96
829,AAKASH,Aakash Exploration Services Ltd.,NSE,https://s3-symbol-logo.tradingview.com/aakash-exploration.svg,8.54
830,WELSPLSOL,Welspun Specialty Solutions Limited,BSE,https://s3-symbol-logo.tradingview.com/welspun.svg,38.48
831,DIFFNKG,Diffusion Engineers Limited,NSE,https://s3-symbol-logo.tradingview.com/diffusion-engineers-limited.svg,329.5
832,NIVABUPA,Niva Bupa Health Insurance Company Limited,NSE,https://s3-symbol-logo.tradingview.com/niva-bupa-health-ins-co-l.svg,75.92
833,LODHA,Lodha Developers Ltd.,NSE,https://s3-symbol-logo.tradingview.com/macrotech-developers.svg,1085.9
834,YATHARTH,Yatharth Hospital and Trauma Care Services Limited,NSE,https://s3-symbol-logo.tradingview.com/yatharth-hospital-and-trauma-car.svg,685.95
835,ELGIEQUIP,ELGI Equipments Limited,NSE,https://s3-symbol-logo.tradingview.com/elgi.svg,473.0
836,ZENTEC,Zen Technologies Limited,NSE,https://s3-symbol-logo.tradingview.com/zen-technologies.svg,1398.0
837,RCOM,Reliance Communications Limited,BSE,https://s3-symbol-logo.tradingview.com/reliance-comm.svg,1.13
838,IXIGO,Le Travenues Technology Limited,NSE,https://s3-symbol-logo.tradingview.com/le-travenues-technology-limite.svg,260.15
839,KITEX,Kitex Garments Limited,NSE,https://s3-symbol-logo.tradingview.com/kitex-garments.svg,187.66
840,NAM_INDIA,Nippon Life India Asset Management Ltd.,NSE,https://s3-symbol-logo.tradingview.com/nippon-life-india-asset.svg,899.65
841,GEMAROMA,Gem Aromatics Limited,NSE,https://s3-symbol-logo.tradingview.com/gem-aromatics-limited.svg,161.25
842,BRIGHOTEL,Brigade Hotel Ventures Limited,NSE,https://s3-symbol-logo.tradingview.com/brigade-hotel-venture-ltd.svg,70.56
843,SILVERADD,DSP Silver ETF,NSE,https://s3-symbol-logo.tradingview.com/dsp-blackrock-mutu.svg,203.47
844,GARMNTMNTR,Garment Mantra Lifestyle Ltd.,BSE,https://s3-symbol-logo.tradingview.com/garment-mantra-lifestyle-limit.svg,1.49
845,VIVIDHA,Visagar Polytex Limited,NSE,https://s3-symbol-logo.tradingview.com/visagar-polytex-ltd.svg,0.68
846,MOREALTY,Motilal Oswal Nifty Realty ETF Units Exchange Traded Fund,NSE,https://s3-symbol-logo.tradingview.com/motilal.svg,88.49
847,RELINFRA,Reliance Infrastructure Limited,BSE,https://s3-symbol-logo.tradingview.com/reliance-group.svg,173.45
848,PVRINOX,PVR Inox Limited,NSE,https://s3-symbol-logo.tradingview.com/pvr.svg,1031.1
849,RGF,RGF Capital Markets Ltd.,BSE,https://s3-symbol-logo.tradingview.com/rgf-capital-markets-limited.svg,0.98
850,QUADFUTURE,Quadrant Future Tek Limited,BSE,https://s3-symbol-logo.tradingview.com/quadrant-future-tek-limited.svg,319.0
875,TTML,Tata Teleservices (Maharashtra) Limited,BSE,https://s3-symbol-logo.tradingview.com/tata-teleservices.svg,49.78
876,IOB,Indian Overseas Bank,BSE,https://s3-symbol-logo.tradingview.com/indian-overseas-bank.svg,33.97
877,PFC,Power Finance Corporation Limited,BSE,https://s3-symbol-logo.tradingview.com/power-finance.svg,352.75
878,HDFCGOLD,HDFC Gold Exchange Traded Fund,BSE,https://s3-symbol-logo.tradingview.com/hdfc-bank.svg,116.85
879,JYOTISTRUC,Jyoti Structures Ltd.,BSE,https://s3-symbol-logo.tradingview.com/jyoti-structures-ltd.svg,9.96
880,ADANIENT,Adani Enterprises Limited,NSE,https://s3-symbol-logo.tradingview.com/adani.svg,2260.1
881,CASTROLIND,Castrol India Limited,BSE,https://s3-symbol-logo.tradingview.com/castrol-india.svg,186.15
882,DOLPHMED,Dolphin Medical Services Ltd,BSE,https://s3-symbol-logo.tradingview.com/dolphin-medical-services-ltd.svg,2.74
7866,EXIMROUTES,Exim Routes Limited,NSE,EX,131.7
883,MSUMI,Motherson Sumi Wiring India Ltd,BSE,https://s3-symbol-logo.tradingview.com/motherson-sumi-wiring-india-li.svg,45.54
884,DIFFNKG,Diffusion Engineers Limited,BSE,https://s3-symbol-logo.tradingview.com/diffusion-engineers-limited.svg,329.55
885,TEMBO,Tembo Global Industries Ltd.,NSE,https://s3-symbol-logo.tradingview.com/tembo-global-ind-ltd.svg,777.6
887,TITAGARH,Titagarh Rail Systems Ltd,BSE,https://s3-symbol-logo.tradingview.com/titagarh-wagons.svg,849.5
888,TFL,Transwarranty Finance Limited,NSE,https://s3-symbol-logo.tradingview.com/transwarranty-finance-ltd.svg,16.19
889,BANG,Bang Overseas Limited,BSE,https://s3-symbol-logo.tradingview.com/bang-overseas-ltd.svg,52.5
890,QGOLDHALF,Quantum Gold Fund ETF,NSE,https://s3-symbol-logo.tradingview.com/quantum-gold-fund.svg,112.85
891,SNOWMAN,Snowman Logistics Ltd,NSE,https://s3-symbol-logo.tradingview.com/snowman-logistics.svg,41.0
892,SULA,Sula Vineyards Ltd.,NSE,https://s3-symbol-logo.tradingview.com/sula-vineyards-ltd.svg,216.34
893,CHEMPLASTS,Chemplast Sanmar Limited,BSE,https://s3-symbol-logo.tradingview.com/chemplast-sanmar.svg,269.3
894,KSHITIJPOL,Kshitij Polyline Ltd.,NSE,https://s3-symbol-logo.tradingview.com/kshitij-polyline-ltd.svg,2.84
895,WAAREEENER,WAAREE Energies Limited,NSE,https://s3-symbol-logo.tradingview.com/waaree-energies-limited.svg,3042.3
896,DATAPATTNS,Data Patterns (India) Limited,NSE,https://s3-symbol-logo.tradingview.com/data-patterns-india-ltd.svg,2664.0
897,GSPL,Gujarat State Petronet Limited,NSE,https://s3-symbol-logo.tradingview.com/gujarat-state-petronet.svg,297.5
898,DHANBANK,Dhanlaxmi Bank Ltd,NSE,https://s3-symbol-logo.tradingview.com/dhanlaxmi-bank.svg,24.79
899,JINDWORLD,Jindal Worldwide Limited,NSE,https://s3-symbol-logo.tradingview.com/jindal-worldwide.svg,30.09
900,APEX,Apex Frozen Foods Ltd.,NSE,https://s3-symbol-logo.tradingview.com/apex-frozen-foods.svg,280.0
904,YUVRAAJHPL,Yuvraaj Hygiene Products Limited,BSE,https://s3-symbol-logo.tradingview.com/yuvraaj-hygiene-products-ltd.svg,11.04
905,BAJAJFINSV,Bajaj Finserv Limited,NSE,https://s3-symbol-logo.tradingview.com/bajaj-finserv-mutual-fund.svg,2048.5
907,SALASAR,Salasar Techno Engineering Ltd.,BSE,https://s3-symbol-logo.tradingview.com/salasar-techno-eng.svg,9.09
908,MARKSANS,Marksans Pharma Limited,NSE,https://s3-symbol-logo.tradingview.com/marksans-pharma.svg,184.34
909,TATATECH,Tata Technologies Limited,NSE,https://s3-symbol-logo.tradingview.com/tata.svg,663.5
910,ARISINFRA,ArisInfra Solutions Limited,NSE,https://s3-symbol-logo.tradingview.com/arisinfra-solutions-ltd.svg,137.62
911,FLFL,Future Lifestyle Fashions Ltd.,NSE,https://s3-symbol-logo.tradingview.com/future-lifestyle-fashions.svg,1.41
912,OSWALPUMPS,Oswal Pumps Limited,NSE,https://s3-symbol-logo.tradingview.com/oswal-pumps-ltd.svg,536.5
913,LALPATHLAB,Dr. Lal PathLabs Limited,NSE,https://s3-symbol-logo.tradingview.com/dr-lal-pathlabs.svg,1407.9
914,EMBASSY.RR,Embassy Office Parks REIT,NSE,https://s3-symbol-logo.tradingview.com/embassy-office-par.svg,427.57
915,CGCL,Capri Global Capital Limited,NSE,https://s3-symbol-logo.tradingview.com/capri-global-capit.svg,178.52
916,GANGAFORGE,Ganga Forging Ltd.,NSE,https://s3-symbol-logo.tradingview.com/ganga-forging-ltd.svg,3.53
917,AUROPHARMA,Aurobindo Pharma Ltd,NSE,https://s3-symbol-logo.tradingview.com/aurobindo.svg,1218.5
918,LGBFORGE,LGB Forge Limited,BSE,https://s3-symbol-logo.tradingview.com/lgb-forge-ltd.svg,8.29
919,PNBHOUSING,PNB Housing Finance Limited,NSE,https://s3-symbol-logo.tradingview.com/pnb-housing-finance.svg,931.95
920,TITAN,Titan Company Limited,NSE,https://s3-symbol-logo.tradingview.com/titan-company.svg,3927.9
921,NESTLEIND,Nestle India Ltd.,NSE,https://s3-symbol-logo.tradingview.com/nestle.svg,1255.2
922,CONFIPET,Confidence Petroleum India Limited,NSE,https://s3-symbol-logo.tradingview.com/confidence-petroleum-india.svg,36.3
923,OBEROIRLTY,Oberoi Realty Limited,NSE,https://s3-symbol-logo.tradingview.com/oberoi-realty.svg,1660.7
924,PACEDIGITK,Pace Digitek Limited,NSE,https://s3-symbol-logo.tradingview.com/pace-digitek-limited.svg,197.16
925,URSUGAR,UR Sugar Industries Ltd,BSE,https://s3-symbol-logo.tradingview.com/ur-sugar-industries-limited.svg,3.64
926,ACHYUT,Achyut Healthcare Ltd.,BSE,https://s3-symbol-logo.tradingview.com/achyut-healthcare-limited.svg,5.89
927,VEDL,Vedanta Limited,BSE,https://s3-symbol-logo.tradingview.com/steel-dynamics.svg,588.8
928,PREMIERENE,Premier Energies Limited,NSE,https://s3-symbol-logo.tradingview.com/premier-energies-ltd.svg,883.0
929,KLIFESTYL,K-Lifestyle & Industries Limited,BSE,https://s3-symbol-logo.tradingview.com/k-lifestyle-and-industries-limit.svg,0.23
930,TOYAMSL,Toyam Sports Limited,BSE,https://s3-symbol-logo.tradingview.com/toyam-sports-limited.svg,1.1
931,NCC,NCC Limited,BSE,https://s3-symbol-logo.tradingview.com/ncc.svg,161.2
932,FRONTCAP,Frontier Capital Ltd.,BSE,https://s3-symbol-logo.tradingview.com/frontier-capital-limited.svg,5.5
933,BMWVENTLTD,Bmw Ventures Limited,NSE,https://s3-symbol-logo.tradingview.com/bmw-ventures-limited.svg,58.67
934,SRPL,Shree Ram Proteins Ltd.,NSE,https://s3-symbol-logo.tradingview.com/shree-ram-proteins-ltd.svg,0.69
935,HMAAGRO,HMA Agro Industries Limited,NSE,https://s3-symbol-logo.tradingview.com/hma-agro-industries-ltd.svg,28.98
936,ONGC,Oil & Natural Gas Corp. Ltd.,BSE,https://s3-symbol-logo.tradingview.com/oil-and-natural-gas.svg,236.75
937,CIFL,Capital India Finance Ltd,NSE,https://s3-symbol-logo.tradingview.com/capital-india-finance-limited.svg,37.6
938,NAUKRI,Info Edge India Ltd.,NSE,https://s3-symbol-logo.tradingview.com/info-edge.svg,1358.1
939,ALMONDZ,Almondz Global Securities Limited,NSE,https://s3-symbol-logo.tradingview.com/almondz-global-securities-ltd.svg,17.3
940,PRAKASH,Prakash Industries Limited,NSE,https://s3-symbol-logo.tradingview.com/prakash-industries.svg,136.5
941,ZAGGLE,Zaggle Prepaid Ocean Services Limited,NSE,https://s3-symbol-logo.tradingview.com/zaggle-prepa-ocean-ser-l.svg,359.65
942,DUCON,Ducon Infratechnologies Ltd.,NSE,https://s3-symbol-logo.tradingview.com/ducon-infratechnologies-ltd.svg,3.6
943,GLHRL,Global Longlife Hospital and Research Limited,BSE,https://s3-symbol-logo.tradingview.com/global-longlife-hospital-and-r.svg,21.65
944,DIGITIDE,Digitide Solutions Ltd,NSE,https://s3-symbol-logo.tradingview.com/digitide-solutions-ltd.svg,134.02
945,INFY,Infosys Limited,BSE,https://s3-symbol-logo.tradingview.com/infosys.svg,1669.7
946,KOPRAN,Kopran Limited,NSE,https://s3-symbol-logo.tradingview.com/kopran.svg,139.88
947,UHZAVERI,U. H. Zaveri Ltd.,BSE,https://s3-symbol-logo.tradingview.com/u-h-zaveri-limited.svg,14.79
948,PARASPETRO,Paras Petrofils Limited,NSE,https://s3-symbol-logo.tradingview.com/paras-petrofils-ltd.svg,1.93
949,SAILIFE,SAI Life Sciences Ltd.,NSE,https://s3-symbol-logo.tradingview.com/sai-life-sciences-ltd.svg,903.5
950,ACE,Action Construction Equipment Limited,NSE,https://s3-symbol-logo.tradingview.com/action-construct.svg,969.75
976,BEL,Bharat Electronics Limited,BSE,https://s3-symbol-logo.tradingview.com/bharat-electronics.svg,401.35
977,DALBHARAT,Dalmia Bharat Ltd.,NSE,https://s3-symbol-logo.tradingview.com/dalmia-bharat.svg,2048.0
978,LATENTVIEW,Latent View Analytics Limited,NSE,https://s3-symbol-logo.tradingview.com/latent-view-analytics.svg,472.55
979,AVL,Aditya Vision Ltd.,NSE,https://s3-symbol-logo.tradingview.com/aditya-vision-ltd.svg,499.6
980,NTPCGREEN,NTPC Green Energy Limited,BSE,https://s3-symbol-logo.tradingview.com/ntpc-green-energy-limited.svg,90.71
981,NAZARA,Nazara Technologies Ltd.,BSE,https://s3-symbol-logo.tradingview.com/nazara-technologies-ltd.svg,249.15
982,NATIONALUM,National Aluminium Co. Ltd.,BSE,https://s3-symbol-logo.tradingview.com/national-aluminum.svg,292.9
983,ASIANPAINT,Asian Paints Ltd.,NSE,https://s3-symbol-logo.tradingview.com/asian-paints.svg,2802.2
984,SBISILVER,SBI Silver ETF,BSE,https://s3-symbol-logo.tradingview.com/sbi-mutual-fund.svg,206.83
985,SINDHUTRAD,Sindhu Trade Links Ltd.,NSE,https://s3-symbol-logo.tradingview.com/sindhu-trade-links-limited.svg,21.03
986,TRIDENT,Trident Limited,BSE,https://s3-symbol-logo.tradingview.com/trident.svg,27.18
988,MOM30IETF,ICICI Prudential Nifty 200 Momentum 30 ETF Exchange Traded Fund,NSE,https://s3-symbol-logo.tradingview.com/icici-prudential-bank.svg,32.03
989,VIPULLTD,Vipul Limited,NSE,https://s3-symbol-logo.tradingview.com/vipul-ltd.svg,10.56
990,EPUJA,EPUJA SPIRITECH LIMITED,BSE,https://s3-symbol-logo.tradingview.com/epuja-spiritech-limited.svg,3.2
991,TATAINVEST,Tata Investment Corporation Limited,NSE,https://s3-symbol-logo.tradingview.com/tata.svg,717.0
992,AARTIIND,AARTI Industries Ltd,BSE,https://s3-symbol-logo.tradingview.com/aarti-industries.svg,387.95
993,VIPCLOTHNG,VIP Clothing Limited,NSE,https://s3-symbol-logo.tradingview.com/vip-clothing-ltd.svg,32.31
994,AGOL,Ashapuri Gold Ornament Ltd,BSE,https://s3-symbol-logo.tradingview.com/ashapuri-gold-ornament-limited.svg,5.89
995,RAYMONDREL,Raymond Realty Limited,NSE,https://s3-symbol-logo.tradingview.com/raymond-realty-limited.svg,499.35
996,SIGNATURE,Signatureglobal (India) Limited,NSE,https://s3-symbol-logo.tradingview.com/signatureglobal-india-ltd.svg,1139.7
997,JBMA,JBM Auto Limited,NSE,https://s3-symbol-logo.tradingview.com/jbm-auto-ltd.svg,581.8
998,RPPL,Rajshree Polypack Ltd.,NSE,https://s3-symbol-logo.tradingview.com/rajshree-polypack-ltd.svg,18.14
999,LUMAXTECH,Lumax Auto Technologies Limited,NSE,https://s3-symbol-logo.tradingview.com/lumax.svg,1579.1
1000,MONIFTY500,Motilal Oswal Nifty 500 ETF Units Exchange Traded Fund,NSE,https://s3-symbol-logo.tradingview.com/motilal.svg,24.33
1018,KPITTECH,KPIT Technologies Limited,NSE,https://s3-symbol-logo.tradingview.com/kpit-technologies.svg,1233.0
1019,ZYDUSLIFE,Zydus Lifesciences Limited,NSE,https://s3-symbol-logo.tradingview.com/cadila-healthcare.svg,925.05
1020,LLFICL,Leading Leasing Finance & Investment Co. Ltd.,BSE,https://s3-symbol-logo.tradingview.com/leading-leasing-finance-and-in.svg,3.98
1021,RELIANCE,Reliance Industries Limited,BSE,https://s3-symbol-logo.tradingview.com/reliance-industrial-infrastructure.svg,1574.8
1022,RENUKA,Shree Renuka Sugars Limited,BSE,https://s3-symbol-logo.tradingview.com/shree-renuka-sugar.svg,25.94
1023,APLAPOLLO,APL Apollo Tubes Limited,NSE,https://s3-symbol-logo.tradingview.com/apl-apollo-tubes.svg,1877.1
1024,IZMO,IZMO Limited,NSE,https://s3-symbol-logo.tradingview.com/izmo-limited.svg,851.0
1025,INOXWIND,Inox Wind Ltd.,BSE,https://s3-symbol-logo.tradingview.com/inox-wind.svg,127.0
1026,ITETF,Mirae Asset Nifty IT ETF Exchange Traded Fund Units,NSE,https://s3-symbol-logo.tradingview.com/mirae-asset-sec.svg,41.01
1027,CYIENT,Cyient Limited,NSE,https://s3-symbol-logo.tradingview.com/cyient.svg,1148.1
1028,ALPHAETF,Mirae Asset Nifty 200 Alpha 30 ETF Exchange Traded Fund Units,NSE,https://s3-symbol-logo.tradingview.com/mirae-asset-sec.svg,25.28
1029,IDEAFORGE,Ideaforge Technology Limited,BSE,https://s3-symbol-logo.tradingview.com/ideaforge-techno-ltd.svg,485.5
1030,TCIFINANCE,TCI Finance Limited,NSE,https://s3-symbol-logo.tradingview.com/tci-finance-ltd.svg,21.45
1031,DIL,Debock Industries Limited,NSE,https://s3-symbol-logo.tradingview.com/debock-industries-ltd.svg,1.82
1032,KAMOPAINTS,Kamdhenu Ventures Ltd.,NSE,https://s3-symbol-logo.tradingview.com/kamdhenu-limited.svg,6.52
1033,DEVX,Dev Accelerator Limited,NSE,https://s3-symbol-logo.tradingview.com/dev-accelerator-limited.svg,42.37
1034,AKUMS,Akums Drugs and Pharmaceuticals Limited,BSE,https://s3-symbol-logo.tradingview.com/akums-drugs-and-pharma-l.svg,453.0
1035,VINEETLAB,Vineet Laboratories Ltd.,NSE,https://s3-symbol-logo.tradingview.com/vineet-laboratories-limited.svg,40.15
1036,TATAPOWER,Tata Power Company Limited,BSE,https://s3-symbol-logo.tradingview.com/tata.svg,382.45
1037,AARTIDRUGS,Aarti Drugs Limited,NSE,https://s3-symbol-logo.tradingview.com/aarti-drugs.svg,396.05
1038,360ONE,360 One Wam Limited,NSE,https://s3-symbol-logo.tradingview.com/iifl.svg,1176.6
1039,EXICOM,Exicom Tele-Systems Ltd.,NSE,https://s3-symbol-logo.tradingview.com/exicom-tele-systems-limited.svg,119.8
1040,OMAXE,Omaxe Limited,BSE,https://s3-symbol-logo.tradingview.com/omaxe-ltd.svg,75.35
1041,ALPSINDUS,Alps Industries Limited,BSE,https://s3-symbol-logo.tradingview.com/alps-industries-ltd.svg,4.07
1042,JNKINDIA,Jnk India Limited,NSE,https://s3-symbol-logo.tradingview.com/jnk-india-limited.svg,230.14
2038,SYMPHONY,Symphony Limited,NSE,https://s3-symbol-logo.tradingview.com/symphony.svg,840.2
1043,GANDHAR,Gandhar Oil Refinery (India) Limited,NSE,https://s3-symbol-logo.tradingview.com/gandhar-oil-refine-ind-l.svg,151.6
1044,ARIHANTCAP,Arihant Capital Markets Limited,NSE,https://s3-symbol-logo.tradingview.com/arihant-capital-markets-ltd.svg,94.48
1045,SBC,SBC Exports Ltd.,BSE,https://s3-symbol-logo.tradingview.com/sbc-exports-limited.svg,28.54
1046,HEROMOTOCO,Hero Motocorp Limited,NSE,https://s3-symbol-logo.tradingview.com/hero-motocorp.svg,5720.0
1047,SARVESHWAR,Sarveshwar Foods Ltd.,BSE,https://s3-symbol-logo.tradingview.com/sarveshwar-foods-ltd.svg,4.57
1048,POLYCAB,Polycab India Ltd.,NSE,https://s3-symbol-logo.tradingview.com/polycab.svg,7637.5
1049,BHEL,Bharat Heavy Electricals Limited,BSE,https://s3-symbol-logo.tradingview.com/bharat-heavy-electricals.svg,283.9
1050,PNB,Punjab National Bank,BSE,https://s3-symbol-logo.tradingview.com/punjab-natl-bank.svg,121.65
1056,TOLINS,Tolins Tyres Limited,NSE,https://s3-symbol-logo.tradingview.com/tolins-tyres-ltd.svg,136.49
1057,GVPIL,GE Power India Ltd.,NSE,https://s3-symbol-logo.tradingview.com/ge-power-india-ltd.svg,334.05
1058,HBLENGINE,HBL Engineering Limited,BSE,https://s3-symbol-logo.tradingview.com/hbl-power-systems.svg,872.95
1059,ASTRAMICRO,Astra Microwave Products Ltd.,NSE,https://s3-symbol-logo.tradingview.com/astra-microwave-products.svg,948.25
1060,OLECTRA,Olectra Greentech Limited,NSE,https://s3-symbol-logo.tradingview.com/olectra-greentech.svg,1202.6
1061,BLACKBUCK,Blackbuck Ltd,NSE,https://s3-symbol-logo.tradingview.com/zinka-logistics-solutions-limi.svg,635.05
1062,SHARPINV,Sharp Investments Ltd,BSE,https://s3-symbol-logo.tradingview.com/sharp-investments-ltd.svg,0.38
1063,HIKLASS,Hi-Klass Trading & Investment Ltd.,BSE,https://s3-symbol-logo.tradingview.com/hi-klass-trading-and-investmen.svg,21.33
1064,MEDICO,Medico Remedies Ltd.,NSE,https://s3-symbol-logo.tradingview.com/medico-remedies-ltd.svg,52.5
1065,SGLTL,Standard Glass Lining Technology Ltd.,NSE,https://s3-symbol-logo.tradingview.com/standard-glass-lining-technolo.svg,154.5
1066,LICNETFGSC,LIC MF G-SEC Long Term ETF,NSE,https://s3-symbol-logo.tradingview.com/lic-mf-exhge-traded.svg,28.55
1067,INDGN,Indegene Limited,NSE,https://s3-symbol-logo.tradingview.com/indegene-limited.svg,533.75
1068,WAAREERTL,Waaree Renewable Technologies Ltd,NSE,https://s3-symbol-logo.tradingview.com/waaree-renewable-technologies.svg,966.1
1069,TVSSCS,TVS Supply Chain Solutions Ltd.,NSE,https://s3-symbol-logo.tradingview.com/tvs-supply-chain-sol-l.svg,108.35
1070,SAICOM,Saianand Commercial Ltd,BSE,https://s3-symbol-logo.tradingview.com/saianand-commercial-limited.svg,0.31
1071,DEN,DEN Networks Limited,NSE,https://s3-symbol-logo.tradingview.com/den-networks-ltd.svg,32.04
1072,VISHWARAJ,Vishwaraj Sugar Industries Ltd.,NSE,https://s3-symbol-logo.tradingview.com/vishwaraj-sugar-industries-lim.svg,7.0
1073,JSL,Jindal Stainless Limited,NSE,https://s3-symbol-logo.tradingview.com/jindal-stainless.svg,798.0
1074,SETFNIF50,SBI-ETF Nifty 50,NSE,https://s3-symbol-logo.tradingview.com/sbi-mutual-fund.svg,279.57
1075,HEMIPROP,Hemisphere Properties India Ltd.,NSE,https://s3-symbol-logo.tradingview.com/hemisphere-prop-ind-ltd.svg,133.11
1076,SANGHVIMOV,Sanghvi Movers Limited,BSE,https://s3-symbol-logo.tradingview.com/sanghvi-movers-ltd.svg,364.5
1077,LGEINDIA,LG Electronics India Limited,BSE,https://s3-symbol-logo.tradingview.com/lg-display.svg,1566.7
1078,PREMIUM,Premium Plast Limited,NSE,https://s3-symbol-logo.tradingview.com/premium-plast-ltd.svg,40.3
1079,GAYAHWS,Gayatri Highways Ltd.,NSE,https://s3-symbol-logo.tradingview.com/gayatri-bioorganics-ltd.svg,2.99
1080,SILGO,Silgo Retail Ltd,NSE,https://s3-symbol-logo.tradingview.com/silgo-retail-ltd.svg,75.23
1081,LANCER,Lancer Container Lines Ltd,BSE,https://s3-symbol-logo.tradingview.com/lanconli-27.svg,13.89
1082,GREENCREST,Greencrest Financial Services Ltd.,BSE,https://s3-symbol-logo.tradingview.com/greencrest-financial-services.svg,0.61
1083,MANINFRA,Man Infraconstruction Limited,NSE,https://s3-symbol-logo.tradingview.com/man-infraconstruct.svg,130.88
1084,JUNIORBEES,Nippon India ETF Nifty Next 50 Junior BeES,NSE,https://s3-symbol-logo.tradingview.com/nippon-life-india-asset.svg,742.65
1085,DBL,Dilip Buildcon Ltd.,NSE,https://s3-symbol-logo.tradingview.com/dilip-buildcon.svg,469.5
1086,ISHAN,Ishan International Limited,NSE,https://s3-symbol-logo.tradingview.com/ishan-internationa.svg,0.75
1087,SUNRETAIL,Sun Retail Ltd.,BSE,https://s3-symbol-logo.tradingview.com/sun-retail-limited.svg,0.39
1088,BBOX,Black Box Limited,NSE,https://s3-symbol-logo.tradingview.com/black-box-ltd.svg,518.3
1089,GENESYS,Genesys International Corporation Limited,NSE,https://s3-symbol-logo.tradingview.com/genesys-international-corporat.svg,434.7
1090,TFCILTD,Tourism Finance Corporation of India Limited,BSE,https://s3-symbol-logo.tradingview.com/tourism-fin.svg,65.0
1091,IEX,Indian Energy Exchange Ltd.,BSE,https://s3-symbol-logo.tradingview.com/indian-energy-exchange.svg,142.65
1092,MADRASFERT,Madras Fertilizers Ltd,NSE,https://s3-symbol-logo.tradingview.com/madras-fertilizers.svg,78.5
1093,TGL,Teerth Gopicon Ltd.,NSE,https://s3-symbol-logo.tradingview.com/teerth-gopicon-ltd.svg,75.4
1094,IVC,IL&FS Investment Managers Ltd.,NSE,https://s3-symbol-logo.tradingview.com/il-and-fs-investment.svg,8.16
1095,ACCELYA,Accelya Solutions India Ltd.,NSE,https://s3-symbol-logo.tradingview.com/accelya-solutions.svg,1300.2
1096,URJA,Urja Global Limited,BSE,https://s3-symbol-logo.tradingview.com/urja-global.svg,11.08
1097,ICICIB22,BHARAT 22 ETF,NSE,https://s3-symbol-logo.tradingview.com/icici-prudential-bank.svg,116.98
1098,NBCC,NBCC (INDIA) LIMITED,BSE,https://s3-symbol-logo.tradingview.com/nbcc-india.svg,116.85
1099,SWISSMLTRY,Swiss Military Consumer Goods Limited,BSE,https://s3-symbol-logo.tradingview.com/swiss-military-consumer-goods.svg,20.7
1100,ROLLT,Rollatainers Limited,NSE,https://s3-symbol-logo.tradingview.com/rollatainers-ltd.svg,1.29
1132,ITBEES,Nippon India ETF Nifty IT,BSE,https://s3-symbol-logo.tradingview.com/nippon-life-india-asset.svg,42.99
1133,NETWEB,Netweb Technologies India Limited,NSE,https://s3-symbol-logo.tradingview.com/netweb-tech-india-ltd.svg,3235.5
1135,SDBL,Som Distilleries & Breweries Ltd.,NSE,https://s3-symbol-logo.tradingview.com/som-dist-and-brew-ltd.svg,107.6
1136,RAJRATAN,Rajratan Global Wire Limited,NSE,https://s3-symbol-logo.tradingview.com/rajratan-global-wire-ltd.svg,474.55
1137,VAKRANGEE,Vakrangee Limited,BSE,https://s3-symbol-logo.tradingview.com/vakrangee.svg,8.05
1138,VIKASECO,Vikas EcoTech Limited,BSE,https://s3-symbol-logo.tradingview.com/vikas-lifecare-limited.svg,1.66
1139,OMFREIGHT,Om Freight Forwarders Limited,NSE,https://s3-symbol-logo.tradingview.com/om-freight-forwarders-limited.svg,96.46
1140,MUTHOOTFIN,Muthoot Finance Ltd,NSE,https://s3-symbol-logo.tradingview.com/muthoot-finance.svg,3794.4
1141,CAMPUS,Campus Activewear Ltd.,NSE,https://s3-symbol-logo.tradingview.com/campus-activewear-ltd.svg,261.0
1142,VMSTMT,Vms Tmt Limited,NSE,https://s3-symbol-logo.tradingview.com/vms-tmt-limited.svg,54.2
1143,PREMEXPLN,Premier Explosives Limited,NSE,https://s3-symbol-logo.tradingview.com/premier-explosives-ltd.svg,523.45
1144,DRREDDY,Dr. Reddy's Laboratories Ltd.,NSE,https://s3-symbol-logo.tradingview.com/dr-reddys.svg,1279.1
1145,GODREJPROP,Godrej Properties Limited,NSE,https://s3-symbol-logo.tradingview.com/godrej-properties.svg,2022.8
1147,SHYAMMETL,Shyam Metalics & Energy Ltd.,NSE,https://s3-symbol-logo.tradingview.com/shyam-metalics-and-energy.svg,834.8
1148,JKIPL,Jinkushal Industries Limited,NSE,https://s3-symbol-logo.tradingview.com/jinkushal-industries-limited.svg,94.0
1149,KRBL,KRBL Limited,NSE,https://s3-symbol-logo.tradingview.com/krbl.svg,399.85
1150,NETWORK18,Network18 Media & Investments Limited,BSE,https://s3-symbol-logo.tradingview.com/network-18-media.svg,43.51
1159,MUKKA,Mukka Proteins Limited,NSE,https://s3-symbol-logo.tradingview.com/mukka-proteins-limited.svg,24.24
1160,HNDFDS,Hindustan Foods Ltd.,NSE,https://s3-symbol-logo.tradingview.com/hindustan-foods.svg,515.5
1161,MMTC,MMTC Limited,BSE,https://s3-symbol-logo.tradingview.com/mmtc.svg,58.2
1162,WHIRLPOOL,Whirlpool Of India Limited,NSE,https://s3-symbol-logo.tradingview.com/whirlpool.svg,945.0
1163,LADDU,Laddu Gopal Online Services Ltd,BSE,https://s3-symbol-logo.tradingview.com/ett-ltd.svg,1.04
1164,PHOENIXLTD,Phoenix Mills Ltd.,NSE,https://s3-symbol-logo.tradingview.com/phoenix-mills.svg,1839.0
1165,STALLION,Stallion India Fluorochemicals Limited,NSE,https://s3-symbol-logo.tradingview.com/stallion-india-fluorochemicals.svg,205.31
1166,FMNL,Future Market Networks Limited,NSE,https://s3-symbol-logo.tradingview.com/future-market-networks-ltd.svg,9.12
1167,KESORAMIND,Kesoram Industries Ltd,BSE,https://s3-symbol-logo.tradingview.com/kesorind-gdr.svg,11.44
1168,SBIN,State Bank of India,BSE,https://s3-symbol-logo.tradingview.com/state-bank.svg,973.6
1169,SBFC,SBFC Finance Limited,BSE,https://s3-symbol-logo.tradingview.com/sbfc-finance-ltd.svg,105.6
1170,REGAAL,Regaal Resources Limited,NSE,https://s3-symbol-logo.tradingview.com/regaal-resources-limited.svg,73.3
1171,USHAFIN,Usha Financial Services Limited,NSE,https://s3-symbol-logo.tradingview.com/usha-financial-services-l.svg,36.0
1172,DOLATALGO,Dolat Algotech Limited,NSE,https://s3-symbol-logo.tradingview.com/dolat-investments.svg,88.2
1173,TAKE,TAKE Solutions Limited,BSE,https://s3-symbol-logo.tradingview.com/take-solutions.svg,38.81
1174,NILASPACES,Nila Spaces Ltd.,NSE,https://s3-symbol-logo.tradingview.com/nila-spaces-ltd.svg,15.74
1175,TOP10ADD,DSP Nifty Top 10 Equal Weight ETF Units Exchange Traded Fund,NSE,https://s3-symbol-logo.tradingview.com/dsp-blackrock-mutu.svg,102.2
1176,EICHERMOT,Eicher Motors Limited,NSE,https://s3-symbol-logo.tradingview.com/eicher-motors.svg,7316.0
1177,EDELWEISS,Edelweiss Financial Services Limited,BSE,https://s3-symbol-logo.tradingview.com/edelweiss-fin-serv.svg,108.1
1178,ASMS,Bartronics India Limited,NSE,https://s3-symbol-logo.tradingview.com/bartronics-india-ltd.svg,12.21
1179,SANGHIIND,Sanghi Industries Limited,NSE,https://s3-symbol-logo.tradingview.com/sanghi-industries.svg,64.08
1180,PPSL,Picturepost Studios Limited,NSE,https://s3-symbol-logo.tradingview.com/picturepost-studios-ltd.svg,11.3
1181,VBL,Varun Beverages Ltd.,BSE,https://s3-symbol-logo.tradingview.com/varun-beverages-ltd.svg,480.85
1183,SOFCOM,Sofcom Systems Ltd.,BSE,https://s3-symbol-logo.tradingview.com/sofcom-systems-limited.svg,41.8
1184,BLUEJET,Blue Jet Healthcare Limited,NSE,https://s3-symbol-logo.tradingview.com/blue-jet-healthcare-ltd.svg,549.2
1185,SRM,SRM Contractors Ltd.,NSE,https://s3-symbol-logo.tradingview.com/srm-contractors-limited.svg,523.55
1186,GROWWNIFTY,Groww Nifty 50 ETF Units Exchange Traded Fund,NSE,https://s3-symbol-logo.tradingview.com/growwamc-growwdefnc.svg,10.5
1187,HINDMOTORS,Hindustan Motors Ltd,BSE,https://s3-symbol-logo.tradingview.com/hindustan-motors-ltd.svg,17.6
1188,MARSONS,Marsons Limited,BSE,https://s3-symbol-logo.tradingview.com/marsons-limited.svg,150.85
1189,ZEAL,Zeal Aqua Ltd,BSE,https://s3-symbol-logo.tradingview.com/zeal-aqua-limited.svg,10.45
1190,JULIEN,Julien Agro Infratech Ltd,BSE,https://s3-symbol-logo.tradingview.com/julien-agro-infratech-limited.svg,2.52
1191,CROISSANCE,Croissance Limited,BSE,https://s3-symbol-logo.tradingview.com/croissance-limited.svg,4.15
1192,FINPIPE,Finolex Industries Limited,NSE,https://s3-symbol-logo.tradingview.com/finolex-industries.svg,168.4
1193,RAMCOCEM,Ramco Cements Limited,NSE,https://s3-symbol-logo.tradingview.com/ramco-cements.svg,1041.4
1194,PRESSURS,Pressure Sensitive Systems (India) Limited,BSE,https://s3-symbol-logo.tradingview.com/pressure-sensitive-systems-in.svg,1.55
1195,GOKULAGRO,Gokul Agro Resources Ltd.,NSE,https://s3-symbol-logo.tradingview.com/gokul-agro-resources-ltd.svg,187.2
1196,LOTUSDEV,Sri Lotus Developers and Realty Limited,NSE,https://s3-symbol-logo.tradingview.com/sri-lotus-devlprs-n-rty-l.svg,155.71
1197,CRIZAC,Crizac Limited,NSE,https://s3-symbol-logo.tradingview.com/crizac-ltd.svg,292.35
1199,IOC,Indian Oil Corp. Ltd.,BSE,https://s3-symbol-logo.tradingview.com/indian-oil.svg,163.55
1219,CEMPRO,Cemindia Projects Ltd,NSE,https://s3-symbol-logo.tradingview.com/itd-cementation.svg,822.6
1221,NAGAFERT,Nagarjuna Fertilizers & Chemicals Ltd.,NSE,https://s3-symbol-logo.tradingview.com/nagarjuna-fertiliz.svg,4.66
1222,STYLEBAAZA,Baazar Style Retail Limited,NSE,https://s3-symbol-logo.tradingview.com/baazar-style-retail-ltd.svg,273.25
7867,MARC,Marc Technocrats Limited,NSE,MA,70.7
1223,VIKASPROP,Vikas Proppant & Granite Limited,BSE,https://s3-symbol-logo.tradingview.com/vikas-proppant-and-granite-ltd.svg,0.3
1224,SHYAMCENT,Shyam Century Ferrous Ltd.,NSE,https://s3-symbol-logo.tradingview.com/shyam-century-ferrous-limited.svg,6.32
1225,MAHKTECH,Mirae Asset Hang Seng TECH ETF Units Exchange Traded Fund,NSE,https://s3-symbol-logo.tradingview.com/mirae-asset-sec.svg,25.28
1226,JKIL,J. Kumar Infraprojects Limited,NSE,https://s3-symbol-logo.tradingview.com/jkumar-infraprojects-ltd.svg,601.0
1227,WIPRO,Wipro Limited,BSE,https://s3-symbol-logo.tradingview.com/wipro.svg,271.25
1228,GROWWEV,Groww Nifty EV & New Age Automotive ETF,NSE,https://s3-symbol-logo.tradingview.com/growwamc-growwdefnc.svg,31.5
1229,BRITANNIA,Britannia Industries Ltd,NSE,https://s3-symbol-logo.tradingview.com/britannia.svg,6063.5
1230,NILAINFRA,Nila Infrastructures Limited,NSE,https://s3-symbol-logo.tradingview.com/nila-infrastructures-ltd.svg,9.85
1231,FINIETF,ICICI Prudential Nifty Financial Services Ex-Bank ETF Units,NSE,https://s3-symbol-logo.tradingview.com/icici-prudential-bank.svg,32.66
1232,MFSL,Max Financial Services Limited,NSE,https://s3-symbol-logo.tradingview.com/max-financial.svg,1683.3
1233,SAMMAANCAP,Sammaan Capital Ltd,BSE,https://s3-symbol-logo.tradingview.com/indiabulls.svg,141.6
1234,MRPL,Mangalore Refinery & Petrochemicals Ltd.,BSE,https://s3-symbol-logo.tradingview.com/mangalore-ref-and-pet.svg,147.15
1235,DAMCAPITAL,DAM Capital Advisors Ltd.,NSE,https://s3-symbol-logo.tradingview.com/dam-capital-advisors-ltd.svg,216.47
1236,DCBBANK,DCB Bank Limited,BSE,https://s3-symbol-logo.tradingview.com/dcb-bank.svg,176.0
1237,WALCHANNAG,Walchandnagar Industries Limited,BSE,https://s3-symbol-logo.tradingview.com/walchandnagar-ind.svg,196.6
1238,SILVER,Aditya Birla Sun Life Silver ETF,BSE,https://s3-symbol-logo.tradingview.com/aditya-birla-fash.svg,210.75
1239,SEVL,Supertech EV Ltd.,BSE,https://s3-symbol-logo.tradingview.com/supertech-ev-limited.svg,76.0
1240,BLUESTONE,Bluestone Jewellery and Lifestyle Limited,NSE,https://s3-symbol-logo.tradingview.com/bluestone-jewellery-and-lifestyle-limited.svg,505.1
1241,NEWGEN,Newgen Software Technologies Limited,NSE,https://s3-symbol-logo.tradingview.com/newgen-software.svg,853.4
1242,INFIBEAM,Infibeam Avenues Ltd.,BSE,https://s3-symbol-logo.tradingview.com/infibeam-avenues.svg,16.82
1243,AZAD,Azad Engineering Limited,NSE,https://s3-symbol-logo.tradingview.com/azad-engineering-ltd.svg,1677.6
1244,MEGACOR,Mega Corporation Limited,BSE,https://s3-symbol-logo.tradingview.com/mega-ltd.svg,2.39
1245,VERANDA,Veranda Learning Solutions Ltd.,NSE,https://s3-symbol-logo.tradingview.com/veranda-learning-solutions-lim.svg,191.02
1246,ORCHASP,Orchasp Ltd,NSE,https://s3-symbol-logo.tradingview.com/orchasp-limited.svg,2.98
1247,MITTAL,Mittal Life Style Ltd.,NSE,https://s3-symbol-logo.tradingview.com/mittal-life-style.svg,1.25
1248,SUDTIND_B,Suditi Industries Limited,BSE,https://s3-symbol-logo.tradingview.com/suditi-industries-ltd.svg,74.3
1249,SAREGAMA,Saregama India Limited,NSE,https://s3-symbol-logo.tradingview.com/saregama.svg,348.0
1250,TVSMOTOR,TVS Motor Company Limited,NSE,https://s3-symbol-logo.tradingview.com/tvs.svg,3689.2
1272,BPCL,Bharat Petroleum Corporation Limited,BSE,https://s3-symbol-logo.tradingview.com/bharat-petroleum.svg,370.8
1273,KRN,Krn Heat Exchanger and Refrigeration Limited,NSE,https://s3-symbol-logo.tradingview.com/krn-heat-exchanger-and-refrige.svg,741.0
1274,PERSISTENT,Persistent Systems Limited,NSE,https://s3-symbol-logo.tradingview.com/persistent-systems-ltd.svg,6520.5
1275,TIINDIA,Tube Investments of India Limited,BSE,https://s3-symbol-logo.tradingview.com/tube-investments-of-india.svg,2597.6
1276,BAJFINANCE,Bajaj Finance Limited,BSE,https://s3-symbol-logo.tradingview.com/bajaj-finance.svg,1007.5
1277,MARUTI,Maruti Suzuki India Limited,NSE,https://s3-symbol-logo.tradingview.com/maruti-suzuki-india.svg,16624.0
1278,ALLCARGO,Allcargo Logistics Limited,BSE,https://s3-symbol-logo.tradingview.com/allcargo-logistics.svg,10.91
1279,RKEC,RKEC Projects Ltd.,NSE,https://s3-symbol-logo.tradingview.com/rkec-projects-ltd.svg,59.02
1281,CARTRADE,CarTrade Tech Ltd.,NSE,https://s3-symbol-logo.tradingview.com/cartrade.svg,2793.6
1282,ATL,Allcargo Terminals Limited,NSE,https://s3-symbol-logo.tradingview.com/allcargo-terminals-limited.svg,27.66
1283,GANESHIN,Ganesh Infraworld Ltd.,NSE,https://s3-symbol-logo.tradingview.com/ganesh-infraworld-ltd.svg,208.65
1284,UNITEDPOLY,United Polyfab Gujarat Ltd,NSE,https://s3-symbol-logo.tradingview.com/united-polyfab-guj-ltd.svg,25.35
1285,DHAMPURSUG,Dhampur Sugar Mills Limited,NSE,https://s3-symbol-logo.tradingview.com/dhampur-sugar-mills.svg,125.14
1286,GPIL,Godawari Power & Ispat Ltd.,BSE,https://s3-symbol-logo.tradingview.com/godawari-pow-and-isp-ltd.svg,251.45
1287,TATAELXSI,Tata Elxsi Limited,NSE,https://s3-symbol-logo.tradingview.com/tata.svg,5440.5
1288,BERGEPAINT,Berger Paints India Limited,NSE,https://s3-symbol-logo.tradingview.com/berger-paints.svg,544.95
1290,BANCOINDIA,Banco Products (India) Limited,NSE,https://s3-symbol-logo.tradingview.com/banco-products.svg,701.75
1291,GABRIEL,Gabriel India Limited,NSE,https://s3-symbol-logo.tradingview.com/gabriel-india.svg,1041.3
1292,SEVENHILL,Seven Hill Industries Ltd.,BSE,https://s3-symbol-logo.tradingview.com/seven-hill-industries-limited.svg,0.4
1293,DILIGENT,Diligent Industries Limited,BSE,https://s3-symbol-logo.tradingview.com/diligent-industries-ltd.svg,2.77
1294,BHANDARI,Bhandari Hosiery Exports Ltd,NSE,https://s3-symbol-logo.tradingview.com/bhandari-hosiery-exports-ltd.svg,4.0
1295,ESFL,Essen Speciality Films Limited,NSE,https://s3-symbol-logo.tradingview.com/essen-speciality-f.svg,189.75
1296,A2ZINFRA,A2Z Infra Engineering Limited,NSE,https://s3-symbol-logo.tradingview.com/a2z-infra-engineering-limited.svg,15.3
1297,CHTR,Chatterbox Technologies Limited,BSE,https://s3-symbol-logo.tradingview.com/chatterbox-technologies-limited.svg,74.5
1298,BANKINDIA,Bank of India,BSE,https://s3-symbol-logo.tradingview.com/bank-of-india.svg,142.4
1299,DCAL,Dishman Carbogen Amcis Ltd.,NSE,https://s3-symbol-logo.tradingview.com/dishman-carbogen.svg,251.9
1300,NIITMTS,NIIT Learning Systems Ltd,NSE,https://s3-symbol-logo.tradingview.com/niit-learning-systems-ltd.svg,437.05
7868,NEXT50BETA,UTI-Nifty Next 50 ETF,NSE,NE,73.91
1302,MGEL,Mangalam Global Enterprise Ltd.,NSE,https://s3-symbol-logo.tradingview.com/mangalam-global-ent-ltd.svg,14.7
1303,THERMAX,Thermax Limited.,BSE,https://s3-symbol-logo.tradingview.com/thermax.svg,2900.5
1304,ARE&M,Amara Raja Energy & Mobility Ltd,NSE,https://s3-symbol-logo.tradingview.com/amara-raja.svg,933.85
1305,ATHERENERG,Ather Energy Limited,BSE,https://s3-symbol-logo.tradingview.com/ather-energy-limited.svg,699.25
1306,SRMENERGY,SRM Energy Limited,BSE,https://s3-symbol-logo.tradingview.com/srm-energy-ltd.svg,17.27
1307,MCLEODRUSS,McLeod Russel India Limited,NSE,https://s3-symbol-logo.tradingview.com/mcleod-russel-india-ltd.svg,44.5
1308,PARADEEP,Paradeep Phosphates Ltd.,BSE,https://s3-symbol-logo.tradingview.com/paradeep-phosphates-limited.svg,161.15
1309,ASCENSIVE,Ascensive Educare Limited,BSE,https://s3-symbol-logo.tradingview.com/ascensive-educare-limited.svg,20.48
1310,CUBEINVIT,CUBE HIGHWAYS TRUST Units,BSE,https://s3-symbol-logo.tradingview.com/cube-highways-trust.svg,139.0
1311,SKL,Super Fine Knitters Ltd.,BSE,https://s3-symbol-logo.tradingview.com/super-fine-knitters-limited.svg,11.02
1312,ENERGYINF,Energy Infrastructure Trust,BSE,https://s3-symbol-logo.tradingview.com/india-infrastructure-trust.svg,88.0
1313,VALPLAST,Valplast Technologies Ltd.,BSE,https://s3-symbol-logo.tradingview.com/valplast-technologies-ltd.svg,58.5
1314,SAURASHCEM,Saurashtra Cement Limited,NSE,https://s3-symbol-logo.tradingview.com/saurashtra-cement-ltd.svg,85.5
1315,NDL,Nandan Denim Limited,BSE,https://s3-symbol-logo.tradingview.com/nandan-denim-limited.svg,3.01
1316,CEATLTD,CEAT Limited,NSE,https://s3-symbol-logo.tradingview.com/ceat.svg,3900.0
1317,SEIL,Shanti Educational Initiatives Ltd.,BSE,https://s3-symbol-logo.tradingview.com/shanti-educational-initiatives.svg,177.0
1318,PNBGILTS,PNB Gilts Limited,NSE,https://s3-symbol-logo.tradingview.com/pnb-gilts.svg,80.09
1319,PRITIKAUTO,Pritika Auto Industries Ltd,NSE,https://s3-symbol-logo.tradingview.com/pritika-auto-indus-ltd.svg,13.2
1320,BHAGCHEM,Bhagiradha Chemicals & Industries Ltd.,NSE,https://s3-symbol-logo.tradingview.com/bhagiradha-chem-and-inds-l.svg,229.4
1321,SARTELE,SAR Televenture Limited,NSE,https://s3-symbol-logo.tradingview.com/sar-televenture-li.svg,230.95
1322,JMGCORP,JMG Corporation Limited,BSE,https://s3-symbol-logo.tradingview.com/jmg-ltd.svg,6.06
1323,DEVYANI,Devyani International Ltd.,BSE,https://s3-symbol-logo.tradingview.com/devyani-international.svg,138.4
1324,ORIENTHOT,Oriental Hotels Limited,NSE,https://s3-symbol-logo.tradingview.com/oriental-hotels.svg,104.45
1325,RRKABEL,RR Kabel Ltd.,NSE,https://s3-symbol-logo.tradingview.com/r-r-kabel-ltd.svg,1520.5
1326,WELSPUNLIV,Welspun Living Limited,BSE,https://s3-symbol-logo.tradingview.com/welspun-india.svg,136.9
1327,JIOFIN,Jio Financial Services Limited,BSE,https://s3-symbol-logo.tradingview.com/jio-fin-services-ltd.svg,299.6
1328,MIRCELECTR,MIRC Electronics Limited,NSE,https://s3-symbol-logo.tradingview.com/mirc-electronics-ltd.svg,25.66
1329,NORTHARC,Northern Arc Capital Ltd.,NSE,https://s3-symbol-logo.tradingview.com/northern-arc-capital-ltd.svg,251.4
1330,DEEPINDS,Deep Industries Limited,NSE,https://s3-symbol-logo.tradingview.com/deep-industries-ltd.svg,461.3
1331,BTML,Bodhi Tree Multimedia Ltd.,NSE,https://s3-symbol-logo.tradingview.com/bodhi-tree-multimedia-limited.svg,8.09
1332,UNIECOM,Unicommerce eSolutions Limited,NSE,https://s3-symbol-logo.tradingview.com/unicommerce-esolutions-limited.svg,117.18
1333,MIRZAINT,Mirza International Limited,NSE,https://s3-symbol-logo.tradingview.com/mirza-international.svg,38.43
1334,ADANIPORTS,Adani Ports & Special Economic Zone Ltd,BSE,https://s3-symbol-logo.tradingview.com/adani.svg,1501.4
1335,INDRANIB,Indrayani Biotech Ltd.,BSE,https://s3-symbol-logo.tradingview.com/indrayani-biotech-ltd.svg,13.43
1336,VEL,Vaxfab Enterprises Limited,BSE,https://s3-symbol-logo.tradingview.com/vaxfab-enterprises-limited.svg,36.5
1337,ARTEMISMED,Artemis Medicare Services Ltd.,NSE,https://s3-symbol-logo.tradingview.com/artemis-medicare-services-limi.svg,274.6
1338,PRISMX,Prismx Global Ventures Ltd.,BSE,https://s3-symbol-logo.tradingview.com/prismx-global-ventures-limited.svg,0.66
1339,PCBL,PCBL Chemical Limited,BSE,https://s3-symbol-logo.tradingview.com/phillips-carbon-black.svg,309.75
1340,STCINDIA,State Trading Corporation of India Limited,NSE,https://s3-symbol-logo.tradingview.com/state-trd-ind.svg,124.55
1341,MANGALAM,Mangalam Drugs & Organics Ltd.,NSE,https://s3-symbol-logo.tradingview.com/mangalam-drugs-and-organics-ltd.svg,23.99
1342,RUSHIL,Rushil Decor Ltd.,NSE,https://s3-symbol-logo.tradingview.com/rushil-decor-ltd.svg,23.65
1343,ABFRL,Aditya Birla Fashion and Retail Ltd,BSE,https://s3-symbol-logo.tradingview.com/aditya-birla-fash.svg,78.81
1344,VARDMNPOLY,Vardhman Polytex Ltd,NSE,https://s3-symbol-logo.tradingview.com/vardhman-polytex.svg,6.4
1345,SANSERA,Sansera Engineering Limited,NSE,https://s3-symbol-logo.tradingview.com/sansera-engineering.svg,1740.7
1346,HERITGFOOD,Heritage Foods Limited,NSE,https://s3-symbol-logo.tradingview.com/heritage-foods.svg,464.05
1347,ULTRACEMCO,UltraTech Cement Limited,NSE,https://s3-symbol-logo.tradingview.com/ultratech-cement.svg,11706.0
1348,MADHAVIPL,Madhav Infra Projects Ltd.,BSE,https://s3-symbol-logo.tradingview.com/madhav-infra-projects-limited.svg,10.9
1349,MILEFUR,Milestone Furniture Ltd.,BSE,https://s3-symbol-logo.tradingview.com/milestone-furniture-limited.svg,27.74
1350,ANURAS,Anupam Rasayan India Ltd.,NSE,https://s3-symbol-logo.tradingview.com/anupam-rasayan.svg,1322.7
1380,HOMEFIRST,Home First Finance Company India Ltd.,NSE,https://s3-symbol-logo.tradingview.com/home-first.svg,1129.3
1382,NEWINFRA,Newtime Infrastructure Limited,BSE,https://s3-symbol-logo.tradingview.com/newtime-infrastructure-limited.svg,2.4
1383,TECHD,Techdefence Labs Solutions Limited,NSE,https://s3-symbol-logo.tradingview.com/techdefence-labs-solutions-limited.svg,619.25
1384,DENTA,Denta Water and Infra Solutions Limited,NSE,https://s3-symbol-logo.tradingview.com/denta-water-and-infra-solution.svg,335.6
1385,VOLTAS,Voltas Limited,NSE,https://s3-symbol-logo.tradingview.com/voltas.svg,1383.9
1386,APOLLOHOSP,Apollo Hospitals Enterprise Limited,NSE,https://s3-symbol-logo.tradingview.com/apollo-hospitals.svg,7082.0
1387,LLOYDSENPP.E1,Lloyds Engineering Works Ltd TEMP,NSE,https://s3-symbol-logo.tradingview.com/lloyds-steels-industries-limit.svg,41.1
1388,ROLEXRINGS,Rolex Rings Limited,BSE,https://s3-symbol-logo.tradingview.com/rolex-rings-limited.svg,131.45
1389,BRIJLEAS,Brijlaxmi Leasing & Finance Ltd.,BSE,https://s3-symbol-logo.tradingview.com/brijlaxmi-leasing-and-finance-lt.svg,13.02
1390,PRSMJOHNSN,Prism Johnson Limited,NSE,https://s3-symbol-logo.tradingview.com/prism-johnson-limited.svg,130.75
1391,APTECHT,Aptech Limited,NSE,https://s3-symbol-logo.tradingview.com/aptech.svg,97.34
1392,MILTON,Milton Industries Ltd.,NSE,https://s3-symbol-logo.tradingview.com/milton-industries.svg,30.5
1393,FOODSIN,Foods & Inns Ltd.,NSE,https://s3-symbol-logo.tradingview.com/foods-and-inns-ltd.svg,69.27
1394,PIDILITIND,Pidilite Industries Limited,NSE,https://s3-symbol-logo.tradingview.com/pidilite.svg,1456.9
1395,TORNTPOWER,Torrent Power Limited,NSE,https://s3-symbol-logo.tradingview.com/torrent-power.svg,1293.1
1396,BAJAJHIND,Bajaj Hindusthan Sugar Limited,BSE,https://s3-symbol-logo.tradingview.com/bajaj-hindusthan-s.svg,18.92
1397,RAMRAT,Ram Ratna Wires Limited,NSE,https://s3-symbol-logo.tradingview.com/ram-ratna-wires-ltd.svg,648.85
1398,BORORENEW,Borosil Renewables Limited,NSE,https://s3-symbol-logo.tradingview.com/borosil-renewables-limited.svg,542.75
1399,AKI,Aki India Limited,NSE,https://s3-symbol-logo.tradingview.com/aki-india-limited.svg,7.2
1400,KASHYAP,Kashyap Tele-Medicines Limited,BSE,https://s3-symbol-logo.tradingview.com/kashyap-tele-medicines-limited.svg,8.38
1415,ANANTRAJ,Anant Raj Ltd.,BSE,https://s3-symbol-logo.tradingview.com/anant-raj-ltd.svg,563.85
1416,MOSCHIP,Moschip Technologies Ltd,BSE,https://s3-symbol-logo.tradingview.com/moschip-technologies-limited.svg,211.05
1417,CLEAN,Clean Science & Technology Ltd.,NSE,https://s3-symbol-logo.tradingview.com/clean-science-and-technology.svg,899.95
1418,SCI,Shipping Corporation of India Limited,BSE,https://s3-symbol-logo.tradingview.com/shipping.svg,216.3
1419,MERCURYEV,Mercury Ev-Tech Limited,BSE,https://s3-symbol-logo.tradingview.com/mercury-ev-tech-limited.svg,39.0
1420,SUULD,Suumaya Industries Ltd.,NSE,https://s3-symbol-logo.tradingview.com/suumaya-lifestyle-ltd.svg,1.5
1421,KALYANKJIL,Kalyan Jewellers India Ltd.,BSE,https://s3-symbol-logo.tradingview.com/kalyan-jewellers-ind-ltd.svg,490.8
1422,TRANSTEEL,Transteel Seating Technologies Limited,NSE,https://s3-symbol-logo.tradingview.com/transteel-seating.svg,154.5
1423,DPSCLTD,India Power Corp. Ltd.,NSE,https://s3-symbol-logo.tradingview.com/dpsc-ltd.svg,10.05
1424,VIKRAN,Vikran Engineering Limited,BSE,https://s3-symbol-logo.tradingview.com/vikran-engineering-limited.svg,87.1
1425,AUTOBEES,Nippon India Nifty Auto ETF Exchange Traded Fund Units,NSE,https://s3-symbol-logo.tradingview.com/nippon-life-india-asset.svg,286.25
1426,EDUCOMP,Educomp Solutions Limited,NSE,https://s3-symbol-logo.tradingview.com/educomp-solutions.svg,1.19
1427,PROTEAN,Protean eGov Technologies Limited,NSE,https://s3-symbol-logo.tradingview.com/protean-egov-technologies-limi.svg,783.3
1428,VEERHEALTH,Veerhealth Care Limited,BSE,https://s3-symbol-logo.tradingview.com/veerhealth-care-limited.svg,18.45
1429,BIGBLOC,BIGBLOC Construction Ltd,NSE,https://s3-symbol-logo.tradingview.com/bigbloc-constructi.svg,67.29
1430,CUMMINSIND,Cummins India Limited,NSE,https://s3-symbol-logo.tradingview.com/cummins.svg,4491.0
1431,AIRFLOA,Airfloa Rail Technology Limited,BSE,https://s3-symbol-logo.tradingview.com/airfloa-rail-technology-limited.svg,323.0
1432,NYSSACORP,Nyssa Corp. Ltd.,BSE,https://s3-symbol-logo.tradingview.com/nyssa-limited.svg,2.45
1433,SKIPPER,Skipper Ltd,NSE,https://s3-symbol-logo.tradingview.com/skipper-ltd.svg,428.1
1434,MOTISONS,Motisons Jewellers Ltd,BSE,https://s3-symbol-logo.tradingview.com/suraj-estate-developers-l.svg,15.62
1435,BLUESTARCO,Blue Star Limited,NSE,https://s3-symbol-logo.tradingview.com/blue-star.svg,1754.0
1436,FCSSOFT,FCS Software Solutions Limited,BSE,https://s3-symbol-logo.tradingview.com/fcs-software-solut.svg,1.96
1437,SBILIFE,SBI Life Insurance Co. Ltd.,NSE,https://s3-symbol-logo.tradingview.com/sbi-life-insurance.svg,2026.9
1438,RCF,Rashtriya Chemicals & Fertilizers Ltd.,BSE,https://s3-symbol-logo.tradingview.com/rashtriya-chemicals-and-fertilizers.svg,143.85
1439,HAPPSTMNDS,Happiest Minds Technologies Ltd.,NSE,https://s3-symbol-logo.tradingview.com/happiest-minds-techno-ltd.svg,492.4
1440,UGARSUGAR,Ugar Sugar Works Ltd,NSE,https://s3-symbol-logo.tradingview.com/ugar-sugar-works-ltd.svg,41.42
1441,PURPLEUTED,Purple United Sales Ltd.,NSE,https://s3-symbol-logo.tradingview.com/purple-united-sales-ltd.svg,395.0
1442,WAAREEINDO,Indosolar Limited,NSE,https://s3-symbol-logo.tradingview.com/indosolar-ltd.svg,471.3
1443,CHEMPLASTS,Chemplast Sanmar Limited,NSE,https://s3-symbol-logo.tradingview.com/chemplast-sanmar.svg,269.35
1444,PPLPHARMA,Piramal Pharma Limited,BSE,https://s3-symbol-logo.tradingview.com/piramal-pharma-limited.svg,178.9
1445,AMRAAGRI,Amraworld Agrico Limited,BSE,https://s3-symbol-logo.tradingview.com/amraworld-agrico-ltd.svg,0.63
1446,VMM,Vishal Mega Mart Ltd.,BSE,https://s3-symbol-logo.tradingview.com/vishal-mega-mart-limited.svg,136.6
1447,AJANTPHARM,Ajanta Pharma Limited,NSE,https://s3-symbol-logo.tradingview.com/ajanta-pharma.svg,2652.2
1448,SGMART,SG Mart Ltd,NSE,https://s3-symbol-logo.tradingview.com/sg-mart-limited.svg,353.25
1449,JYOTHYLAB,Jyothy Labs Limited,NSE,https://s3-symbol-logo.tradingview.com/jyothy-laboratories.svg,284.25
1450,TORNTPHARM,Torrent Pharmaceuticals Ltd,NSE,https://s3-symbol-logo.tradingview.com/torrent-pharmaceuticals.svg,3814.5
1460,AAPLUSTRAD,AA Plus Tradelink Limited,BSE,https://s3-symbol-logo.tradingview.com/aa-plus-tradelink-limited.svg,1.5
1461,MAANALU,Maan Aluminium Limited,NSE,https://s3-symbol-logo.tradingview.com/maan-aluminium-ltd.svg,168.4
1462,GANESHCP,Ganesh Consumer Products Limited,NSE,https://s3-symbol-logo.tradingview.com/ganesh-consumer-products-limited.svg,227.1
1463,ONTIC,Ontic Finserve Ltd.,BSE,https://s3-symbol-logo.tradingview.com/ontic-finserve-limited.svg,1.93
1464,FINOPB,FINO Payments Bank Ltd.,NSE,https://s3-symbol-logo.tradingview.com/fino-payments-bank.svg,260.75
2287,SONAMLTD,Sonam Ltd,NSE,https://s3-symbol-logo.tradingview.com/sonam-ltd.svg,41.56
1465,PATELRMART,Patel Retail Limited,NSE,https://s3-symbol-logo.tradingview.com/patel-retail-limited.svg,212.65
1466,ATVPR,ATV Projects India Limited,BSE,https://s3-symbol-logo.tradingview.com/atv-projects-india-ltd.svg,43.51
1467,ROLTA,Rolta India Limited,BSE,https://s3-symbol-logo.tradingview.com/rolta-india-ltd.svg,1.67
1468,COMFINTE,Comfort Intech Limited,BSE,https://s3-symbol-logo.tradingview.com/comfort-intech-ltd.svg,6.61
1469,RUBICON,Rubicon Research Limited,NSE,https://s3-symbol-logo.tradingview.com/rubicon-research-limited.svg,691.05
1470,JAGRAN,Jagran Prakashan Limited,NSE,https://s3-symbol-logo.tradingview.com/jagran-prakashan.svg,70.61
1471,GMRAIRPORT,GMR Airports Ltd,BSE,https://s3-symbol-logo.tradingview.com/gmr.svg,102.05
1472,ANANDRATHI,Anand Rathi Wealth Ltd.,NSE,https://s3-symbol-logo.tradingview.com/anand-rathi-wealth-limited.svg,3018.9
1473,KTKBANK,Karnataka Bank Ltd.,BSE,https://s3-symbol-logo.tradingview.com/karnataka-bank.svg,205.8
1474,TICL,Twamev Construction And Infrastructure Limited,NSE,https://s3-symbol-logo.tradingview.com/tantia-constructions-ltd.svg,23.54
1475,KARNAWATI,Karnawati Innovation Ltd,BSE,https://s3-symbol-logo.tradingview.com/bisil-plast-limited.svg,2.02
1476,MARKOLINES,Markolines Pavement Technologies Limited,NSE,https://s3-symbol-logo.tradingview.com/markolines-pavement-technologi.svg,166.0
1477,AONENIFTY,Angel One Nifty 50 ETF Units Exchange Traded Fund,NSE,https://s3-symbol-logo.tradingview.com/angel-broking.svg,10.71
1478,JSWINFRA,JSW Infrastructure Limited,BSE,https://s3-symbol-logo.tradingview.com/jsw.svg,283.6
1479,SHIVACEM,Shiva Cement Ltd,BSE,https://s3-symbol-logo.tradingview.com/shiva-cement-ltd.svg,22.85
1480,JFLLIFE,JFL Life Sciences Limited,NSE,https://s3-symbol-logo.tradingview.com/jfl-life-sciences.svg,14.7
1481,GNFC,Gujarat Narmada Valley Fertilizers & Chemicals Ltd.,NSE,https://s3-symbol-logo.tradingview.com/gujarat-narmada-valley-fertilizers-and-chemicals.svg,493.45
1482,SOLARINDS,Solar Industries India Limited,NSE,https://s3-symbol-logo.tradingview.com/solar-industries.svg,12600.0
1483,POKARNA,Pokarna Limited,NSE,https://s3-symbol-logo.tradingview.com/pokarna-ltd.svg,858.5
1484,VARIMAN,Variman Global Enterprises Ltd.,BSE,https://s3-symbol-logo.tradingview.com/variman-global-enterprises-lim.svg,7.36
1485,ENGINERSIN,Engineers India Limited,BSE,https://s3-symbol-logo.tradingview.com/engineers-india.svg,201.0
1486,FEL,Future Enterprises Ltd,NSE,https://s3-symbol-logo.tradingview.com/future-enterprises-limited.svg,0.48
1487,BHARTIHEXA,Bharti Hexacom Limited,NSE,https://s3-symbol-logo.tradingview.com/bharti-hexacom-limited.svg,1810.0
1488,COHANCE,Cohance Lifesciences Ltd,NSE,https://s3-symbol-logo.tradingview.com/suven-pharmaceuticals-ltd.svg,535.3
1489,ORIENTTECH,Orient Technologies Limited,NSE,https://s3-symbol-logo.tradingview.com/orient-technologies-ltd.svg,337.35
1490,LTF,L&T Finance Ltd,BSE,https://s3-symbol-logo.tradingview.com/l-and-t-finance.svg,303.3
1492,ELECON,Elecon Engineering Co. Ltd.,NSE,https://s3-symbol-logo.tradingview.com/elecon-eng-co-ltd.svg,492.95
1493,SUMICHEM,Sumitomo Chemical India Ltd.,NSE,https://s3-symbol-logo.tradingview.com/sumitomo-chemical.svg,456.2
1494,JKLAKSHMI,JK Lakshmi Cement Limited,NSE,https://s3-symbol-logo.tradingview.com/jk-lakshmi-cement.svg,786.75
1495,TCS,Tata Consultancy Services Limited,BSE,https://s3-symbol-logo.tradingview.com/tata.svg,3301.4
1496,CAMLINFINE,Camlin Fine Sciences Limited,NSE,https://s3-symbol-logo.tradingview.com/camlin-fine-sciences.svg,156.56
1497,CHAMBLFERT,Chambal Fertilisers & Chemicals Ltd.,BSE,https://s3-symbol-logo.tradingview.com/chambal-fertilisers-and-chemical.svg,472.7
1498,TRITURBINE,Triveni Turbine Limited,NSE,https://s3-symbol-logo.tradingview.com/triveni-turbine.svg,538.5
1499,CHENNPETRO,Chennai Petroleum Corporation Limited,BSE,https://s3-symbol-logo.tradingview.com/chennai-petro.svg,874.4
1500,LANDMARK,Landmark Cars Ltd.,NSE,https://s3-symbol-logo.tradingview.com/landmark-cars-ltd.svg,476.9
1529,SHYMINV,Shyamkamal Investments Ltd.,BSE,https://s3-symbol-logo.tradingview.com/shyamkamal-investments-ltd.svg,10.24
1530,NEULANDLAB,Neuland Laboratories Ltd.,NSE,https://s3-symbol-logo.tradingview.com/neuland-laboritie.svg,15229.0
1531,MGL,Mahanagar Gas Ltd,NSE,https://s3-symbol-logo.tradingview.com/mahanagar-gas.svg,1145.0
1532,SUVIDHAA,Suvidhaa Infoserve Limited,NSE,https://s3-symbol-logo.tradingview.com/suvidhaa-infoserve-limited.svg,3.72
1534,ORISSAMINE,Orissa Minerals Development Company Limited,NSE,https://s3-symbol-logo.tradingview.com/orissa-minerals-development-co.svg,4877.2
1535,EKC,Everest Kanto Cylinder Limited,NSE,https://s3-symbol-logo.tradingview.com/everest-kanto-cylinder.svg,118.46
1536,MAHLOG,Mahindra Logistics Ltd.,NSE,https://s3-symbol-logo.tradingview.com/mahindra-logistics.svg,331.15
1537,GODFRYPHLP,Godfrey Phillips India Ltd.,NSE,https://s3-symbol-logo.tradingview.com/godfrey-phillips.svg,2862.2
1538,ABDL,Allied Blenders and Distillers Limited,NSE,https://s3-symbol-logo.tradingview.com/allied-blend-n-distils-l.svg,626.55
1539,GNRL,Gujarat Natural Resources Limited,BSE,https://s3-symbol-logo.tradingview.com/gujarat-natural-resources-limi.svg,90.26
1540,MONEYBOXX,MoneyBoxx Finance Ltd.,NSE,https://s3-symbol-logo.tradingview.com/moneyboxx-finance-limited.svg,63.22
1541,SAATVIKGL,Saatvik Green Energy Ltd.,BSE,https://s3-symbol-logo.tradingview.com/saatvik-green-energy-ltd.svg,390.0
1542,HIMATSEIDE,Himatsingka Seide Limited.,NSE,https://s3-symbol-logo.tradingview.com/himatsingka-seide.svg,116.9
1543,IGCL,Indogulf Cropsciences Limited,NSE,https://s3-symbol-logo.tradingview.com/indo-gulf-industries-ltd.svg,84.6
1544,INA,Insolation Energy Ltd.,BSE,https://s3-symbol-logo.tradingview.com/insolation-energy-limited.svg,133.5
1545,MAZDOCK,Mazagon Dock Shipbuilders Ltd.,BSE,https://s3-symbol-logo.tradingview.com/mazagon-dock-shipbuilders-limi.svg,2531.3
1546,KRIDHANINF,Kridhan Infra Limited,NSE,https://s3-symbol-logo.tradingview.com/kridhan-infra-limi.svg,4.15
1547,TBZ,Tribhovandas Bhimji Zaveri Limited,NSE,https://s3-symbol-logo.tradingview.com/tribhovandas-bhimj.svg,164.81
1548,DANUBE,Danube Industries Ltd,BSE,https://s3-symbol-logo.tradingview.com/danube-industries-limited.svg,6.76
1549,STARHEALTH,Star Health & Allied Insurance Co. Ltd.,NSE,https://s3-symbol-logo.tradingview.com/star-health-and-al-ins-co-l.svg,459.05
1550,SCTL,Suncare Traders Ltd.,BSE,https://s3-symbol-logo.tradingview.com/suncare-traders-limited.svg,0.72
1558,ORIENTPPR,Orient Paper & Industries Ltd.,NSE,https://s3-symbol-logo.tradingview.com/orient-paper-and-industries-ltd.svg,23.02
1559,TIRUPATIFL,Tirupati Forge Ltd.,NSE,https://s3-symbol-logo.tradingview.com/tirupati-forge-ltd.svg,32.15
1560,MONARCH,Monarch Networth Capital Limited,NSE,https://s3-symbol-logo.tradingview.com/monarch-networth-cap-ltd.svg,308.6
1561,TOP15IETF,ICICI Prudential Nifty Top 15 Equal Weight ETF Exchange Traded Fund Units,NSE,https://s3-symbol-logo.tradingview.com/icici-prudential-bank.svg,11.1
1562,IKS,Inventurus Knowledge Solutions Limited,NSE,https://s3-symbol-logo.tradingview.com/inventurus-knowledge-solutions.svg,1743.8
1563,LUPIN,Lupin Limited,NSE,https://s3-symbol-logo.tradingview.com/lupin.svg,2113.1
1564,WORTH,Worth Investment & Trading Co Ltd,BSE,https://s3-symbol-logo.tradingview.com/worth-investment-and-trading-co.svg,5.97
1565,MTNL,Mahanagar Telephone Nigam Limited,BSE,https://s3-symbol-logo.tradingview.com/mahanagar-telep-ni.svg,36.34
1566,SPARC,Sun Pharma Advanced Research Co. Ltd.,BSE,https://s3-symbol-logo.tradingview.com/sun-pharma-adv.svg,141.6
1567,INDIASHLTR,India Shelter Finance Corp. Ltd.,NSE,https://s3-symbol-logo.tradingview.com/india-shelter-fin-l.svg,832.0
1568,SUNTECK,Sunteck Realty Limited,NSE,https://s3-symbol-logo.tradingview.com/sunteck-realty.svg,409.2
1569,DIAMANT,Diamant Infrastructure Limited,BSE,https://s3-symbol-logo.tradingview.com/diamant-infrastructure-limited.svg,0.95
1570,RGRL,Retro Green Revolution Ltd.,BSE,https://s3-symbol-logo.tradingview.com/retro-green-revolution-limited.svg,1.72
1571,ONESOURCE,OneSource Specialty Pharma Limited,NSE,https://s3-symbol-logo.tradingview.com/onesource-specialty-pharma-lim.svg,1706.1
1572,KPEL,K.P. Energy Ltd.,NSE,https://s3-symbol-logo.tradingview.com/kp-energy-limited.svg,346.0
1573,PHARMABEES,Nippon India Nifty Pharma ETF Units Exchange Traded Fund,BSE,https://s3-symbol-logo.tradingview.com/nippon-life-india-asset.svg,23.44
1574,SMALL250,Mirae Asset Nifty Smallcap 250 ETF Exchange Traded Fund Units,NSE,https://s3-symbol-logo.tradingview.com/mirae-asset-sec.svg,16.65
1575,RTNINDIA,RattanIndia Enterprises Limited,BSE,https://s3-symbol-logo.tradingview.com/rattanindia.svg,42.78
1577,POEL,POCL Enterprises Ltd,BSE,https://s3-symbol-logo.tradingview.com/pocl-enterprises-ltd.svg,199.8
1578,GRAVITY,Gravity (India) Limited,BSE,https://s3-symbol-logo.tradingview.com/gravity-india-ltd.svg,10.76
1579,CAPTRUST,Capital Trust Ltd. (India),NSE,https://s3-symbol-logo.tradingview.com/capital-trust-ltd.svg,13.41
1580,RHIM,RHI Magnesita India Limited,NSE,https://s3-symbol-logo.tradingview.com/rhi-magnesita-india.svg,452.75
1582,IIRM,IIRM Holdings India Limited,BSE,https://s3-symbol-logo.tradingview.com/iirm-india-limited.svg,81.44
1583,STOVEKRAFT,Stove Kraft Ltd.,NSE,https://s3-symbol-logo.tradingview.com/stove-kraft.svg,617.7
1584,TNPETRO,Tamilnadu Petro Products Ltd.,NSE,https://s3-symbol-logo.tradingview.com/tamilnadu-petro-pr.svg,105.13
1585,BALRAMCHIN,Balrampur Chini Mills Ltd,NSE,https://s3-symbol-logo.tradingview.com/balrampur-chini-mills.svg,443.6
1586,GAIL,GAIL (India) Limited,BSE,https://s3-symbol-logo.tradingview.com/gail.svg,172.6
1587,AMITINT,Amit International Limited,BSE,https://s3-symbol-logo.tradingview.com/amit-international-ltd.svg,4.2
1588,STARCEMENT,Star Cement Ltd.,NSE,https://s3-symbol-logo.tradingview.com/star-cement.svg,220.65
1589,ORIRAIL,Oriental Rail Infrastructure Ltd.,BSE,https://s3-symbol-logo.tradingview.com/oriental-rail-infrastructure-l.svg,155.5
1590,SHAILY,Shaily Engineering Plastics Limited,NSE,https://s3-symbol-logo.tradingview.com/shaily-eng-plastics-ltd.svg,2391.9
1591,WABAG,VA Tech Wabag Limited,NSE,https://s3-symbol-logo.tradingview.com/va-tech-wabag.svg,1295.9
1592,GPTHEALTH,GPT Healthcare Limited,NSE,https://s3-symbol-logo.tradingview.com/gpt-healthcare-limited.svg,137.17
1593,OMINFRAL,Om Infra Limited,NSE,https://s3-symbol-logo.tradingview.com/om-infra-ltd.svg,100.45
1594,AJOONI,Ajooni Biotech Limited,NSE,https://s3-symbol-logo.tradingview.com/ajooni-biotech-ltd.svg,4.37
1595,KECL,Kirloskar Electric Co. Ltd.,NSE,https://s3-symbol-logo.tradingview.com/kirloskar-electric.svg,100.97
1596,MTARTECH,MTAR Technologies Ltd.,NSE,https://s3-symbol-logo.tradingview.com/mtar-technologies-ltd.svg,2423.8
1597,DDEVPLSTIK,Ddev Plastiks Industries Limited,NSE,https://s3-symbol-logo.tradingview.com/ddev-plastiks-industries-limit.svg,303.55
1598,PAISALO,Paisalo Digital Ltd.,BSE,https://s3-symbol-logo.tradingview.com/paisalo-digital-ltd.svg,35.86
1599,COCHINSHIP,Cochin Shipyard Limited,BSE,https://s3-symbol-logo.tradingview.com/cochin-shipyard-limited.svg,1650.45
1600,LIQUIDBETF,Bajaj Finserv Nifty 1D Rate Liquid ETF - Growth Units Exchange Traded Fund,NSE,https://s3-symbol-logo.tradingview.com/bajaj-finserv-mutual-fund.svg,1061.93
1621,SCODATUBES,Scoda Tubes Ltd.,NSE,https://s3-symbol-logo.tradingview.com/scoda-tubes-ltd.svg,155.62
1622,CAPILLARY,Capillary Technologies India Ltd.,BSE,https://s3-symbol-logo.tradingview.com/capillary-technologies-india-ltd.svg,688.6
1623,ABCAPITAL,Aditya Birla Capital Ltd.,BSE,https://s3-symbol-logo.tradingview.com/aditya-birla-capital.svg,345.6
1624,MERCTRD,Mercury Trade Links Ltd.,BSE,https://s3-symbol-logo.tradingview.com/mercury-trade-links-ltd.svg,7.36
1625,SHREERAMA,Shree Rama Multi-Tech Limited,NSE,https://s3-symbol-logo.tradingview.com/shree-rama-multi-tech-ltd.svg,60.99
1626,CEINSYSTECH,Ceinsys Tech Ltd,BSE,https://s3-symbol-logo.tradingview.com/ceinsys-tech-limited.svg,983.4
1627,AFEL,AF Enterprises Limited,BSE,https://s3-symbol-logo.tradingview.com/af-enterprises-ltd.svg,1.98
1628,COLPAL,Colgate-Palmolive (India) Limited,NSE,https://s3-symbol-logo.tradingview.com/colgate-palmolive.svg,2105.2
1629,AXITA,Axita Cotton Ltd.,BSE,https://s3-symbol-logo.tradingview.com/axita-cotton-ltd.svg,12.98
1630,PDSL,PDS Limited,NSE,https://s3-symbol-logo.tradingview.com/pds-multinational.svg,372.95
1631,LIQUIDCASE,Zerodha Nifty 1D Rate Liquid ETF Units Exchange Traded Fund,BSE,https://s3-symbol-logo.tradingview.com/zerodha-mutual-fund.svg,111.96
1632,UDS,Updater Services Limited,NSE,https://s3-symbol-logo.tradingview.com/updater-services-ltd.svg,187.18
7869,ACESEPP,ACE SOFTWARE EXP,BSE,AC,118.25
1633,GICL,Globe International Carriers Ltd.,NSE,https://s3-symbol-logo.tradingview.com/globe-international-carriers-ltd.svg,47.5
1634,EMULTIMQ,Edelweiss Nifty500 Multicap Momentum Quality 50 ETF Units Exchange Traded Fund,NSE,https://s3-symbol-logo.tradingview.com/edelweiss-fin-serv.svg,42.22
1635,SCILAL,Shipping Corporation of India Land and Assets Limited,NSE,https://s3-symbol-logo.tradingview.com/shipping-of-india.svg,46.95
1636,NELCAST,Nelcast Limited,NSE,https://s3-symbol-logo.tradingview.com/nelcast-ltd.svg,105.23
1637,GREENPOWER,Orient Green Power Company Ltd,BSE,https://s3-symbol-logo.tradingview.com/orient-green-power.svg,12.0
1638,GGPL,Gala Global Products Ltd,BSE,https://s3-symbol-logo.tradingview.com/gala-global-products-limited.svg,2.06
1639,ENERGY,Mirae Asset Nifty Energy ETF Exchange Traded Fund Units,NSE,https://s3-symbol-logo.tradingview.com/mirae-asset-sec.svg,35.35
1640,STHINPA,South India Paper Mills Limited,BSE,https://s3-symbol-logo.tradingview.com/south-india-paper-mills-ltd.svg,87.5
1641,SHUKRAPHAR,Shukra Pharmaceuticals Ltd.,BSE,https://s3-symbol-logo.tradingview.com/shukra-pharmaceuticals-limited.svg,53.31
1642,SPRAYKING,Sprayking Ltd,BSE,https://s3-symbol-logo.tradingview.com/sprayking-ltd.svg,1.87
1643,VIRTUALG,Virtual Global Education Ltd.,BSE,https://s3-symbol-logo.tradingview.com/virtual-global-education-ltd.svg,0.52
1644,RIR,RIR Power Electronics Limited,BSE,https://s3-symbol-logo.tradingview.com/rir-power-electronics-limited.svg,219.75
1645,SBGLP,Suratwwala Business Group Ltd,NSE,https://s3-symbol-logo.tradingview.com/suratwwala-bus-ltd.svg,37.49
1646,AIML,Alliance Integrated Metaliks Limited,BSE,https://s3-symbol-logo.tradingview.com/alliance-integrated-metaliks-l.svg,1.75
1647,RBZJEWEL,RBZ Jewellers Limited,NSE,https://s3-symbol-logo.tradingview.com/rbz-jewellers-limited.svg,140.08
1648,AWFIS,Awfis Space Solutions Limited,NSE,https://s3-symbol-logo.tradingview.com/awfis-space-solutions-limited.svg,497.1
1649,HGINFRA,H.G. Infra Engineering Ltd.,NSE,https://s3-symbol-logo.tradingview.com/h-g-infra-engineering.svg,804.25
1650,TRITON,Triton Corp Limited,BSE,https://s3-symbol-logo.tradingview.com/triton-corpltd.svg,2.0
1672,SML100CASE,Zerodha Nifty Smallcap 100 ETF Exchange Traded Fund Units,BSE,https://s3-symbol-logo.tradingview.com/zerodha-mutual-fd.svg,9.99
1674,DIGISPICE,DiGiSPICE Technologies Ltd.,NSE,https://s3-symbol-logo.tradingview.com/digispice-technologies-limited.svg,24.87
1675,SUUMAYA,Suumaya Corporation Limited,BSE,https://s3-symbol-logo.tradingview.com/suumaya-limited.svg,1.4
1676,RNITAI,RNIT AI Solutions Limited,BSE,https://s3-symbol-logo.tradingview.com/rnit-ai-solutions-limited.svg,51.5
1677,BDL,Bharat Dynamics Ltd.,BSE,https://s3-symbol-logo.tradingview.com/bharat-dynamics-limited.svg,1433.75
1678,NIFTYBEES,Nippon India ETF Nifty 50 BeES,BSE,https://s3-symbol-logo.tradingview.com/nippon-life-india-asset.svg,295.81
1679,ROYALCU,Royal Cushion Vinyl Products Limited,BSE,https://s3-symbol-logo.tradingview.com/royal-cushion-vinyl-products-l.svg,20.49
1680,PREMEXPLN,Premier Explosives Limited,BSE,https://s3-symbol-logo.tradingview.com/premier-explosives-ltd.svg,523.95
1681,HOCL,Hindustan Organic Chemicals Limited,BSE,https://s3-symbol-logo.tradingview.com/hindustan-organic-chemicals-lt.svg,31.65
1682,BLBLIMITED,BLB Limited,NSE,https://s3-symbol-logo.tradingview.com/blb.svg,14.15
1683,SHOPERSTOP,Shoppers Stop Limited,NSE,https://s3-symbol-logo.tradingview.com/shoppers-stop.svg,423.15
1684,MOKSH,Moksh Ornaments Ltd.,NSE,https://s3-symbol-logo.tradingview.com/moksh-ornaments-ltd.svg,15.24
1685,CANARYS,Canarys Automations Ltd.,NSE,https://s3-symbol-logo.tradingview.com/canarys-automation.svg,30.75
1686,BLUSPRING,Bluspring Enterprises Ltd,NSE,https://s3-symbol-logo.tradingview.com/bluspring-enterprises-ltd.svg,67.05
1687,IRIS,IRIS RegTech Solutions Limited,NSE,https://s3-symbol-logo.tradingview.com/iris-business-serv-ltd.svg,301.0
1688,MTEDUCARE,MT Educare Ltd,NSE,https://s3-symbol-logo.tradingview.com/mt-educare-ltd.svg,1.77
1689,MIDCAPETF,Mirae Asset Nifty Midcap 150 ETF Exchange Traded Fund Units,BSE,https://s3-symbol-logo.tradingview.com/mirae-asset-sec.svg,22.72
1690,GROWWNET,Groww Nifty India Internet ETF,NSE,https://s3-symbol-logo.tradingview.com/growwamc-growwdefnc.svg,10.63
1691,SCHNEIDER,Schneider Electric Infrastructure Limited,NSE,https://s3-symbol-logo.tradingview.com/schneider.svg,740.25
1692,NYKAA,FSN E-Commerce Ventures Ltd.,BSE,https://s3-symbol-logo.tradingview.com/fsn-e-commerce-ventures.svg,255.9
1693,OIL,Oil India Limited,BSE,https://s3-symbol-logo.tradingview.com/oil-india.svg,412.8
1694,LLOYDSME,Lloyds Metals & Energy Ltd.,BSE,https://s3-symbol-logo.tradingview.com/lloyds-metals-and-energy-ltd.svg,1384.3
1695,ARSSBL,Anand Rathi Share and Stock Brokers Limited,BSE,https://s3-symbol-logo.tradingview.com/anand-rathi-share-and-stock-brokers-limited.svg,661.1
1696,UFO,UFO Moviez India Ltd.,NSE,https://s3-symbol-logo.tradingview.com/ufo-moviez.svg,86.07
1697,LIQUIDBEES,Nippon India ETF Nifty 1D Rate Liquid BeES,BSE,https://s3-symbol-logo.tradingview.com/nippon-life-india-asset.svg,1000.0
1698,ANTHEM,Anthem Biosciences Limited,NSE,https://s3-symbol-logo.tradingview.com/anthem-biosciences-ltd.svg,676.4
1699,KPRMILL,K.P.R. Mill Limited,NSE,https://s3-symbol-logo.tradingview.com/kpr-mill.svg,959.5
1700,SIGACHI,Sigachi Industries Limited,BSE,https://s3-symbol-logo.tradingview.com/sigachi-industries-limited.svg,34.42
1701,BRIGADE,Brigade Enterprises Limited,NSE,https://s3-symbol-logo.tradingview.com/brigade-enterprise.svg,875.2
1702,DHYAANITR,Dhyaani Tradeventtures Ltd,BSE,https://s3-symbol-logo.tradingview.com/dhyaani-tradeventtures-limited.svg,10.0
1703,OFSS,Oracle Financial Services Software Limited,NSE,https://s3-symbol-logo.tradingview.com/oracle.svg,7785.0
1704,BANGANGA,Banganga Paper Industries Ltd,BSE,https://s3-symbol-logo.tradingview.com/inertia-steel-ltd.svg,54.99
1705,SYRMA,Syrma SGS Technology Limited,BSE,https://s3-symbol-logo.tradingview.com/syrma-sgs-technology-limited.svg,727.25
1706,CASPIAN,Caspian Corporate Services Ltd.,BSE,https://s3-symbol-logo.tradingview.com/caspian-corporate-services-lim.svg,7.49
1707,VGUARD,V-Guard Industries Limited,NSE,https://s3-symbol-logo.tradingview.com/v-guard.svg,334.25
1708,ACUTAAS,Acutaas Chemicals Ltd,NSE,https://s3-symbol-logo.tradingview.com/ami-organics-ltd.svg,1648.0
1709,UTKARSHBNK,Utkarsh Small Finance Bank Limited,BSE,https://s3-symbol-logo.tradingview.com/utkarsh-small-fin-bank-l.svg,15.05
1710,HDFCSML250,HDFC Nifty Smallcap 250 ETF,BSE,https://s3-symbol-logo.tradingview.com/hdfc-bank.svg,167.59
1711,SPANDANA,Spandana Sphoorty Financial Limited,NSE,https://s3-symbol-logo.tradingview.com/spandana-sphoorty-fin-ltd.svg,273.0
1712,SANSTAR,Sanstar Limited,NSE,https://s3-symbol-logo.tradingview.com/sanstar-ltd.svg,90.5
1713,AADHARHFC,Aadhar Housing Finance Ltd,NSE,https://s3-symbol-logo.tradingview.com/aadhar-housing-finance-limited.svg,482.65
1714,NAVINFLUOR,Navin Fluorine International Limited,NSE,https://s3-symbol-logo.tradingview.com/navin-fluorine-international-l.svg,5916.0
1715,ARSHIYA,Arshiya Limited,NSE,https://s3-symbol-logo.tradingview.com/arshiya-limited.svg,1.28
1716,AXISGOLD,Axis Gold ETF,BSE,https://s3-symbol-logo.tradingview.com/axis-bank.svg,114.33
1717,PRIMO,Primo Chemicals Limited,NSE,https://s3-symbol-logo.tradingview.com/primo-chemicals-limited.svg,23.26
1718,KENVI,Kenvi Jewels Ltd.,BSE,https://s3-symbol-logo.tradingview.com/kenvi-jewels-limited.svg,2.54
1719,MEP,MEP Infrastructure Developers Ltd.,NSE,https://s3-symbol-logo.tradingview.com/mep-infrastructure.svg,2.05
1720,GPPL,Gujarat Pipavav Port Limited,BSE,https://s3-symbol-logo.tradingview.com/pipavav.svg,193.65
1721,TIL,TIL Ltd.,NSE,https://s3-symbol-logo.tradingview.com/til-ltd.svg,280.0
1722,SCANSTL,Scan Steels Ltd,BSE,https://s3-symbol-logo.tradingview.com/scan-steels-limited.svg,35.65
1723,ADDICTIVE,Addictive Learning Technology Ltd.,NSE,https://s3-symbol-logo.tradingview.com/addictive-learning.svg,109.0
1724,CELLECOR,Cellecor Gadgets Limited,NSE,https://s3-symbol-logo.tradingview.com/cellecor-gadgets-ltd.svg,30.35
1725,ZENSARTECH,Zensar Technologies Limited,NSE,https://s3-symbol-logo.tradingview.com/zensar-technologies.svg,743.45
1726,20MICRONS,20 Microns Limited,NSE,https://s3-symbol-logo.tradingview.com/20-microns-ltd.svg,198.2
1727,PRAXIS,Praxis Home Retail Ltd.,NSE,https://s3-symbol-logo.tradingview.com/praxis-home-retail.svg,9.11
1728,LTIM,LTIMindtree Limited,NSE,https://s3-symbol-logo.tradingview.com/larsen-and-toubro.svg,6180.0
1729,DEEPAKFERT,Deepak Fertilisers and Petrochemicals Corporation Ltd.,NSE,https://s3-symbol-logo.tradingview.com/deepak-fertilisers-and-petrochem.svg,1242.4
1730,MAXESTATES,Max Estates Limited,NSE,https://s3-symbol-logo.tradingview.com/max-estates-ltd.svg,462.5
1731,CPL,Captain Polyplast Ltd.,BSE,https://s3-symbol-logo.tradingview.com/captain-polyplast-ltd.svg,79.48
1732,MANAKSIA,Manaksia Limited,NSE,https://s3-symbol-logo.tradingview.com/manaksia-ltd.svg,64.85
1733,SOUTHWEST,South West Pinnacle Exploration Ltd.,NSE,https://s3-symbol-logo.tradingview.com/south-west-pinnacle-exploratio.svg,187.05
1734,ISTRNETWK,iStreet Network Ltd.,BSE,https://s3-symbol-logo.tradingview.com/istreet-network-limited.svg,43.89
1735,BSLNIFTY,Aditya Birla Sun Life Nifty 50 ETF,NSE,https://s3-symbol-logo.tradingview.com/aditya-birla-fash.svg,30.45
1736,AFCOM,Afcom Holdings Limited,BSE,https://s3-symbol-logo.tradingview.com/afcom-limited.svg,841.0
1737,NUVOCO,Nuvoco Vistas Corporation Limited,NSE,https://s3-symbol-logo.tradingview.com/nuvoco-vistas.svg,364.25
1738,SJS,S.J.S. Enterprises Limited,NSE,https://s3-symbol-logo.tradingview.com/sjs-enterprises.svg,1763.3
1739,TUNWAL,Tunwal E-Motors Limited,NSE,https://s3-symbol-logo.tradingview.com/tunwal-e-motors-ltd.svg,35.2
1740,SHILPAMED,Shilpa Medicare Limited,NSE,https://s3-symbol-logo.tradingview.com/shilpa-medicare.svg,328.0
1741,NH,Narayana Hrudayalaya Ltd.,NSE,https://s3-symbol-logo.tradingview.com/narayana-hrudayalaya.svg,1880.3
1743,MKPL,M K Proteins Limited,NSE,https://s3-symbol-logo.tradingview.com/m-k-proteins-ltd.svg,6.11
1744,GVKPIL,GVK Power & Infrastructure Limited,BSE,https://s3-symbol-logo.tradingview.com/gvk-power-and-infrastructure.svg,3.23
1745,NIF100BEES,Nippon India ETF Nifty100,NSE,https://s3-symbol-logo.tradingview.com/nippon-life-india-asset.svg,282.3
1746,MEGASOFT,Megasoft Limited,NSE,https://s3-symbol-logo.tradingview.com/megasoft-ltd.svg,192.66
1747,MINDACORP,Minda Corp. Ltd.,NSE,https://s3-symbol-logo.tradingview.com/minda.svg,598.6
1748,ANDREWYU,Andrew Yule & Co. Ltd.,BSE,https://s3-symbol-logo.tradingview.com/andrew-yule-and-company-ltd.svg,23.18
1749,ZYDUSWELL,Zydus Wellness Limited,NSE,https://s3-symbol-logo.tradingview.com/zydus-wellness-limited.svg,423.4
1750,INOXGREEN,Inox Green Energy Services Ltd.,BSE,https://s3-symbol-logo.tradingview.com/inox-green-energy-services-lim.svg,205.2
1780,STLTECH,Sterlite Technologies Limited,BSE,https://s3-symbol-logo.tradingview.com/sterlite-technologies.svg,105.45
1781,SHARDACROP,Sharda Cropchem Ltd.,NSE,https://s3-symbol-logo.tradingview.com/sharda-cropchem.svg,896.0
1782,BALKRISHNA,Balkrishna Paper Mills Ltd.,NSE,https://s3-symbol-logo.tradingview.com/balkrishna-paper-mills-ltd.svg,18.55
1783,AIRTELPP.E1,Bharti Airtel Limited TEMP,NSE,https://s3-symbol-logo.tradingview.com/airtel.svg,1707.85
1784,GROWWLIQID,Groww Nifty 1D Rate Liquid ETF Units Exchange Traded Fund,NSE,https://s3-symbol-logo.tradingview.com/growwamc-growwdefnc.svg,107.15
1785,GOLD1,Kotak Gold ETF,BSE,https://s3-symbol-logo.tradingview.com/kotak-mahindra-ast.svg,113.92
1786,ASHCAP,Ashirwad Capital Limited,BSE,https://s3-symbol-logo.tradingview.com/ashirwad-capital-ltd.svg,2.95
1787,GRMOVER,GRM Overseas Ltd.,BSE,https://s3-symbol-logo.tradingview.com/grm-overseas-ltd.svg,502.75
1788,SUPRAJIT,Suprajit Engineering Limited,NSE,https://s3-symbol-logo.tradingview.com/suprajit-engineering.svg,476.7
1789,GRWRHITECH,Garware Hi-Tech Films Limited,NSE,https://s3-symbol-logo.tradingview.com/garware-hi-tech-films-lim.svg,3285.2
1790,ABLBL,Aditya Birla Lifestyle Brands Limited,BSE,https://s3-symbol-logo.tradingview.com/aditya-birla-fash.svg,121.55
1791,MOS,MOS Utility Ltd.,NSE,https://s3-symbol-logo.tradingview.com/mos-utility-ltd.svg,22.25
1792,AUSTERE,Austere Systems Limited,BSE,https://s3-symbol-logo.tradingview.com/austere-systems-limited.svg,51.75
1793,VIVAA,Vivaa Tradecom Limited,BSE,https://s3-symbol-logo.tradingview.com/vivaa-tradecom-limited.svg,41.0
1794,GHCLTEXTIL,Ghcl Textiles Ltd.,NSE,https://s3-symbol-logo.tradingview.com/ghcl-textiles-ltd.svg,72.93
1795,NDTV,New Delhi Television Limited,BSE,https://s3-symbol-logo.tradingview.com/new-delhi-television-ltd.svg,93.81
1796,KELLTONTEC,Kellton Tech Solutions Ltd.,BSE,https://s3-symbol-logo.tradingview.com/kellton-tech-sol-ltd.svg,19.33
1797,ZENTEC,Zen Technologies Limited,BSE,https://s3-symbol-logo.tradingview.com/zen-technologies.svg,1395.0
1798,ARFIN,Arfin India Ltd,NSE,https://s3-symbol-logo.tradingview.com/arfin-india-limited.svg,65.35
1799,GALACTICO,Galactico Corporate Services Ltd.,BSE,https://s3-symbol-logo.tradingview.com/galactico-corporate-services-l.svg,2.2
1800,ADROITINFO,Adroit Infotech Limited,NSE,https://s3-symbol-logo.tradingview.com/adroit-infotech-limited.svg,10.42
1815,IRCTC,Indian Railway Catering & Tourism Corp. Ltd.,BSE,https://s3-symbol-logo.tradingview.com/indian-rail-tour-corp-ltd.svg,685.85
1816,KRISHANA,Krishana Phoschem Ltd.,NSE,https://s3-symbol-logo.tradingview.com/krishana-phoschem-ltd.svg,543.35
1817,PGEL,PG Electroplast Limited,BSE,https://s3-symbol-logo.tradingview.com/pg-electroplast-ltd.svg,576.7
1818,DJSSS,DJS Stock & Shares Ltd.,BSE,https://s3-symbol-logo.tradingview.com/djs-stock-and-shares-ltd.svg,2.58
1819,SHALPRO,Shalimar Productions Limited,BSE,https://s3-symbol-logo.tradingview.com/shalimar-productions-ltd.svg,0.49
1820,ZUARIIND,Zuari Industries Limited,NSE,https://s3-symbol-logo.tradingview.com/zuari-industries-ltd.svg,319.0
1821,UGROCAP,Ugro Capital Limited,NSE,https://s3-symbol-logo.tradingview.com/ugro-capital-ltd.svg,172.75
1822,VEERKRUPA,Veerkrupa Jewellers Ltd.,BSE,https://s3-symbol-logo.tradingview.com/veerkrupa-jewellers-limited.svg,0.77
1823,JAIMATAG,Jai Mata Glass Limited,BSE,https://s3-symbol-logo.tradingview.com/jai-mata-glass-ltd.svg,1.65
1824,MWL,Mangalam Worldwide Ltd.,NSE,https://s3-symbol-logo.tradingview.com/mangalam-worldwide.svg,266.25
1825,TVSINVIT,TVS Infrastructure Trust Units,NSE,https://s3-symbol-logo.tradingview.com/tvs-infrastructure-trust.svg,110.5
1826,KMSUGAR,K.M. Sugar Mills Ltd.,NSE,https://s3-symbol-logo.tradingview.com/kmsugar-mills-ltd.svg,27.25
1827,MEDIASSIST,Medi Assist Healthcare Services Limited,NSE,https://s3-symbol-logo.tradingview.com/medi-assist-health-ser-l.svg,451.35
1828,ORIENTTR,Orient Tradelink Ltd.,BSE,https://s3-symbol-logo.tradingview.com/orient-tradelink-ltd.svg,20.98
1829,NUVAMA,Nuvama Wealth Management Limited,NSE,https://s3-symbol-logo.tradingview.com/nuvama-wealth-manage-ltd.svg,7183.5
1830,JUBLINGREA,Jubilant Ingrevia Ltd.,NSE,https://s3-symbol-logo.tradingview.com/jubilant-ingrevia-ltd.svg,716.8
1831,RUPA,Rupa & Co. Ltd.,NSE,https://s3-symbol-logo.tradingview.com/rupa-and-co-ltd.svg,164.01
1832,BLIL,Balmer Lawrie Investments Limited,BSE,https://s3-symbol-logo.tradingview.com/balmer-lawrie-investments-ltd.svg,73.11
1833,PDMJEPAPER,Pudumjee Paper Products Ltd.,NSE,https://s3-symbol-logo.tradingview.com/pudumjee-paper-products-limite.svg,98.24
1834,BRACEPORT,Brace Port Logistics Limited,NSE,https://s3-symbol-logo.tradingview.com/brace-port-logistics-ltd.svg,83.95
1835,SIYARAM,Siyaram Recycling Industries Ltd.,BSE,https://s3-symbol-logo.tradingview.com/siyaram-recycling-industries-l.svg,56.0
1836,JKPAPER,JK Paper Limited,NSE,https://s3-symbol-logo.tradingview.com/jk-paper.svg,366.15
1837,ZODIACVEN,Zodiac Ventures Limited,BSE,https://s3-symbol-logo.tradingview.com/zodiac-ventures-limited.svg,2.53
1838,MICEL,MIC Electronics Limited,BSE,https://s3-symbol-logo.tradingview.com/mic-electronics-ltd.svg,44.77
1839,BAROEXT,Baroda Extrusion Limited,BSE,https://s3-symbol-logo.tradingview.com/baroda-extrusion-ltd.svg,7.56
1840,ACI,Archean Chemical Industries Ltd.,NSE,https://s3-symbol-logo.tradingview.com/archean-chemical-industries-li.svg,514.7
1841,IGIL,International Gemmological Institute (India) Limited,BSE,https://s3-symbol-logo.tradingview.com/international-gemmological-ins.svg,330.0
1842,JAMNAAUTO,Jamna Auto Industries Limited,BSE,https://s3-symbol-logo.tradingview.com/jamna-auto-ind.svg,129.3
1843,AEGISLOG,Aegis Logistics Limited,NSE,https://s3-symbol-logo.tradingview.com/aegis-logistics.svg,736.6
1844,EUREKAFORB,Eureka Forbes Limited,NSE,https://s3-symbol-logo.tradingview.com/eureka-forbes-limited.svg,638.55
1845,REFEX,Refex Industries Limited,BSE,https://s3-symbol-logo.tradingview.com/refex-industries-l.svg,272.7
1846,HSCL,Himadri Speciality Chemical Ltd.,BSE,https://s3-symbol-logo.tradingview.com/himadri-speciality.svg,483.1
1847,EMSLIMITED,EMS Ltd.,NSE,https://s3-symbol-logo.tradingview.com/ems-limited.svg,446.9
1848,EMBDL,Embassy Developments Limited,BSE,https://s3-symbol-logo.tradingview.com/indiabulls.svg,64.38
1849,NELCO,Nelco Limited,NSE,https://s3-symbol-logo.tradingview.com/nelco.svg,755.5
1850,RAYMONDLSL,Raymond Lifestyle Limited,NSE,https://s3-symbol-logo.tradingview.com/raymond-lifestyle-ltd.svg,1054.2
1861,SYNCOMF,Syncom Formulation (India) Ltd.,BSE,https://s3-symbol-logo.tradingview.com/syncom-formu-i-ltd.svg,14.79
1862,SUPREMEIND,Supreme Industries Limited,NSE,https://s3-symbol-logo.tradingview.com/supreme-industries.svg,3348.3
1863,RPEL,Raghav Productivity Enhancers Ltd.,NSE,https://s3-symbol-logo.tradingview.com/raghav-productivity-enhancers.svg,994.1
1864,ABSLAMC,Aditya Birla Sun Life Amc Limited,NSE,https://s3-symbol-logo.tradingview.com/aditya-birla-sun-life.svg,764.1
1865,C2C,C2C Advanced Systems Ltd.,NSE,https://s3-symbol-logo.tradingview.com/c2c-advanced-systems-ltd.svg,470.0
1866,RSYSTEMS,R Systems International Limited,NSE,https://s3-symbol-logo.tradingview.com/r-systems-international.svg,411.0
1867,HATHWAY,Hathway Cable & Datacom Ltd.,BSE,https://s3-symbol-logo.tradingview.com/hathway.svg,12.62
1868,AGIIL,Agi Infra Ltd.,NSE,https://s3-symbol-logo.tradingview.com/agi-infra-ltd.svg,263.2
1869,TGVSL,TGV SRAAC Ltd,BSE,https://s3-symbol-logo.tradingview.com/tgv-sraac-limited.svg,114.7
1870,GOENKA,Goenka Diamond & Jewels Ltd.,BSE,https://s3-symbol-logo.tradingview.com/goenka-diamond-and-jewels-ltd.svg,0.84
1871,STANLEY,Stanley Lifestyles Ltd.,NSE,https://s3-symbol-logo.tradingview.com/stanley-lifestyles-limited.svg,216.62
1872,GANECOS,Ganesha Ecosphere Limited,NSE,https://s3-symbol-logo.tradingview.com/ganesha-ecosphere.svg,867.6
1873,CLSEL,Chaman Lal Setia Exports Limited,NSE,https://s3-symbol-logo.tradingview.com/chaman-lal-setia-exports-ltd.svg,261.55
1874,AKZOINDIA,Akzo Nobel India Limited,NSE,https://s3-symbol-logo.tradingview.com/akzo-nobel.svg,3141.7
1875,MASFIN,MAS Financial Services Ltd.,NSE,https://s3-symbol-logo.tradingview.com/mas-financial-services.svg,319.35
1876,NARMP,Narmada Macplast Drip Irrigation Systems Ltd,BSE,https://s3-symbol-logo.tradingview.com/narmada-macplast-drip-irrigation-systems-ltd.svg,27.04
1878,SMARTEN,Smarten Power Systems Limited,NSE,https://s3-symbol-logo.tradingview.com/smarten-power-systems-ltd.svg,66.0
1879,WONDERLA,Wonderla Holidays Ltd.,NSE,https://s3-symbol-logo.tradingview.com/wonderla-holidays-ltd.svg,524.8
1880,NIF100IETF,ICICI Prudential Nifty 100 ETF,NSE,https://s3-symbol-logo.tradingview.com/icici-prudential-bank.svg,29.65
1881,ZEEMEDIA,Zee Media Corp. Ltd.,BSE,https://s3-symbol-logo.tradingview.com/zee-media-limited.svg,9.45
1882,MUKANDLTD,Mukand Limited,NSE,https://s3-symbol-logo.tradingview.com/mukand-ltd.svg,133.15
1883,DBREALTY,Valor Estate Ltd,BSE,https://s3-symbol-logo.tradingview.com/db-realty-ltd.svg,124.0
1884,SURYODAY,Suryoday Small Finance Bank Limited,NSE,https://s3-symbol-logo.tradingview.com/suryoday-small-fin-bk-ltd.svg,134.79
1885,JSWENERGY,JSW Energy Limited,BSE,https://s3-symbol-logo.tradingview.com/jsw-energy.svg,484.3
1886,ELECTHERM,Electrotherm (India) Limited,BSE,https://s3-symbol-logo.tradingview.com/electrotherm-india-ltd.svg,934.45
1887,ABINFRA,A B Infrabuild Ltd,NSE,https://s3-symbol-logo.tradingview.com/a-b-infrabuild-ltd.svg,18.52
1888,IBULLSLTD,Indiabulls Limited,BSE,https://s3-symbol-logo.tradingview.com/indiabulls.svg,15.68
1889,PARKHOTELS,Apeejay Surrendra Park Hotels Ltd.,NSE,https://s3-symbol-logo.tradingview.com/parkhotels.svg,137.49
1890,OPTIFIN,Optimus Finance Ltd,BSE,https://s3-symbol-logo.tradingview.com/optimus-finance-limited.svg,19.0
1891,PARLEIND,Parle Industries Limited,BSE,https://s3-symbol-logo.tradingview.com/parle-industries-limited.svg,9.0
1892,ENRIN,Siemens Energy India Limited,BSE,https://s3-symbol-logo.tradingview.com/siemens-energy.svg,2604.4
1893,CAPACITE,Capacit'e Infraprojects Ltd.,NSE,https://s3-symbol-logo.tradingview.com/capacit-e-infrapro.svg,262.35
1894,TRUALT,Trualt Bioenergy Limited,NSE,https://s3-symbol-logo.tradingview.com/trualt-bioenergy-ltd.svg,406.3
1895,RANASUG,Rana Sugars Limited,NSE,https://s3-symbol-logo.tradingview.com/rana-sugars-ltd.svg,12.57
1896,SPIC,Southern Petrochemical Industries Corporation Limited,BSE,https://s3-symbol-logo.tradingview.com/southern-petrochem.svg,82.2
1897,WOMENNET,Pagaria Energy Limited,BSE,https://s3-symbol-logo.tradingview.com/women-networks-ltd.svg,8.57
1898,RUCHINFRA,Ruchi Infrastructure Limited,NSE,https://s3-symbol-logo.tradingview.com/ruchi-infrastructu.svg,6.56
1899,OBSCP,OBSC Perfection Ltd.,NSE,https://s3-symbol-logo.tradingview.com/obsc-perfection-ltd.svg,298.8
1900,PNGJL,P N Gadgil Jewellers Limited,NSE,https://s3-symbol-logo.tradingview.com/p-n-gadgil-jewellers-ltd.svg,623.05
1926,SAMBHAAV,Sambhaav Media Limited,NSE,https://s3-symbol-logo.tradingview.com/sambhaav-media-ltd.svg,9.25
1927,KSCL,Kaveri Seed Co. Ltd.,NSE,https://s3-symbol-logo.tradingview.com/kaveri-seed.svg,981.85
1928,INDOTHAI,Indo Thai Securities Limited,NSE,https://s3-symbol-logo.tradingview.com/indo-thai-sec-ltd.svg,353.0
1929,MOL,Meghmani Organics Limited,BSE,https://s3-symbol-logo.tradingview.com/meghmani-organics.svg,65.39
1930,LANDMARC,Landmarc Leisure Corporation Limited,BSE,https://s3-symbol-logo.tradingview.com/landmarc-leisure-l.svg,2.23
1931,FIEMIND,Fiem Industries Limited,NSE,https://s3-symbol-logo.tradingview.com/fiem-industries.svg,2409.0
1932,GFLLIMITED,GFL Ltd,NSE,https://s3-symbol-logo.tradingview.com/gfl-ltd.svg,60.1
1933,SYNGENE,Syngene International Ltd.,NSE,https://s3-symbol-logo.tradingview.com/syngene.svg,657.5
1934,CROMPTON,Crompton Greaves Consumer Electricals Ltd.,BSE,https://s3-symbol-logo.tradingview.com/crompton-greaves-consumer-elec.svg,260.5
1935,EBGNG,Gng Electronics Limited,NSE,https://s3-symbol-logo.tradingview.com/gng-electronics-limited.svg,311.45
1936,EPIGRAL,Epigral Ltd,NSE,https://s3-symbol-logo.tradingview.com/meghmani-finechem-ltd.svg,1361.1
1937,AGARWALEYE,Dr. Agarwal's Health Care Ltd.,NSE,https://s3-symbol-logo.tradingview.com/dr-agarwals-health-care-l.svg,500.55
1938,NDLVENTURE,NDL Ventures Ltd,NSE,https://s3-symbol-logo.tradingview.com/ndl-ventures-limited.svg,90.14
1939,AARNAV,Aarnav Fashions Ltd.,BSE,https://s3-symbol-logo.tradingview.com/aarnav-fashions-limited.svg,31.47
1940,BALKRISIND,Balkrishna Industries Limited,NSE,https://s3-symbol-logo.tradingview.com/balkrishna.svg,2312.8
1941,VRLLOG,VRL Logistics Ltd.,NSE,https://s3-symbol-logo.tradingview.com/vrl-logistics.svg,271.85
1942,GSFC,Gujarat State Fertilizers & Chemicals Limited,BSE,https://s3-symbol-logo.tradingview.com/gujarat-state-fertilizers-and-ch.svg,178.85
1943,MANAKCOAT,Manaksia Coated Metals & Industries Ltd,NSE,https://s3-symbol-logo.tradingview.com/manaksia-coated-metals-and-indus.svg,130.97
1944,DJML,DJ Mediaprint & Logistics Ltd,NSE,https://s3-symbol-logo.tradingview.com/dj-mediaprint-and-logistics-limi.svg,69.15
1945,LGT,LGT Business Connextions Limited,BSE,https://s3-symbol-logo.tradingview.com/lgt-business-connextions-limited.svg,82.0
1946,INDOWIND,Indowind Energy Limited,BSE,https://s3-symbol-logo.tradingview.com/indowind-energy-ltd.svg,14.93
1947,HEG,HEG Limited,BSE,https://s3-symbol-logo.tradingview.com/heg-ltd.svg,543.05
1948,SVPGLOB,SVP Global Textiles Limited,NSE,https://s3-symbol-logo.tradingview.com/svp-global-textiles-limited.svg,4.06
1949,SUVEN,Suven Life Sciences Limited,NSE,https://s3-symbol-logo.tradingview.com/suven-life-science.svg,170.91
1950,SOLARIUM,Solarium Green Energy Limited,BSE,https://s3-symbol-logo.tradingview.com/solarium-green-energy-limited.svg,239.9
1958,COROENGG,Coromandel Engineering Co. Ltd.,BSE,https://s3-symbol-logo.tradingview.com/coromandel-engineering-company.svg,96.68
1959,SOBHA,Sobha Limited,NSE,https://s3-symbol-logo.tradingview.com/sobha.svg,1495.8
1960,ITI,ITI Limited,BSE,https://s3-symbol-logo.tradingview.com/indian-tel-ind-iti.svg,310.5
1961,EIHOTEL,EIH Limited,NSE,https://s3-symbol-logo.tradingview.com/eih.svg,365.65
1962,KRITIKA,Kritika Wires Limited,NSE,https://s3-symbol-logo.tradingview.com/kritika-wires-ltd.svg,7.28
1963,NIFTYQLITY,Aditya Birla Sun Life Nifty 200 Quality 30 ETF Units Exchange Traded Fund,NSE,https://s3-symbol-logo.tradingview.com/aditya-birla-fash.svg,22.35
1964,TMB,Tamilnad Mercantile Bank Limited,NSE,https://s3-symbol-logo.tradingview.com/tamilnad-mercantile-bank-limit.svg,503.5
1966,ACCELYA,Accelya Solutions India Ltd.,BSE,https://s3-symbol-logo.tradingview.com/accelya-solutions.svg,1300.0
1967,STARIMAGIN,Star Imaging & Path Lab Ltd.,BSE,https://s3-symbol-logo.tradingview.com/star-imaging-and-path-lab-ltd.svg,93.0
1969,BCP,B.C. Power Controls Ltd.,BSE,https://s3-symbol-logo.tradingview.com/bc-power-controls-ltd.svg,2.11
1970,SACHEMT,Sacheta Metals Ltd,BSE,https://s3-symbol-logo.tradingview.com/sacheta-metals-ltd.svg,4.19
1971,PRAJIND,PRAJ Industries Limited,BSE,https://s3-symbol-logo.tradingview.com/praj-industries.svg,339.9
1972,PGCRL,Pearl Green Clubs And Resorts Limited,BSE,https://s3-symbol-logo.tradingview.com/pearl-green-clubs-and-resorts.svg,130.0
1973,INDOFARM,Indo Farm Equipment Ltd.,BSE,https://s3-symbol-logo.tradingview.com/indo-farm-equipment-limited.svg,192.0
1974,REGIS,Regis Industrial Ltd,BSE,https://s3-symbol-logo.tradingview.com/regis-industries-limited.svg,2.96
1975,EMCURE,Emcure Pharmaceuticals Limited,NSE,https://s3-symbol-logo.tradingview.com/emcure-pharmaceuticals-l.svg,1416.1
1976,AMBER,Amber Enterprises India Ltd.,NSE,https://s3-symbol-logo.tradingview.com/amber-enterprises-india.svg,6696.0
1977,GEEKAYWIRE,Geekay Wires Ltd.,NSE,https://s3-symbol-logo.tradingview.com/geekay-wires-ltd.svg,32.11
1978,SKMEGGPROD,SKM Egg Products Export (India) Ltd.,NSE,https://s3-symbol-logo.tradingview.com/skm-egg-products.svg,434.0
1979,MID150,Kotak Nifty Midcap 150 ETF Units Exchange Traded Fund,NSE,https://s3-symbol-logo.tradingview.com/kotak-mahindra-ast.svg,22.57
1980,CARERATING,CARE Ratings Ltd,NSE,https://s3-symbol-logo.tradingview.com/care-ratings.svg,1595.3
1981,GREENPANEL,Greenpanel Industries Ltd,NSE,https://s3-symbol-logo.tradingview.com/greenpanel-industries.svg,238.4
1982,MONQ50,Motilal Oswal Nasdaq Q 50 ETF Exchange Traded Fund Units,NSE,https://s3-symbol-logo.tradingview.com/motilal.svg,99.46
1983,CENTRUM,Centrum Capital Limited,NSE,https://s3-symbol-logo.tradingview.com/centrum-capital.svg,28.6
1984,OIVL,Onesource Industries & Ventures Ltd,BSE,https://s3-symbol-logo.tradingview.com/onesource-ideas-venture-limite.svg,7.38
1985,COMMOIETF,ICICI Prudential Nifty Commodities ETF,NSE,https://s3-symbol-logo.tradingview.com/icici-prudential-bank.svg,95.0
1986,IRONWOOD,Ironwood Education Limited,BSE,https://s3-symbol-logo.tradingview.com/ironwood-education-limited.svg,49.66
1987,TRUEGREEN,True Green Bio Energy Ltd,BSE,https://s3-symbol-logo.tradingview.com/cil-nova-petrochemicals-ltd.svg,59.55
1988,HITECH,Hi-Tech Pipes Ltd.,BSE,https://s3-symbol-logo.tradingview.com/hi-tech-pipes-limited.svg,92.5
1989,UNISHIRE,Unishire Urban Infra Ltd.,BSE,https://s3-symbol-logo.tradingview.com/unishire-urban-infra-ltd.svg,1.76
1990,CBAZAAR,Net Avenue Technologies Ltd.,NSE,https://s3-symbol-logo.tradingview.com/net-avenue-technol.svg,4.15
1991,SFML,Supreme Facility Management Limited,NSE,https://s3-symbol-logo.tradingview.com/supreme-facility-mgmt-ltd.svg,31.0
1992,SUDARSHAN,Sudarshan Pharma Industries Ltd,BSE,https://s3-symbol-logo.tradingview.com/sudarshan-pharma-industries-li.svg,25.18
1993,MANGLMCEM,Mangalam Cement Ltd,NSE,https://s3-symbol-logo.tradingview.com/mangalam-cement-ltd.svg,774.5
1994,ULTRACAB,Ultracab (India) Ltd,BSE,https://s3-symbol-logo.tradingview.com/ultracab-india-limited.svg,8.45
1995,PGIL,Pearl Global Industries Limited,NSE,https://s3-symbol-logo.tradingview.com/pearl-global-indus.svg,1617.7
1996,MATRIMONY,Matrimony.com Ltd.,NSE,https://s3-symbol-logo.tradingview.com/matrimony-com.svg,527.6
1997,INFRAIETF,ICICI Prudential Nifty Infrastructure ETF,NSE,https://s3-symbol-logo.tradingview.com/icici-prudential-bank.svg,99.17
1998,SPICELOUNG,Spice Lounge Food Works Ltd,BSE,https://s3-symbol-logo.tradingview.com/shalimar-agencies-limited.svg,48.07
1999,GMRP_UI,GMR Power and Urban Infra Ltd,BSE,https://s3-symbol-logo.tradingview.com/gmr-power-and-urban-infra-limi.svg,116.1
2000,FINCABLES,Finolex Cables Limited,NSE,https://s3-symbol-logo.tradingview.com/finolex-cables.svg,778.55
2020,GROWWMOM50,Groww Nifty 500 Momentum 50 ETF Units,NSE,https://s3-symbol-logo.tradingview.com/growwamc-growwdefnc.svg,10.74
2021,JGCHEM,JG Chemicals Limited,NSE,https://s3-symbol-logo.tradingview.com/jgchemicals-limited.svg,364.9
2022,UTINEXT50,UTI-Nifty Next 50 ETF,NSE,https://s3-symbol-logo.tradingview.com/uti-asset-management.svg,74.18
2023,ATUL,Atul Limited,NSE,https://s3-symbol-logo.tradingview.com/atul.svg,5968.5
2024,VHLTD,Viceroy Hotels Ltd,NSE,https://s3-symbol-logo.tradingview.com/viceroy-hotels-ltd.svg,144.8
2025,BALAXI,Balaxi Pharmaceuticals Limited,NSE,https://s3-symbol-logo.tradingview.com/balaxi-pharmaceuti.svg,28.73
2026,SMLMAH,SML Mahindra Limited,NSE,https://s3-symbol-logo.tradingview.com/sml-isuzu-ltd.svg,3817.0
2027,HAPPYFORGE,Happy Forging Limited,NSE,https://s3-symbol-logo.tradingview.com/happy-forgings-ltd.svg,1099.6
2028,KHAICHEM,Khaitan Chemicals & Fertilizers Ltd.,NSE,https://s3-symbol-logo.tradingview.com/khaitan-chemicals-and-fertilizer.svg,81.99
2029,JAINREC,Jain Resource Recycling Limited,BSE,https://s3-symbol-logo.tradingview.com/jain-resource-recycling-limited.svg,423.8
2030,ANTGRAPHIC,Antarctica Ltd,NSE,https://s3-symbol-logo.tradingview.com/antarctica-ltd.svg,0.98
2031,MANYAVAR,Vedant Fashions Limited,NSE,https://s3-symbol-logo.tradingview.com/vedant-fashions-ltd.svg,584.55
2032,PLATIND,Platinum Industries Limited,NSE,https://s3-symbol-logo.tradingview.com/platinum-industries-limited.svg,265.4
2033,CITL,Consecutive Investment & Trading Company Ltd,BSE,https://s3-symbol-logo.tradingview.com/consecutive-investments-and-trad.svg,1.1
2034,SNLFPP,Shri Niwas Leasing and Finance Ltd TEMP,BSE,https://s3-symbol-logo.tradingview.com/shri-niwas-leasing-and-finance.svg,11.65
2035,IDENTICAL,Identical Brains Studios Limited,NSE,https://s3-symbol-logo.tradingview.com/identical-brains-studio-l.svg,24.35
2036,UML,Umiya Mobile Ltd.,BSE,https://s3-symbol-logo.tradingview.com/umiya-mobile-limited.svg,69.5
2037,MANAKSTEEL,Manaksia Steels Ltd,BSE,https://s3-symbol-logo.tradingview.com/manaksia-steels-limited.svg,75.79
2039,AKSHAR,Akshar Spintex Ltd.,BSE,https://s3-symbol-logo.tradingview.com/akshar-spintex-limited.svg,0.54
2040,CPPLUS,Aditya Infotech Limited,NSE,https://s3-symbol-logo.tradingview.com/aditya-infotech-ltd.svg,1571.2
2041,SURANAT&P,Surana Telecom & Power Ltd.,NSE,https://s3-symbol-logo.tradingview.com/surana-telecom-and-power-limit.svg,19.96
2042,ARVEE,Arvee Laboratories (India) Ltd.,NSE,https://s3-symbol-logo.tradingview.com/arvee-laboratories-i-ltd.svg,246.64
2043,GICHSGFIN,GIC Housing Finance Limited,NSE,https://s3-symbol-logo.tradingview.com/gic-housing-finance.svg,176.27
2044,DEEPAKNTR,Deepak Nitrite Limited,NSE,https://s3-symbol-logo.tradingview.com/deepak-nitrite.svg,1666.0
2045,JTEKTINDIA,JTEKT India Limited,NSE,https://s3-symbol-logo.tradingview.com/jtekt-india-ltd.svg,145.14
2046,CAPPIPES,Captain Pipes Limited,BSE,https://s3-symbol-logo.tradingview.com/captain-pipes-limited.svg,11.59
2047,MODINSU,Modern Insulators Ltd.,BSE,https://s3-symbol-logo.tradingview.com/modern-insulators-ltd.svg,177.9
2048,SAKUMA,Sakuma Exports Limited,BSE,https://s3-symbol-logo.tradingview.com/sakuma-exports-ltd.svg,2.17
2049,GOLDETF,Mirae Asset Gold ETF,BSE,https://s3-symbol-logo.tradingview.com/mirae-asset-sec.svg,132.63
2050,KPIL,Kalpataru Projects International Limited,NSE,https://s3-symbol-logo.tradingview.com/kalpataru-power-tr.svg,1178.8
2073,GROWWSC250,Groww Nifty Smallcap 250 ETF Units,NSE,https://s3-symbol-logo.tradingview.com/growwamc-growwdefnc.svg,9.59
2074,ZENITHSTL,Zenith Steel Pipes & Industries Limited,NSE,https://s3-symbol-logo.tradingview.com/zenith-steel-pipes-and-indust.svg,7.23
2075,WAAREEINDO,Indosolar Limited,BSE,https://s3-symbol-logo.tradingview.com/indosolar-ltd.svg,473.9
2076,BODALCHEM,Bodal Chemicals Limited,NSE,https://s3-symbol-logo.tradingview.com/bodal-chemicals.svg,53.69
2077,ISGEC,ISGEC Heavy Engineering Ltd.,NSE,https://s3-symbol-logo.tradingview.com/isgec-heavy-eng-ltd.svg,853.9
2080,RETAGGIO,Retaggio Industries Limited,BSE,https://s3-symbol-logo.tradingview.com/retaggio-industries-limited.svg,34.25
2081,GRAPHITE,Graphite India Limited,BSE,https://s3-symbol-logo.tradingview.com/graphite-india-limited.svg,574.95
2082,PANAFIC,Panafic Industrials Ltd,BSE,https://s3-symbol-logo.tradingview.com/panafic-industrials-ltd.svg,0.79
2083,SILVERTUC,Silver Touch Technologies Ltd.,NSE,https://s3-symbol-logo.tradingview.com/silver-touch-technologies-limi.svg,866.2
2084,VSSL,Vardhman Special Steels Limited,NSE,https://s3-symbol-logo.tradingview.com/vardhman-special-s.svg,293.7
2085,DIACABS,Diamond Power Infrastructure Limited,BSE,https://s3-symbol-logo.tradingview.com/diamond-power-infra-ltd.svg,146.4
2086,ITCHOTELS,ITC Hotels Ltd,BSE,https://s3-symbol-logo.tradingview.com/itc-hotels-ltd.svg,195.1
2087,CREDITACC,CreditAccess Grameen Ltd.,NSE,https://s3-symbol-logo.tradingview.com/creditaccess-grameen.svg,1297.3
2088,PATINTLOG,Patel Integrated Logistics Ltd.,NSE,https://s3-symbol-logo.tradingview.com/patel-integrated-logistics-ltd.svg,14.02
2089,CIEINDIA,CIE Automotive India Ltd,NSE,https://s3-symbol-logo.tradingview.com/mahindra-cie-automotive.svg,401.95
2090,PSUBNKBEES,Nippon India ETF Nifty PSU Bank BeES,BSE,https://s3-symbol-logo.tradingview.com/nippon-life-india-asset.svg,93.0
2091,FABTECH,Fabtech Technologies Limited,BSE,https://s3-symbol-logo.tradingview.com/fabtech-technologies-cleanroom.svg,210.3
2092,SMALL250,Mirae Asset Nifty Smallcap 250 ETF Exchange Traded Fund Units,BSE,https://s3-symbol-logo.tradingview.com/mirae-asset-sec.svg,16.61
2093,ADVENZYMES,Advanced Enzyme Technologies Ltd,NSE,https://s3-symbol-logo.tradingview.com/advanced-enzymes.svg,307.55
2094,SONATSOFTW,Sonata Software Limited,BSE,https://s3-symbol-logo.tradingview.com/sonata-software.svg,357.0
2095,HFIL,Himalaya Food International Limited,BSE,https://s3-symbol-logo.tradingview.com/himalaya-food-international-li.svg,9.73
2096,LGHL,Laxmi Goldorna House Ltd.,NSE,https://s3-symbol-logo.tradingview.com/laxmi-goldorna-house-ltd.svg,289.35
2097,FMGOETZE,Federal-Mogul Goetze (India) Limited,NSE,https://s3-symbol-logo.tradingview.com/federal-mogul-goetze-india-l.svg,456.0
2098,DIAMONDYD,Prataap Snacks Ltd.,NSE,https://s3-symbol-logo.tradingview.com/prataap-snacks-ltd.svg,1180.0
2099,ENTERO,Entero Healthcare Solutions Limited,NSE,https://s3-symbol-logo.tradingview.com/entero-healthcare-solutions-li.svg,964.0
2100,JISLJALEQS,Jain Irrigation Systems Limited,BSE,https://s3-symbol-logo.tradingview.com/jain-irrigation-systems.svg,41.23
2102,DUGLOBAL,Dudigital Global Limited.,NSE,https://s3-symbol-logo.tradingview.com/dudigital-global-ltd.svg,31.75
2103,DPWIRES,DP Wires Ltd.,NSE,https://s3-symbol-logo.tradingview.com/dp-wires-limited.svg,217.26
2104,MAHALIFE,Mahamaya Lifesciences Limited,BSE,https://s3-symbol-logo.tradingview.com/mahamaya-lifesciences-limited.svg,182.95
2105,JHS,JHS Svendgaard Laboratories Limited,NSE,https://s3-symbol-logo.tradingview.com/jhs-svendgaard-laboratories-lt.svg,9.99
2106,RUDRA,Rudra Global Infra Products Ltd.,NSE,https://s3-symbol-logo.tradingview.com/rudra-global-infra-products-li.svg,26.6
2107,GODREJIND,Godrej Industries Limited,NSE,https://s3-symbol-logo.tradingview.com/godrej-industries.svg,1008.2
2108,RMDRIP,R M Drip And Sprinklers Systems Limited,NSE,https://s3-symbol-logo.tradingview.com/r-m-drip-and-sprinklers-systems-limited.svg,79.17
2109,VAMA,Vama Industries Limited,BSE,https://s3-symbol-logo.tradingview.com/vama-industries-ltd.svg,4.59
2110,IGL,Indraprastha Gas Limited,BSE,https://s3-symbol-logo.tradingview.com/indraprastha-gas.svg,195.4
2111,AGSTRA,AGS Transact Technologies Ltd.,NSE,https://s3-symbol-logo.tradingview.com/ags-transact-technologies-limi.svg,4.22
2112,SRUSTEELS,SRU Steels Limited,BSE,https://s3-symbol-logo.tradingview.com/sru-steels-limited.svg,3.75
2113,AIRAN,Airan Ltd.,NSE,https://s3-symbol-logo.tradingview.com/airan-ltd.svg,18.6
2114,ITADD,DSP Nifty IT ETF,NSE,https://s3-symbol-logo.tradingview.com/dsp-blackrock-mutu.svg,41.07
2115,JAGRAN,Jagran Prakashan Limited,BSE,https://s3-symbol-logo.tradingview.com/jagran-prakashan.svg,70.82
2116,RCAN,Rajeshwari Cans Limited,BSE,https://s3-symbol-logo.tradingview.com/rajeshwari-cans-limited.svg,21.23
2118,SGFIN,SG Finserve Limited,NSE,https://s3-symbol-logo.tradingview.com/sg-finserve-limited.svg,413.8
7870,NIFTYBETA,UTI Nifty 50 ETF,NSE,NI,287.89
2119,INTLCONV,International Conveyors Ltd.,NSE,https://s3-symbol-logo.tradingview.com/international-conveyors-ltd.svg,92.21
2120,DHANSAFAL,DhanSafal Finserve Ltd,BSE,https://s3-symbol-logo.tradingview.com/luharuka-media-and-infra-limited.svg,3.49
2121,EPACK,Epack Durable Limited,BSE,https://s3-symbol-logo.tradingview.com/epack-durable-ltd.svg,278.15
2122,EVIETF,ICICI Prudential Nifty EV & New Age Automotive ETF Exchange Traded Fund Units,NSE,https://s3-symbol-logo.tradingview.com/icici-prudential-bank.svg,31.59
2123,HARIOMPIPE,Hariom Pipe Industries Ltd.,NSE,https://s3-symbol-logo.tradingview.com/hariom-pipe-industries-l.svg,355.6
2124,KAYA,Kaya Limited,NSE,https://s3-symbol-logo.tradingview.com/kaya-limited.svg,417.5
2125,DRONE,Drone Destination Ltd.,NSE,https://s3-symbol-logo.tradingview.com/drone-destination.svg,69.35
2126,JAYKAY,Jaykay Enterprises Limited,NSE,https://s3-symbol-logo.tradingview.com/jaykay-enterprises-ltd.svg,199.3
2127,ECAPINSURE,Edelweiss BSE Capital Markets & Insurance ETF Units Exchange Traded Fund,NSE,https://s3-symbol-logo.tradingview.com/edelweiss-fin-serv.svg,24.25
2128,ABB,ABB India Limited,NSE,https://s3-symbol-logo.tradingview.com/abb.svg,5205.0
2129,VAL30IETF,ICICI Prudential Nifty200 Value 30 ETF Units Exchange Traded Fund,NSE,https://s3-symbol-logo.tradingview.com/icici-prudential-bank.svg,14.63
2130,GODIGIT,Go Digit General Insurance Limited,NSE,https://s3-symbol-logo.tradingview.com/go-digit-general-insurance-lim.svg,340.9
2131,GANVERSE,Ganesha Ecoverse Limited,BSE,https://s3-symbol-logo.tradingview.com/ganesha-ecoverse-limited.svg,28.0
2132,TIGERLOGS,Tiger Logistics (India) Ltd.,NSE,https://s3-symbol-logo.tradingview.com/tiger-logistics-india-ltd.svg,37.18
2133,SPMLINFRA,SPML Infra Limited,NSE,https://s3-symbol-logo.tradingview.com/spml-infra-limited.svg,181.08
2134,EGOLD,Edelweiss Gold ETF units Exchange Traded Fund,NSE,https://s3-symbol-logo.tradingview.com/edelweiss-fin-serv.svg,136.7
2135,MASTERTR,Master Trust Limited,NSE,https://s3-symbol-logo.tradingview.com/master-trust-ltd.svg,117.17
2136,PRIMECAB,Prime Cable Industries Limited,NSE,https://s3-symbol-logo.tradingview.com/prime-cable-industries-limited.svg,89.8
2137,MVKAGRO,M.V.K. Agro Food Product Ltd.,NSE,https://s3-symbol-logo.tradingview.com/mvk-agro-food-p.svg,778.35
2138,KROSS,Kross Limited,BSE,https://s3-symbol-logo.tradingview.com/kross-ltd.svg,198.7
2139,IIFLCAPS,IIFL Capital Services Ltd,BSE,https://s3-symbol-logo.tradingview.com/iifl.svg,334.8
2140,PRIMEFRESH,Prime Fresh Ltd.,BSE,https://s3-symbol-logo.tradingview.com/prime-fresh-limited.svg,206.7
2141,EXHICON,Exhicon Events Media Solutions Limited,BSE,https://s3-symbol-logo.tradingview.com/exhicon-events-media-solutions.svg,564.0
2142,PARAS,Paras Defence & Space Technologies Ltd.,BSE,https://s3-symbol-logo.tradingview.com/paras-defence-and-space-techno.svg,679.65
2143,JETFREIGHT,Jet Freight Logistics Ltd.,NSE,https://s3-symbol-logo.tradingview.com/jet-freight-logistics-ltd.svg,18.05
2144,ELLEN,Ellenbarrie Industrial Gases Limited,NSE,https://s3-symbol-logo.tradingview.com/ellenbarrie-indus-gases-l.svg,348.85
2145,POWERINDIA,Hitachi Energy India Limited,NSE,https://s3-symbol-logo.tradingview.com/abb-power-products.svg,18675.0
2146,VIPIND,V.I.P.INDUSTRIES LTD.,NSE,https://s3-symbol-logo.tradingview.com/vip-industries.svg,366.6
2147,MAMATA,Mamata Machinery Ltd.,NSE,https://s3-symbol-logo.tradingview.com/mamata-machinery-ltd.svg,422.35
2148,MARATHON,Marathon Nextgen Realty Limited,NSE,https://s3-symbol-logo.tradingview.com/marathon-nextgen-realty-ltd.svg,517.2
2149,LIQUIDIETF,ICICI Prudential BSE Liquid Rate ETF - IDCW,NSE,https://s3-symbol-logo.tradingview.com/icici-prudential-bank.svg,1000.0
2150,ASHAPURMIN,Ashapura Minechem Ltd,BSE,https://s3-symbol-logo.tradingview.com/ashapura-mine-chem.svg,863.75
2181,TRL,Taylormade Renewables Ltd.,BSE,https://s3-symbol-logo.tradingview.com/taylormade-renewables-limited.svg,100.25
2182,POONAWALLA,Poonawalla Fincorp Limited,BSE,https://s3-symbol-logo.tradingview.com/poonawalla-fincorp.svg,471.85
2183,VESUVIUS,Vesuvius India Ltd,NSE,https://s3-symbol-logo.tradingview.com/vesuvius-india-ltd.svg,477.0
2184,THELEELA,Leela Palaces Hotels & Resorts Limited,NSE,https://s3-symbol-logo.tradingview.com/schloss-bangalore-ltd.svg,414.15
2185,PANINDIAC,Pan India Corporation Ltd,BSE,https://s3-symbol-logo.tradingview.com/pan-india-ltd.svg,2.04
2186,RIBATEX,Riba Textiles Limited,BSE,https://s3-symbol-logo.tradingview.com/riba-textiles-ltd.svg,82.96
2187,V2RETAIL,V2 Retail Limited,NSE,https://s3-symbol-logo.tradingview.com/v2-retail-ltd.svg,2327.6
2188,WEL,Wonder Electricals Limited,NSE,https://s3-symbol-logo.tradingview.com/wonder-electricals-ltd.svg,141.56
2189,CARYSIL,Carysil Limited,NSE,https://s3-symbol-logo.tradingview.com/acrysil-ltd.svg,911.6
2190,SNXT30BEES,Nippon India BSE Sensex Next 30 ETF,NSE,https://s3-symbol-logo.tradingview.com/nippon-life-india-asset.svg,40.52
2191,NDASEC,NDA Securities Ltd.,BSE,https://s3-symbol-logo.tradingview.com/nda-securities-ltd.svg,37.95
2192,PROZONER,Prozone Realty Ltd,NSE,https://s3-symbol-logo.tradingview.com/prozone-realty-ltd.svg,50.63
2193,MOLDTKPAC,Mold Tek Packaging Ltd,NSE,https://s3-symbol-logo.tradingview.com/mold-tek-packaging-limited.svg,595.0
2194,ASAHIINDIA,Asahi India Glass Limited,NSE,https://s3-symbol-logo.tradingview.com/asahi-india-glass.svg,985.3
2195,STERTOOLS,Sterling Tools Limited,NSE,https://s3-symbol-logo.tradingview.com/sterling-tools-ltd.svg,278.15
2196,SALSTEEL,S.A.L. Steel Ltd.,NSE,https://s3-symbol-logo.tradingview.com/salsteel-ltd.svg,40.97
2197,MUFTI,Credo Brands Marketing Limited,NSE,https://s3-symbol-logo.tradingview.com/credo-brands-marketing-l.svg,99.81
2198,COASTCORP,Coastal Corporation Limited,NSE,https://s3-symbol-logo.tradingview.com/coastal-ltd.svg,47.0
2199,HYUNDAI,Hyundai Motor India Limited,BSE,https://s3-symbol-logo.tradingview.com/hyundai.svg,2311.4
2215,ACSTECH,ACS Technologies Ltd,BSE,https://s3-symbol-logo.tradingview.com/acs-technologies-limited.svg,36.88
2216,JSLL,Jeena Sikho Lifecare Limited,NSE,https://s3-symbol-logo.tradingview.com/jeena-sikho-lifecare-ltd.svg,715.65
2217,NAVNETEDUL,Navneet Education Limited,NSE,https://s3-symbol-logo.tradingview.com/navneet-education.svg,143.86
3536,KSL,Kalyani Steels Ltd,NSE,https://s3-symbol-logo.tradingview.com/kalyani-steels.svg,737.45
2218,GLOBECIVIL,Globe Civil Projects Ltd.,NSE,https://s3-symbol-logo.tradingview.com/globe-civil-projects-ltd.svg,59.6
2219,EXIDEIND,Exide Industries Limited,BSE,https://s3-symbol-logo.tradingview.com/exide.svg,370.7
2220,KOTHARIPET,Kothari Petrochemicals Ltd.,NSE,https://s3-symbol-logo.tradingview.com/kothari-petrochem.svg,132.1
2221,SGLRES,SGL Resources Ltd,BSE,https://s3-symbol-logo.tradingview.com/scanpoint-geomatics-ltd.svg,3.12
2222,TIMEX,Timex Group India Limited,BSE,https://s3-symbol-logo.tradingview.com/timex-india-ltd.svg,363.2
2223,SSWL,Steel Strips Wheels Ltd,NSE,https://s3-symbol-logo.tradingview.com/steel-strips-wheels-ltd.svg,192.97
2224,TRAVELFOOD,Travel Food Services Limited,NSE,https://s3-symbol-logo.tradingview.com/travel-food-services-ltd.svg,1212.0
2225,KAYNES,Kaynes Technology India Ltd.,BSE,https://s3-symbol-logo.tradingview.com/kaynes-technology-india-limite.svg,4162.55
2226,VINTRON,Vintron Informatics Limited,BSE,https://s3-symbol-logo.tradingview.com/vintron-informatics-ltd.svg,14.0
2227,SOLARA,Solara Active Pharma Sciences Ltd.,NSE,https://s3-symbol-logo.tradingview.com/solara-active-pharma.svg,577.1
2228,JAGSNPHARM,Jagsonpal Pharmaceuticals Ltd.,NSE,https://s3-symbol-logo.tradingview.com/jagsonpal-pharmaceuticals.svg,200.0
2229,POLICYBZR,PB Fintech Limited,BSE,https://s3-symbol-logo.tradingview.com/pb-fintech.svg,1903.7
2230,LTGILTCASE,Zerodha Nifty 8-13 Yr G-Sec ETF Exchange Traded Fund Units,BSE,https://s3-symbol-logo.tradingview.com/zerodha-mutual-fd.svg,29.56
2231,SUBEXLTD,Subex Limited,BSE,https://s3-symbol-logo.tradingview.com/subex-ltd.svg,11.99
2232,WAAREEENER,WAAREE Energies Limited,BSE,https://s3-symbol-logo.tradingview.com/waaree-energies-limited.svg,3044.35
2233,NCML,Nilachal Carbo Metalicks Limited,BSE,https://s3-symbol-logo.tradingview.com/nilachal-carbo-metalicks-limited.svg,120.15
2234,DIVINEHIRA,Divine Hira Jewellers Limited,NSE,https://s3-symbol-logo.tradingview.com/divine-hira-jewellers-ltd.svg,219.9
2235,SPAR,Sparc Electrex Limited,BSE,https://s3-symbol-logo.tradingview.com/sparc-electrex-limited.svg,5.2
2236,WEWORK,WeWork India Management Limited,NSE,https://s3-symbol-logo.tradingview.com/wework-india-management-limited.svg,582.55
2237,GMMPFAUDLR,GMM Pfaudler Limited,NSE,https://s3-symbol-logo.tradingview.com/gmm-pfaudler.svg,1062.3
2238,NGIL,Nakoda Group of Industries Ltd.,NSE,https://s3-symbol-logo.tradingview.com/ngil-rs-6-ppd-up.svg,30.75
2239,REMSONSIND,Remsons Industries Limited,NSE,https://s3-symbol-logo.tradingview.com/remsons-industries-ltd.svg,123.99
2240,PARACABLES,Paramount Communications Limited,BSE,https://s3-symbol-logo.tradingview.com/paramount-communic.svg,35.55
2241,MANORAMA,Manorama Industries Ltd.,NSE,https://s3-symbol-logo.tradingview.com/manorama-industries-limited.svg,1359.9
2242,GROWWN200,Groww Nifty 200 ETF Units Exchange Traded Fund,NSE,https://s3-symbol-logo.tradingview.com/growwamc-growwdefnc.svg,11.74
2243,PILITA,PIL Italica Lifestyle Limited,NSE,https://s3-symbol-logo.tradingview.com/pil-italica-lifest.svg,10.42
2244,NRVANDANA,N R Vandana Tex Industries Limited,NSE,https://s3-symbol-logo.tradingview.com/n-r-vandana-tex-ind-ltd.svg,64.2
2245,COTFAB,United Cotfab Limited,BSE,https://s3-symbol-logo.tradingview.com/united-cotfab-limited.svg,21.0
2246,ABRIL,Abril Paper Tech Limited,BSE,https://s3-symbol-logo.tradingview.com/abril-paper-tech-limited.svg,42.9
2248,TRAVELS,Travels & Rentals Ltd.,BSE,https://s3-symbol-logo.tradingview.com/travels-and-rentals-limited.svg,26.0
2249,CELLA,Cella Space Limited,BSE,https://s3-symbol-logo.tradingview.com/cella-space-limited.svg,14.16
2250,JUSTDIAL,Just Dial Ltd.,NSE,https://s3-symbol-logo.tradingview.com/just-dial.svg,739.7
2262,PPL,Prakash Pipes Limited,NSE,https://s3-symbol-logo.tradingview.com/prakash-pipes-ltd.svg,245.72
2263,BITS,Bits Limited,BSE,https://s3-symbol-logo.tradingview.com/bits-ltd.svg,10.34
2264,MUTHOOTMF,Muthoot Microfin Ltd,NSE,https://s3-symbol-logo.tradingview.com/muthoot-microfin-limited.svg,178.43
2265,IPL,India Pesticides Ltd.,NSE,https://s3-symbol-logo.tradingview.com/india-pesticides.svg,175.55
2267,CESC,CESC Ltd,BSE,https://s3-symbol-logo.tradingview.com/cesc.svg,168.1
2268,AAYUSHBULL,Aayush Art & Bullion Ltd,BSE,https://s3-symbol-logo.tradingview.com/akm-creations-limited.svg,1075.9
2269,HUHTAMAKI,Huhtamaki India Limited,NSE,https://s3-symbol-logo.tradingview.com/huhtamaki-ppl.svg,210.44
2270,UMAEXPORTS,Uma Exports Ltd.,BSE,https://s3-symbol-logo.tradingview.com/uma-exports-limited.svg,42.78
2271,TRF,TRF Limited.,NSE,https://s3-symbol-logo.tradingview.com/trf-ltd.svg,312.05
2272,CMICABLES,CMI Limited,NSE,https://s3-symbol-logo.tradingview.com/cmi.svg,5.44
2273,CYIENTDLM,Cyient DLM Limited,NSE,https://s3-symbol-logo.tradingview.com/cyient-dlm-ltd.svg,425.3
2274,KNRCON,KNR Constructions Limited,BSE,https://s3-symbol-logo.tradingview.com/knr-constructions.svg,156.95
2275,ANTELOPUS,Antelopus Selan Energy Ltd,NSE,https://s3-symbol-logo.tradingview.com/selan-exploration-technology-l.svg,423.3
2276,TATATECH,Tata Technologies Limited,BSE,https://s3-symbol-logo.tradingview.com/tata.svg,663.8
2277,ASTRON,Astron Paper & Board Mill Ltd.,NSE,https://s3-symbol-logo.tradingview.com/astron-paper-and-board-mill-limi.svg,6.19
2278,AVPINFRA,Avp Infracon Ltd.,NSE,https://s3-symbol-logo.tradingview.com/avp-infracon-ltd.svg,126.1
2279,KHAZANCHI,Khazanchi Jewellers Ltd.,BSE,https://s3-symbol-logo.tradingview.com/khazanchi-jewellers-limited.svg,762.75
2280,OMAXAUTO,Omax Autos Limited,NSE,https://s3-symbol-logo.tradingview.com/omax-autos-ltd.svg,98.69
2281,MAL,Meyer Apparel Limited,BSE,https://s3-symbol-logo.tradingview.com/meyer-apparel-limited.svg,1.9
2282,CHMBBRW,Chambal Breweries & Distilleries Ltd.,BSE,https://s3-symbol-logo.tradingview.com/chambal-breweries-and-distilleri.svg,23.12
2283,GLAND,Gland Pharma Ltd.,NSE,https://s3-symbol-logo.tradingview.com/gland-pharma.svg,1678.2
2284,FOCUS,Focus Lighting and Fixtures Ltd,NSE,https://s3-symbol-logo.tradingview.com/focus-lightg.svg,77.95
2285,CEIGALL,Ceigall India Limited,BSE,https://s3-symbol-logo.tradingview.com/ceigall-india-ltd.svg,250.05
2286,ESILVER,Edelweiss Silver ETF Units Exchange Traded Fund,NSE,https://s3-symbol-logo.tradingview.com/edelweiss-fin-serv.svg,210.7
2288,TNTELE,Tamilnadu Telecommunications Ltd.,NSE,https://s3-symbol-logo.tradingview.com/tamilnadu-telecommunications-l.svg,9.75
2289,GOODLUCK,Goodluck India Ltd.,NSE,https://s3-symbol-logo.tradingview.com/goodluck-india-ltd.svg,1067.4
2290,MIDHANI,Mishra Dhatu Nigam Ltd.,BSE,https://s3-symbol-logo.tradingview.com/mishra-dhatu-nigam.svg,318.0
2291,CRANESSOFT,Cranes Software International Limited,BSE,https://s3-symbol-logo.tradingview.com/cranes-software-international.svg,4.4
2292,NFL,National Fertilizers Ltd.,BSE,https://s3-symbol-logo.tradingview.com/national-fertilizers.svg,89.15
2293,BIBCL,Bharat Immunologicals & Biologicals Corp. Ltd.,BSE,https://s3-symbol-logo.tradingview.com/bharat-immunologicals-and-biolog.svg,21.4
2294,STYLAMIND,Stylam Industries Limited,NSE,https://s3-symbol-logo.tradingview.com/stylam-industries-ltd.svg,2279.5
2295,E2E,E2E Networks Ltd.,NSE,https://s3-symbol-logo.tradingview.com/e2e-networks-ltd.svg,2083.7
2296,ATLANTAELE,Atlanta Electricals Limited,NSE,https://s3-symbol-logo.tradingview.com/atlanta-electricals-limited.svg,932.85
2297,WINDLAS,Windlas Biotech Ltd.,NSE,https://s3-symbol-logo.tradingview.com/windlas-biotech-limited.svg,803.65
2298,VHLTD,Viceroy Hotels Ltd,BSE,https://s3-symbol-logo.tradingview.com/viceroy-hotels-ltd.svg,147.4
2299,SHRIPISTON,Shriram Pistons & Rings Ltd.,NSE,https://s3-symbol-logo.tradingview.com/shriram-pistons-and.svg,3191.4
2300,IVALUE,Ivalue Infosolutions Limited,NSE,https://s3-symbol-logo.tradingview.com/ivalue-infosolutions-limited.svg,277.3
2325,APOLLOPIPE,Apollo Pipes Ltd.,NSE,https://s3-symbol-logo.tradingview.com/apl-apollo-tubes.svg,306.0
2326,SPENCERS,Spencer's Retail Ltd.,NSE,https://s3-symbol-logo.tradingview.com/spencers-retail.svg,41.9
2327,KLBRENG_B,Kilburn Engineering Ltd,BSE,https://s3-symbol-logo.tradingview.com/kilburn-engineering-ltd.svg,562.2
2328,KABRADG,Kabra Drugs Limited,BSE,https://s3-symbol-logo.tradingview.com/kabra-drugs-ltd.svg,29.1
2329,HARDWYN,Hardwyn India Ltd.,BSE,https://s3-symbol-logo.tradingview.com/hardwyn-india-limited.svg,17.2
2330,CGPOWER,CG Power & Industrial Solutions Ltd,BSE,https://s3-symbol-logo.tradingview.com/cg-power-and-industrial-solutions.svg,671.45
2331,LTGILTCASE,Zerodha Nifty 8-13 Yr G-Sec ETF Exchange Traded Fund Units,NSE,https://s3-symbol-logo.tradingview.com/zerodha-mutual-fd.svg,29.58
2332,PROFX,Pro Fx Tech Ltd.,NSE,https://s3-symbol-logo.tradingview.com/pro-fx-tech-ltd.svg,59.8
2333,SHREECEM,Shree Cement Limited,NSE,https://s3-symbol-logo.tradingview.com/shree-cement.svg,26095.0
2334,GEMSI,Gemstone Investments Limited,BSE,https://s3-symbol-logo.tradingview.com/gemstone-investments-ltd.svg,1.96
2336,SYSTMTXC,Systematix Corporate Services Limited,NSE,https://s3-symbol-logo.tradingview.com/systematix-corporate-services.svg,156.16
2337,SPLPETRO,Supreme Petrochem Limited,NSE,https://s3-symbol-logo.tradingview.com/supreme-petrochem-ltd.svg,649.5
2338,TTFL,Trident Texofab Ltd.,BSE,https://s3-symbol-logo.tradingview.com/trident-texofab-limited.svg,253.35
2339,UTIAMC,UTI Asset Management Co. Ltd.,NSE,https://s3-symbol-logo.tradingview.com/uti-asset-management.svg,1131.3
2340,INDIANB,Indian Bank,BSE,https://s3-symbol-logo.tradingview.com/indian-bank.svg,784.2
2341,RUDRAECO,Rudra Ecovation Limited,BSE,https://s3-symbol-logo.tradingview.com/himachal-fibres-ltd.svg,25.37
2342,AMBALALSA,Ambalal Sarabhai Enterprises Limited,BSE,https://s3-symbol-logo.tradingview.com/ambalal-sarabhai-enterprises-l.svg,27.97
2343,AETHER,Aether Industries Ltd.,NSE,https://s3-symbol-logo.tradingview.com/aether-industries-limited.svg,853.6
2344,CUBEXTUB,Cubex Tubings Ltd,NSE,https://s3-symbol-logo.tradingview.com/cubex-tubings.svg,93.99
2345,RGL,Renaissance Global Limited,NSE,https://s3-symbol-logo.tradingview.com/renaissance-global.svg,127.98
2346,CONCOR,Container Corporation of India Limited,BSE,https://s3-symbol-logo.tradingview.com/container.svg,516.35
2347,63MOONS,63 Moons Technologies Ltd.,NSE,https://s3-symbol-logo.tradingview.com/63-moons-technolog.svg,764.3
2348,ORICONENT,Oricon Enterprises Limited,NSE,https://s3-symbol-logo.tradingview.com/oricon-enterprises-ltd.svg,59.0
2349,GREAVESCOT,Greaves Cotton Limited,BSE,https://s3-symbol-logo.tradingview.com/greaves-cotton.svg,191.05
2350,AVANTIFEED,Avanti Feeds Limited,BSE,https://s3-symbol-logo.tradingview.com/avanti-feeds.svg,854.95
2356,CINELINE,Cineline India Limited,NSE,https://s3-symbol-logo.tradingview.com/cineline-india-limited.svg,90.12
2357,PSPPROJECT,PSP Projects Ltd,NSE,https://s3-symbol-logo.tradingview.com/psp-projects.svg,901.0
2358,CARRARO,Carraro India Ltd.,NSE,https://s3-symbol-logo.tradingview.com/carraro-india-ltd.svg,543.45
2359,CHCL,Cian Healthcare Limited,BSE,https://s3-symbol-logo.tradingview.com/cian-healthcare-limited.svg,4.99
2360,SONALIS,Sonalis Consumer Products Limited,BSE,https://s3-symbol-logo.tradingview.com/sonalis-consumer-products-limi.svg,57.4
2361,ANONDITA,Anondita Medicare Limited,NSE,https://s3-symbol-logo.tradingview.com/anondita-medicare-limited.svg,825.75
2362,ASPIRE,Aspire & Innovative Advertising Limited,NSE,https://s3-symbol-logo.tradingview.com/aspire-and-innovati.svg,18.35
2363,SACHEEROME,Sacheerome Limited,NSE,https://s3-symbol-logo.tradingview.com/sacheerome-ltd.svg,349.15
2364,NIRMAN,Nirman Agri Genetics Ltd.,NSE,https://s3-symbol-logo.tradingview.com/nirman-agri-geneti.svg,64.0
2365,PAYTM,One 97 Communications Ltd.,BSE,https://s3-symbol-logo.tradingview.com/one-97-communications.svg,1329.25
2366,ZOTA,Zota Health Care Ltd.,NSE,https://s3-symbol-logo.tradingview.com/zota-health-care-ltd.svg,1565.6
2367,RAJOOENG,Rajoo Engineers Limited,BSE,https://s3-symbol-logo.tradingview.com/rajoo-engineers-ltd.svg,63.8
2368,PAVNAIND,Pavna Industries Limited,NSE,https://s3-symbol-logo.tradingview.com/pavna-industries-limited.svg,24.53
2369,LGBBROSLTD,L.G. Balakrishnan & Bros Ltd.,NSE,https://s3-symbol-logo.tradingview.com/l-g-balakrishnan-and-bros.svg,1872.3
2370,APOLLOTYRE,Apollo Tyres Limited.,BSE,https://s3-symbol-logo.tradingview.com/apollo-tyres.svg,513.85
2371,JAYANT,Jayant Infratech Ltd.,BSE,https://s3-symbol-logo.tradingview.com/jayant-infratech-limited.svg,76.0
2372,HDFCNIFTY,HDFC Nifty 50 ETF,NSE,https://s3-symbol-logo.tradingview.com/hdfc-bank.svg,292.72
3595,INOXINDIA,INOX India Limited,NSE,https://s3-symbol-logo.tradingview.com/inox-india-ltd.svg,1132.4
2373,POWERMECH,Power Mech Projects Ltd.,NSE,https://s3-symbol-logo.tradingview.com/power-mech-project.svg,2364.0
2374,KMCSHIL,KMC Speciality Hospitals (India) Limited,BSE,https://s3-symbol-logo.tradingview.com/kmc-speciality-hospitals-indi.svg,77.47
2375,COMPINFO,Compuage Infocom Ltd,NSE,https://s3-symbol-logo.tradingview.com/compuage-infocom-ltd.svg,1.67
2376,HDFCPSUBK,Hdfc Nifty PSU Bank ETF Exchange Traded Fund Units,NSE,https://s3-symbol-logo.tradingview.com/hdfc-bank.svg,84.39
2377,MOTILALOFS,Motilal Oswal Financial Services Limited,BSE,https://s3-symbol-logo.tradingview.com/motilal.svg,877.0
2378,CENTEXT,Century Extrusions Ltd,NSE,https://s3-symbol-logo.tradingview.com/century-extrusions-ltd.svg,21.5
2379,TRUECOLORS,True Colors Limited,BSE,https://s3-symbol-logo.tradingview.com/true-colors-limited.svg,203.95
2381,MOMOMENTUM,Motilal Oswal Nifty 200 Momentum 30 ETF Units Exchange Traded Fund,NSE,https://s3-symbol-logo.tradingview.com/motilal.svg,63.76
2382,SWOJAS,Swojas Foods Ltd.,BSE,https://s3-symbol-logo.tradingview.com/swojas-energy-foods-ltd.svg,10.78
2383,HDIL,Housing Development & Infrastructure Ltd.,BSE,https://s3-symbol-logo.tradingview.com/housing-development.svg,2.42
2384,ALPEXSOLAR,Alpex Solar Ltd.,NSE,https://s3-symbol-logo.tradingview.com/alpex-solar-ltd.svg,820.05
2385,UYFINCORP,U. Y. Fincorp Limited,NSE,https://s3-symbol-logo.tradingview.com/u-y-fincorp-limited.svg,14.25
2386,XTGLOBAL,XTGlobal Infotech Ltd.,NSE,https://s3-symbol-logo.tradingview.com/xtglobal-infotech-limited.svg,36.78
2387,HCL_INSYS,HCL Infosystems Limited,BSE,https://s3-symbol-logo.tradingview.com/hcl-infosystems-ltd.svg,13.75
2388,COLAB,Colab Platforms Limited,BSE,https://s3-symbol-logo.tradingview.com/colab-platforms-limited.svg,190.9
2389,TIRSARJ,Tirupati Sarjan Limited,BSE,https://s3-symbol-logo.tradingview.com/tirupati-sarjan-ltd.svg,11.48
2390,VEEKAYEM,Veekayem Fashion And Apparels Limited,NSE,https://s3-symbol-logo.tradingview.com/veekayem-fashion-a.svg,193.0
2391,ALTIUSINVIT,Altius Telecom Infrastructure Trust,BSE,https://s3-symbol-logo.tradingview.com/altius-telecom-infrastructure.svg,153.0
2392,ROADSTAR,Roadstar Infra Investment Trust Units,BSE,https://s3-symbol-logo.tradingview.com/roadstar-infra-investment-trus.svg,70.0
2393,TIMETECHNO,Time Technoplast Limited,BSE,https://s3-symbol-logo.tradingview.com/time-technoplast.svg,186.2
2394,RADIANTCMS,Radiant Cash Management Services Limited,NSE,https://s3-symbol-logo.tradingview.com/radiant-cash-management-servic.svg,52.65
2395,RSSOFTWARE,R. S. Software (India) Limited,NSE,https://s3-symbol-logo.tradingview.com/rssoftware-india-ltd.svg,53.96
2396,FORCEMOT,Force Motors Limited,NSE,https://s3-symbol-logo.tradingview.com/force-motors.svg,18430.0
2397,SUMEETINDS,Sumeet Industries Limited,NSE,https://s3-symbol-logo.tradingview.com/sumeet-industries-limited.svg,31.0
2398,JINDRILL,Jindal Drilling & Industries Ltd.,BSE,https://s3-symbol-logo.tradingview.com/jindal-drilling-and-industries-l.svg,550.0
2399,JAYKAY,Jaykay Enterprises Limited,BSE,https://s3-symbol-logo.tradingview.com/jaykay-enterprises-ltd.svg,199.15
2400,SURAJEST,Suraj Estate Developers Limited,NSE,https://s3-symbol-logo.tradingview.com/suraj-estate-developers-l.svg,246.3
2423,KIZI,Kizi Apparels Limited,BSE,https://s3-symbol-logo.tradingview.com/kizi-apparels-limited.svg,12.99
2424,QUADPRO,Quadpro ITeS Ltd.,NSE,https://s3-symbol-logo.tradingview.com/quadpro-ites-ltd.svg,2.45
2425,AERONEU,Aeroflex Neu Limited,NSE,https://s3-symbol-logo.tradingview.com/sah-polymers-ltd.svg,77.49
2426,KANPRPLA,Kanpur Plastipack Limited,NSE,https://s3-symbol-logo.tradingview.com/kanpur-plastipack-ltd.svg,177.0
2427,SINGER,Singer India Limited,BSE,https://s3-symbol-logo.tradingview.com/singer-india-ltd.svg,66.52
2428,ISFL,ISF Limited,BSE,https://s3-symbol-logo.tradingview.com/isf-limited.svg,0.99
2429,GHCL,GHCL Limited,NSE,https://s3-symbol-logo.tradingview.com/ghcl.svg,573.5
2430,ZMILGFIN,Milgrey Finance & Investments Ltd.,BSE,https://s3-symbol-logo.tradingview.com/milgrey-finance-and-investment-l.svg,63.71
2431,ENDURANCE,Endurance Technologies Ltd.,NSE,https://s3-symbol-logo.tradingview.com/endurance-technologies.svg,2613.0
2432,SMLT,Sarthak Metals Ltd,NSE,https://s3-symbol-logo.tradingview.com/sarthak-metals-limited.svg,85.87
2433,ICICIBANK,ICICI Bank Limited,BSE,https://s3-symbol-logo.tradingview.com/icici-bank.svg,1361.65
2434,WOCKPHARMA,Wockhardt Limited,BSE,https://s3-symbol-logo.tradingview.com/wockhardt.svg,1439.2
2435,GUJAPOLLO,Gujarat Apollo Industries Limited,NSE,https://s3-symbol-logo.tradingview.com/gujarat-apollo-ind.svg,418.35
2436,PASUPTAC,Pasupati Acrylon Limited,NSE,https://s3-symbol-logo.tradingview.com/pasupati-acrylon-ltd.svg,54.23
2437,IIFL,IIFL Finance Limited,BSE,https://s3-symbol-logo.tradingview.com/iifl.svg,574.65
2438,BAHETI,Baheti Recycling Industries Limited,NSE,https://s3-symbol-logo.tradingview.com/baheti-recycling-i.svg,609.9
2439,ACCURACY,Accuracy Shipping Ltd.,NSE,https://s3-symbol-logo.tradingview.com/accuracy-shipping-ltd.svg,5.73
2440,TRIVENI,Triveni Engineering and Industries Limited,BSE,https://s3-symbol-logo.tradingview.com/triveni-engineering-and-industries.svg,395.7
2441,ESSARSHPNG,Essar Shipping Limited.,NSE,https://s3-symbol-logo.tradingview.com/essar-shipping-ltd.svg,27.7
2442,SWADHATURE,Swadha Nature Ltd,BSE,https://s3-symbol-logo.tradingview.com/swadha-nature-limited.svg,11.96
2443,BRAHMINFRA,Brahmaputra Infrastructure Ltd.,BSE,https://s3-symbol-logo.tradingview.com/brahmaputra-infrastructure-ltd.svg,127.55
2444,HPAL,HP Adhesives Ltd.,NSE,https://s3-symbol-logo.tradingview.com/hp-adhesives-limited.svg,44.05
2445,GUJCOTEX,Gujarat Cotex Limited,BSE,https://s3-symbol-logo.tradingview.com/gujarat-cotex-ltd.svg,8.41
2446,MIIL,Meghna Infracon Infrastructure Limited,BSE,https://s3-symbol-logo.tradingview.com/naysaa-securities-limited.svg,570.55
2447,STEELCAS,Steelcast Ltd.,NSE,https://s3-symbol-logo.tradingview.com/steelcast-ltd.svg,211.82
2448,HIKAL,Hikal Limited,BSE,https://s3-symbol-logo.tradingview.com/hikal.svg,243.1
2449,KANORICHEM,Kanoria Chemicals & Industries Ltd,NSE,https://s3-symbol-logo.tradingview.com/kanoria-chemicals-and-industries.svg,78.61
2450,ASIANENE,Asian Energy Services Limited,NSE,https://s3-symbol-logo.tradingview.com/asian-energy-services-ltd.svg,295.7
2471,RAINBOW,Rainbow Childrens Medicare Limited,NSE,https://s3-symbol-logo.tradingview.com/rainbow-children-s-medicare-li.svg,1355.0
2472,NIFMID150,UTI Nifty Midcap 150 ETF Units Exchange Traded Fund,NSE,https://s3-symbol-logo.tradingview.com/uti-asset-management.svg,225.37
2473,KPL,Kwality Pharmaceuticals Ltd,BSE,https://s3-symbol-logo.tradingview.com/kwality-pharmaceuticals-limite.svg,1103.9
2474,JUNIPER,Juniper Hotels Limited,NSE,https://s3-symbol-logo.tradingview.com/juniper-hotels-limited.svg,262.98
2475,JAYCH,Jayshree Chemicals Limited,BSE,https://s3-symbol-logo.tradingview.com/jayshree-chemicals-ltd.svg,6.79
2476,BORANA,Borana Weaves Limited,NSE,https://s3-symbol-logo.tradingview.com/borana-weaves-ltd.svg,304.0
2477,SONACOMS,Sona BLW Precision Forgings Ltd.,BSE,https://s3-symbol-logo.tradingview.com/sona-blw-precision.svg,490.4
2478,RKFORGE,Ramkrishna Forgings Ltd,BSE,https://s3-symbol-logo.tradingview.com/ramkrishna-forgins.svg,526.05
2479,ZEELEARN,Zee Learn Limited,BSE,https://s3-symbol-logo.tradingview.com/zee-learn-ltd.svg,7.5
2480,MOENERGY,Motilal Oswal Nifty Energy ETF Exchange Traded Fund Units,NSE,https://s3-symbol-logo.tradingview.com/motilal.svg,35.4
2481,VISAKAIND,Visaka Industries Ltd.,NSE,https://s3-symbol-logo.tradingview.com/visaka-ind.svg,67.39
2482,ONWARDTEC,Onward Technologies Limited,NSE,https://s3-symbol-logo.tradingview.com/onward-technologies-ltd.svg,277.9
2483,MCEL,Mach Conferences and Events Ltd.,BSE,https://s3-symbol-logo.tradingview.com/mach-conferences-and-events-li.svg,96.6
2484,DHARIWAL,Dhariwalcorp Limited,NSE,https://s3-symbol-logo.tradingview.com/dhariwalcorp-ltd.svg,350.9
2485,GRAPHISAD,Graphisads Limited,NSE,https://s3-symbol-logo.tradingview.com/graphisads-ltd.svg,48.75
2486,SIDDHICOTS,Siddhi Cotspin Limited,NSE,https://s3-symbol-logo.tradingview.com/siddhi-cotspin-ltd.svg,29.85
2487,FRATELLI,Fratelli Vineyards Limited,BSE,https://s3-symbol-logo.tradingview.com/tinna-trade-limited.svg,109.05
2488,BAJAJELEC,Bajaj Electricals Limited,NSE,https://s3-symbol-logo.tradingview.com/bajaj-electricals.svg,485.0
2489,HANSUGAR,Shree Hanuman Sugar & Industries Ltd.,BSE,https://s3-symbol-logo.tradingview.com/shree-hanuman-sugar-and-industri.svg,4.95
2490,ZUARI,Zuari Agro Chemicals Ltd.,BSE,https://s3-symbol-logo.tradingview.com/zuari-agro-chemica.svg,325.95
2491,VENUSREM,Venus Remedies Limited,NSE,https://s3-symbol-logo.tradingview.com/venus-remedies-ltd.svg,821.5
2492,KEEPLEARN,DSJ Keep Learning Limited,BSE,https://s3-symbol-logo.tradingview.com/dsj-keep-learning.svg,2.5
2493,SUMUKA,Sumuka Agro Industries Ltd,BSE,https://s3-symbol-logo.tradingview.com/sumuka-agro-industries-limited.svg,206.0
2494,RUCHIRA,Ruchira Papers Limited,NSE,https://s3-symbol-logo.tradingview.com/ruchira-papers-ltd.svg,121.31
2495,SHRYDUS,Shrydus Industries Ltd,BSE,https://s3-symbol-logo.tradingview.com/shrydus-industries-limited.svg,4.45
2496,EIEL,Enviro Infra Engineers Limited,BSE,https://s3-symbol-logo.tradingview.com/enviro-infra-engineers-limited.svg,207.75
2497,HEADSUP,Heads UP Ventures Limited,NSE,https://s3-symbol-logo.tradingview.com/heads-up-ventures-ltd.svg,9.41
2498,VASWANI,Vaswani Industries Limited,NSE,https://s3-symbol-logo.tradingview.com/vaswani-industries-ltd.svg,59.84
2499,MURUDCERA,Murudeshwar Ceramics Limited,NSE,https://s3-symbol-logo.tradingview.com/murudeshwar-cerami.svg,34.56
2500,BASML,Bannari Amman Spinning Mills Limited,NSE,https://s3-symbol-logo.tradingview.com/bannari-amman-spinning-mills-l.svg,27.2
2504,USK,Udayshivakumar Infra Ltd.,NSE,https://s3-symbol-logo.tradingview.com/udayshivakumar-infra-limited.svg,24.4
2505,ACMESOLAR,ACME Solar Holdings Ltd.,BSE,https://s3-symbol-logo.tradingview.com/acme-solar-ltd.svg,235.05
2506,THEMISMED,Themis Medicare Limited,NSE,https://s3-symbol-logo.tradingview.com/themis-medicare-ltd.svg,102.41
2507,ADVANCE,Advance Agrolife Ltd.,BSE,https://s3-symbol-logo.tradingview.com/advance-agrolife-ltd.svg,124.55
2508,SAMPANN,Sampann Utpadan India Ltd,NSE,https://s3-symbol-logo.tradingview.com/sampann-utpadan-india-limited.svg,33.27
2509,GTL,GTL Limited,BSE,https://s3-symbol-logo.tradingview.com/gtl-ltd.svg,8.2
2510,PIGL,Power & Instrumentation (Gujarat) Ltd.,NSE,https://s3-symbol-logo.tradingview.com/power-and-instrumentation-gujar.svg,129.63
2511,VGINFOTECH,Virtual Galaxy Infotech Ltd.,NSE,https://s3-symbol-logo.tradingview.com/virtual-galaxy-infotech-l.svg,152.85
2512,CEDAAR,Cedaar Textile Ltd.,NSE,https://s3-symbol-logo.tradingview.com/cedaar-textile-ltd.svg,63.0
2513,STCORP,S&T Corporation Limited,BSE,https://s3-symbol-logo.tradingview.com/sandt-ltd.svg,5.29
2514,SHAREINDIA,Share India Securities Ltd,BSE,https://s3-symbol-logo.tradingview.com/share-ind-securities-ltd.svg,174.8
2515,ABAN,Aban Offshore Limited,BSE,https://s3-symbol-logo.tradingview.com/aban-offshore-ltd.svg,23.53
2516,ACC,ACC Limited,BSE,https://s3-symbol-logo.tradingview.com/acc.svg,1763.55
2517,NACLIND,NACL Industries Ltd,BSE,https://s3-symbol-logo.tradingview.com/nacl-industries-limited.svg,169.45
2518,IGARASHI,Igarashi Motors India Limited,NSE,https://s3-symbol-logo.tradingview.com/igarashi-motors.svg,440.0
2519,ALGOQUANT,Algoquant Fintech Limited,BSE,https://s3-symbol-logo.tradingview.com/algoquant-fintech-limited.svg,59.25
2520,KIRLOSENG,Kirloskar Oil Engines Limited,BSE,https://s3-symbol-logo.tradingview.com/kirloskar-oil-engines.svg,1291.8
2521,SUNDARAM,Sundaram Multi Pap Limited,BSE,https://s3-symbol-logo.tradingview.com/sundaram-multi-pap-ltd.svg,1.75
2522,BOMDYEING,Bombay Dyeing & Manufacturing Co. Ltd.,BSE,https://s3-symbol-logo.tradingview.com/bombay-dyeing.svg,134.25
2523,VERITAAS,Veritaas Advertising Ltd.,NSE,https://s3-symbol-logo.tradingview.com/veritaas-advertisi.svg,59.1
2524,BSE500IETF,ICICI Prudential BSE 500 ETF,NSE,https://s3-symbol-logo.tradingview.com/icici-prudential-bank.svg,40.28
2525,CAPLIPOINT,Caplin Point Laboratories Limited,NSE,https://s3-symbol-logo.tradingview.com/caplin-point-laboratories.svg,1970.9
2526,ORIENTCER,Orient Ceratech Ltd,NSE,https://s3-symbol-logo.tradingview.com/orient-ceratech-limited.svg,41.38
2527,SUPTANERY,Super Tannery Ltd.,BSE,https://s3-symbol-logo.tradingview.com/super-tannery-limited.svg,7.0
2528,ADFFOODS,ADF Foods Limited,NSE,https://s3-symbol-logo.tradingview.com/adf-foods-ltd.svg,210.26
2529,LTGILTBEES,Reliance ETF Long Term Gilt,BSE,https://s3-symbol-logo.tradingview.com/nippon-life-india-asset.svg,28.96
2530,AUBANK,AU Small Finance Bank Limited,BSE,https://s3-symbol-logo.tradingview.com/au-small-finance-b.svg,977.25
2531,SMCGLOBAL,SMC Global Securities Ltd. (India),BSE,https://s3-symbol-logo.tradingview.com/smc-global-securities-ltd.svg,86.99
2532,TERASOFT,Tera Software Limited,NSE,https://s3-symbol-logo.tradingview.com/tera-software-ltd.svg,427.15
2533,ALLTIME,All Time Plastics Limited,NSE,https://s3-symbol-logo.tradingview.com/all-time-plastics-limited.svg,273.15
2534,NCLIND,NCL Industries Ltd,NSE,https://s3-symbol-logo.tradingview.com/ncl-industries.svg,198.01
2535,KOHINOOR,Kohinoor Foods Limited.,NSE,https://s3-symbol-logo.tradingview.com/kohinoor-foods-ltd.svg,28.81
2536,ATLANTAA,Atlantaa Ltd,NSE,https://s3-symbol-logo.tradingview.com/atlantaa-limited.svg,42.11
2537,KOTIC,Kothari Industrial Corp. Ltd.,BSE,https://s3-symbol-logo.tradingview.com/kothari-industrial.svg,215.1
2538,OSWALAGRO,Oswal Agro Mills Ltd.,NSE,https://s3-symbol-logo.tradingview.com/oswal-agro-mills-ltd.svg,58.89
2539,STLNETWORK,STL Networks Limited,BSE,https://s3-symbol-logo.tradingview.com/stl-networks-limited.svg,23.04
2540,CTE,Cambridge Technology Enterprises Limited,NSE,https://s3-symbol-logo.tradingview.com/cambridge-technology-enterpris.svg,40.05
2541,INTERARCH,Interarch Building Solutions Ltd,NSE,https://s3-symbol-logo.tradingview.com/interarch-building-prod-l.svg,2381.4
2542,JAYBARMARU,Jay Bharat Maruti Limited,BSE,https://s3-symbol-logo.tradingview.com/jay-bharat-maruti.svg,94.12
2543,VETO,Veto Switchgears & Cables Ltd.,NSE,https://s3-symbol-logo.tradingview.com/veto-switchgears-and-cables-li.svg,116.04
2544,ANDHRAPET,Andhra Petrochemicals Limited,BSE,https://s3-symbol-logo.tradingview.com/andhra-petrochemicals-ltd.svg,49.0
2546,JITFINFRA,JITF Infralogistics Ltd.,NSE,https://s3-symbol-logo.tradingview.com/jitf-infralogistics-limited.svg,279.55
2547,SBINEQWETF,SBI Nifty50 Equal Weight ETF,NSE,https://s3-symbol-logo.tradingview.com/sbi-mutual-fund.svg,33.7
2548,HGS,Hinduja Global Solutions Limited,NSE,https://s3-symbol-logo.tradingview.com/hinduja-global-sol.svg,461.45
2549,SIMPLEXINF,Simplex Infrastructures Limited,NSE,https://s3-symbol-logo.tradingview.com/simplex-infrastruc.svg,261.8
2550,THERMAX,Thermax Limited.,NSE,https://s3-symbol-logo.tradingview.com/thermax.svg,2916.0
2582,UNIVCABLES,Universal Cables Limited,NSE,https://s3-symbol-logo.tradingview.com/universal-cables-ltd.svg,886.9
2583,REALECO,Real Eco-Energy Limited,BSE,https://s3-symbol-logo.tradingview.com/real-eco-energy-limited.svg,4.97
2584,KOTAKBANK,Kotak Mahindra Bank Limited,BSE,https://s3-symbol-logo.tradingview.com/kotak-mahindra-bank.svg,2164.85
2585,HDFCBSE500,HDFC S&P BSE 500 ETF,NSE,https://s3-symbol-logo.tradingview.com/hdfc-bank.svg,38.29
2586,MILLENNIUM,Millennium Online Solutions (India) Limited,BSE,https://s3-symbol-logo.tradingview.com/millennium-online-solutions-i.svg,2.33
2587,SATIN,Satin Creditcare Network Ltd,NSE,https://s3-symbol-logo.tradingview.com/satin-creditcare-network-limit.svg,141.22
2588,AAREYDRUGS,Aarey Drugs & Pharmaceuticals Ltd.,NSE,https://s3-symbol-logo.tradingview.com/aarey-drugs-and-pharm-ltd.svg,70.75
2589,MOBIKWIK,One Mobikwik Systems Limited,BSE,https://s3-symbol-logo.tradingview.com/one-mobikwik-systems-limited.svg,236.25
2590,MAFATIND,Mafatlal Industries Limited,BSE,https://s3-symbol-logo.tradingview.com/mafatlal-industries-ltd.svg,154.85
2591,BHARTIARTL,Bharti Airtel Limited,BSE,https://s3-symbol-logo.tradingview.com/airtel.svg,2126.5
2592,JAYSYNTH,Jaysynth Orgochem Ltd,BSE,https://s3-symbol-logo.tradingview.com/jd-orgochem-ltd.svg,14.95
2593,HDFCLOWVOL,HDFC Nifty 100 Low Volatility 30 ETF,NSE,https://s3-symbol-logo.tradingview.com/hdfc-bank.svg,21.65
2594,DELTACORP,Delta Corp. Ltd. (India),BSE,https://s3-symbol-logo.tradingview.com/delta-air-lines.svg,71.29
2595,RAMANEWS,Shree Rama Newsprint Ltd.,NSE,https://s3-symbol-logo.tradingview.com/shree-rama-newspri.svg,30.82
2596,TNPL,Tamil Nadu Newsprint & Papers Ltd.,NSE,https://s3-symbol-logo.tradingview.com/tamil-nadu-newsprint-and-papers.svg,144.12
2598,IBLFL,IBL Finance Ltd.,NSE,https://s3-symbol-logo.tradingview.com/ibl-finance-ltd.svg,64.7
2599,INDONG,Indong Tea Co Limited,BSE,https://s3-symbol-logo.tradingview.com/indong-tea-company-limited.svg,10.2
2600,NATURO,Naturo Indiabull Ltd.,BSE,https://s3-symbol-logo.tradingview.com/naturo-indiabull-limited.svg,3.54
2611,MSRINDIA,MSR India Limited,BSE,https://s3-symbol-logo.tradingview.com/msr-india-ltd.svg,3.38
2612,AJMERA,Ajmera Realty & Infra India Ltd,NSE,https://s3-symbol-logo.tradingview.com/ajmera-realty-and-in.svg,967.0
2613,LOKESHMACH,Lokesh Machines Ltd,NSE,https://s3-symbol-logo.tradingview.com/lokesh-machines-ltd.svg,167.14
2614,KCLINFRA,KCL Infra Projects Ltd,BSE,https://s3-symbol-logo.tradingview.com/kcl-infra-projects-limited.svg,1.37
2615,RELIGARE,Religare Enterprises Limited,BSE,https://s3-symbol-logo.tradingview.com/religare-enterpris.svg,242.6
2616,GARFIBRES,Garware Technical Fibres Limited,NSE,https://s3-symbol-logo.tradingview.com/garware-technical-fibres.svg,690.5
2617,KRITINUT,Kriti Nutrients Limited,NSE,https://s3-symbol-logo.tradingview.com/kriti-nutrients-ltd.svg,67.96
2618,PRAENG,Prajay Engineers Syndicate Ltd,NSE,https://s3-symbol-logo.tradingview.com/prajay-engineers-syndicate-ltd.svg,26.77
2619,LIQUIDPLUS,Mirae Asset Nifty 1D Rate Liquid ETF - Growth Units -Growth,NSE,https://s3-symbol-logo.tradingview.com/mirae-asset-sec.svg,1065.08
2620,BANSALWIRE,Bansal Wire Industries Limited,NSE,https://s3-symbol-logo.tradingview.com/bansal-wire-industries-l.svg,312.0
2621,ROHLTD,Royal Orchid Hotels Limited,NSE,https://s3-symbol-logo.tradingview.com/royal-orchid-hotels-ltd.svg,412.75
2622,PVRINOX,PVR Inox Limited,BSE,https://s3-symbol-logo.tradingview.com/pvr.svg,1032.85
2623,NECCLTD,North Eastern Carrying Corp. Ltd.,NSE,https://s3-symbol-logo.tradingview.com/north-eastern-carrying-corpora.svg,18.59
2624,INDOTHAI,Indo Thai Securities Limited,BSE,https://s3-symbol-logo.tradingview.com/indo-thai-sec-ltd.svg,356.95
2625,MAINFRA,Maruti Infrastructure Limited,BSE,https://s3-symbol-logo.tradingview.com/maruti-infrastructure-ltd.svg,12.9
7871,BOSCH_HCIL,Johnson Controls-Hitachi Air Conditioning India Ltd.,NSE,BO,1466.0
2626,NAM_INDIA,Nippon Life India Asset Management Ltd.,BSE,https://s3-symbol-logo.tradingview.com/nippon-life-india-asset.svg,902.3
2627,JBMA,JBM Auto Limited,BSE,https://s3-symbol-logo.tradingview.com/jbm-auto-ltd.svg,584.0
2628,KIRIINDUS,Kiri Industries Limited,BSE,https://s3-symbol-logo.tradingview.com/kiri-industries.svg,582.55
2629,RDBRL,RDB Rasayans Ltd.,BSE,https://s3-symbol-logo.tradingview.com/rdb-rasayans-ltd.svg,174.45
2630,CAPITALSFB,Capital Small Finance Bank Limited,NSE,https://s3-symbol-logo.tradingview.com/capital-small-fin-bank-l.svg,263.8
2631,OBCL,Orissa Bengal Carrier Ltd.,NSE,https://s3-symbol-logo.tradingview.com/orissa-bengal-carrier-limited.svg,56.11
2632,ORTINGLOBE,Ortin Global Ltd,BSE,https://s3-symbol-logo.tradingview.com/ortin-laboratories-ltd.svg,13.68
2633,GULFOILLUB,Gulf Oil Lubricants India Ltd,NSE,https://s3-symbol-logo.tradingview.com/gulf-oil.svg,1221.3
2634,SEAMECLTD,SEAMEC Limited,NSE,https://s3-symbol-logo.tradingview.com/seamec-ltd.svg,1031.95
2635,GEMENVIRO,GEM Enviro Management Limited,BSE,https://s3-symbol-logo.tradingview.com/gem-enviro-management-limited.svg,59.12
2636,ZAPPFRESH,DSM Fresh Foods Limited,BSE,https://s3-symbol-logo.tradingview.com/dsm-fresh-foods-limited.svg,148.0
2637,INDIACEM,India Cements Ltd.,BSE,https://s3-symbol-logo.tradingview.com/india-cements.svg,445.65
2638,JUBLPHARMA,Jubilant Pharmova Limited,NSE,https://s3-symbol-logo.tradingview.com/jubilant-life-sciences.svg,1077.2
2639,REGENCY,Regency Fincorp Ltd,BSE,https://s3-symbol-logo.tradingview.com/regency-fincorp-limited.svg,33.43
2640,JAICORPLTD,Jai Corp Limited,BSE,https://s3-symbol-logo.tradingview.com/jai.svg,131.9
2641,INDXTRA,IEL Limited,BSE,https://s3-symbol-logo.tradingview.com/iel-limited.svg,7.0
2642,ARIGATO,Arigato Universe Limited,BSE,https://s3-symbol-logo.tradingview.com/saboo-brothers-ltd.svg,55.0
2643,GANESHHOU,Ganesh Housing Limited,NSE,https://s3-symbol-logo.tradingview.com/ganesh-housing-cp.svg,805.85
2644,LAXMIDENTL,Laxmi Dental Ltd.,NSE,https://s3-symbol-logo.tradingview.com/laxmi-dental-limited.svg,265.25
2645,YATRA,Yatra Online Limited,BSE,https://s3-symbol-logo.tradingview.com/yatra-online.svg,177.25
2646,GAMCO,Gamco Ltd,BSE,https://s3-symbol-logo.tradingview.com/visco-trade-associates-ltd.svg,40.0
2647,PLAZACABLE,Plaza Wires Limited,NSE,https://s3-symbol-logo.tradingview.com/plaza-wires-ltd.svg,41.37
2648,AXISCADES,AXISCADES Technologies Ltd.,NSE,https://s3-symbol-logo.tradingview.com/axiscades-technologies-limited.svg,1345.1
2649,RANASUG,Rana Sugars Limited,BSE,https://s3-symbol-logo.tradingview.com/rana-sugars-ltd.svg,12.71
2650,LATTEYS,Latteys Industries Ltd.,NSE,https://s3-symbol-logo.tradingview.com/latteys-industries-ltd.svg,21.6
2666,RAJTUBE,Rajasthan Tube Manufacturing Co. Ltd.,BSE,https://s3-symbol-logo.tradingview.com/rajasthan-tube-manufacturing-c.svg,41.88
2667,SUPREMEPWR,Supreme Power Equipment Ltd.,NSE,https://s3-symbol-logo.tradingview.com/supreme-power-equi.svg,200.0
2668,PRIVISCL,Privi Speciality Chemicals Limited,NSE,https://s3-symbol-logo.tradingview.com/privi-speciality.svg,3239.6
2669,OILIETF,ICICI Prudential Nifty Oil & Gas ETF,BSE,https://s3-symbol-logo.tradingview.com/icici-prudential-bank.svg,12.21
2670,TEJASNET,Tejas Networks Ltd.,BSE,https://s3-symbol-logo.tradingview.com/tejas-networks.svg,455.75
2671,NATHBIOGEN,Nath Bio-Genes (India) Ltd.,NSE,https://s3-symbol-logo.tradingview.com/nath-bio-genes.svg,159.38
2672,SADBHIN,Sadbhav Infrastructure Project Ltd.,BSE,https://s3-symbol-logo.tradingview.com/sadbhav-infra-proj.svg,3.76
2673,FLEXITUFF,Flexituff Ventures International Limited,NSE,https://s3-symbol-logo.tradingview.com/flexituff-ventures-internation.svg,14.74
2674,DCW,DCW Ltd.,BSE,https://s3-symbol-logo.tradingview.com/dcw.svg,60.79
2675,INDOBORAX,Indo Borax & Chemicals Limited,NSE,https://s3-symbol-logo.tradingview.com/indo-borax-and-chemicals-ltd.svg,261.47
2676,NITINSPIN,Nitin Spinners Limited,NSE,https://s3-symbol-logo.tradingview.com/nitin-spinners.svg,321.3
2677,SFL,Sheela Foam Ltd.,NSE,https://s3-symbol-logo.tradingview.com/sheela-foam.svg,583.55
2678,MARICO,Marico Limited,BSE,https://s3-symbol-logo.tradingview.com/marico.svg,730.05
2679,KARNAVATI,Karnavati Finance Ltd.,BSE,https://s3-symbol-logo.tradingview.com/karnavati-finance-limited.svg,1.45
2680,AJCON,Ajcon Global Services Ltd,BSE,https://s3-symbol-logo.tradingview.com/ajcon-global-services-ltd.svg,6.2
2681,GUJALKALI,Gujarat Alkalies & Chemicals Ltd.,NSE,https://s3-symbol-logo.tradingview.com/gujarat-alkalies.svg,507.6
2682,KPIGREEN,KPI Green Energy Limited,BSE,https://s3-symbol-logo.tradingview.com/kpi-green-energy-ltd.svg,418.45
2683,VTL,Vardhman Textiles Limited,NSE,https://s3-symbol-logo.tradingview.com/vardhman-textiles.svg,447.1
2684,ANUP,Anup Engineering Ltd.,NSE,https://s3-symbol-logo.tradingview.com/the-anup-engineering-ltd.svg,2178.8
2685,SANINFRA,Sanmit Infra Limited,BSE,https://s3-symbol-logo.tradingview.com/sanmit-infra-limited.svg,7.67
2686,NAGAFERT,Nagarjuna Fertilizers & Chemicals Ltd.,BSE,https://s3-symbol-logo.tradingview.com/nagarjuna-fertiliz.svg,4.65
2687,IFBAGRO,IFB Agro Industries Ltd.,NSE,https://s3-symbol-logo.tradingview.com/ifb-agro-industries-ltd.svg,1410.3
2688,GGL,Gautam Gems Ltd.,BSE,https://s3-symbol-logo.tradingview.com/gautam-gems-limited.svg,3.81
2689,ASHALOG,Ashapura Logistics Limited,NSE,https://s3-symbol-logo.tradingview.com/ashapura-logistics-ltd.svg,67.0
2690,UNIHEALTH,Unihealth Hospitals Ltd,NSE,https://s3-symbol-logo.tradingview.com/unihealth-consulta.svg,286.0
2691,GANGABATH,Ganga Bath Fittings Limited,NSE,https://s3-symbol-logo.tradingview.com/ganga-bath-fittings-ltd.svg,21.4
2692,SATECH,S A Tech Software India Ltd.,NSE,https://s3-symbol-logo.tradingview.com/s-a-tech-software-india-l.svg,53.0
2693,KESAR,Kesar India Ltd.,BSE,https://s3-symbol-logo.tradingview.com/kesar-india-limited.svg,1065.0
2694,TSC,TSC India Limited,NSE,https://s3-symbol-logo.tradingview.com/tsc-india-ltd.svg,46.8
2695,PRARUH,Praruh Technologies Limited,BSE,https://s3-symbol-logo.tradingview.com/praruh-technologies-limited.svg,52.0
2697,SUGSLLOYD,Sugs Lloyd Limited,BSE,https://s3-symbol-logo.tradingview.com/sugs-lloyd-limited.svg,117.5
2698,KENRIK,Kenrik Industries Limited,BSE,https://s3-symbol-logo.tradingview.com/kenrik-industries-limited.svg,10.23
2699,VLINFRA,V.L.Infraprojects Limited,NSE,https://s3-symbol-logo.tradingview.com/vlinfraprojects-ltd.svg,27.9
2700,PRITIKA,Pritika Engineering Components Ltd.,NSE,https://s3-symbol-logo.tradingview.com/pritika-eng-compo-ltd.svg,75.3
2723,TAURIAN,Taurian MPS Limited,NSE,https://s3-symbol-logo.tradingview.com/taurian-mps-limited.svg,231.65
2724,3IINFOLTD,3i Infotech Limited,BSE,https://s3-symbol-logo.tradingview.com/3i-infotech-ltd.svg,17.24
2725,KESARPE,Kesar Petroproducts Ltd.,BSE,https://s3-symbol-logo.tradingview.com/kesar-petroproducts-ltd.svg,24.38
2727,BHAGERIA,Bhageria Industries Ltd.,NSE,https://s3-symbol-logo.tradingview.com/bhageria-industrie.svg,186.3
2728,KIRLOSBROS,Kirloskar Brothers Ltd.,NSE,https://s3-symbol-logo.tradingview.com/kirloskar-brothers.svg,1627.1
2730,AGROPHOS,Agro Phos India Ltd.,NSE,https://s3-symbol-logo.tradingview.com/agro-phos-india-ltd.svg,39.98
2731,JAYAGROGN,Jayant Agro-Organics Limited,NSE,https://s3-symbol-logo.tradingview.com/jayant-agro-organics-ltd.svg,203.0
2732,MOHEALTH,Motilal Oswal S&P BSE Healthcare ETF,NSE,https://s3-symbol-logo.tradingview.com/motilal.svg,44.67
2733,ARUNIS,Arunis Abode Ltd.,BSE,https://s3-symbol-logo.tradingview.com/arunis-abode-limited.svg,139.15
2734,GPSL,Gabriel Pet Straps Ltd.,BSE,https://s3-symbol-logo.tradingview.com/gabriel-pet-straps-limited.svg,337.0
2735,SPLIL,SPL Industries Limited,NSE,https://s3-symbol-logo.tradingview.com/spl-industries-ltd.svg,33.99
2736,HARSHA,Harsha Engineers International Ltd.,NSE,https://s3-symbol-logo.tradingview.com/harsha-engineers-int-ltd.svg,375.0
2737,UTINIFTETF,UTI Nifty 50 ETF,NSE,https://s3-symbol-logo.tradingview.com/uti-asset-management.svg,288.4
2738,ETHOSLTD,Ethos Ltd.,NSE,https://s3-symbol-logo.tradingview.com/ethos-ltd.svg,3071.8
2739,DHANUKA,Dhanuka Agritech Limited,NSE,https://s3-symbol-logo.tradingview.com/dhanuka-agritech.svg,1190.9
2740,LAOPALA,La Opala RG Ltd.,NSE,https://s3-symbol-logo.tradingview.com/la-opala.svg,205.0
2741,WESTLIFE,Westlife Foodworld Limited,NSE,https://s3-symbol-logo.tradingview.com/westlife-development.svg,520.85
2742,AUTOIND,Autoline Industries Limited,BSE,https://s3-symbol-logo.tradingview.com/autoline-industrie.svg,80.7
2743,CELLO,Cello World Limited,NSE,https://s3-symbol-logo.tradingview.com/cello-world-ltd.svg,549.7
2745,UPSURGE,Upsurge Investment and Finance Limited,BSE,https://s3-symbol-logo.tradingview.com/upsurge-investment-and-finance-l.svg,65.6
2746,LIMECHM,Lime Chemicals Limited,BSE,https://s3-symbol-logo.tradingview.com/lime-chemicals-ltd.svg,12.75
2747,TREL,TransIndia Real Estate Limited,NSE,https://s3-symbol-logo.tradingview.com/transindia-real-estate-limited.svg,29.85
2748,MODAIRY,Modern Dairies Limited,BSE,https://s3-symbol-logo.tradingview.com/modern-dairies-ltd.svg,38.94
2749,FROG,Frog Innovations Limited,NSE,https://s3-symbol-logo.tradingview.com/frog-cellsat-ltd.svg,161.0
2750,GODREJPROP,Godrej Properties Limited,BSE,https://s3-symbol-logo.tradingview.com/godrej-properties.svg,2020.6
2753,KOTHARIPRO,Kothari Products Limited.,NSE,https://s3-symbol-logo.tradingview.com/kothari-products-ltd.svg,75.4
2754,PVSL,Popular Vehicles and Services Limited,NSE,https://s3-symbol-logo.tradingview.com/popular-vehicles-and-services.svg,119.15
2755,SUPREMEENG,Supreme Engineering Ltd.,NSE,https://s3-symbol-logo.tradingview.com/supreme-engineering-ltd.svg,1.15
2756,NIYOGIN,Niyogin Fintech Ltd,BSE,https://s3-symbol-logo.tradingview.com/niyogin-fintech-limited.svg,52.95
2757,UTTAMSUGAR,Uttam Sugar Mills Limited,NSE,https://s3-symbol-logo.tradingview.com/uttam-sugar-mills.svg,264.7
2758,INDOAMIN,Indo Amines Limited,NSE,https://s3-symbol-logo.tradingview.com/indo-amines-ltd.svg,129.6
2759,POLYPLEX,Polyplex Corporation Limited,NSE,https://s3-symbol-logo.tradingview.com/polyplex.svg,824.0
2760,SHREEREF,Shree Refrigerations Limited,BSE,https://s3-symbol-logo.tradingview.com/shree-refrigerations-limited.svg,194.0
2761,SPITZE,Maruti Interior Products Ltd.,BSE,https://s3-symbol-logo.tradingview.com/maruti-interior-products-limit.svg,160.47
2762,SRIVASAVI,Srivasavi Adhesive Tapes Limited,NSE,https://s3-symbol-logo.tradingview.com/srivasavi-adhesive.svg,46.6
2763,UBL,United Breweries Limited,NSE,https://s3-symbol-logo.tradingview.com/united-breweries.svg,1618.2
2764,HTMEDIA,HT Media Limited,NSE,https://s3-symbol-logo.tradingview.com/ht-media-ltd.svg,22.99
2765,INNOCORP,Innocorp Limited,BSE,https://s3-symbol-logo.tradingview.com/innocorp-ltd.svg,5.53
2766,HEALTHIETF,ICICI Prudential Nifty Healthcare ETF,NSE,https://s3-symbol-logo.tradingview.com/icici-prudential-bank.svg,151.55
2767,GOPAL,Gopal Snacks Limited,NSE,https://s3-symbol-logo.tradingview.com/gopal-snacks-limited.svg,313.3
2768,ANMOL,Anmol India Ltd.,NSE,https://s3-symbol-logo.tradingview.com/anmol-india-ltd.svg,13.75
2769,SMARTFIN,Smart Finsec Ltd.,BSE,https://s3-symbol-logo.tradingview.com/smart-finsec-limited.svg,8.83
2770,SAFFRON,Saffron Industries Limited,BSE,https://s3-symbol-logo.tradingview.com/saffron-industries-limited.svg,37.7
2771,ADANIENSOL,Adani Energy Solutions Ltd,BSE,https://s3-symbol-logo.tradingview.com/adani-transmiss-in.svg,1000.0
2772,WPIL,WPIL Limited,BSE,https://s3-symbol-logo.tradingview.com/wpil-ltd.svg,421.55
2773,PPARIVAH,Paradeep Parivahan Ltd.,BSE,https://s3-symbol-logo.tradingview.com/paradeep-parivahan-limited.svg,162.4
2774,ASHOKA,Ashoka Buildcon Limited,BSE,https://s3-symbol-logo.tradingview.com/ashoka-buildcon-lt.svg,176.95
2775,MEIL,Mangal Electrical Industries Limited,NSE,https://s3-symbol-logo.tradingview.com/mangal-electrical-industries-limited.svg,377.2
2776,TAINWALCHM,Tainwala Chemicals & Plastics (India) Ltd,NSE,https://s3-symbol-logo.tradingview.com/tainwala-chemicals-and-plastics.svg,200.5
2777,NETWEB,Netweb Technologies India Limited,BSE,https://s3-symbol-logo.tradingview.com/netweb-tech-india-ltd.svg,3238.1
2778,YATHARTH,Yatharth Hospital and Trauma Care Services Limited,BSE,https://s3-symbol-logo.tradingview.com/yatharth-hospital-and-trauma-car.svg,685.25
2779,GUFICBIO,Gufic Biosciences Limited,NSE,https://s3-symbol-logo.tradingview.com/gufic-biosciences.svg,345.6
2780,SRM,SRM Contractors Ltd.,BSE,https://s3-symbol-logo.tradingview.com/srm-contractors-limited.svg,526.6
2781,MMWL,Media Matrix Worldwide Limited,BSE,https://s3-symbol-logo.tradingview.com/media-matrix-worldwide-ltd.svg,10.05
2782,SILVERAG,Mirae Asset Silver ETF,BSE,https://s3-symbol-logo.tradingview.com/mirae-asset-sec.svg,205.63
2783,PETRONET,Petronet Lng Limited,BSE,https://s3-symbol-logo.tradingview.com/petronet-lng.svg,279.65
2784,ABHIFIN,Abhishek Finlease Ltd,BSE,https://s3-symbol-logo.tradingview.com/abhishek-finlease-limited.svg,42.25
2785,SPECIALITY,Speciality Restaurants Ltd.,NSE,https://s3-symbol-logo.tradingview.com/speciality-restaur.svg,114.58
2787,TATACHEM,Tata Chemicals Limited,BSE,https://s3-symbol-logo.tradingview.com/tata.svg,773.3
2788,TCIFINANCE,TCI Finance Limited,BSE,https://s3-symbol-logo.tradingview.com/tci-finance-ltd.svg,21.25
2789,NEWJAISA,Newjaisa Technologies Limited,NSE,https://s3-symbol-logo.tradingview.com/newjaisa-technolog.svg,27.05
2790,YASHHV,Yash Highvoltage Limited,BSE,https://s3-symbol-logo.tradingview.com/yash-highvoltage-limited.svg,439.9
2791,THOMASCOOK,Thomas Cook (India) Limited,BSE,https://s3-symbol-logo.tradingview.com/thomas-cook-india-ltd.svg,144.9
2792,VISHAL,Vishal Fabrics Ltd,BSE,https://s3-symbol-logo.tradingview.com/vishal-fabrics-ltd.svg,26.95
2793,ROLTA,Rolta India Limited,NSE,https://s3-symbol-logo.tradingview.com/rolta-india-ltd.svg,1.62
2794,AGSTRA,AGS Transact Technologies Ltd.,BSE,https://s3-symbol-logo.tradingview.com/ags-transact-technologies-limi.svg,4.23
2795,JAIBALAJI,Jai Balaji Industries Limited,BSE,https://s3-symbol-logo.tradingview.com/jai-balaji-industries-ltd.svg,63.9
2796,QPOWER,Quality Power Electrical Equipments Ltd.,BSE,https://s3-symbol-logo.tradingview.com/quality-power-electrical-equip.svg,740.8
2797,DBEIL,Deepak Builders & Engineers India Limited,NSE,https://s3-symbol-logo.tradingview.com/deepak-builders-and-eng-i-l.svg,121.57
2798,BEARDSELL,Beardsell Limited,NSE,https://s3-symbol-logo.tradingview.com/beardsell-limited.svg,30.42
2799,KHADIM,Khadim India Limited,NSE,https://s3-symbol-logo.tradingview.com/khadim-india-limited.svg,161.6
2800,DABUR,Dabur India Limited,BSE,https://s3-symbol-logo.tradingview.com/dabur.svg,493.9
2829,SUKHJITS,Sukhjit Starch & Chemicals Ltd.,NSE,https://s3-symbol-logo.tradingview.com/sukhjit-starch-and-chem-ltd.svg,154.72
2830,AGARIND,Agarwal Industrial Corporation Limited,NSE,https://s3-symbol-logo.tradingview.com/agarwal-industrial.svg,735.2
2831,AVROIND,AVRO India Ltd.,NSE,https://s3-symbol-logo.tradingview.com/avro-india-limited.svg,120.54
2832,BALUFORGE,Balu Forge Industries Ltd,BSE,https://s3-symbol-logo.tradingview.com/balu-forge-industries-limited.svg,623.55
2833,VENTIVE,Ventive Hospitality Limited,NSE,https://s3-symbol-logo.tradingview.com/ventive-hospitality-ltd.svg,709.0
2834,KNAGRI,KN Agri Resources Ltd.,NSE,https://s3-symbol-logo.tradingview.com/kn-agri-resources.svg,189.7
2835,MAGNUM,Magnum Ventures Limited.,NSE,https://s3-symbol-logo.tradingview.com/magnum-ventures-ltd.svg,22.86
2836,MOVALUE,Motilal Oswal S&P BSE Enhanced Value ETF Exchange Traded Fund Units,NSE,https://s3-symbol-logo.tradingview.com/motilal.svg,114.59
2837,KIRLFER,Kirloskar Ferrous Industries Ltd.,BSE,https://s3-symbol-logo.tradingview.com/kirloskar-ferrous-ind-ltd.svg,443.6
2838,CRISIL,CRISIL Limited,NSE,https://s3-symbol-logo.tradingview.com/crisil.svg,4296.9
2839,SSEGL,Sathlokhar Synergys E&C Global Limited,NSE,https://s3-symbol-logo.tradingview.com/sathlokhar-syn-eandc-glob-l.svg,455.0
2840,AEROENTER,Aeroflex Enterprises Ltd,BSE,https://s3-symbol-logo.tradingview.com/sat-industries-ltd.svg,89.0
2841,TRANSWORLD,Transworld Shipping Lines Ltd,NSE,https://s3-symbol-logo.tradingview.com/shreyas-ship-and-lo.svg,198.62
2842,BOHRAIND,Bohra Industries Ltd.,NSE,https://s3-symbol-logo.tradingview.com/bohra-industries-ltd.svg,18.5
2843,GAYATRI,Gayatri Sugars Limited,BSE,https://s3-symbol-logo.tradingview.com/gayatri-bioorganics-ltd.svg,11.05
2844,GOLD360,360 ONE Gold ETF Exchange Traded Fund Units,NSE,https://s3-symbol-logo.tradingview.com/360-one-mutual-fund.svg,133.45
2845,KOTARISUG,Kothari Sugars & Chemicals Ltd.,NSE,https://s3-symbol-logo.tradingview.com/kothari-sugarandchem.svg,28.07
2846,PANAMAPET,Panama Petrochem Limited,NSE,https://s3-symbol-logo.tradingview.com/panama-petrochem.svg,287.75
2847,ASHOKAMET,Ashoka Metcast Limited,NSE,https://s3-symbol-logo.tradingview.com/ashoka-metcast-ltd.svg,15.94
2848,VLSFINANCE,V L S Finance Limited,NSE,https://s3-symbol-logo.tradingview.com/vls-fin-ltd-india.svg,292.75
2849,TATACONSUM,Tata Consumer Products Limited,BSE,https://s3-symbol-logo.tradingview.com/tata.svg,1179.6
2850,GULPOLY,Gulshan Polyols Limited,NSE,https://s3-symbol-logo.tradingview.com/gulshan-polyols-ltd.svg,137.41
2866,HIRECT,Hind Rectifiers Limited,NSE,https://s3-symbol-logo.tradingview.com/hind-rectifiers-ltd.svg,1494.8
2867,METROBRAND,Metro Brands Ltd.,NSE,https://s3-symbol-logo.tradingview.com/metro-brands-ltd.svg,1155.3
2868,WHITEORG,White Organic Agro Ltd,BSE,https://s3-symbol-logo.tradingview.com/white-organic-retail-limited.svg,4.1
2869,TATAINVEST,Tata Investment Corporation Limited,BSE,https://s3-symbol-logo.tradingview.com/tata.svg,718.55
2870,AEGISVOPAK,Aegis Vopak Terminals Limited,BSE,https://s3-symbol-logo.tradingview.com/aegis-vopak-terminals-ltd.svg,249.45
2871,INDIQUBE,Indiqube Spaces Limited,NSE,https://s3-symbol-logo.tradingview.com/indiqube-spaces-ltd.svg,201.0
2872,RAJSREESUG,Rajshree Sugars & Chemicals Limited,NSE,https://s3-symbol-logo.tradingview.com/rajshree-sugars-and-chemicals-lt.svg,35.62
2873,SPORTKING,Sportking India Ltd.,NSE,https://s3-symbol-logo.tradingview.com/sportking-india-ltd.svg,91.26
2874,MAWANASUG,Mawana Sugars Limited,NSE,https://s3-symbol-logo.tradingview.com/mawana-sugars-ltd.svg,84.8
2875,CENTUM,Centum Electronics Limited,NSE,https://s3-symbol-logo.tradingview.com/centum-electronics-ltd.svg,2345.3
2876,EPL,EPL Limited,BSE,https://s3-symbol-logo.tradingview.com/essel-propack.svg,218.2
2877,LT,Larsen & Toubro Limited,BSE,https://s3-symbol-logo.tradingview.com/larsen-and-toubro.svg,4078.75
2878,GUJTHEM,Gujarat Themis Biosyn Ltd,NSE,https://s3-symbol-logo.tradingview.com/gujarat-themis-biosyn-ltd.svg,405.6
2879,CRYSTAL,Crystal Business System Ltd,BSE,https://s3-symbol-logo.tradingview.com/sadhna-broadcast-ltd.svg,2.0
2880,DSSL,Dynacons Systems & Solutions Ltd.,NSE,https://s3-symbol-logo.tradingview.com/dynacons-systems-and-solutions-l.svg,976.85
2881,BLKASHYAP,B.L. Kashyap & Sons Ltd.,BSE,https://s3-symbol-logo.tradingview.com/blkashyap-and-sons-ltd.svg,52.3
2882,KLL,Kaushalya Logistics Ltd.,NSE,https://s3-symbol-logo.tradingview.com/kaushalya-logistic.svg,47.8
2883,DANGEE,Dangee Dums Ltd.,NSE,https://s3-symbol-logo.tradingview.com/dangee-dums-ltd.svg,3.79
2884,DEN,DEN Networks Limited,BSE,https://s3-symbol-logo.tradingview.com/den-networks-ltd.svg,31.9
2885,SOLEX,Solex Energy Ltd.,NSE,https://s3-symbol-logo.tradingview.com/solex-energy-ltd.svg,1364.9
2886,RAMCOIND,Ramco Industries Limited,NSE,https://s3-symbol-logo.tradingview.com/ramco-industries.svg,317.5
2887,MAXHEALTH,Max Healthcare Institute Ltd,BSE,https://s3-symbol-logo.tradingview.com/max-healthcare.svg,1072.65
2888,INDOSTAR,IndoStar Capital Finance Limited,NSE,https://s3-symbol-logo.tradingview.com/indostar-capital-finance.svg,241.07
2889,CHATHA,Chatha Foods Ltd.,BSE,https://s3-symbol-logo.tradingview.com/chatha-foods-limited.svg,75.89
2890,GCMCAPI,GCM Capital Advisors Ltd,BSE,https://s3-symbol-logo.tradingview.com/gcm-capital-advisors-ltd.svg,4.92
2891,SHANTIGURU,Shanti Guru Industries Limited,BSE,https://s3-symbol-logo.tradingview.com/shanti-guru-industries-limited.svg,7.5
2892,JSHL,JLA Infraville Shoppers Ltd,BSE,https://s3-symbol-logo.tradingview.com/jla-infraville-shoppers-limite.svg,8.08
2893,DML,Diggi Multitrade Ltd.,BSE,https://s3-symbol-logo.tradingview.com/diggi-multitrade-limited.svg,10.2
2894,REXPIPES,Rex Pipes & Cables Industries Ltd.,NSE,https://s3-symbol-logo.tradingview.com/rex-pipes-and-cables.svg,152.0
2895,SIRCA,Sirca Paints India Ltd.,BSE,https://s3-symbol-logo.tradingview.com/sirca-paints-india.svg,497.2
2896,ESG,Mirae Asset Nifty 100 ESG Sector Leaders ETF,NSE,https://s3-symbol-logo.tradingview.com/mirae-asset-sec.svg,44.63
2897,DATAPATTNS,Data Patterns (India) Limited,BSE,https://s3-symbol-logo.tradingview.com/data-patterns-india-ltd.svg,2661.45
2898,GARNETINT,Garnet International Limited,BSE,https://s3-symbol-logo.tradingview.com/garnet-international-ltd.svg,55.0
2899,AVTNPL,AVT Natural Products Limited,NSE,https://s3-symbol-logo.tradingview.com/avt-natural-products.svg,66.82
2900,NESCO,NESCO Limited,NSE,https://s3-symbol-logo.tradingview.com/nesco.svg,1247.9
2911,CHOICEIN,Choice International Limited,BSE,https://s3-symbol-logo.tradingview.com/choice-international-ltd.svg,808.75
2912,RESPONIND,Responsive Industries Limited,NSE,https://s3-symbol-logo.tradingview.com/responsive-industr.svg,197.03
2913,GALAPREC,Gala Precision Engineering Limited,NSE,https://s3-symbol-logo.tradingview.com/gala-precision-engineering-lim.svg,814.95
2914,DLINKINDIA,D-Link (India) Ltd.,NSE,https://s3-symbol-logo.tradingview.com/d-link.svg,423.85
2915,AFCONS,Afcons Infrastructure Limited,BSE,https://s3-symbol-logo.tradingview.com/afcons-infrastructure-ltd.svg,385.2
2916,DODLA,Dodla Dairy Ltd.,NSE,https://s3-symbol-logo.tradingview.com/dodla-dairy.svg,1229.9
2917,IMEC,IMEC Services Ltd,BSE,https://s3-symbol-logo.tradingview.com/imec-services-limited.svg,273.0
2918,RELIABLE,Reliable Data Services Ltd.,NSE,https://s3-symbol-logo.tradingview.com/reliable-data-serv.svg,150.0
2919,MEDPLUS,MedPlus Health Services Ltd.,NSE,https://s3-symbol-logo.tradingview.com/medplus-health-serv-ltd.svg,815.55
2920,CELEBRITY,Celebrity Fashions Limited,NSE,https://s3-symbol-logo.tradingview.com/celebrity-fashions-ltd.svg,8.94
2921,MAPMYINDIA,C.E. Info Systems Ltd.,NSE,https://s3-symbol-logo.tradingview.com/c-e-info-systems-ltd.svg,1728.4
2922,ORIENTALTL,Oriental Trimex Limited,BSE,https://s3-symbol-logo.tradingview.com/oriental-trimex.svg,8.51
2923,ELGIRUBCO,Elgi Rubber Company Limited,NSE,https://s3-symbol-logo.tradingview.com/elgi-rubber-co-ltd.svg,48.0
2924,GURUNANAK,Gurunanak Agriculture India Limited,NSE,https://s3-symbol-logo.tradingview.com/gurunanak-agricultur-in-l.svg,34.35
2925,SOLVEX,Solvex Edibles Ltd.,BSE,https://s3-symbol-logo.tradingview.com/solvex-edibles-ltd.svg,30.07
2926,ACCPL,Accretion Pharmaceuticals Ltd.,NSE,https://s3-symbol-logo.tradingview.com/accretion-pharma-ltd.svg,87.05
2927,AUROIMPEX,Auro Impex & Chemicals Ltd.,NSE,https://s3-symbol-logo.tradingview.com/auro-impex-and-chemicals-limited.svg,43.7
2928,NMSTEEL,Newmalayalam Steel Limited,NSE,https://s3-symbol-logo.tradingview.com/newmalayalam-steel-ltd.svg,30.25
2929,HALDYNGL,Haldyn Glass Limited,BSE,https://s3-symbol-logo.tradingview.com/haldyn-glass-ltd.svg,93.5
2930,KAIZENAGRO,Kaizen Agro Infrabuild Limited,BSE,https://s3-symbol-logo.tradingview.com/kaizen-agro-infrabuild-limited.svg,14.56
2931,MANKIND,Mankind Pharma Ltd.,BSE,https://s3-symbol-logo.tradingview.com/mankind-pharma-limited.svg,2227.9
2932,AHLUCONT,Ahluwalia Contracts (India) Limited,NSE,https://s3-symbol-logo.tradingview.com/ahluwalia-cont-ltd.svg,988.55
2933,SWADEIN,Swadeshi Industries & Leasing Ltd.,BSE,https://s3-symbol-logo.tradingview.com/swadeshi-industries-leasing-co.svg,159.95
2934,ALKEM,Alkem Laboratories Ltd.,NSE,https://s3-symbol-logo.tradingview.com/alkem.svg,5581.0
2935,KARURVYSYA,Karur Vysya Bank Ltd.,BSE,https://s3-symbol-logo.tradingview.com/karur-vysya-bank.svg,252.1
2936,SIGNPOST,Signpost India Limited,NSE,https://s3-symbol-logo.tradingview.com/signpost-india-limited.svg,224.57
2937,VMARCIND,V-Marc India Limited,NSE,https://s3-symbol-logo.tradingview.com/v-marc-india-ltd.svg,735.0
2938,ORIANA,Oriana Power Limited,NSE,https://s3-symbol-logo.tradingview.com/oriana-power-ltd.svg,2311.0
2939,MTEDUCARE,MT Educare Ltd,BSE,https://s3-symbol-logo.tradingview.com/mt-educare-ltd.svg,1.86
2940,INDIAMART,IndiaMART InterMESH Ltd.,NSE,https://s3-symbol-logo.tradingview.com/indiamart.svg,2239.0
2941,MCX,Multi Commodity Exchange of India Limited,BSE,https://s3-symbol-logo.tradingview.com/multi-commodity-ex.svg,10836.95
2942,KOKUYOCMLN,Kokuyo Camlin Limited,NSE,https://s3-symbol-logo.tradingview.com/kokuyo-camlin-ltd.svg,89.99
2943,CHANDRIMA,Chandrima Mercantiles Ltd.,BSE,https://s3-symbol-logo.tradingview.com/chandrima-mercantiles-ltd.svg,10.11
2944,KEC,KEC International Ltd.,BSE,https://s3-symbol-logo.tradingview.com/kec-international.svg,741.0
2945,RKSWAMY,R K Swamy Limited,NSE,https://s3-symbol-logo.tradingview.com/r-k-swamy-limited.svg,112.99
2946,EIFFL,Euro India Fresh Foods Ltd.,NSE,https://s3-symbol-logo.tradingview.com/euro-i-fresh-foods-ltd.svg,249.7
2947,SUNPHARMA,Sun Pharmaceutical Industries Limited,BSE,https://s3-symbol-logo.tradingview.com/sun-pharmaceutical.svg,1767.15
2948,CGFL,Credent Global Finance Limited,BSE,https://s3-symbol-logo.tradingview.com/credent-global-finance-limited.svg,30.7
2949,MRP,MRP Agro Ltd.,BSE,https://s3-symbol-logo.tradingview.com/mrp-agro-limited.svg,94.55
2950,PRECISION,Precision Metaliks Ltd.,NSE,https://s3-symbol-logo.tradingview.com/precision-metaliks.svg,12.65
2977,NOIDATOLL,Noida Toll Bridge Co. Ltd.,NSE,https://s3-symbol-logo.tradingview.com/noida-toll-bridge-company-ltd.svg,4.39
2978,BSLGOLDETF,Aditya Birla Sun Life Gold ETF,BSE,https://s3-symbol-logo.tradingview.com/aditya-birla-fash.svg,119.98
2979,TCI,Transport Corporation of India Limited,NSE,https://s3-symbol-logo.tradingview.com/transport-corp-of.svg,1071.2
2980,IFGLEXPOR,IFGL Refractories Ltd.,NSE,https://s3-symbol-logo.tradingview.com/ifgl-refractories-limited.svg,208.95
2981,HINDUNILVR,Hindustan Unilever Limited,BSE,https://s3-symbol-logo.tradingview.com/unilever.svg,2293.0
2982,SULABEN,Sulabh Engineers & Services Ltd.,BSE,https://s3-symbol-logo.tradingview.com/sulabh-engineers-and-services-lt.svg,2.35
2983,MACOBSTECH,Macobs Technologies Ltd.,NSE,https://s3-symbol-logo.tradingview.com/macobs-technologies-ltd.svg,209.0
2984,CGRAPHICS,Creative Graphics Solutions India Ltd.,NSE,https://s3-symbol-logo.tradingview.com/creative-graphics.svg,200.0
2985,IRMENERGY,Irm Energy Limited,NSE,https://s3-symbol-logo.tradingview.com/irm-energy-ltd.svg,282.6
2986,SHARIKA,Sharika Enterprises Ltd.,BSE,https://s3-symbol-logo.tradingview.com/sharika-enterprises-limited.svg,13.44
2987,SHREEPUSHK,Shree Pushkar Chemicals & Fertilisers Ltd.,NSE,https://s3-symbol-logo.tradingview.com/shree-pushkar-chem.svg,395.2
2988,FEDFINA,Fedbank Financial Services Ltd.,BSE,https://s3-symbol-logo.tradingview.com/fedbank-financial-ser-l.svg,145.75
2989,MODISONLTD,Modison Limited,NSE,https://s3-symbol-logo.tradingview.com/modison-ltd.svg,137.24
2990,CRAFTSMAN,Craftsman Automation Ltd.,NSE,https://s3-symbol-logo.tradingview.com/craftsman-automation.svg,7104.5
2991,ELPROINTL,Elpro International Ltd,BSE,https://s3-symbol-logo.tradingview.com/elpro-international-ltd.svg,84.65
2992,TRANSRAILL,Transrail Lighting Limited,BSE,https://s3-symbol-logo.tradingview.com/transrail-lighting-limited.svg,604.35
2993,MONEYBOXX,MoneyBoxx Finance Ltd.,BSE,https://s3-symbol-logo.tradingview.com/moneyboxx-finance-limited.svg,62.65
2994,BIRLAMONEY,Aditya Birla Money Limited,NSE,https://s3-symbol-logo.tradingview.com/aditya-birla-money.svg,147.19
2995,RADHIKAJWE,Radhika Jeweltech Ltd,BSE,https://s3-symbol-logo.tradingview.com/radhika-jeweltech-ltd.svg,75.94
2996,FSL,Firstsource Solutions Limited,BSE,https://s3-symbol-logo.tradingview.com/firstsource-solutions.svg,351.3
2997,MANAKALUCO,Manaksia Aluminium Company Ltd,NSE,https://s3-symbol-logo.tradingview.com/manaksia-coated-metals-and-indus.svg,24.8
2998,SIL,Standard Industries Limited,NSE,https://s3-symbol-logo.tradingview.com/standard-inds.svg,16.24
2999,SILLYMONKS,Silly Monks Entertainment Ltd.,NSE,https://s3-symbol-logo.tradingview.com/silly-monks-entertain-ltd.svg,21.25
3000,ASALCBR,Associated Alcohols & Breweries Ltd.,NSE,https://s3-symbol-logo.tradingview.com/associated-alcohols-and-brewerie.svg,947.05
3008,GOELCONS,Goel Construction Co. Ltd.,BSE,https://s3-symbol-logo.tradingview.com/goel-construction-co-ltd.svg,307.0
3009,EMMFORCE,Emmforce Autotech Limited,BSE,https://s3-symbol-logo.tradingview.com/emmforce-autotech-limited.svg,147.0
3010,KDL,Kore Digital Limited,NSE,https://s3-symbol-logo.tradingview.com/kore-digital-ltd.svg,185.0
3011,ROSSELLIND,Rossell India Limited,NSE,https://s3-symbol-logo.tradingview.com/rossell-india-ltd.svg,50.54
3012,LXCHEM,Laxmi Organic Industries Ltd.,BSE,https://s3-symbol-logo.tradingview.com/laxmi-organic-industries.svg,174.6
3013,HDFCPVTBAN,HDFC Nifty Private Bank ETF Exchange Traded Fund Units,NSE,https://s3-symbol-logo.tradingview.com/hdfc-bank.svg,28.99
3014,ADANIENT,Adani Enterprises Limited,BSE,https://s3-symbol-logo.tradingview.com/adani.svg,2259.8
3015,DUKEOFS,Duke Offshore Ltd,BSE,https://s3-symbol-logo.tradingview.com/duke-offshore-ltd.svg,16.0
3016,VIRINCHI,Virinchi Ltd.,BSE,https://s3-symbol-logo.tradingview.com/virinchi-ltd.svg,24.28
3017,ARIES,Aries Agro Ltd.,NSE,https://s3-symbol-logo.tradingview.com/aries-agro-ltd.svg,319.05
3018,LPDC,Landmark Property Development Co. Ltd.,NSE,https://s3-symbol-logo.tradingview.com/landmark-property-development.svg,6.98
3019,MOMIDMTM,Motilal Oswal Nifty Midcap150 Momentum 50 Exchange Traded Fund Units,NSE,https://s3-symbol-logo.tradingview.com/motilal.svg,63.84
3020,VENKEYS,Venky's (India) Limited,NSE,https://s3-symbol-logo.tradingview.com/venky-s.svg,1445.0
3021,SETCO,Setco Automotive Limited,NSE,https://s3-symbol-logo.tradingview.com/setco-automotive.svg,15.1
3022,BHATIA,Bhatia Communications & Retail (India) Ltd.,BSE,https://s3-symbol-logo.tradingview.com/bhatia-communications-and-retail.svg,24.07
3023,PROSTARM,Prostarm Info Systems Limited,BSE,https://s3-symbol-logo.tradingview.com/prostarm-info-systems-ltd.svg,179.1
3024,PRECAM,Precision Camshafts Ltd.,BSE,https://s3-symbol-logo.tradingview.com/precision-camshaf.svg,164.15
3025,KRONOX,Kronox Lab Sciences Limited,NSE,https://s3-symbol-logo.tradingview.com/kronox-lab-sciences-limited.svg,143.16
3026,SHIVASHRIT,Shivashrit Foods Limited,NSE,https://s3-symbol-logo.tradingview.com/shivashrit-foods-ltd.svg,133.45
3027,TEXELIN,Texel Industries Ltd,BSE,https://s3-symbol-logo.tradingview.com/texel-industries-ltd.svg,82.4
3028,LAURUSLABS,Laurus Labs Ltd.,BSE,https://s3-symbol-logo.tradingview.com/laurus-labs.svg,1060.45
3029,BRIDGESE,Bridge Securities Limited,BSE,https://s3-symbol-logo.tradingview.com/bridge-securities-ltd.svg,13.4
3030,AZAD,Azad Engineering Limited,BSE,https://s3-symbol-logo.tradingview.com/azad-engineering-ltd.svg,1690.0
3031,MOTOGENFIN,Motor & General Finance Ltd.,NSE,https://s3-symbol-logo.tradingview.com/motor-and-general-finance-ltd.svg,23.0
3032,MID150CASE,Zerodha Nifty Midcap 150 ETF Exchange Traded Fund Units,BSE,https://s3-symbol-logo.tradingview.com/zerodha-mutual-fd.svg,11.15
3033,GROWWLOVOL,Groww Nifty 500 Low Volatility 50 ETF Units Exchange Traded Fund,NSE,https://s3-symbol-logo.tradingview.com/growwamc-growwdefnc.svg,10.74
3034,FAMILYCARE,Family Care Hospitals Ltd.,BSE,https://s3-symbol-logo.tradingview.com/family-care-hospitals-limited.svg,3.65
3035,ODIGMA,Odigma Consultancy Solutions Limited,NSE,https://s3-symbol-logo.tradingview.com/odigma-consultancy-sol-l.svg,31.9
3036,JONJUA,Jonjua Overseas Ltd.,BSE,https://s3-symbol-logo.tradingview.com/jonjua-overseas-limited.svg,8.0
3037,ASIANHOTNR,Asian Hotels (North) Limited,NSE,https://s3-symbol-logo.tradingview.com/asian-hotels-north.svg,317.75
3038,EMUDHRA,eMudhra Limited,NSE,https://s3-symbol-logo.tradingview.com/emudhra-ltd.svg,593.3
3039,METAINFO,Meta Infotech Ltd.,BSE,https://s3-symbol-logo.tradingview.com/meta-infotech-limited.svg,118.0
3040,CHANDAN,CHANDAN HEALTHCARE LIMITED,NSE,https://s3-symbol-logo.tradingview.com/chandan-healthcare-ltd.svg,293.0
3041,SYSTANGO,Systango Technologies Limited,NSE,https://s3-symbol-logo.tradingview.com/systango-technolog.svg,325.0
3042,ESPRIT,Esprit Stones Ltd.,NSE,https://s3-symbol-logo.tradingview.com/esprit-stones-ltd.svg,55.5
3043,PATELCHEM,Patel Chem Specialities Limited,BSE,https://s3-symbol-logo.tradingview.com/patel-chem-specialities-limite.svg,87.8
3044,MONIKA,Monika Alcobev Limited,BSE,https://s3-symbol-logo.tradingview.com/monika-alcobev-limited.svg,292.0
3045,BBTC,Bombay Burmah Trading Corp. Ltd.,NSE,https://s3-symbol-logo.tradingview.com/bombay-burmah-trading.svg,1906.0
3046,GATECHDVR,GACM Technologies Limited,BSE,https://s3-symbol-logo.tradingview.com/gacm-technologies-limited.svg,0.5
3047,INDOUS,Indo US Bio-Tech Ltd.,NSE,https://s3-symbol-logo.tradingview.com/indo-us-bio-tech-limited.svg,121.99
3048,IOLCP,IOL Chemicals & Pharmaceuticals Ltd.,BSE,https://s3-symbol-logo.tradingview.com/iol-chemicals-and-pharmaceutical.svg,83.75
3049,HEADSUP,Heads UP Ventures Limited,BSE,https://s3-symbol-logo.tradingview.com/heads-up-ventures-ltd.svg,9.49
3050,KERNEX,Kernex Microsystems India Ltd.,BSE,https://s3-symbol-logo.tradingview.com/kernex-microsystems-india-lt.svg,1285.0
3071,ABSMARINE,ABS Marine Services Ltd.,NSE,https://s3-symbol-logo.tradingview.com/abs-marine-service.svg,199.05
3072,AGNI,Agni Green Power Ltd.,NSE,https://s3-symbol-logo.tradingview.com/agni-green-power-l.svg,25.0
3073,PARASPETRO,Paras Petrofils Limited,BSE,https://s3-symbol-logo.tradingview.com/paras-petrofils-ltd.svg,1.88
3074,JSL,Jindal Stainless Limited,BSE,https://s3-symbol-logo.tradingview.com/jindal-stainless.svg,799.25
3075,SCHAEFFLER,Schaeffler India Ltd,NSE,https://s3-symbol-logo.tradingview.com/schaeffler.svg,3880.5
3076,ALLETEC,All E Technologies Limited,NSE,https://s3-symbol-logo.tradingview.com/all-e-technologies.svg,218.75
3077,PANJON,Panjon Ltd,BSE,https://s3-symbol-logo.tradingview.com/panjon-ltd.svg,18.75
3078,LASA,Lasa Supergenerics Ltd.,NSE,https://s3-symbol-logo.tradingview.com/lasa-supergenerics-limited.svg,9.22
3079,ANSALHSG,Ansal Housing Ltd.,BSE,https://s3-symbol-logo.tradingview.com/ansal-housing-limited.svg,9.52
3080,HILTON,Hilton Metal Forging Limited,BSE,https://s3-symbol-logo.tradingview.com/hilton-metal-forging-ltd.svg,42.9
3081,SENSEXETF,Mirae Asset S&P BSE Sensex ETF,NSE,https://s3-symbol-logo.tradingview.com/mirae-asset-sec.svg,87.69
3082,IGCL,Indogulf Cropsciences Limited,BSE,https://s3-symbol-logo.tradingview.com/indo-gulf-industries-ltd.svg,84.99
3083,ANJANI,Anjani Synthetics Limited,BSE,https://s3-symbol-logo.tradingview.com/anjani-synthetics-ltd.svg,23.48
3084,MOMENTUM,Aditya Birla Sun Life Nifty 200 Momentum 30 ETF,NSE,https://s3-symbol-logo.tradingview.com/aditya-birla-fash.svg,31.97
3085,BATLIBOI,Batliboi Limited,BSE,https://s3-symbol-logo.tradingview.com/batliboi-ltd.svg,110.4
3086,NAHARINDUS,Nahar Industrial Enterprises Limited,NSE,https://s3-symbol-logo.tradingview.com/nahar-industrial-enterprises-l.svg,112.0
3087,SCAGRO,SC Agrotech Ltd.,BSE,https://s3-symbol-logo.tradingview.com/sc-agrotech-limited.svg,29.11
3088,MUNJALSHOW,Munjal Showa Limited,NSE,https://s3-symbol-logo.tradingview.com/munjal-showa.svg,124.9
3089,INTERNET,Mirae Asset Nifty India Internet ETF Units Exchange Traded Fund,NSE,https://s3-symbol-logo.tradingview.com/mirae-asset-sec.svg,14.31
3090,ALPA,Alpa Laboratories Limited,NSE,https://s3-symbol-logo.tradingview.com/alpa-laboratories.svg,77.09
3091,HAL,Hindustan Aeronautics Limited,BSE,https://s3-symbol-logo.tradingview.com/hindustan-aeronautics-limited.svg,4433.0
3092,GLOBUSSPR,Globus Spirits Limited,NSE,https://s3-symbol-logo.tradingview.com/globus-spirits.svg,989.2
3093,CYIENT,Cyient Limited,BSE,https://s3-symbol-logo.tradingview.com/cyient.svg,1150.0
3094,SAMBHV,Sambhv Steel Tubes Limited,BSE,https://s3-symbol-logo.tradingview.com/sambhv-steel-tubes-limited.svg,96.9
3095,VASUDHAGAM,Vasudhagama Enterprises Limited,BSE,https://s3-symbol-logo.tradingview.com/vasudhagama-enterprises-limite.svg,3.06
3096,AKSHOPTFBR,Aksh Optifibre Limited,BSE,https://s3-symbol-logo.tradingview.com/aksh-optifibre-ltd.svg,6.62
3097,SREEL,Sreeleathers Ltd.,NSE,https://s3-symbol-logo.tradingview.com/sreeleathers-ltd.svg,218.2
3098,SUNDRMFAST,Sundram Fasteners Limited,NSE,https://s3-symbol-logo.tradingview.com/sundram-fasteners.svg,938.7
3099,GUJINJEC,Gujarat Inject (Kerala) Ltd,BSE,https://s3-symbol-logo.tradingview.com/gujarat-inject-kerala-ltd.svg,34.7
3100,UNIECOM,Unicommerce eSolutions Limited,BSE,https://s3-symbol-logo.tradingview.com/unicommerce-esolutions-limited.svg,117.0
3120,MMEL,Moving Media Entertainment Limited,NSE,https://s3-symbol-logo.tradingview.com/moving-media-enter-ltd.svg,51.5
3121,PARMESHWAR,Parmeshwar Metal Limited,BSE,https://s3-symbol-logo.tradingview.com/parmeshwar-metal-limited.svg,127.0
3122,EIGHTY,Eighty Jewellers Ltd.,BSE,https://s3-symbol-logo.tradingview.com/eighty-jewellers-limited.svg,32.7
3123,PATRON,Patron Exim Ltd.,BSE,https://s3-symbol-logo.tradingview.com/patron-exim-limited.svg,3.29
3124,DPL,Dipna Pharmachem Limited,BSE,https://s3-symbol-logo.tradingview.com/dipna-pharmachem-limited.svg,16.75
3125,ACTIVEINFR,Active Infrastructures Limited,NSE,https://s3-symbol-logo.tradingview.com/active-infrastructures-l.svg,172.0
3126,CCAL,City Crops Agro Limited,BSE,https://s3-symbol-logo.tradingview.com/city-crops-agro-limited.svg,18.82
3127,SUNSKY,Sunsky Logistics Ltd.,BSE,https://s3-symbol-logo.tradingview.com/sunsky-logistics-ltd.svg,70.0
3128,SBCL,Shivalik Bimetal Controls Ltd,NSE,https://s3-symbol-logo.tradingview.com/shivalik-bimetal-con-ltd.svg,447.3
3129,KDDL,KDDL Limited,NSE,https://s3-symbol-logo.tradingview.com/kddl.svg,2408.0
3130,IZMO,IZMO Limited,BSE,https://s3-symbol-logo.tradingview.com/izmo-limited.svg,847.0
3131,RESTILE,Restile Ceramics Limited,BSE,https://s3-symbol-logo.tradingview.com/restile-ceramics-ltd.svg,6.72
3132,ADVANIHOTR,Advani Hotels & Resorts (India) Ltd.,NSE,https://s3-symbol-logo.tradingview.com/advani-hotels-and-resorts-india.svg,57.26
3133,INDHOTEL,Indian Hotels Co. Ltd.,BSE,https://s3-symbol-logo.tradingview.com/indian-hotels.svg,737.5
3134,MIDCAP,Kotak Mahindra Mutual Fund - Kotak Midcap 50 ETF,NSE,https://s3-symbol-logo.tradingview.com/kotak-mahindra-ast.svg,176.91
3135,NV20BEES,Nippon India ETF Nifty 50 Value 20,NSE,https://s3-symbol-logo.tradingview.com/nippon-life-india-asset.svg,155.96
3136,COMFINCAP,Comfort Fincap Ltd.,BSE,https://s3-symbol-logo.tradingview.com/comfort-intech-ltd.svg,7.26
3137,ROJL,RO Jewels Ltd.,BSE,https://s3-symbol-logo.tradingview.com/ro-jewels-limited.svg,1.97
3138,VIVANZA,Vivanza Biosciences Ltd.,BSE,https://s3-symbol-logo.tradingview.com/vivanza-biosciences-limited.svg,2.04
3139,ICICIPRULI,ICICI Prudential Life Insurance Co. Ltd.,BSE,https://s3-symbol-logo.tradingview.com/icici-prudential-life-insurance.svg,650.5
3140,SUNDARMFIN,Sundaram Finance Limited,NSE,https://s3-symbol-logo.tradingview.com/sundaram-finance.svg,4948.1
3141,MKEXIM,M.K. Exim (India) Limited,BSE,https://s3-symbol-logo.tradingview.com/m-k-exim-india-ltd.svg,57.71
3142,LIQUIDETF,DSP NIFTY 1D Rate Liquid ETF,NSE,https://s3-symbol-logo.tradingview.com/dsp-blackrock-mutu.svg,999.99
3143,TUTIALKA,Tuticorin Alkali Chemicals & Fertilizers Limited,BSE,https://s3-symbol-logo.tradingview.com/tuticorin-alkali-chemicals-and.svg,49.0
3144,SMARTWORKS,Smartworks Coworking Spaces Limited,NSE,https://s3-symbol-logo.tradingview.com/smartworks-coworking-sp-l.svg,467.25
3145,VINNY,Vinny Overseas Ltd.,BSE,https://s3-symbol-logo.tradingview.com/vinny-overseas-limited.svg,1.32
3146,GOLDETFADD,DSP Gold ETF Exchange Traded Fund Units,BSE,https://s3-symbol-logo.tradingview.com/dsp-blackrock-mutu.svg,128.65
3147,BAJAJHCARE,Bajaj Healthcare Ltd,BSE,https://s3-symbol-logo.tradingview.com/bajaj-healthcare-limited.svg,422.45
3148,ASTERDM,Aster DM Healthcare Ltd.,BSE,https://s3-symbol-logo.tradingview.com/aster-dm-healthcare.svg,596.4
3149,HDFCGROWTH,HDFC NIFTY Growth Sectors 15 ETF,NSE,https://s3-symbol-logo.tradingview.com/hdfc-bank.svg,130.86
3150,BSL,BSL Ltd,NSE,https://s3-symbol-logo.tradingview.com/bsl-ltd.svg,156.48
3152,YOGISUNG,Yogi Infra Projects Limited,BSE,https://s3-symbol-logo.tradingview.com/yogi-sung-won-india-ltd.svg,8.25
3153,DHANBANK,Dhanlaxmi Bank Ltd,BSE,https://s3-symbol-logo.tradingview.com/dhanlaxmi-bank.svg,24.77
3154,PRABHA,Prabha Energy Limited,NSE,https://s3-symbol-logo.tradingview.com/prabha-energy-ltd.svg,196.7
3155,ARCHIES,Archies Limited,BSE,https://s3-symbol-logo.tradingview.com/archies-ltd.svg,18.29
3156,KEEPLEARN,DSJ Keep Learning Limited,NSE,https://s3-symbol-logo.tradingview.com/dsj-keep-learning.svg,2.54
3157,RRKABEL,RR Kabel Ltd.,BSE,https://s3-symbol-logo.tradingview.com/r-r-kabel-ltd.svg,1520.05
3158,FMGOETZE,Federal-Mogul Goetze (India) Limited,BSE,https://s3-symbol-logo.tradingview.com/federal-mogul-goetze-india-l.svg,450.0
3159,GARUDA,Garuda Construction and Engineering Limited,BSE,https://s3-symbol-logo.tradingview.com/garuda-construct-n-eng-l.svg,202.05
3160,MEAPL,Modern Engineering & Projects Limited,BSE,https://s3-symbol-logo.tradingview.com/modern-engineering-and-project.svg,34.97
3161,JKIPL,Jinkushal Industries Limited,BSE,https://s3-symbol-logo.tradingview.com/jinkushal-industries-limited.svg,93.45
3162,KRISHNA,Krishna Ventures Limited,BSE,https://s3-symbol-logo.tradingview.com/krishna-ventures-limited.svg,16.7
3163,MADHURIND,Madhur Industries Limited,BSE,https://s3-symbol-logo.tradingview.com/madhur-industries-ltd.svg,6.18
3164,ADROITINFO,Adroit Infotech Limited,BSE,https://s3-symbol-logo.tradingview.com/adroit-infotech-limited.svg,10.39
3165,MANBA,Manba Finance Limited,BSE,https://s3-symbol-logo.tradingview.com/manba-finance-limited.svg,139.05
3166,MANINDS,Man Industries (India) Limited,BSE,https://s3-symbol-logo.tradingview.com/man-industries.svg,404.0
3167,SETFNN50,SBI-ETF Nifty Next 50,NSE,https://s3-symbol-logo.tradingview.com/sbi-mutual-fund.svg,737.53
3168,DYNAMATECH,Dynamatic Technologies Limited,NSE,https://s3-symbol-logo.tradingview.com/dynamatic-technolo.svg,9635.5
3169,SOUTHWEST,South West Pinnacle Exploration Ltd.,BSE,https://s3-symbol-logo.tradingview.com/south-west-pinnacle-exploratio.svg,189.9
3170,NATURAL,Natural Biocon India Ltd.,BSE,https://s3-symbol-logo.tradingview.com/natural-biocon-india-limited.svg,4.73
3171,GREENPLY,Greenply Industries Ltd,BSE,https://s3-symbol-logo.tradingview.com/greenply.svg,261.2
3172,CHANDNIMACH,Chandni Machines Ltd.,BSE,https://s3-symbol-logo.tradingview.com/chandni-machines-limited.svg,84.14
3173,AONELIQUID,Angel One Nifty 1D Rate Liquid ETF - Growth Units Exchange Traded Fund,NSE,https://s3-symbol-logo.tradingview.com/angel-broking.svg,1039.66
3174,DOLLAR,Dollar Industries Ltd.,NSE,https://s3-symbol-logo.tradingview.com/dollar-industries.svg,365.95
3175,HDFCNIF100,HDFC Nifty 100 ETF,NSE,https://s3-symbol-logo.tradingview.com/hdfc-bank.svg,27.43
3176,GICRE,General Insurance Corporation of India,BSE,https://s3-symbol-logo.tradingview.com/general-insurance.svg,371.8
3177,VALIANTORG,Valiant Organics Limited,NSE,https://s3-symbol-logo.tradingview.com/valiant-organics.svg,271.15
3178,RASIELEC,Rasi Electrodes Limited,BSE,https://s3-symbol-logo.tradingview.com/rasi-electrodes-ltd.svg,15.21
3179,WAGEND,Wagend Infra Venture Limited,BSE,https://s3-symbol-logo.tradingview.com/wagend-infra-venture-limited.svg,1.07
3180,KOPRAN,Kopran Limited,BSE,https://s3-symbol-logo.tradingview.com/kopran.svg,139.65
3181,GSEC5IETF,ICICI Prudential Nifty 5 yr Benchmark G-SEC ETF,NSE,https://s3-symbol-logo.tradingview.com/icici-prudential-bank.svg,63.71
3182,LYPSAGEMS,Lypsa Gems & Jewellery Ltd.,NSE,https://s3-symbol-logo.tradingview.com/lypsa-gems-and-jewellery-ltd.svg,4.76
3183,SPELS,SPEL Semiconductor Limited,BSE,https://s3-symbol-logo.tradingview.com/spel-semiconductor-ltd.svg,146.0
3184,SHYAMMETL,Shyam Metalics & Energy Ltd.,BSE,https://s3-symbol-logo.tradingview.com/shyam-metalics-and-energy.svg,833.4
3185,AADIIND,Aadi Industries Limited,BSE,https://s3-symbol-logo.tradingview.com/aadi-industries-ltd.svg,9.86
3186,BHARATGEAR,Bharat Gears Limited,NSE,https://s3-symbol-logo.tradingview.com/bharat-gears-ltd.svg,106.83
3187,MIRCELECTR,MIRC Electronics Limited,BSE,https://s3-symbol-logo.tradingview.com/mirc-electronics-ltd.svg,25.5
3188,TEAM24,Team24 Consumer Products Limited,BSE,https://s3-symbol-logo.tradingview.com/kore-foods-limited.svg,26.81
3189,KATARIA,Kataria Industries Limited,NSE,https://s3-symbol-logo.tradingview.com/kataria-industries-ltd.svg,101.0
3190,PATILAUTOM,Patil Automation Ltd.,NSE,https://s3-symbol-logo.tradingview.com/patil-automation-ltd.svg,189.0
3191,INDOCO,Indoco Remedies Limited,NSE,https://s3-symbol-logo.tradingview.com/indoco-remedies.svg,237.1
3192,LATENTVIEW,Latent View Analytics Limited,BSE,https://s3-symbol-logo.tradingview.com/latent-view-analytics.svg,473.0
3193,PRESTIGE,Prestige Estates Projects Limited,BSE,https://s3-symbol-logo.tradingview.com/prestige-estates-projects.svg,1601.45
3194,BAJEL,Bajel Projects Limited,BSE,https://s3-symbol-logo.tradingview.com/bajel-projects-limited.svg,175.85
3195,APARINDS,APAR Industries Limited,NSE,https://s3-symbol-logo.tradingview.com/apar-industries.svg,8932.5
3196,EVIETF,ICICI Prudential Nifty EV & New Age Automotive ETF Exchange Traded Fund Units,BSE,https://s3-symbol-logo.tradingview.com/icici-prudential-bank.svg,31.62
3197,CONFIPET,Confidence Petroleum India Limited,BSE,https://s3-symbol-logo.tradingview.com/confidence-petroleum-india.svg,36.1
3198,TANLA,Tanla Platforms Ltd,BSE,https://s3-symbol-logo.tradingview.com/tanla.svg,548.0
3199,MPSLTD,MPS Limited,NSE,https://s3-symbol-logo.tradingview.com/mps-ltd.svg,2008.1
3231,READYMIX,Readymix Construction Machinery Ltd.,NSE,https://s3-symbol-logo.tradingview.com/readymix-constru-machi-l.svg,119.0
3232,JUSTO,Justo Realfintech Limited,BSE,https://s3-symbol-logo.tradingview.com/justo-realfintech-limited.svg,98.4
3233,UFBL,United Foodbrands Limited,BSE,https://s3-symbol-logo.tradingview.com/barbeque-nation-hosp-ltd.svg,191.25
3234,NIVABUPA,Niva Bupa Health Insurance Company Limited,BSE,https://s3-symbol-logo.tradingview.com/niva-bupa-health-ins-co-l.svg,75.85
3235,DELPHIFX,Delphi World Money Limited,BSE,https://s3-symbol-logo.tradingview.com/delphi-world-money-limited.svg,244.85
3236,INDNIPPON,India Nippon Electricals Limited,NSE,https://s3-symbol-logo.tradingview.com/india-nippon-electricals-ltd.svg,811.2
3237,INDIGO,InterGlobe Aviation Ltd,BSE,https://s3-symbol-logo.tradingview.com/interglobe-aviatio.svg,5161.0
3238,GSPL,Gujarat State Petronet Limited,BSE,https://s3-symbol-logo.tradingview.com/gujarat-state-petronet.svg,297.95
3239,KRT,Knowledge Realty Trust,BSE,https://s3-symbol-logo.tradingview.com/knowledge-realty-trust.svg,125.12
3240,SOMANYCERA,Somany Ceramics Limited,NSE,https://s3-symbol-logo.tradingview.com/somany-ceramics.svg,419.25
3241,GUJSTATFIN,Gujarat State Financial Corp.,BSE,https://s3-symbol-logo.tradingview.com/gujarat-state-financial-corpor.svg,11.6
3242,TI,Tilaknagar Industries Limited,BSE,https://s3-symbol-logo.tradingview.com/tilaknagar-industries-ltd.svg,467.3
3243,JASH,Jash Engineering Ltd.,NSE,https://s3-symbol-logo.tradingview.com/jash-engineering-ltd.svg,436.05
3244,MID150BEES,Nippon India ETF Nifty Midcap 150,BSE,https://s3-symbol-logo.tradingview.com/nippon-life-india-asset.svg,229.99
3245,CHALET,Chalet Hotels Ltd.,BSE,https://s3-symbol-logo.tradingview.com/chalet-hotels.svg,896.3
3246,VINEETLAB,Vineet Laboratories Ltd.,BSE,https://s3-symbol-logo.tradingview.com/vineet-laboratories-limited.svg,39.74
3247,DJML,DJ Mediaprint & Logistics Ltd,BSE,https://s3-symbol-logo.tradingview.com/dj-mediaprint-and-logistics-limi.svg,69.66
3248,BONLON,Bonlon Industries Ltd,BSE,https://s3-symbol-logo.tradingview.com/bonlon-industries-limited.svg,42.5
3250,EFFWA,Effwa Infra & Research Ltd.,NSE,https://s3-symbol-logo.tradingview.com/effwa-infra-and-research-l.svg,236.05
3264,ZODIAC,Zodiac Energy Ltd.,NSE,https://s3-symbol-logo.tradingview.com/zodiac-ventures-limited.svg,306.75
3266,JAMSHRI,Jamshri Realty Ltd.,BSE,https://s3-symbol-logo.tradingview.com/jamshri-realty-limited.svg,99.75
3267,PNBHOUSING,PNB Housing Finance Limited,BSE,https://s3-symbol-logo.tradingview.com/pnb-housing-finance.svg,933.65
3268,WSI,W.S. Industries (India) Limited,BSE,https://s3-symbol-logo.tradingview.com/wsindustries-india-ltd.svg,92.29
3269,VIMTALABS,Vimta Labs Limited,BSE,https://s3-symbol-logo.tradingview.com/vimta-laboratories.svg,634.15
3270,CIPLA,Cipla Ltd,BSE,https://s3-symbol-logo.tradingview.com/cipla.svg,1508.2
3272,CPEDU,Career Point Edutech Limited,NSE,https://s3-symbol-logo.tradingview.com/career-point-edutech-limited.svg,262.75
3273,ZYDUSLIFE,Zydus Lifesciences Limited,BSE,https://s3-symbol-logo.tradingview.com/cadila-healthcare.svg,926.5
3274,IITL,Industrial Investment Trust Limited,NSE,https://s3-symbol-logo.tradingview.com/indinvtr-gds.svg,170.09
3275,ODYCORP,Odyssey Corporation Limited,BSE,https://s3-symbol-logo.tradingview.com/odyssey-ltd.svg,8.27
3276,TNSTLTU,Tamilnadu Steel Tubes Ltd.,BSE,https://s3-symbol-logo.tradingview.com/tamilnadu-steel-tubes-ltd.svg,44.79
3277,ALUWIND,Aluwind Infra-Tech Ltd,NSE,https://s3-symbol-logo.tradingview.com/aluwind-architectu.svg,72.0
3278,QUICKTOUCH,Quicktouch Technologies Limited,NSE,https://s3-symbol-logo.tradingview.com/quicktouch-tech.svg,40.65
3279,PHANTOMFX,Phantom Digital Effects Ltd.,NSE,https://s3-symbol-logo.tradingview.com/phantom-digital-ef.svg,240.5
3280,SANCODE,Sancode Technologies Limited,BSE,https://s3-symbol-logo.tradingview.com/sancode-technologies-limited.svg,156.7
3281,TEXMOPIPES,Texmo Pipes & Products Ltd.,NSE,https://s3-symbol-logo.tradingview.com/texmo-pipes.svg,47.97
3282,DARJEELING,Darjeeling Ropeway Co. Ltd.,BSE,https://s3-symbol-logo.tradingview.com/darjeeling-ropeway-company-lim.svg,30.18
3283,WIPL,Western India Plywoods Ltd.,NSE,https://s3-symbol-logo.tradingview.com/the-western-india.svg,149.9
3284,MUKTA,Mukta Agriculture Ltd.,BSE,https://s3-symbol-logo.tradingview.com/mukta-agriculture-limited.svg,3.02
3285,BLACKBUCK,Blackbuck Ltd,BSE,https://s3-symbol-logo.tradingview.com/zinka-logistics-solutions-limi.svg,636.45
3286,JUPITERIN,Jupiter Infomedia Ltd.,BSE,https://s3-symbol-logo.tradingview.com/jupiter-infomedia-ltd.svg,33.0
3287,DOLATALGO,Dolat Algotech Limited,BSE,https://s3-symbol-logo.tradingview.com/dolat-investments.svg,88.01
3288,SAHAJSOLAR,Sahaj Solar Limited,NSE,https://s3-symbol-logo.tradingview.com/sahaj-solar-ltd.svg,163.55
3289,HIGREEN,HI-Green Carbon Limited,NSE,https://s3-symbol-logo.tradingview.com/hi-green-carbon-li.svg,134.35
3290,SKFINDIA,SKF India Limited,NSE,https://s3-symbol-logo.tradingview.com/skf.svg,1767.4
3291,EIDPARRY,E.I.D.-Parry (India) Limited,BSE,https://s3-symbol-logo.tradingview.com/e-i-d-parry.svg,1066.7
3292,GEMAROMA,Gem Aromatics Limited,BSE,https://s3-symbol-logo.tradingview.com/gem-aromatics-limited.svg,160.75
3293,AMANTA,Amanta Healthcare Limited,NSE,https://s3-symbol-logo.tradingview.com/amanta-healthcare-limited.svg,110.52
3294,ANUHPHR,Anuh Pharma Limited,NSE,https://s3-symbol-logo.tradingview.com/anuh-pharma.svg,78.59
3295,YUG,Yug Decor Ltd,BSE,https://s3-symbol-logo.tradingview.com/yug-decor-limited.svg,23.99
3296,GCKL,Galaxy Cloud Kitchens Limited,BSE,https://s3-symbol-logo.tradingview.com/galaxy-cloud-kitchens-limited.svg,17.05
3297,A2ZINFRA,A2Z Infra Engineering Limited,BSE,https://s3-symbol-logo.tradingview.com/a2z-infra-engineering-limited.svg,15.3
3298,BAIDFIN,Baid Finserv Limited,BSE,https://s3-symbol-logo.tradingview.com/baid-finserv-limited.svg,11.72
3299,RAYMONDREL,Raymond Realty Limited,BSE,https://s3-symbol-logo.tradingview.com/raymond-realty-limited.svg,496.8
3300,EASTINDIA,East India Drums and Barrels Manufacturing Limited,BSE,https://s3-symbol-logo.tradingview.com/east-india-drums-and-barrels-m.svg,87.75
3313,ASIANTNE,Asian Tea & Exports Ltd.,BSE,https://s3-symbol-logo.tradingview.com/asian-tea-and-exports-ltd.svg,10.64
3314,MATHEWE,Mathew Easow Research Securities Ltd,BSE,https://s3-symbol-logo.tradingview.com/mathew-easow-research-securiti.svg,12.87
3315,LUMAXTECH,Lumax Auto Technologies Limited,BSE,https://s3-symbol-logo.tradingview.com/lumax.svg,1575.5
3316,GRANDMA,Grandma Trading & Agencies Ltd.,BSE,https://s3-symbol-logo.tradingview.com/grandma-trading-and-agencies-ltd.svg,0.49
3317,ZIMLAB,Zim Laboratories Ltd.,NSE,https://s3-symbol-logo.tradingview.com/zim-laboratories-limited.svg,71.44
3318,DNAMEDIA,Diligent Media Corp. Ltd.,NSE,https://s3-symbol-logo.tradingview.com/diligent-media-lim.svg,3.99
3319,INDBANK,Indbank Merchant Banking Services Limited,NSE,https://s3-symbol-logo.tradingview.com/indbank-merch-bank.svg,35.33
3320,GESHIP,Great Eastern Shipping Co. Ltd.,BSE,https://s3-symbol-logo.tradingview.com/great-eastern-shipping.svg,1105.85
3321,WINDMACHIN,Windsor Machines Limited,NSE,https://s3-symbol-logo.tradingview.com/windsor-machines.svg,269.2
3322,ACTIVE,Active Clothing Co. Ltd.,BSE,https://s3-symbol-logo.tradingview.com/active-clothing-co-limited.svg,107.0
3323,LATIMMETAL,La Tim Metal & Industries Ltd,BSE,https://s3-symbol-logo.tradingview.com/la-tim-metal-and-industries-limi.svg,10.48
3324,TAJGVK,TAJGVK Hotels & Resorts Ltd.,BSE,https://s3-symbol-logo.tradingview.com/oriental-hotels.svg,412.9
3325,VASCONEQ,Vascon Engineers Limited,BSE,https://s3-symbol-logo.tradingview.com/vascon-engineers-ltd.svg,48.0
3326,PRIMESECU,Prime Securities Limited,NSE,https://s3-symbol-logo.tradingview.com/prime-securities.svg,293.75
3327,SITINET,Siti Networks Limited,BSE,https://s3-symbol-logo.tradingview.com/siti-networks-ltd.svg,0.49
3328,THYROCARE,Thyrocare Technologies Ltd,BSE,https://s3-symbol-logo.tradingview.com/thyrocare.svg,449.65
3329,SHARDAMOTR,Sharda Motor Industries Ltd.,NSE,https://s3-symbol-logo.tradingview.com/sharda-motor-industries.svg,966.15
3330,BLAL,BEML Land Assets Limited,NSE,https://s3-symbol-logo.tradingview.com/beml.svg,205.6
3331,MONTECARLO,Monte Carlo Fashions Ltd.,NSE,https://s3-symbol-logo.tradingview.com/monte-carlo-fashions.svg,728.0
3332,DENTALKART,Vasa Denticity Limited,NSE,https://s3-symbol-logo.tradingview.com/vasa-denticity-ltd.svg,569.7
3333,ADISHAKTI,Afloat Enterprises Ltd,BSE,https://s3-symbol-logo.tradingview.com/adishakti-loha-and-ispat-limit.svg,14.63
3334,KVSCASTING,KVS Castings Ltd.,BSE,https://s3-symbol-logo.tradingview.com/kvs-castings-ltd.svg,64.0
3335,KCK,KCK Industries Limited,NSE,https://s3-symbol-logo.tradingview.com/kck-industries-ltd.svg,28.7
3336,AATMAJ,Aatmaj Healthcare Limited,NSE,https://s3-symbol-logo.tradingview.com/aatmaj-healthcare.svg,24.0
3337,IDENTIXWEB,Identixweb Limited,BSE,https://s3-symbol-logo.tradingview.com/identixweb-limited.svg,67.05
3338,MCON,MCON Rasayan India Ltd.,NSE,https://s3-symbol-logo.tradingview.com/mcon-rasayan-india.svg,66.0
3339,VIPCLOTHNG,VIP Clothing Limited,BSE,https://s3-symbol-logo.tradingview.com/vip-clothing-ltd.svg,32.5
3340,MANDEEP,Mandeep Auto Industries Limited,NSE,https://s3-symbol-logo.tradingview.com/mandeep-auto-indus.svg,23.4
3341,SHEEL,Sheel Biotech Limited,NSE,https://s3-symbol-logo.tradingview.com/sheel-biotech-limited.svg,69.0
3342,WINNY,Winny Immigration & Education Services Ltd.,NSE,https://s3-symbol-logo.tradingview.com/winny-immigra-and-edu-ser-l.svg,78.0
3343,GUJHYSPIN,Gujarat Hy Spin Ltd.,BSE,https://s3-symbol-logo.tradingview.com/gujarat-hy-spin-limited.svg,15.98
3345,TRANWAY21,Tranway21 Technologies Ltd.,BSE,https://s3-symbol-logo.tradingview.com/tranway-technologies-limited.svg,5.11
3346,GSMFOILS,GSM Foils Ltd,NSE,https://s3-symbol-logo.tradingview.com/gsm-foils-ltd.svg,204.0
3347,MONOPHARMA,Mono Pharmacare Limited,NSE,https://s3-symbol-logo.tradingview.com/rbz-jewellers-limited.svg,14.95
3349,SWELECTES,Swelect Energy Systems Limited,NSE,https://s3-symbol-logo.tradingview.com/swelect-energy-sys.svg,618.6
3350,ASAHISONG,Asahi Songwon Colors Ltd.,NSE,https://s3-symbol-logo.tradingview.com/asahi-songwon-colors.svg,271.5
3375,SAPPHIRE,Sapphire Foods India Ltd.,BSE,https://s3-symbol-logo.tradingview.com/sapphire-foods-india-ltd.svg,238.9
3376,NAHARSPING,Nahar Spinning Mills Ltd,NSE,https://s3-symbol-logo.tradingview.com/nahar-spinning-mills-ltd.svg,197.39
3377,DHAMPURSUG,Dhampur Sugar Mills Limited,BSE,https://s3-symbol-logo.tradingview.com/dhampur-sugar-mills.svg,125.0
3378,PARAMOUNT,Paramount Dye Tec Limited,NSE,https://s3-symbol-logo.tradingview.com/paramount-dye-tec-ltd.svg,54.0
3379,LOGICA,Logica Infoway Limited,BSE,https://s3-symbol-logo.tradingview.com/logica-infoway-limited.svg,222.45
3380,ABHAPOWER,Abha Power & Steel Ltd.,NSE,https://s3-symbol-logo.tradingview.com/abha-power-n-steel-ltd.svg,32.75
3381,JUNGLECAMP,Jungle Camps India Limited,BSE,https://s3-symbol-logo.tradingview.com/jungle-camps-india-limited.svg,48.8
3383,BHARATROHAN,BharatRohan Airborne Innovations Ltd.,BSE,https://s3-symbol-logo.tradingview.com/bharatrohan-airborne-innovatio.svg,133.0
3384,NISMGMT,Nis Management Limited,BSE,https://s3-symbol-logo.tradingview.com/nis-management-limited.svg,71.5
3385,REPRO,Repro India Limited,NSE,https://s3-symbol-logo.tradingview.com/repro-india-ltd.svg,475.2
3386,ZAGGLE,Zaggle Prepaid Ocean Services Limited,BSE,https://s3-symbol-logo.tradingview.com/zaggle-prepa-ocean-ser-l.svg,359.7
3387,CAPTRUST,Capital Trust Ltd. (India),BSE,https://s3-symbol-logo.tradingview.com/capital-trust-ltd.svg,13.41
3388,GLOTTIS,Glottis Ltd.,BSE,https://s3-symbol-logo.tradingview.com/glottis-ltd.svg,60.99
3389,RPSGVENT,RPSG Ventures Limited,NSE,https://s3-symbol-logo.tradingview.com/cesc-ventures.svg,748.0
3390,SURANASOL,Surana Solar Limited,BSE,https://s3-symbol-logo.tradingview.com/surana-solar-ltd.svg,27.15
3391,SHREEPAC,Shree Pacetronix Limited,BSE,https://s3-symbol-logo.tradingview.com/shree-pacetronix-ltd.svg,212.0
3392,RUBICON,Rubicon Research Limited,BSE,https://s3-symbol-logo.tradingview.com/rubicon-research-limited.svg,691.0
3393,UNIVASTU,Univastu India Ltd.,NSE,https://s3-symbol-logo.tradingview.com/univastu-india-ltd.svg,67.14
3394,TIRTPLS,Tirth Plastic Ltd,BSE,https://s3-symbol-logo.tradingview.com/tirth-plastic-ltd.svg,19.0
3395,EXICOM,Exicom Tele-Systems Ltd.,BSE,https://s3-symbol-logo.tradingview.com/exicom-tele-systems-limited.svg,119.25
3396,INDIAHOME,India Home Loan Ltd.,BSE,https://s3-symbol-logo.tradingview.com/india-home-loan-ltd.svg,37.3
3397,KIMS,Krishna Institute of Medical Sciences Limited,BSE,https://s3-symbol-logo.tradingview.com/krishna-institute-of-medical-s.svg,641.3
3398,PONNIERODE,Ponni Sugars (Erode) Ltd.,NSE,https://s3-symbol-logo.tradingview.com/ponni-sugars-erode.svg,270.25
3399,GOLKONDA,Golkonda Aluminium Extrusions Limited,BSE,https://s3-symbol-logo.tradingview.com/golkonda-aluminium-extrusions.svg,7.86
3400,WORTHPERI,Worth Peripherals Ltd.,NSE,https://s3-symbol-logo.tradingview.com/worth-peripherals-ltd.svg,140.5
3405,GENSOL,Gensol Engineering Limited,BSE,https://s3-symbol-logo.tradingview.com/gensol-engineering-ltd.svg,27.5
3406,SCPL,Sheetal Cool Products Ltd.,NSE,https://s3-symbol-logo.tradingview.com/sheetal-cool-products-ltd.svg,311.58
3408,ALANKIT,Alankit Limited,BSE,https://s3-symbol-logo.tradingview.com/alankit.svg,10.75
3409,VRAJ,Vraj Iron & Steel Ltd.,NSE,https://s3-symbol-logo.tradingview.com/vraj-iron-and-steel-ltd.svg,127.48
3410,VENTURA,Ventura Textiles Limited,BSE,https://s3-symbol-logo.tradingview.com/ventura-textiles-ltd.svg,10.68
3411,NIBE,Nibe Ltd.,NSE,https://s3-symbol-logo.tradingview.com/nibe-limited.svg,1114.0
3412,GREENLAM,Greenlam Industries Ltd,NSE,https://s3-symbol-logo.tradingview.com/greenlam-industrie.svg,247.75
3413,OLATECH,Olatech Solutions Ltd.,BSE,https://s3-symbol-logo.tradingview.com/olatech-solutions-limited.svg,241.5
3414,GMBREW,G.M. Breweries Ltd.,BSE,https://s3-symbol-logo.tradingview.com/gm-breweries.svg,1030.0
3415,CRAMC,Canara Robeco Asset Management Co. Ltd.,BSE,https://s3-symbol-logo.tradingview.com/canara-robeco-amc-ltd.svg,302.2
3416,PRADPME,Pradeep Metals Limited,BSE,https://s3-symbol-logo.tradingview.com/pradeep-metals-ltd.svg,261.55
3417,GGAUTO,G.G. Automotive Gears Ltd.,BSE,https://s3-symbol-logo.tradingview.com/ggautomotive-gears-ltd.svg,263.0
3418,HONASA,Honasa Consumer Limited,BSE,https://s3-symbol-logo.tradingview.com/honasa-consumer-limited.svg,269.8
3419,DBOL,Dhampur Bio Organics Ltd,NSE,https://s3-symbol-logo.tradingview.com/dhampur-bio-organics-limited.svg,77.09
3420,BCLIND,BCL Industries Ltd,BSE,https://s3-symbol-logo.tradingview.com/bcl-industries-limited.svg,32.25
3421,RILINFRA,Rachana Infrastructure Limited,NSE,https://s3-symbol-logo.tradingview.com/rachana-infra-ltd.svg,37.25
3422,HILINFRA,Highway Infrastructure Limited,BSE,https://s3-symbol-logo.tradingview.com/highway-infrastructure-limited.svg,59.01
3423,JAYAGROGN,Jayant Agro-Organics Limited,BSE,https://s3-symbol-logo.tradingview.com/jayant-agro-organics-ltd.svg,203.55
3424,DAICHI,Dai-Ichi Karkaria Limited,BSE,https://s3-symbol-logo.tradingview.com/dai-ichi-karkaria-ltd.svg,281.95
3425,LEXUS,Lexus Granito (India) Ltd.,NSE,https://s3-symbol-logo.tradingview.com/lexus-granito-india-ltd.svg,26.51
3426,GVPTECHPP.E1,GVP Infotech Ltd TEMP,NSE,https://s3-symbol-logo.tradingview.com/gvptech-re1-ppd-up.svg,4.8
3427,RPPINFRA,RPP Infra Projects Ltd.,BSE,https://s3-symbol-logo.tradingview.com/rpp-infra-projects-ltd.svg,107.6
3428,PCS,PCS Technology Limited,BSE,https://s3-symbol-logo.tradingview.com/pcs-technology-ltd.svg,22.07
3429,AERON,Aeron Composite Limited,NSE,https://s3-symbol-logo.tradingview.com/aeron-composite-ltd.svg,103.0
3430,AIMTRON,Aimtron Electronics Limited,NSE,https://s3-symbol-logo.tradingview.com/ikio-lighting-ltd.svg,832.0
3431,AKANKSHA,Akanksha Power And Infrastructure Limited,NSE,https://s3-symbol-logo.tradingview.com/akanksha-power.svg,70.0
3432,PUSHPA,Pushpa Jewellers Limited,NSE,https://s3-symbol-logo.tradingview.com/pushpa-jewellers-ltd.svg,106.0
3433,ENVIRO,Envirotech Systems Limited,NSE,https://s3-symbol-logo.tradingview.com/envirotech-systems-ltd.svg,130.0
3434,SHREENATH,Shreenath Paper Products Limited,BSE,https://s3-symbol-logo.tradingview.com/shreenath-paper-products-limit.svg,19.0
3435,GSTL,Globesecure Technologies Ltd.,NSE,https://s3-symbol-logo.tradingview.com/globesecure-techno.svg,14.85
3436,EEPL,Eppeltone Engineers Limited,NSE,https://s3-symbol-logo.tradingview.com/eppeltone-engineers-ltd.svg,210.0
3437,SEALMATIC,Sealmatic India Ltd.,BSE,https://s3-symbol-logo.tradingview.com/sealmatic-india-limited.svg,364.55
3438,MEDISTEP,Medistep Healthcare Limited,NSE,https://s3-symbol-logo.tradingview.com/medistep-healthcare-limited.svg,25.0
3439,SUNLITE,Sunlite Recycling Industries Limited,NSE,https://s3-symbol-logo.tradingview.com/sunlite-recycling-ind-ltd.svg,296.0
3440,SKM,SK Minerals & Additives Limited,BSE,https://s3-symbol-logo.tradingview.com/sk-minerals-and-additives-limited.svg,141.25
3441,BALAJIPHOS,Balaji Phosphates Ltd.,NSE,https://s3-symbol-logo.tradingview.com/balaji-phosphates-ltd.svg,145.0
3442,AZTEC,Aztec Fluids & Machinery Ltd.,BSE,https://s3-symbol-logo.tradingview.com/aztec-fluids-and-machinery-limit.svg,119.14
3443,FLYSBS,FlySBS Aviation Limited,NSE,https://s3-symbol-logo.tradingview.com/flysbs-aviation-limited.svg,514.5
3444,ARHAM,Arham Technologies Limited,NSE,https://s3-symbol-logo.tradingview.com/arham-technologies.svg,153.0
3445,MEGAFLEX,Mega Flex Plastics Limited,NSE,https://s3-symbol-logo.tradingview.com/mega-flex-plastics.svg,115.0
3446,UTSSAV,Utssav CZ Gold Jewels Limited,NSE,https://s3-symbol-logo.tradingview.com/utssav-cz-gold-jewels-ltd.svg,223.0
3447,REFRACTORY,Refractory Shapes Ltd.,NSE,https://s3-symbol-logo.tradingview.com/refractory-shapes.svg,61.0
3448,GOURMET,Gourmet Gateway India Limited,BSE,https://s3-symbol-logo.tradingview.com/intellivate-capital-ventures-l.svg,12.86
3449,CREATIVEYE,Creative Eye Limited,NSE,https://s3-symbol-logo.tradingview.com/creative-eye-ltd.svg,7.11
3450,TGBHOTELS,TGB Banquets & Hotels Ltd.,NSE,https://s3-symbol-logo.tradingview.com/tgb-banquets-and-hotels-ltd.svg,10.05
3476,OSWALPUMPS,Oswal Pumps Limited,BSE,https://s3-symbol-logo.tradingview.com/oswal-pumps-ltd.svg,538.35
3477,RUDRA,Rudra Global Infra Products Ltd.,BSE,https://s3-symbol-logo.tradingview.com/rudra-global-infra-products-li.svg,26.33
3478,KOTHARIPRO,Kothari Products Limited.,BSE,https://s3-symbol-logo.tradingview.com/kothari-products-ltd.svg,74.7
3479,ESHAMEDIA,Esha Media Research Ltd.,BSE,https://s3-symbol-logo.tradingview.com/esha-media-research-limited.svg,38.9
3480,APCOTEXIND,Apcotex Industries Ltd,NSE,https://s3-symbol-logo.tradingview.com/apcotex-industries.svg,388.95
3481,RAJRATAN,Rajratan Global Wire Limited,BSE,https://s3-symbol-logo.tradingview.com/rajratan-global-wire-ltd.svg,474.0
3482,BCLENTERPR,BCL Enterprises Ltd.,BSE,https://s3-symbol-logo.tradingview.com/bcl-enterprises-limited.svg,0.51
3483,ASTRAL,Astral Limited,BSE,https://s3-symbol-logo.tradingview.com/astral-poly-techni.svg,1413.0
3484,GROWWNXT50,Groww Nifty Next 50 ETF Units Exchange Traded Fund,NSE,https://s3-symbol-logo.tradingview.com/growwamc-growwdefnc.svg,68.94
3485,SAKAR,Sakar Healthcare Ltd,NSE,https://s3-symbol-logo.tradingview.com/sakar-healthcare-l.svg,425.05
3486,MEDIAONE,Mediaone Global Entertainment Limited,BSE,https://s3-symbol-logo.tradingview.com/mediaone-global-entertainment.svg,18.68
3487,LOTUSDEV,Sri Lotus Developers and Realty Limited,BSE,https://s3-symbol-logo.tradingview.com/sri-lotus-devlprs-n-rty-l.svg,155.55
3488,SHIVAMAUTO,Shivam Autotech Limited,BSE,https://s3-symbol-logo.tradingview.com/shivam-autotech-ltd.svg,25.2
3489,GUJGASLTD,Gujarat Gas Ltd.,BSE,https://s3-symbol-logo.tradingview.com/gujarat-gas.svg,398.65
3490,HINDCON,Hindcon Chemicals Ltd.,NSE,https://s3-symbol-logo.tradingview.com/hindcon-chemicals-ltd.svg,27.69
3491,SRGHFL,SRG Housing Finance Ltd.,NSE,https://s3-symbol-logo.tradingview.com/srg-housing-finance-l.svg,290.0
3492,SILVERADD,DSP Silver ETF,BSE,https://s3-symbol-logo.tradingview.com/dsp-blackrock-mutu.svg,203.8
3493,PSUBANK,Kotak Nifty PSU Bank ETF,NSE,https://s3-symbol-logo.tradingview.com/kotak-mahindra-ast.svg,832.95
3494,VEDAVAAG,Vedavaag Systems Limited,BSE,https://s3-symbol-logo.tradingview.com/vedavaag-systems-ltd.svg,28.1
3495,FAIRCHEMOR,Fairchem Organics Ltd,NSE,https://s3-symbol-logo.tradingview.com/fairchem-organics-limited.svg,699.65
3496,MASTEK,Mastek Limited,NSE,https://s3-symbol-logo.tradingview.com/mastek.svg,2173.3
3497,KRISHCA,Krishca Strapping Solutions Ltd.,NSE,https://s3-symbol-logo.tradingview.com/krishca-strapping.svg,191.9
3498,KAKA,Kaka Industries Limited,BSE,https://s3-symbol-logo.tradingview.com/kaka-industries-limited.svg,220.5
3499,SAMTEX,Samtex Fashions Limited,BSE,https://s3-symbol-logo.tradingview.com/samtex-fashions-ltd.svg,1.97
3500,SBIBPB,SBI BSE PSU Bank ETF Units Exchange Traded Fund,NSE,https://s3-symbol-logo.tradingview.com/sbi-mutual-fund.svg,48.7
3517,MOMENTUM30,Kotak Nifty 200 Momentum 30 ETF Units Exchange Traded Fund,NSE,https://s3-symbol-logo.tradingview.com/kotak-mahindra-ast.svg,31.53
3518,ENERGYDEV,Energy Development Co. Ltd.,NSE,https://s3-symbol-logo.tradingview.com/energy-development-company-ltd.svg,19.82
3519,INDIANHUME,Indian Hume Pipe Co. Ltd.,NSE,https://s3-symbol-logo.tradingview.com/indian-hume-pipe-coltd.svg,417.55
3520,ELIN,Elin Electronics Limited,NSE,https://s3-symbol-logo.tradingview.com/elin-electronics-ltd.svg,166.3
3521,ALFATRAN,ALFA Transformers Limited,BSE,https://s3-symbol-logo.tradingview.com/alfa-transformers-ltd.svg,39.0
3522,OMKARCHEM,Omkar Speciality Chemicals Limited,NSE,https://s3-symbol-logo.tradingview.com/omkar-pharmachem-ltd.svg,5.71
3523,BAJAJFINSV,Bajaj Finserv Limited,BSE,https://s3-symbol-logo.tradingview.com/bajaj-finserv-mutual-fund.svg,2048.85
3524,NIFTY100EW,Kotak Nifty 100 Equal Weight ETF Units Exchange Traded Fund,NSE,https://s3-symbol-logo.tradingview.com/kotak-mahindra-ast.svg,34.0
3525,SVCIND,SVC Industries Ltd,BSE,https://s3-symbol-logo.tradingview.com/svc-industries-limited.svg,3.26
3526,AMINTAN,Amin Tannery Ltd.,BSE,https://s3-symbol-logo.tradingview.com/amin-tannery-limited.svg,1.66
3527,BALAJITELE,Balaji Telefilms Limited,BSE,https://s3-symbol-logo.tradingview.com/balaji-telefilms.svg,110.9
3528,VMS,VMS Industries Limited,BSE,https://s3-symbol-logo.tradingview.com/vms-industries-ltd.svg,27.99
3529,ENIL,Entertainment Network (India) Limited,NSE,https://s3-symbol-logo.tradingview.com/entertainment-network-india.svg,116.19
3530,FLUOROCHEM,Gujarat Fluorochemicals Ltd.,NSE,https://s3-symbol-logo.tradingview.com/gujarat-fluorochem-ltd.svg,3578.5
3531,MALUPAPER,Malu Paper Mills Limited,NSE,https://s3-symbol-logo.tradingview.com/malu-paper-mills-ltd.svg,35.26
3532,NIF10GETF,UTI Nifty 10 yr Benchmark G-Sec ETF Exchange Traded Fund Units,NSE,https://s3-symbol-logo.tradingview.com/uti-asset-management.svg,26.18
3533,SVJ,S.V.J. Enterprises Ltd.,BSE,https://s3-symbol-logo.tradingview.com/s-v-j-enterprises-limited.svg,457.5
3534,GHVINFRA,GHV Infra Projects Ltd.,BSE,https://s3-symbol-logo.tradingview.com/ghv-infra-projects-ltd.svg,294.2
3535,SHANKARA,Shankara Building Products Ltd.,NSE,https://s3-symbol-logo.tradingview.com/shankara-building.svg,112.3
3537,AMRAPLIN,Amrapali Industries Limited,BSE,https://s3-symbol-logo.tradingview.com/amrapali-industries-ltd.svg,15.8
3538,SHRAAITECH,Shradha AI Technologies Ltd,BSE,https://s3-symbol-logo.tradingview.com/shradha-ai-technologies-limite.svg,34.38
3539,MUKTAARTS,Mukta Arts Limited,NSE,https://s3-symbol-logo.tradingview.com/mukta-arts-ltd.svg,62.99
3540,ADARSHPL,Adarsh Plant Protect Ltd.,BSE,https://s3-symbol-logo.tradingview.com/adarsh-plant-protect-ltd.svg,33.74
3541,JAYSREETEA,Jay Shree Tea & Industries Ltd.,NSE,https://s3-symbol-logo.tradingview.com/jayshree-tea.svg,88.49
3542,BERGEPAINT,Berger Paints India Limited,BSE,https://s3-symbol-logo.tradingview.com/berger-paints.svg,544.7
3543,SDL26BEES,Nippon India ETF Nifty SDL Apr 2026 Top 20 Equal Weight,NSE,https://s3-symbol-logo.tradingview.com/nippon-life-india-asset.svg,135.3
3544,HDFCQUAL,HDFC NIFTY 100 Quality 30 ETF,NSE,https://s3-symbol-logo.tradingview.com/hdfc-bank.svg,60.6
3545,SANGAMIND,Sangam (India) Limited,NSE,https://s3-symbol-logo.tradingview.com/sangam-india-ltd.svg,442.4
3546,RADAAN,Radaan Mediaworks (I) Ltd.,NSE,https://s3-symbol-logo.tradingview.com/radaan-mediaworks.svg,3.69
3547,NAVA,Nava Limited,BSE,https://s3-symbol-logo.tradingview.com/nava-ltd.svg,567.65
3548,EDUCOMP,Educomp Solutions Limited,BSE,https://s3-symbol-logo.tradingview.com/educomp-solutions.svg,1.19
3549,NNTL,N2N Technologies Ltd.,BSE,https://s3-symbol-logo.tradingview.com/n2n-technologies-limited.svg,42.14
3550,JSWSTEEL,JSW Steel Limited,BSE,https://s3-symbol-logo.tradingview.com/jsw.svg,1097.35
3554,ECOBOAR,Ecoboard Industries Limited,BSE,https://s3-symbol-logo.tradingview.com/ecoboard-industries-ltd.svg,53.5
3555,SETUINFRA,Setubandhan Infrastructure Ltd,NSE,https://s3-symbol-logo.tradingview.com/setubandhan-infrastructure-lim.svg,0.48
3556,ARIHANTCAP,Arihant Capital Markets Limited,BSE,https://s3-symbol-logo.tradingview.com/arihant-capital-markets-ltd.svg,94.55
3557,PTL,PTL Enterprises Limited,NSE,https://s3-symbol-logo.tradingview.com/ptl-enterprises-ltd.svg,39.29
3558,NAMOEWASTE,Namo eWaste Management Ltd.,NSE,https://s3-symbol-logo.tradingview.com/namo-ewaste-management-l.svg,186.25
3559,ESSEX,Essex Marine Ltd.,BSE,https://s3-symbol-logo.tradingview.com/essex-marine-ltd.svg,25.91
3560,COMMAND,Command Polymers Limited,BSE,https://s3-symbol-logo.tradingview.com/command-polymers-limited.svg,26.93
3561,3CIT,3C IT Solutions & Telecoms (India) Limited,BSE,https://s3-symbol-logo.tradingview.com/3c-it-solutions-and-telecoms.svg,16.0
3562,ACCENTMIC,Accent Microcell Limited,NSE,https://s3-symbol-logo.tradingview.com/accent-microcell-l.svg,342.0
3563,MEDIORG,Medicamen Organics Ltd.,NSE,https://s3-symbol-logo.tradingview.com/medicamen-organics-ltd.svg,26.45
3564,MANAV,Manav Infra Projects Ltd.,NSE,https://s3-symbol-logo.tradingview.com/manav-infra-projec.svg,28.8
3565,SHINEFASH,Shine Fashions India Ltd,BSE,https://s3-symbol-logo.tradingview.com/shine-fashions-india-limited.svg,39.4
3566,SMAUTO,SM Auto Stamping Ltd.,BSE,https://s3-symbol-logo.tradingview.com/sm-auto-stamping-limited.svg,24.8
3567,CITICHEM,Citichem India Limited,BSE,https://s3-symbol-logo.tradingview.com/citichem-india-limited.svg,24.95
3568,CHETANA,Chetana Education Limited,NSE,https://s3-symbol-logo.tradingview.com/chetana-education-ltd.svg,54.9
3569,AMJUMBO,A and M Jumbo Bags Limited,NSE,https://s3-symbol-logo.tradingview.com/a-and-m-jumbo-bags-ltd.svg,8.9
3570,WOL3D,WOL 3D India Limited,NSE,https://s3-symbol-logo.tradingview.com/wol-3d-india-ltd.svg,177.45
3571,RANJEET,Ranjeet Mechatronics Ltd.,BSE,https://s3-symbol-logo.tradingview.com/ranjeet-mechatronics-limited.svg,7.65
3572,SPL,Swashthik Plascon Limited,BSE,https://s3-symbol-logo.tradingview.com/swashthik-plascon-limited.svg,30.7
3573,UMA,Uma Converter Limited,NSE,https://s3-symbol-logo.tradingview.com/uma-converter-ltd.svg,19.6
3574,MASON,Mason Infratech Limited,NSE,https://s3-symbol-logo.tradingview.com/mason-infratech-ltd.svg,197.0
3575,HEALTHYLIFE,Healthy Life Agritec Limited,BSE,https://s3-symbol-logo.tradingview.com/healthy-life-agritec-limited.svg,14.62
3576,LKMEHTA,L.K.Mehta Polymers Limited,BSE,https://s3-symbol-logo.tradingview.com/lkmehta-polymers-limited.svg,45.0
3577,AESTHETIK,Aesthetik Engineers Limited,NSE,https://s3-symbol-logo.tradingview.com/aesthetik-engineers-ltd.svg,93.0
3578,NACDAC,Nacdac Infrastructure Ltd.,BSE,https://s3-symbol-logo.tradingview.com/nacdac-infrastructure-limited.svg,34.93
3579,SYLVANPLY,Sylvan Plyboard (India) Limited,NSE,https://s3-symbol-logo.tradingview.com/winny-immigra-and-edu-ser-l.svg,61.0
3580,CLASSICEIL,Classic Electrodes India Limited,NSE,https://s3-symbol-logo.tradingview.com/classic-electrodes-india-limited.svg,66.05
3581,POLYSIL,Polysil Irrigation Systems Ltd.,NSE,https://s3-symbol-logo.tradingview.com/polyspin-exports-ltd.svg,316.8
3582,ESAFSFB,ESAF Small Finance Bank Limited,BSE,https://s3-symbol-logo.tradingview.com/esaf-small-finance-bank-l.svg,26.6
3583,WATERBASE,Waterbase Limited,BSE,https://s3-symbol-logo.tradingview.com/waterbase.svg,47.16
3584,MPHASIS,Mphasis Limited,BSE,https://s3-symbol-logo.tradingview.com/mphasis.svg,2935.35
3585,JINDALSTEL,Jindal Steel Limited,BSE,https://s3-symbol-logo.tradingview.com/jindal.svg,1013.5
3586,LIQGRWBEES,Nippon India Nifty 1D Rate Liquid ETF - Growth Units,NSE,https://s3-symbol-logo.tradingview.com/nippon-life-india-asset.svg,1021.06
3587,ADL,Archidply Decor Ltd,NSE,https://s3-symbol-logo.tradingview.com/archidply-decor-limted.svg,82.35
3588,SDBL,Som Distilleries & Breweries Ltd.,BSE,https://s3-symbol-logo.tradingview.com/som-dist-and-brew-ltd.svg,107.25
3589,RUSTOMJEE,Keystone Realtors Ltd.,NSE,https://s3-symbol-logo.tradingview.com/keystone-realtors-limited.svg,522.2
3590,URAVIDEF,Uravi Defence and Technology Limited,NSE,https://s3-symbol-logo.tradingview.com/uravi-t-and-wedg-lamp-ltd.svg,197.11
3591,COMPUSOFT,Compucom Software Limited,NSE,https://s3-symbol-logo.tradingview.com/compucom-software-ltd.svg,16.61
3592,RAJRILTD,Raj Rayon Industries Limited,NSE,https://s3-symbol-logo.tradingview.com/raj-rayon-industries.svg,23.21
3593,BANKPSU,Mirae Asset Nifty PSU Bank ETF Exchange Traded Fund Units,NSE,https://s3-symbol-logo.tradingview.com/mirae-asset-sec.svg,83.82
3594,KRIDHANINF,Kridhan Infra Limited,BSE,https://s3-symbol-logo.tradingview.com/kridhan-infra-limi.svg,4.23
3596,INTELLECT,Intellect Design Arena Ltd,BSE,https://s3-symbol-logo.tradingview.com/intellect-design-arena.svg,1023.7
3597,ECORECO,Eco Recycling Limited,BSE,https://s3-symbol-logo.tradingview.com/eco-recycling-ltd.svg,477.0
3598,11GPG,Nippon India Equity Hybrid Fund- Segregated Portfolio 2 Units 2020-GROWTH GROWTH OPTION GROWTH,BSE,https://s3-symbol-logo.tradingview.com/nippon-life-india-asset.svg,2.64
3599,JAGJANANI,Jagjanani Textiles Limited,BSE,https://s3-symbol-logo.tradingview.com/jagjanani-textiles-ltd.svg,5.2
3600,METSL,Maestros Electronics & Telecommunications Systems Ltd,BSE,https://s3-symbol-logo.tradingview.com/maestros-electronics-and-telecom.svg,130.2
5416,CCL,CCL Products (India) Limited,BSE,https://s3-symbol-logo.tradingview.com/ccl-products-ind.svg,974.0
5417,SESHAPAPER,Seshasayee Paper & Boards Ltd.,NSE,https://s3-symbol-logo.tradingview.com/seshasayee-paper-and-boards-ltd.svg,242.74
5418,GLOBALPET,Global Pet Industries Limited,NSE,https://s3-symbol-logo.tradingview.com/global-pet-industr.svg,120.0
5419,AILIMITED,Abhishek Integrations Ltd.,NSE,https://s3-symbol-logo.tradingview.com/abhishek-integrati.svg,40.0
5420,VEDANTASSET,Vedant Asset Ltd.,BSE,https://s3-symbol-logo.tradingview.com/vedant-asset-limited.svg,43.7
5421,DESTINY,Destiny Logistics & Infra Limited,NSE,https://s3-symbol-logo.tradingview.com/destiny-logistics.svg,118.0
5422,GCONNECT,Gconnect Logitech and Supply Chain Limited,BSE,https://s3-symbol-logo.tradingview.com/gconnect-logitech-and-supply-c.svg,20.0
5423,MASTER,Master Components Limited,NSE,https://s3-symbol-logo.tradingview.com/master-components.svg,328.0
5424,HOMESFY,Homesfy Realty Ltd.,NSE,https://s3-symbol-logo.tradingview.com/homesfy-realty-lim.svg,178.65
5425,RAJINDLTD,Rajputana Industries Limited,NSE,https://s3-symbol-logo.tradingview.com/rajputana-industries-ltd.svg,83.7
5426,VISHNUINFR,Vishnusurya Projects & Infra Limited,NSE,https://s3-symbol-logo.tradingview.com/vishnusurya-projec.svg,173.7
5427,VOEPL,Virtuoso Optoelectronics Limited,BSE,https://s3-symbol-logo.tradingview.com/virtuoso-optoelectronics-limit.svg,423.9
5428,TAPIFRUIT,Tapi Fruit Processing Ltd.,NSE,https://s3-symbol-logo.tradingview.com/tapi-fruit-process.svg,67.2
5429,SANGANI,Sangani Hospital Ltd.,NSE,https://s3-symbol-logo.tradingview.com/sangani-hospitals.svg,59.95
5430,RAJPUTANA,Rajputana Biodiesel Limited,NSE,https://s3-symbol-logo.tradingview.com/rajputana-biodiesel-ltd.svg,248.0
5431,MHHL,Mohini Health & Hygiene Ltd.,NSE,https://s3-symbol-logo.tradingview.com/mohini-health-and-hy.svg,39.0
5432,GEL,Gautam Exim Ltd.,BSE,https://s3-symbol-logo.tradingview.com/gautam-exim-limited.svg,295.0
5433,RSTL,Riddhi Steel & Tube Ltd.,BSE,https://s3-symbol-logo.tradingview.com/riddhi-steel-and-tube-limited.svg,234.0
5434,INFLAME,Inflame Appliances Limited,BSE,https://s3-symbol-logo.tradingview.com/inflame-appliances-limited.svg,318.0
5435,SATIPOLY,Sati Poly Plast Ltd.,NSE,https://s3-symbol-logo.tradingview.com/sati-poly-plast-ltd.svg,65.0
5436,PARIN,Parin Enterprises Limited,NSE,https://s3-symbol-logo.tradingview.com/parin-furniture-ltd.svg,548.0
5437,SUNITATOOL,Sunita Tools Limted,BSE,https://s3-symbol-logo.tradingview.com/sunita-tools-limited.svg,787.25
5438,CARGOTRANS,Cargotrans Maritime Ltd.,BSE,https://s3-symbol-logo.tradingview.com/cargotrans-maritime-limited.svg,160.0
5439,VALENCIA,Valencia Nutrition Ltd.,BSE,https://s3-symbol-logo.tradingview.com/valencia-nutrition-limited.svg,67.0
5440,MKVENTURES,MKVentures Capital Limited,BSE,https://s3-symbol-logo.tradingview.com/mkventures-capital-limited.svg,1039.95
5441,MANORAMA,Manorama Industries Ltd.,BSE,https://s3-symbol-logo.tradingview.com/manorama-industries-limited.svg,1356.25
5442,NAHARCAP,Nahar Capital & Financial Services Ltd.,NSE,https://s3-symbol-logo.tradingview.com/nahar-capital-and.svg,262.75
5443,NIBE,Nibe Ltd.,BSE,https://s3-symbol-logo.tradingview.com/nibe-limited.svg,1112.4
5444,BANDARAM,Bandaram Pharma Packtech Limited,BSE,https://s3-symbol-logo.tradingview.com/bandaram-pharma-packtech-limit.svg,26.0
5445,NOVAAGRI,Nova Agritech Limited,BSE,https://s3-symbol-logo.tradingview.com/nova-agritech-ltd.svg,39.19
5447,SUPREMEIND,Supreme Industries Limited,BSE,https://s3-symbol-logo.tradingview.com/supreme-industries.svg,3340.85
5448,FINOPB,FINO Payments Bank Ltd.,BSE,https://s3-symbol-logo.tradingview.com/fino-payments-bank.svg,261.35
5449,JOSTS,Jost's Engineering Co. Ltd.,BSE,https://s3-symbol-logo.tradingview.com/josts-engineering-coltd.svg,303.6
5450,TRUSTWAVE,Trustwave Securities Ltd,BSE,https://s3-symbol-logo.tradingview.com/sterling-guaranty-and-finance-lt.svg,17.2
5482,VISIONCINE,Vision Cinemas Ltd.,BSE,https://s3-symbol-logo.tradingview.com/vision-cinemas-ltd.svg,1.02
5483,PALMJEWELS,Palm Jewels Ltd.,BSE,https://s3-symbol-logo.tradingview.com/palm-jewels-limited.svg,18.34
5484,MODIS,Modi's Navnirman Ltd.,NSE,https://s3-symbol-logo.tradingview.com/modi-s-navnirman-limited.svg,345.0
5485,DCMFINSERV,DCM Financial Services Limited,NSE,https://s3-symbol-logo.tradingview.com/dcm-financial-services-ltd.svg,5.25
5486,TRIVENIENT,Triveni Enterprises Ltd,BSE,https://s3-symbol-logo.tradingview.com/triveni-enterprises-ltd.svg,1.38
5487,KAVDEFENCE,Kavveri Defence & Wireless Technologies Limited,BSE,https://s3-symbol-logo.tradingview.com/kavveri-telecom-products-ltd.svg,75.98
5488,UCAL,UCAL Limited,BSE,https://s3-symbol-logo.tradingview.com/ucal-ltd.svg,112.05
5489,YUKEN,Yuken India Limited,NSE,https://s3-symbol-logo.tradingview.com/yuken-india-ltd.svg,852.5
5490,STARCEMENT,Star Cement Ltd.,BSE,https://s3-symbol-logo.tradingview.com/star-cement.svg,222.15
5491,LTIM,LTIMindtree Limited,BSE,https://s3-symbol-logo.tradingview.com/larsen-and-toubro.svg,6186.1
5492,CALCOM,Calcom Vision Limited,BSE,https://s3-symbol-logo.tradingview.com/calcom-vision-ltd.svg,128.2
5493,BESTAGRO,Best Agrolife Ltd.,BSE,https://s3-symbol-logo.tradingview.com/best-agrolife-limited.svg,385.2
5494,PRISMMEDI,Prism Medico & Pharmacy Ltd.,BSE,https://s3-symbol-logo.tradingview.com/prism-medico-and-pharmacy-ltd.svg,20.09
5495,BCONCEPTS,Brand Concepts Ltd.,NSE,https://s3-symbol-logo.tradingview.com/brand-concepts-limited.svg,322.8
5496,OMKAR,Omkar Overseas Limited,BSE,https://s3-symbol-logo.tradingview.com/omkar-overseas-ltd.svg,8.42
5497,INDAG,Indag Rubber Limited,BSE,https://s3-symbol-logo.tradingview.com/indag-rubber-ltd.svg,124.8
5498,NEXT30ADD,DSP BSE Sensex Next 30 ETF Exchange Traded Fund Units,NSE,https://s3-symbol-logo.tradingview.com/dsp-blackrock-mutu.svg,40.68
5499,CLEAN,Clean Science & Technology Ltd.,BSE,https://s3-symbol-logo.tradingview.com/clean-science-and-technology.svg,899.05
5500,KHAICHEM,Khaitan Chemicals & Fertilizers Ltd.,BSE,https://s3-symbol-logo.tradingview.com/khaitan-chemicals-and-fertilizer.svg,81.02
5515,DHAMPURE,Dhampure Specialty Sugars Ltd.,BSE,https://s3-symbol-logo.tradingview.com/dhampure-speciality-sugars-ltd.svg,93.05
5516,INANI,Inani Marbles & Industries Ltd.,BSE,https://s3-symbol-logo.tradingview.com/inani-marbles-and-industries-ltd.svg,18.7
5517,MOLDTKPAC,Mold Tek Packaging Ltd,BSE,https://s3-symbol-logo.tradingview.com/mold-tek-packaging-limited.svg,596.5
5518,RPEL,Raghav Productivity Enhancers Ltd.,BSE,https://s3-symbol-logo.tradingview.com/raghav-productivity-enhancers.svg,996.25
5519,WELENT,Welspun Enterprises Ltd.,BSE,https://s3-symbol-logo.tradingview.com/welspun.svg,517.95
5520,TRANSPEK,Transpek Industry Limited,BSE,https://s3-symbol-logo.tradingview.com/transpek-industry-ltd.svg,1230.0
5521,PUNJABCHEM,Punjab Chemicals & Crop Protection Ltd.,NSE,https://s3-symbol-logo.tradingview.com/punjab-chemicals-and-crop-prot.svg,1251.0
5522,ICICIGI,ICICI Lombard General Insurance Co. Ltd.,BSE,https://s3-symbol-logo.tradingview.com/icici-lombard-gen.svg,1952.3
5523,SAURASHCEM,Saurashtra Cement Limited,BSE,https://s3-symbol-logo.tradingview.com/saurashtra-cement-ltd.svg,83.37
5524,BIOFILCHEM,Biofil Chemicals & Pharmaceuticals Ltd.,BSE,https://s3-symbol-logo.tradingview.com/biofil-chemicals-and.svg,33.05
5525,GOCLCORP,GOCL Corporation Limited,BSE,https://s3-symbol-logo.tradingview.com/gocl-l.svg,294.0
5526,GLOSTERLTD,Gloster Ltd.,NSE,https://s3-symbol-logo.tradingview.com/gloster-ltd.svg,640.0
5527,SGFIN,SG Finserve Limited,BSE,https://s3-symbol-logo.tradingview.com/sg-finserve-limited.svg,413.15
5528,PORWAL,Porwal Auto Components Ltd,BSE,https://s3-symbol-logo.tradingview.com/porwal-auto-components-ltd.svg,57.11
5529,TOUCHWOOD,Touchwood Entertainment Ltd.,NSE,https://s3-symbol-logo.tradingview.com/touchwood-entertai.svg,104.0
5530,KFBL,Kothari Fermentation & Biochem Ltd.,BSE,https://s3-symbol-logo.tradingview.com/kothari-fermentation-and-biochem.svg,44.8
5531,GENESIS,Genesis IBRC India Limited,BSE,https://s3-symbol-logo.tradingview.com/genesis-ibrc-india-limited.svg,94.0
5532,SURAJEST,Suraj Estate Developers Limited,BSE,https://s3-symbol-logo.tradingview.com/suraj-estate-developers-l.svg,246.95
5533,PRIMECAPM,Prime Capital Market Ltd.,BSE,https://s3-symbol-logo.tradingview.com/prime-capital-market-ltd.svg,8.8
5534,INDIAGLYCO,India Glycols Limited,BSE,https://s3-symbol-logo.tradingview.com/india-glycols-limited.svg,1064.9
5535,PICCASUG,Piccadily Sugar & Allied Industries Ltd.,BSE,https://s3-symbol-logo.tradingview.com/piccadily-sugar-and-allied-indus.svg,43.65
5536,SGIL,Synergy Green Industries Ltd.,NSE,https://s3-symbol-logo.tradingview.com/synergy-green-industries-limit.svg,532.5
5537,SHRIGANG,Shri Gang Industries and Allied Products Ltd,BSE,https://s3-symbol-logo.tradingview.com/shri-gang-industries-and-allie.svg,70.0
5538,ASTRAZEN,AstraZeneca Pharma India Limited,NSE,https://s3-symbol-logo.tradingview.com/astrazeneca.svg,9133.0
5539,YASHCHEM,Yash Chemex Ltd.,BSE,https://s3-symbol-logo.tradingview.com/yash-chemex-limited.svg,83.9
5540,FMEC,F Mec International Financial Services Ltd.,BSE,https://s3-symbol-logo.tradingview.com/f-mec-international-financial.svg,113.7
5541,WONDERLA,Wonderla Holidays Ltd.,BSE,https://s3-symbol-logo.tradingview.com/wonderla-holidays-ltd.svg,523.95
5542,BENGALT,Bengal Tea & Fabrics Ltd,BSE,https://s3-symbol-logo.tradingview.com/bengal-tea-and-fabrics-ltd.svg,140.0
5543,ARMANFIN,Arman Financial Services Limited,BSE,https://s3-symbol-logo.tradingview.com/arman-financial-services-ltd.svg,1480.0
5544,OPTIEMUS,Optiemus Infracom Limited,BSE,https://s3-symbol-logo.tradingview.com/optiemus-infracom.svg,513.55
5545,BGLOBAL,Bharatiya Global Infomedia Limited,BSE,https://s3-symbol-logo.tradingview.com/bharatiya-global-infomedia-ltd.svg,4.02
5546,SMARTLINK,Smartlink Holdings Limited,NSE,https://s3-symbol-logo.tradingview.com/smartlink-limited.svg,133.01
5547,SIEMENS,Siemens Limited,BSE,https://s3-symbol-logo.tradingview.com/siemens.svg,3129.0
5548,MONEXT50,Motilal Oswal Nifty Next 50 ETF Exchange Traded Fund Units,NSE,https://s3-symbol-logo.tradingview.com/motilal.svg,68.8
5549,FERVENTSYN,Fervent Synergies Limited,BSE,https://s3-symbol-logo.tradingview.com/fervent-synergies-ltd.svg,18.88
5550,WEWIN,We Win Ltd.,BSE,https://s3-symbol-logo.tradingview.com/we-win-ltd.svg,45.1
5562,SMLMAH,SML Mahindra Limited,BSE,https://s3-symbol-logo.tradingview.com/sml-isuzu-ltd.svg,3804.95
5563,AYMSYNTEX,AYM Syntex Limited,BSE,https://s3-symbol-logo.tradingview.com/aym-syntex-limited.svg,156.9
5564,PLASTIBLEN,Plastiblends India Limited,BSE,https://s3-symbol-logo.tradingview.com/plastiblends-india-ltd.svg,162.9
5565,HINDTIN,Hindustan Tin Works Limited,BSE,https://s3-symbol-logo.tradingview.com/hindustan-tin-works-ltd.svg,122.7
5566,SVPGLOB,SVP Global Textiles Limited,BSE,https://s3-symbol-logo.tradingview.com/svp-global-textiles-limited.svg,3.97
5567,USASEEDS,Upsurge Seeds of Agriculture Ltd.,NSE,https://s3-symbol-logo.tradingview.com/upsurge-seeds-of-a.svg,144.0
5568,DHANUKA,Dhanuka Agritech Limited,BSE,https://s3-symbol-logo.tradingview.com/dhanuka-agritech.svg,1194.8
5569,ALPL30IETF,ICICI Prudential Nifty Alpha Low- Volatility 30 ETF,BSE,https://s3-symbol-logo.tradingview.com/icici-prudential-bank.svg,28.05
5570,KSOLVES,Ksolves India Ltd,BSE,https://s3-symbol-logo.tradingview.com/ksolves-india-ltd.svg,293.1
5571,ANNAINFRA,Anna Infrastructures Ltd.,BSE,https://s3-symbol-logo.tradingview.com/anna-infrastructures-ltd.svg,28.5
5572,BALKRISHNA,Balkrishna Paper Mills Ltd.,BSE,https://s3-symbol-logo.tradingview.com/balkrishna-paper-mills-ltd.svg,18.85
5573,MOINFRA,Motilal Oswal BSE India Infrastructure ETF Exchange Traded Fund Units,NSE,https://s3-symbol-logo.tradingview.com/motilal.svg,59.65
5574,CAPACITE,Capacit'e Infraprojects Ltd.,BSE,https://s3-symbol-logo.tradingview.com/capacit-e-infrapro.svg,261.9
5575,MODULEX,Modulex Construction Technologies Ltd.,BSE,https://s3-symbol-logo.tradingview.com/modulex-construction-technolog.svg,22.18
5576,KMSUGAR,K.M. Sugar Mills Ltd.,BSE,https://s3-symbol-logo.tradingview.com/kmsugar-mills-ltd.svg,27.13
5577,PHYTO,Phyto Chem (India) Ltd.,BSE,https://s3-symbol-logo.tradingview.com/phyto-chem-india-ltd.svg,29.49
5578,ARTEFACT,Artefact Projects Limited,BSE,https://s3-symbol-logo.tradingview.com/artefact-projects-ltd.svg,63.26
5579,GTNINDS,GTN Industries Limited,BSE,https://s3-symbol-logo.tradingview.com/gtn-industries-ltd.svg,22.36
5580,SBL,Shivamshree Businesses Ltd.,BSE,https://s3-symbol-logo.tradingview.com/shivamshree-businesses-limited.svg,2.1
5581,MUKESHB,Mukesh Babu Financial Services Limited,BSE,https://s3-symbol-logo.tradingview.com/mukesh-babu-financial-services.svg,125.0
5582,SURANAT_P,Surana Telecom & Power Ltd.,BSE,https://s3-symbol-logo.tradingview.com/surana-telecom-and-power-limit.svg,19.91
5583,SSDL,Saraswati Saree Depot Limited,BSE,https://s3-symbol-logo.tradingview.com/saraswati-saree-depot-limited.svg,78.76
5584,ANMOL,Anmol India Ltd.,BSE,https://s3-symbol-logo.tradingview.com/anmol-india-ltd.svg,13.84
5585,JISLDVREQS,Jain Irrigation Systems Limited,NSE,https://s3-symbol-logo.tradingview.com/jain-irrigation-systems.svg,27.97
5586,3BBLACKBIO,3B BlackBio Dx Ltd,BSE,https://s3-symbol-logo.tradingview.com/3b-blackbio-dx-limited.svg,1430.0
5587,PRAGBOS,Prag Bosimi Synthetics Ltd,BSE,https://s3-symbol-logo.tradingview.com/prag-bosimi-synthetics-ltd.svg,1.99
5588,SHAHISHIP,Shahi Shipping Ltd,BSE,https://s3-symbol-logo.tradingview.com/shahi-shipping-limited.svg,17.25
5589,SHYAMTEL,Shyam Telecom Limited,NSE,https://s3-symbol-logo.tradingview.com/shyam-telecom-ltd.svg,12.7
5590,ALIVUS,Alivus Life Sciences Ltd,BSE,https://s3-symbol-logo.tradingview.com/glenmark-life-science.svg,908.85
5591,RAWEDGE,Raw Edge Industrial Solutions Ltd.,BSE,https://s3-symbol-logo.tradingview.com/raw-edge-industrial-solutions.svg,20.95
5592,CONCORD,Concord Drugs Ltd,BSE,https://s3-symbol-logo.tradingview.com/concord-drugs-limited.svg,85.88
5593,SENSEXIETF,ICICI Prudential BSE Sensex ETF,NSE,https://s3-symbol-logo.tradingview.com/icici-prudential-bank.svg,976.01
5594,KALYANI,Kalyani Cast-Tech Ltd.,BSE,https://s3-symbol-logo.tradingview.com/kalyani-cast-tech-limited.svg,488.95
5595,SETCO,Setco Automotive Limited,BSE,https://s3-symbol-logo.tradingview.com/setco-automotive.svg,15.36
5596,TANKUP,Tankup Engineers Limited,NSE,https://s3-symbol-logo.tradingview.com/tankup-engineers-ltd.svg,679.6
5597,INOXINDIA,INOX India Limited,BSE,https://s3-symbol-logo.tradingview.com/inox-india-ltd.svg,1132.15
5598,RESONANCE,Resonance Specialties Limited,BSE,https://s3-symbol-logo.tradingview.com/resonance-specialties-ltd.svg,100.0
5599,LOVABLE,Lovable Lingerie Limited,NSE,https://s3-symbol-logo.tradingview.com/lovable-lingerie.svg,81.69
5600,EDVENSWA,Edvenswa Enterprises Limited,BSE,https://s3-symbol-logo.tradingview.com/edvenswa-enterprises-limited.svg,32.92
5626,VALSONQ,Valson Industries Limited,BSE,https://s3-symbol-logo.tradingview.com/valson-industries-ltd.svg,31.2
5627,FABCLEAN,Fabtech Technologies Cleanrooms Limited,BSE,https://s3-symbol-logo.tradingview.com/fabtech-technologies-cleanroom.svg,337.0
5628,SBLI,SBL Infratech Limited,BSE,https://s3-symbol-logo.tradingview.com/sbl-infratech-limited.svg,37.6
5629,TECHKGREEN,Techknowgreen Solutions Limited,BSE,https://s3-symbol-logo.tradingview.com/techknowgreen-solutions-limite.svg,108.5
5630,BHADORA,Bhadora Industries Limited,NSE,https://s3-symbol-logo.tradingview.com/bhadora-industries-limited.svg,76.9
5631,FALCONTECH,Falcon Technoprojects India Ltd.,NSE,https://s3-symbol-logo.tradingview.com/falcon-technoproj-ind-ltd.svg,15.35
5632,IPHL,Indian Phosphate Ltd.,NSE,https://s3-symbol-logo.tradingview.com/indian-phosphate-ltd.svg,66.95
5633,VELS,Vels Film International Ltd.,NSE,https://s3-symbol-logo.tradingview.com/vels-film-internat.svg,55.95
5634,SHANTHALA,Shanthala FMCG Products Ltd.,NSE,https://s3-symbol-logo.tradingview.com/shanthala-fmcg-pro.svg,27.55
5635,VIVIANA,Viviana Power Tech Limited,NSE,https://s3-symbol-logo.tradingview.com/viviana-power-tech.svg,742.0
5636,ROYALARC,Royal Arc Electrodes Limited,NSE,https://s3-symbol-logo.tradingview.com/royal-arc-electrodes-ltd.svg,150.05
5637,NEXXUS,Nexxus Petro Industries Limited,BSE,https://s3-symbol-logo.tradingview.com/nexxus-petro-industries-limite.svg,105.0
5638,ORGANICREC,Organic Recycling Systems Limited,BSE,https://s3-symbol-logo.tradingview.com/organic-recycling-systems-limi.svg,245.5
5639,BDI,B. D. Industries (Pune) Limited,BSE,https://s3-symbol-logo.tradingview.com/b-d-industries-pune-limite.svg,111.0
5640,AISL,ANI Integrated Services Ltd.,NSE,https://s3-symbol-logo.tradingview.com/ani-integrated-ser.svg,79.3
5641,FORGEAUTO,Forge Auto International Ltd.,NSE,https://s3-symbol-logo.tradingview.com/forge-auto-internation-l.svg,124.55
5642,STML,Steelman Telecom Ltd.,BSE,https://s3-symbol-logo.tradingview.com/steelman-telecom-limited.svg,104.0
5643,SUPERSHAKT,Supershakti Metaliks Ltd.,BSE,https://s3-symbol-logo.tradingview.com/supershakti-metaliks-limited.svg,265.0
5644,ACLD,Aelea Commodities Limited,BSE,https://s3-symbol-logo.tradingview.com/aelea-commodities-limited.svg,153.3
5645,RNPL,Renol Polychem Limited,NSE,https://s3-symbol-logo.tradingview.com/renol-polychem-ltd.svg,145.0
5646,BLUEPEBBLE,Blue Pebble Limited,NSE,https://s3-symbol-logo.tradingview.com/blue-pebble-ltd.svg,115.5
5647,RDGAIL,Rukmani Devi Garg Agro Impex Ltd.,BSE,https://s3-symbol-logo.tradingview.com/rukmani-devi-garg-agro-impex-ltd.svg,66.0
5648,ENFUSE,Enfuse Solutions Ltd.,NSE,https://s3-symbol-logo.tradingview.com/enfuse-solutions.svg,225.0
5649,VASHISHTHA,Vashishtha Luxury Fashion Limited,BSE,https://s3-symbol-logo.tradingview.com/vashishtha-luxury-fashion-limited.svg,145.0
5650,NBL,Naapbooks Limited,BSE,https://s3-symbol-logo.tradingview.com/naapbooks-limited.svg,139.5
5658,TELGE,Telge Projects Limited,BSE,https://s3-symbol-logo.tradingview.com/telge-projects-limited.svg,106.0
5659,WINSOL,Winsol Engineers Limited,NSE,https://s3-symbol-logo.tradingview.com/winsol-engineers-l.svg,162.35
5660,SOTAC,Sotac Pharmaceuticals Limited,NSE,https://s3-symbol-logo.tradingview.com/sotac-pharmaceuticals-ltd.svg,123.4
5661,JAINIK,Jainik Power and Cables Ltd.,NSE,https://s3-symbol-logo.tradingview.com/jainik-power-cables-ltd.svg,133.0
5662,SPUNWEB,Spunweb Nonwoven Limited,NSE,https://s3-symbol-logo.tradingview.com/spunweb-nonwoven-ltd.svg,138.0
5663,LTTS,L&T Technology Services Ltd.,BSE,https://s3-symbol-logo.tradingview.com/l-and-t-technology-services.svg,4674.15
5664,10GPG,Nippon India Credit Risk Fund-Segregated Portfolio 2 Units Growth Plan,BSE,https://s3-symbol-logo.tradingview.com/nippon-life-india-asset.svg,2.13
5665,DECCAN,Deccan Health Care Ltd.,BSE,https://s3-symbol-logo.tradingview.com/deccan-health-care-limited.svg,15.39
5666,PNC,Pritish Nandy Communications Limited,BSE,https://s3-symbol-logo.tradingview.com/pritish-nandy-comm.svg,26.6
5667,APMIN,APM Industries Limited,BSE,https://s3-symbol-logo.tradingview.com/apm-industries-ltd.svg,43.3
5668,SUNCLAY,Sundaram-Clayton Limited,NSE,https://s3-symbol-logo.tradingview.com/sundaram-clayton.svg,1236.6
5669,SHARDAMOTR,Sharda Motor Industries Ltd.,BSE,https://s3-symbol-logo.tradingview.com/sharda-motor-industries.svg,970.0
5670,STANLEY,Stanley Lifestyles Ltd.,BSE,https://s3-symbol-logo.tradingview.com/stanley-lifestyles-limited.svg,215.45
5671,MEFCOMCAP,Mefcom Capital Markets Limited,BSE,https://s3-symbol-logo.tradingview.com/mefcom-capital-markets-ltd.svg,13.16
5672,VISTARAMAR,Vistar Amar Ltd,BSE,https://s3-symbol-logo.tradingview.com/vistar-amar-limited.svg,98.7
5673,CONCORDBIO,Concord Biotech Ltd.,BSE,https://s3-symbol-logo.tradingview.com/concord-biotech-ltd.svg,1333.9
5674,SUMMITSEC,Summit Securities Limited,NSE,https://s3-symbol-logo.tradingview.com/summit-securities-ltd.svg,2027.1
5675,CYBERTECH,CyberTech Systems & Software Ltd.,BSE,https://s3-symbol-logo.tradingview.com/cybertech-systems.svg,148.6
5676,SIGIND,Signet Industries Limited,NSE,https://s3-symbol-logo.tradingview.com/signet-industries-limited.svg,55.44
5677,DCM,DCM Ltd.,BSE,https://s3-symbol-logo.tradingview.com/dcm-ltd.svg,92.2
5678,SHARPLINE,Sharpline Broadcast Limited,BSE,https://s3-symbol-logo.tradingview.com/sharpline-broadcast-limited.svg,10.55
5679,KRYSTAL,Krystal Integrated Services Ltd.,NSE,https://s3-symbol-logo.tradingview.com/krystal-integrated-services-li.svg,520.3
5680,HEUBACHIND,Sudarshan Colorants India Limited,NSE,https://s3-symbol-logo.tradingview.com/clariant.svg,470.3
5681,EMMBI,Emmbi Industries Limited,BSE,https://s3-symbol-logo.tradingview.com/emmbi-industries-ltd.svg,100.95
5682,UMIYA_MRO,Umiya Buildcon Limited,BSE,https://s3-symbol-logo.tradingview.com/mro-tek-realty-limited.svg,87.35
5683,PIONRINV,Pioneer Investcorp Limited,BSE,https://s3-symbol-logo.tradingview.com/pioneer-investcorp-ltd.svg,106.0
5684,TEJNAKSH,Tejnaksh Healthcare Ltd.,BSE,https://s3-symbol-logo.tradingview.com/tejnaksh-healthcare-limited.svg,15.49
5685,4THGEN,Fourth Generation Information Systems Ltd.,BSE,https://s3-symbol-logo.tradingview.com/fourth-generation-information.svg,9.62
5686,RPTECH,Rashi Peripherals Limited,BSE,https://s3-symbol-logo.tradingview.com/rashi-peripherals-limited.svg,343.85
5687,MEERA,Meera Industries Ltd.,BSE,https://s3-symbol-logo.tradingview.com/meera-industries-limited.svg,63.01
5688,JUSTDIAL,Just Dial Ltd.,BSE,https://s3-symbol-logo.tradingview.com/just-dial.svg,739.95
5689,VOLLF,Voltaire Leasing & Finance Ltd.,BSE,https://s3-symbol-logo.tradingview.com/voltaire-leasing-and-finance-ltd.svg,11.25
5690,SALZERELEC,Salzer Electronics Limited,BSE,https://s3-symbol-logo.tradingview.com/salzer-electronics.svg,694.5
5691,TREJHARA,Trejhara Solutions Ltd.,BSE,https://s3-symbol-logo.tradingview.com/trejhara-solutions-limited.svg,237.0
5692,GANESHBE,Ganesh Benzoplast Limited,BSE,https://s3-symbol-logo.tradingview.com/ganesh-benzoplast-ltd.svg,81.83
5693,ATLANTAELE,Atlanta Electricals Limited,BSE,https://s3-symbol-logo.tradingview.com/atlanta-electricals-limited.svg,936.85
5694,FLOMIC,Flomic Global Logistics Ltd.,BSE,https://s3-symbol-logo.tradingview.com/flomic-global-logistics-limite.svg,56.79
5695,BHARAT,Bharat Bhushan Finance & Commodity Brokers Ltd,BSE,https://s3-symbol-logo.tradingview.com/bharat-bhushan-share-and-commodi.svg,29.0
5696,GOLECHA,Golechha Global Finance Limited,BSE,https://s3-symbol-logo.tradingview.com/golechha-global-finance-ltd.svg,22.22
5697,METROBRAND,Metro Brands Ltd.,BSE,https://s3-symbol-logo.tradingview.com/metro-brands-ltd.svg,1156.7
5698,TNPL,Tamil Nadu Newsprint & Papers Ltd.,BSE,https://s3-symbol-logo.tradingview.com/tamil-nadu-newsprint-and-papers.svg,145.35
5699,HEXATRADEX,Hexa Tradex Limited,NSE,https://s3-symbol-logo.tradingview.com/hexa-tradex-ltd.svg,164.99
5700,CNL,Creative Newtech Limited,NSE,https://s3-symbol-logo.tradingview.com/creative-peripherals-and.svg,740.5
5720,SICALLOG,Sical Logistics Limited.,NSE,https://s3-symbol-logo.tradingview.com/sical-logistics-ltd.svg,102.5
5721,ENDURANCE,Endurance Technologies Ltd.,BSE,https://s3-symbol-logo.tradingview.com/endurance-technologies.svg,2621.0
5722,PADMAIND,Padmanabh Industries Limited,BSE,https://s3-symbol-logo.tradingview.com/padmanabh-industries-ltd.svg,9.5
5723,MIDINDIA,Mid India Industries Limited,BSE,https://s3-symbol-logo.tradingview.com/mid-india-industries-ltd.svg,7.82
5724,TRIGYN,Trigyn Technologies Limited,BSE,https://s3-symbol-logo.tradingview.com/trigyn-technologie.svg,67.32
5725,INNOVANA,Innovana Thinklabs Ltd.,NSE,https://s3-symbol-logo.tradingview.com/innovana-thinklabs.svg,420.6
5726,BRIGHT,Bright Outdoor Media Ltd.,BSE,https://s3-symbol-logo.tradingview.com/bright-outdoor-media-limited.svg,396.0
5727,SBILIQETF,SBI NIFTY 1D Rate Liquid ETF - Growth Exchange Traded Fund Units,NSE,https://s3-symbol-logo.tradingview.com/sbi-mutual-fund.svg,1019.56
5728,ACEINTEG,Ace Integrated Solutions Ltd.,NSE,https://s3-symbol-logo.tradingview.com/ace-integrated-solu-ltd.svg,22.05
5729,BALAMINES,Balaji Amines Limited,BSE,https://s3-symbol-logo.tradingview.com/balaji-amines.svg,1127.05
5730,LAXMIINDIA,Laxmi India Finance Limited,BSE,https://s3-symbol-logo.tradingview.com/laxmi-india-finance-limited.svg,128.05
5731,ALPHALOGIC,Alphalogic Techsys Limited,BSE,https://s3-symbol-logo.tradingview.com/alphalogic-techsys-limited.svg,66.47
5732,ORBTEXP,Orbit Exports Ltd,NSE,https://s3-symbol-logo.tradingview.com/orbit-exports-ltd.svg,192.52
5733,BAJAJELEC,Bajaj Electricals Limited,BSE,https://s3-symbol-logo.tradingview.com/bajaj-electricals.svg,485.05
5734,SENSEXBEES,Reliance ETF Sensex,BSE,https://s3-symbol-logo.tradingview.com/nippon-life-india-asset.svg,977.44
5735,CHDCHEM,Chd Chemicals Ltd,BSE,https://s3-symbol-logo.tradingview.com/chd-chemicals-limited.svg,5.39
5736,JGCHEM,JG Chemicals Limited,BSE,https://s3-symbol-logo.tradingview.com/jgchemicals-limited.svg,365.1
5737,SEJALLTD,Sejal Glass Limited,NSE,https://s3-symbol-logo.tradingview.com/sejal-glass-ltd.svg,874.0
5738,PRUDMOULI,Prudential Sugar Corp. Ltd.,NSE,https://s3-symbol-logo.tradingview.com/prudential-sugar-l.svg,22.13
5739,TOP10ADD,DSP Nifty Top 10 Equal Weight ETF Units Exchange Traded Fund,BSE,https://s3-symbol-logo.tradingview.com/dsp-blackrock-mutu.svg,102.2
5740,MINOLTAF,Minolta Finance Ltd.,BSE,https://s3-symbol-logo.tradingview.com/minolta-finance-ltd.svg,1.45
5741,ITHL,International Travel House Limited,BSE,https://s3-symbol-logo.tradingview.com/international-travel-house-ltd.svg,376.3
5742,SGRL,Shree Ganesh Remedies Ltd.,BSE,https://s3-symbol-logo.tradingview.com/shree-ganesh-remedies-limited.svg,425.0
5743,DCMSHRIRAM,DCM Shriram Limited,BSE,https://s3-symbol-logo.tradingview.com/dcm-shriram.svg,1244.15
5744,ICDSLTD,ICDS Ltd.,NSE,https://s3-symbol-logo.tradingview.com/icds-ltd.svg,44.38
5745,MAXGROW,MAXGROW INDIA LIMITED,BSE,https://s3-symbol-logo.tradingview.com/maxgrow-india-limited.svg,42.95
5746,AFFORDABLE,Affordable Robotic & Automation Ltd.,BSE,https://s3-symbol-logo.tradingview.com/affordable-robotic-and-automatio.svg,208.45
5747,ZUARIIND,Zuari Industries Limited,BSE,https://s3-symbol-logo.tradingview.com/zuari-industries-ltd.svg,321.15
5748,GSEC10ABSL,Aditya Birla Sun Life Crisil 10 Year Gilt ETF,NSE,https://s3-symbol-logo.tradingview.com/aditya-birla-fash.svg,109.62
5749,UNRYLMA,Uniroyal Marine Exports Ltd,BSE,https://s3-symbol-logo.tradingview.com/uniroyal-marine-exports-ltd.svg,15.23
5750,MOHITIND,Mohit Industries Limited,BSE,https://s3-symbol-logo.tradingview.com/mohit-industries-ltd.svg,28.75
5772,BKV,BKV Industries Limited,BSE,https://s3-symbol-logo.tradingview.com/bkv-industries-ltd.svg,10.23
5773,RISHIROOP,Rishiroop Limited,BSE,https://s3-symbol-logo.tradingview.com/rishiroop-limited.svg,110.45
5774,KVFORGE,Krishanveer Forge Limited,BSE,https://s3-symbol-logo.tradingview.com/krishanveer-forge-limited.svg,150.9
5775,SUPERHOUSE,Superhouse Limited,NSE,https://s3-symbol-logo.tradingview.com/superhouse-ltd.svg,146.01
5776,AKG,AKG Exim Ltd.,NSE,https://s3-symbol-logo.tradingview.com/akg-exim-ltd.svg,12.4
5777,ROSSELLIND,Rossell India Limited,BSE,https://s3-symbol-logo.tradingview.com/rossell-india-ltd.svg,50.98
5778,SHERVANI,Shervani Industrial Syndicate Limited,BSE,https://s3-symbol-logo.tradingview.com/shervani-industrial-syndicate.svg,395.0
5779,INDIANHUME,Indian Hume Pipe Co. Ltd.,BSE,https://s3-symbol-logo.tradingview.com/indian-hume-pipe-coltd.svg,415.8
5780,SKCIL,Shri Keshav Cements & Infra Ltd,BSE,https://s3-symbol-logo.tradingview.com/shri-keshav-cements-and-infra.svg,180.0
5781,HEALTHIETF,ICICI Prudential Nifty Healthcare ETF,BSE,https://s3-symbol-logo.tradingview.com/icici-prudential-bank.svg,151.7
5782,TANFACIND,TANFAC Industries Limited,BSE,https://s3-symbol-logo.tradingview.com/tanfac-industries-ltd.svg,4224.9
5783,DIVGIITTS,Divgi TorqTransfer Systems Ltd.,NSE,https://s3-symbol-logo.tradingview.com/divgi-torqtransfer-syst-l.svg,580.7
5784,DAULAT,Daulat Securities Ltd.,BSE,https://s3-symbol-logo.tradingview.com/daulat-securities-ltd.svg,32.5
5785,SHAWGELTIN,Narmada Gelatines Limited,BSE,https://s3-symbol-logo.tradingview.com/narmada-gelatines-ltd.svg,343.65
5786,ATLANTAA,Atlantaa Ltd,BSE,https://s3-symbol-logo.tradingview.com/atlantaa-limited.svg,42.4
5787,ISHITADR,Ishita Drugs & Industries Ltd.,BSE,https://s3-symbol-logo.tradingview.com/ishita-drugs-and-industries-ltd.svg,73.05
5788,COMPEAU,Competent Automobiles Co. Ltd.,BSE,https://s3-symbol-logo.tradingview.com/competent-automobiles-coltd.svg,388.3
5789,MOPSE,Motilal Oswal Nifty PSE ETF Exchange Traded Fund Units,NSE,https://s3-symbol-logo.tradingview.com/motilal.svg,98.0
5790,KIMIABL,Kimia Biosciences Ltd.,BSE,https://s3-symbol-logo.tradingview.com/kimia-biosciences-limited.svg,32.0
5791,INLANPR,Inland Printers Ltd.,BSE,https://s3-symbol-logo.tradingview.com/inland-printers-ltd.svg,32.53
5792,ALLDIGI,Alldigi Tech Ltd,NSE,https://s3-symbol-logo.tradingview.com/allsec-technologie.svg,832.45
5793,APARINDS,APAR Industries Limited,BSE,https://s3-symbol-logo.tradingview.com/apar-industries.svg,8880.5
5794,GUJINV,Ashtasidhhi Industries Ltd,BSE,https://s3-symbol-logo.tradingview.com/gujarat-investa-ltd.svg,21.98
5795,AMBER,Amber Enterprises India Ltd.,BSE,https://s3-symbol-logo.tradingview.com/amber-enterprises-india.svg,6669.45
5796,INDSUCR,Indian Sucrose Limited,BSE,https://s3-symbol-logo.tradingview.com/indian-sucrose-ltd.svg,74.31
5797,GOODRICKE,Goodricke Group Ltd,BSE,https://s3-symbol-logo.tradingview.com/goodricke-ltd.svg,174.5
5798,LAFFANSQ,Laffans Petrochemicals Limited,BSE,https://s3-symbol-logo.tradingview.com/laffans-petrochemicals-ltd.svg,29.6
5799,NILE,Nile Limited,BSE,https://s3-symbol-logo.tradingview.com/nile-ltd.svg,1622.05
5800,PSUBANK,Kotak Nifty PSU Bank ETF,BSE,https://s3-symbol-logo.tradingview.com/kotak-mahindra-ast.svg,833.08
5802,NDLVENTURE,NDL Ventures Ltd,BSE,https://s3-symbol-logo.tradingview.com/ndl-ventures-limited.svg,89.1
5803,SOLIMAC,Solitaire Machine Tools Limited,BSE,https://s3-symbol-logo.tradingview.com/solitaire-machine-tools-ltd.svg,112.0
5804,VENKEYS,Venky's (India) Limited,BSE,https://s3-symbol-logo.tradingview.com/venky-s.svg,1445.9
5805,GHCL,GHCL Limited,BSE,https://s3-symbol-logo.tradingview.com/ghcl.svg,574.55
5806,MONIFTY100,Motilal Oswal Mutual Fund - Motilal Oswal Nifty 100 ETF,NSE,https://s3-symbol-logo.tradingview.com/motilal.svg,26.84
5807,GGDPROP,G. G. Dandekar Properties Limited,BSE,https://s3-symbol-logo.tradingview.com/g-g-dandekar-properties-limi.svg,78.7
5808,SBISENSEX,SBI S&P BSE SENSEX ETF,BSE,https://s3-symbol-logo.tradingview.com/sbi-mutual-fund.svg,946.96
5809,LELAVOIR,Le Lavoir Ltd.,BSE,https://s3-symbol-logo.tradingview.com/le-lavoir-limited.svg,200.1
5810,ABCOTS,AB Cotspin India Ltd.,BSE,https://s3-symbol-logo.tradingview.com/ab-cotspin-india-l.svg,411.9
5811,GLOBALVECT,Global Vectra Helicorp Limited,BSE,https://s3-symbol-logo.tradingview.com/global-vectra-helicorp-ltd.svg,197.0
6140,GLAND,Gland Pharma Ltd.,BSE,https://s3-symbol-logo.tradingview.com/gland-pharma.svg,1676.9
5812,COMMOIETF,ICICI Prudential Nifty Commodities ETF,BSE,https://s3-symbol-logo.tradingview.com/icici-prudential-bank.svg,95.0
5813,JOCIL,Jocil Limited,NSE,https://s3-symbol-logo.tradingview.com/jocil-ltd.svg,147.99
5814,JUMBO,Jumbo Bag Limited,BSE,https://s3-symbol-logo.tradingview.com/jumbo-bag-ltd.svg,71.95
5815,ECLERX,eClerx Services Limited,BSE,https://s3-symbol-logo.tradingview.com/eclerx.svg,4716.0
5816,MSCIADD,DSP MSCI India ETF Units,NSE,https://s3-symbol-logo.tradingview.com/dsp-blackrock-mutu.svg,30.71
5817,CHOKSI,Choksi Asia Ltd,BSE,https://s3-symbol-logo.tradingview.com/choksi-imaging-ltd.svg,126.95
5818,SIYSIL,Siyaram Silk Mills Limited,BSE,https://s3-symbol-logo.tradingview.com/siyaram-silk.svg,634.2
5819,GARFIBRES,Garware Technical Fibres Limited,BSE,https://s3-symbol-logo.tradingview.com/garware-technical-fibres.svg,692.9
5820,CENTUM,Centum Electronics Limited,BSE,https://s3-symbol-logo.tradingview.com/centum-electronics-ltd.svg,2343.9
5821,STANPACK,Stanpacks (India) Limited,BSE,https://s3-symbol-logo.tradingview.com/stanpacks-india-ltd.svg,10.81
5822,REXNORD,Rexnord Electronics & Controls Ltd.,BSE,https://s3-symbol-logo.tradingview.com/rexnord-electronics-and-controls.svg,77.73
5823,FOODSIN,Foods & Inns Ltd.,BSE,https://s3-symbol-logo.tradingview.com/foods-and-inns-ltd.svg,70.25
5824,ANIRIT,Anirit Ventures Ltd,BSE,https://s3-symbol-logo.tradingview.com/flora-textiles-ltd.svg,50.6
5825,SHILGRAVQ,Shilp Gravures Limited,BSE,https://s3-symbol-logo.tradingview.com/shilp-gravures-ltd.svg,209.0
5826,08MPD,Nippon India Equity Savings Fund - Segerated Portfolio 2 Units Segregated Portfolio 2 -Monthly Dividend,BSE,https://s3-symbol-logo.tradingview.com/nippon-life-india-asset.svg,6.2
5827,SARLAPOLY,Sarla Performance Fibers Limited,BSE,https://s3-symbol-logo.tradingview.com/sarla-performance-fibers-ltd.svg,85.78
5828,SIMPLEXINF,Simplex Infrastructures Limited,BSE,https://s3-symbol-logo.tradingview.com/simplex-infrastruc.svg,263.0
5829,HMVL,Hindustan Media Ventures Limited,BSE,https://s3-symbol-logo.tradingview.com/hindustan-media-ve.svg,71.65
5830,CALSOFTPP,California Software Co. Ltd. TEMP,BSE,https://s3-symbol-logo.tradingview.com/california-software-coltd.svg,4.16
5831,DAIKAFFI,Daikaffil Chemicals India Limited,BSE,https://s3-symbol-logo.tradingview.com/daikaffil-chemicals-india-ltd.svg,75.0
5832,SAFE,Sodhani Academy of Fintech Enablers Limited,BSE,https://s3-symbol-logo.tradingview.com/sodhani-academy-of-fintech-ena.svg,225.6
5833,AMBANIORGO,Ambani Orgochem Ltd,NSE,https://s3-symbol-logo.tradingview.com/ambani-organics-ltd.svg,105.0
5834,CBPL,Chandra Bhagat Pharma Ltd.,BSE,https://s3-symbol-logo.tradingview.com/chandra-bhagat-pharma-limited.svg,45.0
5835,DELTIC,Delta Autocorp Limited,NSE,https://s3-symbol-logo.tradingview.com/delta-autocorp-ltd.svg,49.7
5836,EARKART,Earkart Ltd.,BSE,https://s3-symbol-logo.tradingview.com/earkart-ltd.svg,174.0
5837,VISAMAN,Visaman Global Sales Limited,NSE,https://s3-symbol-logo.tradingview.com/visaman-global-sales-ltd.svg,120.0
5838,RACHIT,Rachit Prints Limited,BSE,https://s3-symbol-logo.tradingview.com/rachit-prints-limited.svg,134.5
5839,KODYTECH,Kody Technolab Limited,NSE,https://s3-symbol-logo.tradingview.com/kody-technolab-lim.svg,925.1
5840,MAGSON,Magson Retail and Distribution Limited,NSE,https://s3-symbol-logo.tradingview.com/magson-retail-and.svg,120.0
5841,BLUEWATER,Blue Water Logistics Limited,NSE,https://s3-symbol-logo.tradingview.com/blue-water-logistics-ltd.svg,150.0
5842,MADHUSUDAN,Madhusudan Masala Limited,NSE,https://s3-symbol-logo.tradingview.com/madhusudan-masala.svg,133.9
5843,MDL,Marvel Decor Ltd.,NSE,https://s3-symbol-logo.tradingview.com/marvel-decor-ltd.svg,73.0
5844,SBRANDS,Sanghvi Brands Ltd.,BSE,https://s3-symbol-logo.tradingview.com/sanghvi-brands-limited.svg,12.99
5845,CADSYS,Cadsys (India) Ltd.,NSE,https://s3-symbol-logo.tradingview.com/cadsys-india-ltd.svg,43.85
5846,PURPLE,Purple Entertainment Ltd.,BSE,https://s3-symbol-logo.tradingview.com/purple-entertainment-limited.svg,5.25
5847,PREMIER,Premier Limited,BSE,https://s3-symbol-logo.tradingview.com/premier.svg,2.93
5848,ECOLINE,Ecoline Exim Limited,NSE,https://s3-symbol-logo.tradingview.com/ecoline-exim-limited.svg,135.5
5849,MISQUITA,Misquita Engineering Ltd.,BSE,https://s3-symbol-logo.tradingview.com/misquita-engineering-limited.svg,112.0
5850,QFIL,Quality Foils (India) Limited,NSE,https://s3-symbol-logo.tradingview.com/quality-foils.svg,58.8
5880,CANDOUR,Candour Techtex Limited,BSE,https://s3-symbol-logo.tradingview.com/candour-techtex-limited.svg,145.0
5881,DENORA,De Nora India Limited,NSE,https://s3-symbol-logo.tradingview.com/de-nora-india.svg,705.95
5882,INTENTECH,Intense Technologies Limited,BSE,https://s3-symbol-logo.tradingview.com/intense-technologi.svg,118.45
5883,MANUGRAPH,Manugraph India Limited,NSE,https://s3-symbol-logo.tradingview.com/manugraph-india-ltd.svg,16.38
5884,INLCM,Indian Link Chain Manufacturers Ltd.,BSE,https://s3-symbol-logo.tradingview.com/indian-link-chain-manufactures.svg,1799.4
5885,MAFANG,Mirae Asset NYSE FANG+ ETF Exchange Traded Fund Units,BSE,https://s3-symbol-logo.tradingview.com/mirae-asset-sec.svg,168.98
5886,LGBBROSLTD,L.G. Balakrishnan & Bros Ltd.,BSE,https://s3-symbol-logo.tradingview.com/l-g-balakrishnan-and-bros.svg,1870.8
5887,SHIVATEX,Shiva Texyarn Limited,NSE,https://s3-symbol-logo.tradingview.com/shiva-texyarn-ltd.svg,182.4
5888,GROVY,Grovy India Ltd.,BSE,https://s3-symbol-logo.tradingview.com/grovy-india-limited.svg,50.0
5889,EMAINDIA,EMA India Limited,BSE,https://s3-symbol-logo.tradingview.com/ema-india-ltd.svg,433.6
5890,INDIANCARD,Indian Card Clothing Co. Ltd.,NSE,https://s3-symbol-logo.tradingview.com/indian-card-cloth.svg,243.35
5891,ERIS,Eris Lifesciences Ltd,BSE,https://s3-symbol-logo.tradingview.com/eris-lifesciences.svg,1553.4
5892,STARTECK,Starteck Finance Ltd.,BSE,https://s3-symbol-logo.tradingview.com/starteck-finance-limited.svg,276.25
5893,YASHRAJC,Yashraj Containeurs Limited,BSE,https://s3-symbol-logo.tradingview.com/yashraj-containeurs-ltd.svg,5.86
5894,ATISHAY,Atishay Ltd.,BSE,https://s3-symbol-logo.tradingview.com/atishay-limited.svg,179.7
5895,SUNCITYSY,Suncity Synthetics Limited,BSE,https://s3-symbol-logo.tradingview.com/suncity-synthetics-ltd.svg,13.59
5896,LIQUID1,Kotak Nifty 1D Rate Liquid ETF,BSE,https://s3-symbol-logo.tradingview.com/kotak-mahindra-ast.svg,1083.55
5897,SOBHA,Sobha Limited,BSE,https://s3-symbol-logo.tradingview.com/sobha.svg,1494.1
5898,ANDHRAPAP,Andhra Paper Ltd.,BSE,https://s3-symbol-logo.tradingview.com/andhra-paper-ltd.svg,67.52
5899,NTCIND,NTC Industries Limited,BSE,https://s3-symbol-logo.tradingview.com/ntc-industries-ltd.svg,160.85
5900,TALBROAUTO,Talbros Automotive Components Limited,BSE,https://s3-symbol-logo.tradingview.com/talbros-automotive-components.svg,282.65
5915,MHRIL,Mahindra Holidays & Resorts India Limited,BSE,https://s3-symbol-logo.tradingview.com/mahindra-holidays.svg,315.85
5916,RAGHUSYN,Raghuvir Synthetics Limited,BSE,https://s3-symbol-logo.tradingview.com/raghuvir-synthetics-ltd.svg,107.0
5917,INDBNK,Ind Bank Housing Ltd,BSE,https://s3-symbol-logo.tradingview.com/ind-bank-housing-ltd.svg,41.25
5918,SYSCHEM,Syschem India Ltd.,BSE,https://s3-symbol-logo.tradingview.com/syschem-india-ltd.svg,49.89
5919,KAUSHALYA,Kaushalya Infrastructure Development Corporation Ltd,NSE,https://s3-symbol-logo.tradingview.com/kaushalya-infrastructure-devel.svg,889.45
5920,MOVALUE,Motilal Oswal S&P BSE Enhanced Value ETF Exchange Traded Fund Units,BSE,https://s3-symbol-logo.tradingview.com/motilal.svg,114.63
5921,AMBIKCO,Ambika Cotton Mills Limited,NSE,https://s3-symbol-logo.tradingview.com/ambika-cotton-mill.svg,1269.5
5922,THEINVEST,Investment Trust of India Limited,NSE,https://s3-symbol-logo.tradingview.com/the-investment-tru.svg,118.88
5923,CONS,Kotak Nifty India Consumption ETF,NSE,https://s3-symbol-logo.tradingview.com/kotak-mahindra-ast.svg,125.6
5924,HMT,HMT Ltd.,BSE,https://s3-symbol-logo.tradingview.com/hmt-ltd-india.svg,48.13
5925,BANARBEADS,Banaras Beads Limited,BSE,https://s3-symbol-logo.tradingview.com/banaras-beads-ltd.svg,130.1
5926,EMERALL,Emerald Leisures Ltd,BSE,https://s3-symbol-logo.tradingview.com/emerald-leisures-limited.svg,215.0
5927,PODDARMENT,Poddar Pigments Limited,NSE,https://s3-symbol-logo.tradingview.com/poddar-pigments-ltd.svg,271.2
5928,RAGHUNAT,Raghunath International Limited.,BSE,https://s3-symbol-logo.tradingview.com/raghunath-tobacco-coltd.svg,12.0
5929,SENORES,Senores Pharmaceuticals Ltd.,BSE,https://s3-symbol-logo.tradingview.com/senores-pharmaceuticals-limite.svg,810.15
5930,KICL,Kalyani Investment Co. Ltd.,NSE,https://s3-symbol-logo.tradingview.com/kalyani-group.svg,4922.0
5931,LOYAL,Loyal Equipments Ltd,BSE,https://s3-symbol-logo.tradingview.com/loyal-equipments-limited.svg,202.0
5932,HRMNYCP,Harmony Capital Services Ltd.,BSE,https://s3-symbol-logo.tradingview.com/harmony-capital-services-ltd.svg,76.69
5933,DPWIRES,DP Wires Ltd.,BSE,https://s3-symbol-logo.tradingview.com/dp-wires-limited.svg,214.55
5934,SOUTLAT,Southern Latex Ltd.,BSE,https://s3-symbol-logo.tradingview.com/southern-latex-ltd.svg,41.9
5935,JAINCO,Jainco Projects (India) Ltd,BSE,https://s3-symbol-logo.tradingview.com/jainco-projects-india-ltd.svg,7.19
5936,APOLLOFI,Apollo Finvest (India) Limited,BSE,https://s3-symbol-logo.tradingview.com/apollo-finvest-india-ltd.svg,413.0
5937,LASA,Lasa Supergenerics Ltd.,BSE,https://s3-symbol-logo.tradingview.com/lasa-supergenerics-limited.svg,9.25
5938,RAJSREESUG,Rajshree Sugars & Chemicals Limited,BSE,https://s3-symbol-logo.tradingview.com/rajshree-sugars-and-chemicals-lt.svg,36.01
5939,ALPHAETF,Mirae Asset Nifty 200 Alpha 30 ETF Exchange Traded Fund Units,BSE,https://s3-symbol-logo.tradingview.com/mirae-asset-sec.svg,25.27
5940,PIIND,PI Industries Limited,BSE,https://s3-symbol-logo.tradingview.com/pi-industries.svg,3248.1
5941,OLPCL,Olympic Cards Limited,BSE,https://s3-symbol-logo.tradingview.com/olympic-cards-ltd.svg,2.71
5942,JITFINFRA,JITF Infralogistics Ltd.,BSE,https://s3-symbol-logo.tradingview.com/jitf-infralogistics-limited.svg,281.2
5943,ENTERO,Entero Healthcare Solutions Limited,BSE,https://s3-symbol-logo.tradingview.com/entero-healthcare-solutions-li.svg,964.9
5944,PALASHSECU,Palash Securities Ltd.,NSE,https://s3-symbol-logo.tradingview.com/palash-securities.svg,108.9
5945,SYMPHONY,Symphony Limited,BSE,https://s3-symbol-logo.tradingview.com/symphony.svg,841.75
5946,STEELCAS,Steelcast Ltd.,BSE,https://s3-symbol-logo.tradingview.com/steelcast-ltd.svg,209.9
5947,LYONSCO,Lyons Corporate Market Ltd,BSE,https://s3-symbol-logo.tradingview.com/lyons-corporate-market-ltd.svg,19.84
5948,UNIINFO,Uniinfo Telecom Services Ltd.,NSE,https://s3-symbol-logo.tradingview.com/uniinfo-telecom-servi-ltd.svg,16.2
5949,IRIS,IRIS RegTech Solutions Limited,BSE,https://s3-symbol-logo.tradingview.com/iris-business-serv-ltd.svg,302.8
5950,JETFREIGHT,Jet Freight Logistics Ltd.,BSE,https://s3-symbol-logo.tradingview.com/jet-freight-logistics-ltd.svg,17.71
5960,GREENPANEL,Greenpanel Industries Ltd,BSE,https://s3-symbol-logo.tradingview.com/greenpanel-industries.svg,238.55
5961,HIRECT,Hind Rectifiers Limited,BSE,https://s3-symbol-logo.tradingview.com/hind-rectifiers-ltd.svg,1499.0
5962,BPL,BPL Limited,BSE,https://s3-symbol-logo.tradingview.com/bpl-ltd.svg,57.47
5963,THANGAMAYL,Thangamayil Jewellery Ltd.,BSE,https://s3-symbol-logo.tradingview.com/thangamayil-jewell.svg,3410.05
5964,NIFTYQLITY,Aditya Birla Sun Life Nifty 200 Quality 30 ETF Units Exchange Traded Fund,BSE,https://s3-symbol-logo.tradingview.com/aditya-birla-fash.svg,22.38
5965,AIHL,Ambassador Intra Holdings Ltd.,BSE,https://s3-symbol-logo.tradingview.com/ambassador-intra-limi.svg,42.12
5966,NPL,NPL Chemicals Limited,BSE,https://s3-symbol-logo.tradingview.com/national-peroxide-limited.svg,473.05
5967,CYIENTDLM,Cyient DLM Limited,BSE,https://s3-symbol-logo.tradingview.com/cyient-dlm-ltd.svg,426.3
5968,08GPG,Nippon India Equity Savings Fund - Segerated Portfolio 2 Units Growth Plan,BSE,https://s3-symbol-logo.tradingview.com/nippon-life-india-asset.svg,2.91
5969,HDFCSENSEX,HDFC S&P BSE Sensex ETF,BSE,https://s3-symbol-logo.tradingview.com/hdfc-bank.svg,96.32
5970,SATIA,Satia Industries Ltd,BSE,https://s3-symbol-logo.tradingview.com/satia-industries-limited.svg,66.64
5971,YUNIKM,Yunik Managing Advisors Limited,BSE,https://s3-symbol-logo.tradingview.com/yunik-managing-advisors-limite.svg,8.13
5972,MAHAVEER,Mahaveer Infoway Limited,BSE,https://s3-symbol-logo.tradingview.com/mahaveer-infoway-limited.svg,10.13
5973,NETTLINX,Nettlinx Limited,BSE,https://s3-symbol-logo.tradingview.com/nettlinx-ltd.svg,18.99
5974,MALLCOM,Mallcom (India) Ltd.,NSE,https://s3-symbol-logo.tradingview.com/mallcom-india-ltd.svg,1188.4
5975,UNIVSTAR,Universal Starch-Chem Allied Limited,BSE,https://s3-symbol-logo.tradingview.com/universal-starch-chem-allied-l.svg,140.9
5976,NOVIS,Nova Iron & Steel Ltd.,BSE,https://s3-symbol-logo.tradingview.com/nova-iron-and-steel-ltd.svg,13.47
5977,PSPPROJECT,PSP Projects Ltd,BSE,https://s3-symbol-logo.tradingview.com/psp-projects.svg,896.9
5978,IPCALAB,IPCA Laboratories Limited,BSE,https://s3-symbol-logo.tradingview.com/ipca.svg,1419.35
5979,FYNX,FYNX Capital Limited,BSE,https://s3-symbol-logo.tradingview.com/fynx-capital-limited.svg,69.71
5980,AGARIND,Agarwal Industrial Corporation Limited,BSE,https://s3-symbol-logo.tradingview.com/agarwal-industrial.svg,737.55
5981,CORDSCABLE,Cords Cable Industries Limited,BSE,https://s3-symbol-logo.tradingview.com/cords-cable-industries-ltd.svg,191.8
5982,IGARASHI,Igarashi Motors India Limited,BSE,https://s3-symbol-logo.tradingview.com/igarashi-motors.svg,436.3
5983,PROCLB,Pro CLB Global Limited,BSE,https://s3-symbol-logo.tradingview.com/pro-clb-global-limited.svg,24.77
5984,LIBERTSHOE,Liberty Shoes Limited,BSE,https://s3-symbol-logo.tradingview.com/liberty-shoes.svg,280.0
5985,REGENCERAM,Regency Ceramics Ltd,NSE,https://s3-symbol-logo.tradingview.com/regency-ceramics.svg,46.22
5986,GKP,G.K.P. Printing & Packaging Limited,BSE,https://s3-symbol-logo.tradingview.com/g-k-p-printing-and-packaging.svg,7.02
5987,GUJINTRX,Gujarat Intrux Limited,BSE,https://s3-symbol-logo.tradingview.com/gujarat-intrux-ltd.svg,436.8
5988,HMAAGRO,HMA Agro Industries Limited,BSE,https://s3-symbol-logo.tradingview.com/hma-agro-industries-ltd.svg,29.0
5989,HAPPYFORGE,Happy Forging Limited,BSE,https://s3-symbol-logo.tradingview.com/happy-forgings-ltd.svg,1103.35
5990,IKIO,IKIO Technologies Ltd,BSE,https://s3-symbol-logo.tradingview.com/ikio-lighting-ltd.svg,181.0
5991,DYNPRO,Dynemic Products Limited,NSE,https://s3-symbol-logo.tradingview.com/dynemic-products.svg,266.95
5992,PENINLAND,Peninsula Land Limited,BSE,https://s3-symbol-logo.tradingview.com/peninsula-land-ltd.svg,26.38
5993,ATULAUTO,Atul Auto Ltd,BSE,https://s3-symbol-logo.tradingview.com/atul-auto.svg,438.85
5994,ARCHITORG,Archit Organosys Ltd.,BSE,https://s3-symbol-logo.tradingview.com/archit-organosys-ltd.svg,43.24
5995,STARPAPER,Star Paper Mills Ltd.,NSE,https://s3-symbol-logo.tradingview.com/star-paper-mills.svg,163.03
5996,ATVOENT,Atvo Enterprises Ltd,BSE,https://s3-symbol-logo.tradingview.com/vandana-knitwear-ltd.svg,14.7
5997,STYRENIX,Styrenix Performance Materials Ltd,BSE,https://s3-symbol-logo.tradingview.com/styrenix-performance-materials.svg,2019.0
5998,CAPITALSFB,Capital Small Finance Bank Limited,BSE,https://s3-symbol-logo.tradingview.com/capital-small-fin-bank-l.svg,264.65
6000,RAGHUTOB,RTCL Limited,BSE,https://s3-symbol-logo.tradingview.com/raghunath-tobacco-coltd.svg,17.0
6028,BEEZAASAN,Beezaasan Explotech Limited,BSE,https://s3-symbol-logo.tradingview.com/beezaasan-explotech-limited.svg,227.9
6029,TVSHLTD,TVS Holdings Limited,NSE,https://s3-symbol-logo.tradingview.com/sundaram-clayton.svg,14360.0
6030,VINATIORGA,Vinati Organics Limited,BSE,https://s3-symbol-logo.tradingview.com/vinati-organics.svg,1585.4
6031,SUDARSCHEM,Sudarshan Chemical Industries Limited,BSE,https://s3-symbol-logo.tradingview.com/sudarshan-chemical.svg,984.15
6032,NITINSPIN,Nitin Spinners Limited,BSE,https://s3-symbol-logo.tradingview.com/nitin-spinners.svg,323.75
6033,NIFITETF,UTI Nifty IT ETF Units Exchange Traded Fund,NSE,https://s3-symbol-logo.tradingview.com/uti-asset-management.svg,406.23
6034,MAHESHWARI,Maheshwari Logistics Ltd.,NSE,https://s3-symbol-logo.tradingview.com/maheshwari-logisti.svg,48.35
6035,WEL,Wonder Electricals Limited,BSE,https://s3-symbol-logo.tradingview.com/wonder-electricals-ltd.svg,141.55
6036,AXSENSEX,AXIS S&P BSE SENSEX ETF,NSE,https://s3-symbol-logo.tradingview.com/axis-bank.svg,87.94
6037,GARWSYN,Garware Synthetics Ltd.,BSE,https://s3-symbol-logo.tradingview.com/garware-synthetics-ltd.svg,16.15
6038,ASIAN,Asian Warehousing Ltd.,BSE,https://s3-symbol-logo.tradingview.com/asian-warehousing-limited.svg,41.46
6039,AVG,AVG Logistics Ltd.,BSE,https://s3-symbol-logo.tradingview.com/avg-logistics-limited.svg,182.65
6040,NITTAGELA,Nitta Gelatin India Limited,BSE,https://s3-symbol-logo.tradingview.com/nitta-gelatin-india-ltd.svg,814.75
6041,LONTE,Longview Tea Co. Ltd.,BSE,https://s3-symbol-logo.tradingview.com/longview-tea-company-ltd.svg,15.6
6042,APIL,AVI Products India Ltd,BSE,https://s3-symbol-logo.tradingview.com/avi-products-india-limited.svg,32.14
6043,NAPEROL,Naperol Investments Ltd,BSE,https://s3-symbol-logo.tradingview.com/naperol-investments-limited.svg,728.7
6044,SFL,Sheela Foam Ltd.,BSE,https://s3-symbol-logo.tradingview.com/sheela-foam.svg,584.45
6045,GILADAFINS,Gilada Finance & Investments Ltd,BSE,https://s3-symbol-logo.tradingview.com/gilada-finance-and-investments-l.svg,14.47
6046,MOHEALTH,Motilal Oswal S&P BSE Healthcare ETF,BSE,https://s3-symbol-logo.tradingview.com/motilal.svg,44.7
6047,INDOBORAX,Indo Borax & Chemicals Limited,BSE,https://s3-symbol-logo.tradingview.com/indo-borax-and-chemicals-ltd.svg,261.0
6048,NPRFIN,NPR Finance Ltd.,BSE,https://s3-symbol-logo.tradingview.com/npr-finance-ltd.svg,29.0
6049,WEALTH,Wealth First Portfolio Managers Ltd.,NSE,https://s3-symbol-logo.tradingview.com/wealth-frst-port-mg-ltd.svg,957.0
6050,KRANTI,Kranti Industries Ltd.,BSE,https://s3-symbol-logo.tradingview.com/kranti-industries-limited.svg,82.15
6058,SMFIL,Smiths & Founders (India) Limited,BSE,https://s3-symbol-logo.tradingview.com/smiths-and-founders-india-limi.svg,4.99
6059,MODRNSH,Modern Shares & Stockbrokers Ltd.,BSE,https://s3-symbol-logo.tradingview.com/modern-shares-and-stockbrokers-l.svg,41.7
6060,DBSTOCKBRO,DB (International) Stock Brokers Limited,NSE,https://s3-symbol-logo.tradingview.com/db-international-stock-broke.svg,25.0
6061,PACIFICI,Pacific Industries Ltd.,BSE,https://s3-symbol-logo.tradingview.com/pacific-industries-ltd.svg,167.0
6062,SUNILAGR,Sunil Agro Foods Limited,BSE,https://s3-symbol-logo.tradingview.com/sunil-agro-foods-ltd.svg,85.15
6063,UNIABEXAL,Uni-Abex Alloy Products Limited,BSE,https://s3-symbol-logo.tradingview.com/uni-abex-alloy-products-ltd.svg,3020.0
6064,KOVAI,Kovai Medical Center & Hospital Ltd.,BSE,https://s3-symbol-logo.tradingview.com/kovai-medical-center-and-hospita.svg,5789.3
6065,HOWARHO,Howard Hotels Limited,BSE,https://s3-symbol-logo.tradingview.com/howard-hotels-ltd.svg,19.87
6066,AXISVALUE,Axis Nifty500 Value 50 ETF,BSE,https://s3-symbol-logo.tradingview.com/axis-bank.svg,30.59
6067,KPT,KPT Industries Limited,BSE,https://s3-symbol-logo.tradingview.com/kpt-industries-limited.svg,608.05
6068,MODIRUBBER,Modi Rubber Limited,NSE,https://s3-symbol-logo.tradingview.com/modi-rubber.svg,107.3
6069,SURYAAMBA,Suryaamba Spinning Mills Limited,BSE,https://s3-symbol-logo.tradingview.com/suryaamba-spinning-mills-ltd.svg,116.35
6070,KIRLPNU,Kirloskar Pneumatic Co. Ltd.,BSE,https://s3-symbol-logo.tradingview.com/kirloskar-pneumatic-co-ltd.svg,1048.85
6071,LAKHOTIA,Lakhotia Polyesters (India) Ltd.,BSE,https://s3-symbol-logo.tradingview.com/lakhotia-polyesters-india-lt.svg,76.56
6072,SGFRL,Suyog Gurbaxani Funicular Ropeways Limited,BSE,https://s3-symbol-logo.tradingview.com/suyog-gurbaxani-funicular-rope.svg,138.0
6073,RESGEN,Resgen Limited,BSE,https://s3-symbol-logo.tradingview.com/resgen-limited.svg,68.95
6074,CTCL,Captain Technocast Ltd.,BSE,https://s3-symbol-logo.tradingview.com/captain-technocast-limited.svg,150.0
6075,MHEL,Mewar Hi-Tech Engineering Ltd.,BSE,https://s3-symbol-logo.tradingview.com/mewar-hi-tech-engineering-limi.svg,76.55
6076,HOLMARC,Holmarc Opto-Mechatronics Ltd.,NSE,https://s3-symbol-logo.tradingview.com/holmarc-opto-mecha.svg,101.9
6077,GRETEX,Gretex Industries Ltd.,NSE,https://s3-symbol-logo.tradingview.com/gretex-corporate-services-limi.svg,199.9
6078,NIHARINF,Nihar Info Global Limited,BSE,https://s3-symbol-logo.tradingview.com/nihar-info-global-ltd.svg,5.69
6079,PROZONER,Prozone Realty Ltd,BSE,https://s3-symbol-logo.tradingview.com/prozone-realty-ltd.svg,50.94
6080,BASML,Bannari Amman Spinning Mills Limited,BSE,https://s3-symbol-logo.tradingview.com/bannari-amman-spinning-mills-l.svg,27.27
6081,RAJTV,Raj Television Network Limited,BSE,https://s3-symbol-logo.tradingview.com/raj-tel-network.svg,43.7
6082,63MOONS,63 Moons Technologies Ltd.,BSE,https://s3-symbol-logo.tradingview.com/63-moons-technolog.svg,762.4
6083,KHAITANLTD,Khaitan India Ltd.,BSE,https://s3-symbol-logo.tradingview.com/khaitan-india-ltd.svg,101.3
6084,DELTAMAGNT,Delta Manufacturing Limited,BSE,https://s3-symbol-logo.tradingview.com/delta-manufacturing-limited.svg,68.04
6085,SUBROS,Subros Limited,BSE,https://s3-symbol-logo.tradingview.com/subros.svg,876.9
6086,RGL,Renaissance Global Limited,BSE,https://s3-symbol-logo.tradingview.com/renaissance-global.svg,127.9
6087,UNIOFFICE,Universal Office Automation Limited,BSE,https://s3-symbol-logo.tradingview.com/universal-office-automation-lt.svg,7.61
6088,PARNAXLAB,Parnax Lab Limited,BSE,https://s3-symbol-logo.tradingview.com/parnax-lab-ltd.svg,128.65
6089,PANAENERG,Panasonic Energy India Co. Ltd.,BSE,https://s3-symbol-logo.tradingview.com/panasonic.svg,310.1
6090,WELINV,Welspun Investments & Commercials Ltd.,NSE,https://s3-symbol-logo.tradingview.com/welspun.svg,1350.1
6091,UNIMECH,Unimech Aerospace & Manufacturing Limited,BSE,https://s3-symbol-logo.tradingview.com/unimech-aerospace-and-manufact.svg,938.3
6092,AEL,Amba Enterprises Ltd,BSE,https://s3-symbol-logo.tradingview.com/amba-enterprises-ltd.svg,160.55
6093,AAATECH,AAA Technologies Ltd.,BSE,https://s3-symbol-logo.tradingview.com/aaa-technologies-limited.svg,95.5
6094,ROLLT,Rollatainers Limited,BSE,https://s3-symbol-logo.tradingview.com/rollatainers-ltd.svg,1.3
6095,VAGHANI,Vaghani Techno-Build Ltd.,BSE,https://s3-symbol-logo.tradingview.com/vaghani-techno-build-ltd.svg,169.7
6096,JLL,Jindal Leasefin Ltd.,BSE,https://s3-symbol-logo.tradingview.com/jindal-leasefin-limited.svg,45.36
6097,MENAMANI,Mena Mani Industries Limited,BSE,https://s3-symbol-logo.tradingview.com/mena-mani-industries-limited.svg,7.7
6098,VSFPROJ,VSF Projects Limited,BSE,https://s3-symbol-logo.tradingview.com/vsf-projects-ltd.svg,41.89
6099,MPSLTD,MPS Limited,BSE,https://s3-symbol-logo.tradingview.com/mps-ltd.svg,2001.85
6100,ABINFRA,A B Infrabuild Ltd,BSE,https://s3-symbol-logo.tradingview.com/a-b-infrabuild-ltd.svg,18.8
6121,WEWIN,We Win Ltd.,NSE,https://s3-symbol-logo.tradingview.com/we-win-ltd.svg,46.66
6122,VAL30IETF,ICICI Prudential Nifty200 Value 30 ETF Units Exchange Traded Fund,BSE,https://s3-symbol-logo.tradingview.com/icici-prudential-bank.svg,14.59
6123,CARNATIN,Carnation Industries Ltd,BSE,https://s3-symbol-logo.tradingview.com/carnation-industries-ltd.svg,58.53
6124,SURAKSHA,Suraksha Diagnostic Ltd.,BSE,https://s3-symbol-logo.tradingview.com/suraksha-diagnostic-limited.svg,275.6
6125,BASF,BASF India Limited,BSE,https://s3-symbol-logo.tradingview.com/basf.svg,3918.0
6126,CAPLIPOINT,Caplin Point Laboratories Limited,BSE,https://s3-symbol-logo.tradingview.com/caplin-point-laboratories.svg,1967.25
6128,ADDIND,Addi Industries Limited,BSE,https://s3-symbol-logo.tradingview.com/addi-industries-ltd.svg,106.5
6129,GOKUL,Gokul Refoils & Solvent Ltd.,BSE,https://s3-symbol-logo.tradingview.com/gokul-refoils-and-solvent-ltd.svg,38.9
6130,MVGJL,Manoj Vaibhav Gems 'N' Jewellers Limited,BSE,https://s3-symbol-logo.tradingview.com/manoj-vaibhav-gem-n-jew-l.svg,182.85
6131,HESTERBIO,Hester Biosciences Limited,NSE,https://s3-symbol-logo.tradingview.com/hester-biosciences.svg,1596.0
6132,FAIRCHEMOR,Fairchem Organics Ltd,BSE,https://s3-symbol-logo.tradingview.com/fairchem-organics-limited.svg,696.45
6133,CLENON,Clenon Enterprises Ltd,BSE,https://s3-symbol-logo.tradingview.com/clenon-enterprises-limited.svg,57.12
6134,NETF,Tata Nifty 50 Exchange Traded Fund,NSE,https://s3-symbol-logo.tradingview.com/tata.svg,282.35
6135,SHREYASI,Shreyas Intermediates Limited,BSE,https://s3-symbol-logo.tradingview.com/shreyas-intermediates-ltd.svg,9.8
6136,SAMBANDAM,Sambandam Spinning Mills Limited,BSE,https://s3-symbol-logo.tradingview.com/sambandam-spinning-mills-ltd.svg,102.0
6137,IPRINGLTD,IP Rings Limited,BSE,https://s3-symbol-logo.tradingview.com/ip-rings-ltd.svg,113.5
6138,TTKPRESTIG,TTK Prestige Limited,BSE,https://s3-symbol-logo.tradingview.com/ttk-prestige.svg,622.8
6139,CONTILI,Contil India Limited,BSE,https://s3-symbol-logo.tradingview.com/contil-india-ltd.svg,26.85
6142,PANCM,Panyam Cements & Mineral Industries Ltd.,BSE,https://s3-symbol-logo.tradingview.com/panyam-cements-and-mineral-indus.svg,131.95
6143,NITIRAJ,Nitiraj Engineers Ltd.,NSE,https://s3-symbol-logo.tradingview.com/nitiraj-engineers-ltd.svg,183.99
6144,NIFTY1,Kotak Nifty 50 ETF,BSE,https://s3-symbol-logo.tradingview.com/kotak-mahindra-ast.svg,288.85
6145,KALYANIFRG,Kalyani Forge Limited,NSE,https://s3-symbol-logo.tradingview.com/kalyani-group.svg,651.45
6146,OONE,ObjectOne Information Systems Ltd.,BSE,https://s3-symbol-logo.tradingview.com/objectone-information-systems.svg,8.89
6147,JPTSEC,JPT Securities Limited,BSE,https://s3-symbol-logo.tradingview.com/jpt-securities-ltd.svg,22.39
6148,ARVSMART,Arvind SmartSpaces Ltd.,BSE,https://s3-symbol-logo.tradingview.com/arvind.svg,614.4
6149,SOMICONVEY,Somi Conveyor Beltings Limited,NSE,https://s3-symbol-logo.tradingview.com/somi-conveyor-beltings-ltd.svg,128.1
6150,ROML,Raj Oil Mills Limited,NSE,https://s3-symbol-logo.tradingview.com/raj-oil-mills-ltd.svg,50.39
6170,OMEAG,Omega Ag-Seeds (Punjab) Ltd.,BSE,https://s3-symbol-logo.tradingview.com/omega-ag-seeds-punjab-ltd.svg,10.9
6171,CMMHOSP,Chennai Meenakshi Multispeciality Hospital Limited,BSE,https://s3-symbol-logo.tradingview.com/chennai-meenakshi-multispecial.svg,44.6
6172,ADITYA,Aditya Ispat Limited,BSE,https://s3-symbol-logo.tradingview.com/aditya-ispat-ltd.svg,9.45
6173,SECMARK,SecMark Consultancy Ltd.,NSE,https://s3-symbol-logo.tradingview.com/secmark-consultancy-limited.svg,116.41
6174,GULFOILLUB,Gulf Oil Lubricants India Ltd,BSE,https://s3-symbol-logo.tradingview.com/gulf-oil.svg,1219.0
6175,MAWANASUG,Mawana Sugars Limited,BSE,https://s3-symbol-logo.tradingview.com/mawana-sugars-ltd.svg,84.0
6176,RAJPALAYAM,Rajapalayam Mills Limited,BSE,https://s3-symbol-logo.tradingview.com/rajapalayam-mills-ltd.svg,819.95
6177,MOMENTUM,Aditya Birla Sun Life Nifty 200 Momentum 30 ETF,BSE,https://s3-symbol-logo.tradingview.com/aditya-birla-fash.svg,31.94
6178,ADVIKLA,MPS PHARMAA LIMITED,BSE,https://s3-symbol-logo.tradingview.com/advik-laboratories-ltd.svg,1.85
6179,AVAILFC,Available Finance Limited,BSE,https://s3-symbol-logo.tradingview.com/available-finance-ltd.svg,157.55
6180,HDFCBSE500,HDFC S&P BSE 500 ETF,BSE,https://s3-symbol-logo.tradingview.com/hdfc-bank.svg,38.23
6181,PGIL,Pearl Global Industries Limited,BSE,https://s3-symbol-logo.tradingview.com/pearl-global-indus.svg,1622.2
6182,FRONTCORP,Frontline Corp. Ltd.,BSE,https://s3-symbol-logo.tradingview.com/frontline-ltd.svg,40.74
6183,INTERARCH,Interarch Building Solutions Ltd,BSE,https://s3-symbol-logo.tradingview.com/interarch-building-prod-l.svg,2385.0
6184,YOGI,Yogi Limited,BSE,https://s3-symbol-logo.tradingview.com/yogi-limited.svg,165.0
6185,ASALCBR,Associated Alcohols & Breweries Ltd.,BSE,https://s3-symbol-logo.tradingview.com/associated-alcohols-and-brewerie.svg,945.1
6186,NORRIS,Norris Medicines Ltd.,BSE,https://s3-symbol-logo.tradingview.com/norris-medicines-ltd.svg,16.0
6187,PITTIENG,Pitti Engineering Ltd.,BSE,https://s3-symbol-logo.tradingview.com/pitti-engineering.svg,830.15
6188,ACCELERATE,AccelerateBS India Limited,BSE,https://s3-symbol-logo.tradingview.com/acceleratebs-india-limited.svg,76.0
6189,NECCLTD,North Eastern Carrying Corp. Ltd.,BSE,https://s3-symbol-logo.tradingview.com/north-eastern-carrying-corpora.svg,18.68
6190,GEECEE,GeeCee Ventures Limited,NSE,https://s3-symbol-logo.tradingview.com/geecee-ventures.svg,334.65
6191,NATPLASTI,National Plastic Technologies Ltd.,BSE,https://s3-symbol-logo.tradingview.com/national-plastic-technologies.svg,291.25
6192,INTLCONV,International Conveyors Ltd.,BSE,https://s3-symbol-logo.tradingview.com/international-conveyors-ltd.svg,92.14
6193,IL_FSTRANS,IL&FS Transportation Networks Limited,BSE,https://s3-symbol-logo.tradingview.com/ilandfs-engineering-and-construc.svg,2.92
6195,WINDLAS,Windlas Biotech Ltd.,BSE,https://s3-symbol-logo.tradingview.com/windlas-biotech-limited.svg,806.55
6196,ITTL,Innovative Tyres & Tubes Ltd.,NSE,https://s3-symbol-logo.tradingview.com/innovative-tyre-and-tube-ltd.svg,97.55
6197,MPDL,MPDL Ltd,BSE,https://s3-symbol-logo.tradingview.com/mpdl-limited.svg,44.99
6198,SHARP,Sharp India Limited,BSE,https://s3-symbol-logo.tradingview.com/sharp.svg,41.95
6199,RASANDIK,Rasandik Engineering Industries India Limited,BSE,https://s3-symbol-logo.tradingview.com/rasandik-engineering-industrie.svg,61.8
6200,TIERRA,Tierra Agrotech Limited,BSE,https://s3-symbol-logo.tradingview.com/tierra-agrotech-limited.svg,49.9
6201,PAUSHAKLTD,Paushak Limited,BSE,https://s3-symbol-logo.tradingview.com/paushak-limited.svg,600.15
6202,UNICHEMLAB,Unichem Laboratories Limited,BSE,https://s3-symbol-logo.tradingview.com/unichem-laboratories.svg,455.0
6203,ARIHANTSUP,Arihant Superstructures Limited,BSE,https://s3-symbol-logo.tradingview.com/arihant-superstruc.svg,312.8
6204,LIQUIDETF,DSP NIFTY 1D Rate Liquid ETF,BSE,https://s3-symbol-logo.tradingview.com/dsp-blackrock-mutu.svg,1000.0
6205,MASTEK,Mastek Limited,BSE,https://s3-symbol-logo.tradingview.com/mastek.svg,2178.0
6206,SHBAJRG,Shri Bajrang Alliance Limited,BSE,https://s3-symbol-logo.tradingview.com/shri-bajrang-alliance-limited.svg,197.5
6207,MDRNSTL,Modern Steels Ltd.,BSE,https://s3-symbol-logo.tradingview.com/modern-steels-ltd.svg,15.75
6208,DONEAR,Donear Industries Limited,BSE,https://s3-symbol-logo.tradingview.com/donear-industries-ltd.svg,97.2
6210,EMPIND,Empire Industries Ltd. (India),BSE,https://s3-symbol-logo.tradingview.com/empire-industries-ltd.svg,953.0
6211,DYNAMICP,Dynamic Portfolio Management & Services Ltd,BSE,https://s3-symbol-logo.tradingview.com/dynamic-portfolio-management-and.svg,29.04
6212,CINDRELL,Cindrella Financial Services Ltd.,BSE,https://s3-symbol-logo.tradingview.com/cindrella-financial-services-l.svg,11.98
6213,TCMLMTD,TCM Limited,BSE,https://s3-symbol-logo.tradingview.com/tcm-ltd.svg,64.0
6214,VMART,V-Mart Retail Ltd,BSE,https://s3-symbol-logo.tradingview.com/v-mart-retail.svg,738.0
6215,KONNDOR,Konndor Industries Limited,BSE,https://s3-symbol-logo.tradingview.com/konndor-industries-limited.svg,19.02
6216,MANOMAY,Manomay Tex India Ltd.,BSE,https://s3-symbol-logo.tradingview.com/manomay-tex-india-ltd.svg,203.15
6217,TCC,TCC Concept Ltd,BSE,https://s3-symbol-logo.tradingview.com/tcc-concept-limited.svg,434.35
6218,PAGEIND,Page Industries Limited,BSE,https://s3-symbol-logo.tradingview.com/page-industries.svg,36384.05
6219,REMSONSIND,Remsons Industries Limited,BSE,https://s3-symbol-logo.tradingview.com/remsons-industries-ltd.svg,123.8
6220,MAGNUM,Magnum Ventures Limited.,BSE,https://s3-symbol-logo.tradingview.com/magnum-ventures-ltd.svg,22.66
6221,SANTOSHF,Santosh Fine-Fab Ltd.,BSE,https://s3-symbol-logo.tradingview.com/santosh-fine-fab-ltd.svg,22.16
6222,BOROLTD,Borosil Ltd,BSE,https://s3-symbol-logo.tradingview.com/borosil-renewables-limited.svg,291.3
6223,SILINV,SIL Investments Limited,NSE,https://s3-symbol-logo.tradingview.com/sil-investments.svg,520.65
6224,POLYCON,POLYCON International Ltd.,BSE,https://s3-symbol-logo.tradingview.com/polycon-international-ltd.svg,33.7
6225,SOUTHMG,Southern Magnesium & Chemicals Ltd.,BSE,https://s3-symbol-logo.tradingview.com/southern-magnesium-and-chemicals.svg,93.5
6226,FIRSTFIN,First Fintec Limited,BSE,https://s3-symbol-logo.tradingview.com/first-fintec-limited.svg,6.84
6227,UVDRHOR,United Van Der Horst Ltd.,BSE,https://s3-symbol-logo.tradingview.com/united-van-der-horst-ltd.svg,154.75
6228,SUGALDAM,Sugal & Damani Share Brokers Limited,BSE,https://s3-symbol-logo.tradingview.com/sugal-and-damani-share-brokers-l.svg,72.0
6229,MAHSCOOTER,Maharashtra Scooters Ltd,NSE,https://s3-symbol-logo.tradingview.com/maharashtra-scoot.svg,14174.0
6230,ITETFADD,DSP Nifty IT ETF,BSE,https://s3-symbol-logo.tradingview.com/dsp-blackrock-mutu.svg,39.82
6231,SHREEKARNI,Shree Karni Fabcom Limited,NSE,https://s3-symbol-logo.tradingview.com/shree-karni-fabcom.svg,481.0
6232,TLL,Trident Lifeline Ltd.,BSE,https://s3-symbol-logo.tradingview.com/trident-texofab-limited.svg,290.1
6233,MCFL,Mayank Cattle Food Limited,BSE,https://s3-symbol-logo.tradingview.com/mayank-cattle-food-limited.svg,175.0
6234,GOYALSALT,Goyal Salt Limited,NSE,https://s3-symbol-logo.tradingview.com/goyal-salt-ltd.svg,161.0
6235,ARROWHEAD,Arrowhead Seperation Engineering Limited,BSE,https://s3-symbol-logo.tradingview.com/arrowhead-seperation-engineeri.svg,76.5
6236,SAAKSHI,Saakshi Medtech and Panels Limited,NSE,https://s3-symbol-logo.tradingview.com/saakshi-medtech-an.svg,177.1
6237,SHRMFGC,Shree Manufacturing Co. Ltd.,BSE,https://s3-symbol-logo.tradingview.com/shree-manufacturing-coltd.svg,19.54
6238,BHATEXT,Bharat Textiles & Proofing Industries Ltd.,BSE,https://s3-symbol-logo.tradingview.com/bharat-textiles-and-proofing-ind.svg,31.59
6239,TROM,Trom Industries Limited,NSE,https://s3-symbol-logo.tradingview.com/trom-industries-ltd.svg,76.0
6240,NUKLEUS,Nukleus Office Solutions Ltd.,BSE,https://s3-symbol-logo.tradingview.com/nukleus-office-solutions-limit.svg,198.0
6241,RAPIDFLEET,Rapid Fleet Management Services Limited,NSE,https://s3-symbol-logo.tradingview.com/rapid-fleet-mgt-service-l.svg,194.0
6242,SBVCL,Shri Balaji Valve Components Limited,BSE,https://s3-symbol-logo.tradingview.com/shri-balaji-valve-components-l.svg,104.65
6243,PELATRO,Pelatro Limited,NSE,https://s3-symbol-logo.tradingview.com/pelatro-ltd.svg,350.0
6244,POLOHOT,Polo Hotels Limited,BSE,https://s3-symbol-logo.tradingview.com/polo-hotels-ltd.svg,9.54
6245,ETL,Emkay Tools Limited,NSE,https://s3-symbol-logo.tradingview.com/emkay-tools-ltd.svg,876.05
6246,HITECHCORP,Hitech Corporation Ltd,BSE,https://s3-symbol-logo.tradingview.com/hitech.svg,167.0
6247,SHANTIGOLD,Shanti Gold International Limited,BSE,https://s3-symbol-logo.tradingview.com/shanti-gold-internation-l.svg,197.05
6248,INOVSYNTH,Innovassynth Investments Limited,BSE,https://s3-symbol-logo.tradingview.com/innovassynth-investments-ltd.svg,78.8
6249,CHROME,Chrome Silicon Ltd,BSE,https://s3-symbol-logo.tradingview.com/chrome-silicon-limited.svg,45.85
6250,DECPO,Deccan Polypacks Limited,BSE,https://s3-symbol-logo.tradingview.com/deccan-polypacks-ltd.svg,35.5
7599,SPSL,Shree Precoated Steels Limited,BSE,https://s3-symbol-logo.tradingview.com/shree-precoated-steels-ltd.svg,13.5
7600,MUNOTHFI,Munoth Financial Services Limited,BSE,https://s3-symbol-logo.tradingview.com/munoth-financial-services-ltd.svg,40.56
7629,LAKPRE,Lakshmi Precision Screws Limited,BSE,https://s3-symbol-logo.tradingview.com/lakshmi-precision-screws-ltd.svg,5.49
7630,ALBERTDAVD,Albert David Ltd,BSE,https://s3-symbol-logo.tradingview.com/albert-david-ltd.svg,750.0
7631,MEGRISOFT,Megri Soft Ltd.,BSE,https://s3-symbol-logo.tradingview.com/megri-soft-limited.svg,100.0
7632,MKTCREAT,Deebam Market Creators Private Limited,BSE,https://s3-symbol-logo.tradingview.com/market-creators-ltd.svg,14.5
7633,RAVALSUGAR,Ravalgaon Sugar Farm Limited,BSE,https://s3-symbol-logo.tradingview.com/the-ravalgaon-sugar-farm-limit.svg,960.0
7634,SALONA,Salona Cotspin Limited,BSE,https://s3-symbol-logo.tradingview.com/salona-cotspin-ltd.svg,269.5
7635,GROBTEA,Grob Tea Co. Ltd.,NSE,https://s3-symbol-logo.tradingview.com/the-grob-tea-compa.svg,1006.5
7636,ICL,Indo Cotspin Ltd,BSE,https://s3-symbol-logo.tradingview.com/indo-cotspin-limited.svg,25.24
7637,ALICON,Alicon Castalloy Limited,BSE,https://s3-symbol-logo.tradingview.com/alicon-castalloy-l.svg,838.1
7638,HBSL,HB Stockholdings Ltd.,BSE,https://s3-symbol-logo.tradingview.com/hb-stockholdings-ltd.svg,72.55
7639,POPULARES,Popular Estate Management Limited,BSE,https://s3-symbol-logo.tradingview.com/popular-estate-management-ltd.svg,20.99
7640,SHASHIJIT,Shashijit Infraprojects Ltd.,BSE,https://s3-symbol-logo.tradingview.com/shashijit-infraprojects-limite.svg,3.78
7641,YSL,Yamuna Syndicate Ltd.,BSE,https://s3-symbol-logo.tradingview.com/the-yamuna-syndicate-ltd.svg,30509.8
7642,AXISHCETF,Axis NIFTY Healthcare ETF,BSE,https://s3-symbol-logo.tradingview.com/axis-bank.svg,149.78
7643,SEYAIND,Seya Industries Ltd.,BSE,https://s3-symbol-logo.tradingview.com/seya-industries-ltd.svg,18.7
7644,3MINDIA,3M India Limited,BSE,https://s3-symbol-logo.tradingview.com/3m.svg,35455.0
7645,INCREDIBLE,Incredible Industries Limited,BSE,https://s3-symbol-logo.tradingview.com/incredible-industries-limited.svg,41.47
7646,GSLSEC,GSL Securities Ltd,BSE,https://s3-symbol-logo.tradingview.com/gsl-securities-ltd.svg,42.38
7647,TRANSFD,Transglobe Foods Ltd.,BSE,https://s3-symbol-logo.tradingview.com/transglobe-foods-ltd.svg,420.85
7648,SOMATEX,Soma Textiles & Industries Ltd,BSE,https://s3-symbol-logo.tradingview.com/soma-textile-and-ind.svg,116.9
7650,SALGUTI,Salguti Industries Ltd,BSE,https://s3-symbol-logo.tradingview.com/salguti-industries-ltd.svg,26.3
7664,HEALTHADD,DSP Nifty Healthcare ETF Exchange Traded Fund Units,BSE,https://s3-symbol-logo.tradingview.com/dsp-blackrock-mutu.svg,148.79
7665,09AGG,Nippon India Hybrid Bond Fund - Segregated Portfolio 2 Units Direct - Growth Plan - Growth,BSE,https://s3-symbol-logo.tradingview.com/nippon-life-india-asset.svg,147.99
7666,APCL,Anjani Portland Cement Limited,BSE,https://s3-symbol-logo.tradingview.com/anjani-portland-cement-ltd.svg,117.5
7667,JAFINANCE,J.A. Finance Ltd,BSE,https://s3-symbol-logo.tradingview.com/ja-finance-limited.svg,57.1
7668,STEL,STEL Holdings Limited,BSE,https://s3-symbol-logo.tradingview.com/stel-limited.svg,528.3
7669,SHGANEL,Shree Ganesh Elastoplast Ltd,BSE,https://s3-symbol-logo.tradingview.com/shree-ganesh-elastoplast-ltd.svg,17.09
7670,THAKDEV,Thakker's Developers Ltd.,BSE,https://s3-symbol-logo.tradingview.com/thakkers-developers-ltd.svg,147.9
7671,PASHUPATI,Pashupati Cotspin Ltd.,BSE,https://s3-symbol-logo.tradingview.com/pashupati-cotspin.svg,828.85
7672,NEERAJ,Neeraj Paper Marketing Ltd.,BSE,https://s3-symbol-logo.tradingview.com/neeraj-paper-marketing-limited.svg,18.41
7673,INDIQUBE,Indiqube Spaces Limited,BSE,https://s3-symbol-logo.tradingview.com/indiqube-spaces-ltd.svg,201.0
7674,LAKSHMIEW,Lakshmi Engineering and Warehousing Ltd,BSE,https://s3-symbol-logo.tradingview.com/lakshmi-automatic-loom-works-l.svg,2162.5
7675,METALCO,Metal Coatings (India) Limited,BSE,https://s3-symbol-logo.tradingview.com/metal-coatings-india-ltd.svg,69.0
7676,MKPMOB,MKP Mobility Limited,BSE,https://s3-symbol-logo.tradingview.com/mkp-mobility-limited.svg,139.75
7677,BANSWRAS,Banswara Syntex Ltd,BSE,https://s3-symbol-logo.tradingview.com/banswara-syntex-ltd.svg,114.0
7679,NORBTEAEXP,Norben Tea & Exports Ltd.,BSE,https://s3-symbol-logo.tradingview.com/norben-tea-and-exports-ltd.svg,71.25
7680,TUSALDAH,Tusaldah Ltd,BSE,https://s3-symbol-logo.tradingview.com/high-street-filatex-ltd.svg,142.0
7681,GUJCRED,Gujarat Credit Corp. Ltd.,BSE,https://s3-symbol-logo.tradingview.com/gujarat-credit-ltd.svg,26.0
7682,AVEER,Aveer Foods Ltd.,BSE,https://s3-symbol-logo.tradingview.com/aveer-foods-limited.svg,622.5
7683,PURSHOTTAM,Purshottam Investofin Ltd,BSE,https://s3-symbol-logo.tradingview.com/purshottam-investofin-ltd.svg,35.14
7684,JAUSPOL,Jauss Polymers Ltd,BSE,https://s3-symbol-logo.tradingview.com/jauss-polymers-ltd.svg,8.47
7685,KEL,Kotia Enterprises Ltd,BSE,https://s3-symbol-logo.tradingview.com/kotia-enterprises-limited.svg,30.75
7686,TRINITYLEA,Trinity League India Ltd.,BSE,https://s3-symbol-logo.tradingview.com/trinity-league-india-ltd.svg,12.4
7687,KARTKIN,Kartik Investments Trust Ltd.,BSE,https://s3-symbol-logo.tradingview.com/kartik-investments-trust-ltd.svg,1259.2
7688,RGIL,Rotographics (India) Ltd,BSE,https://s3-symbol-logo.tradingview.com/rotographics-india-limited.svg,140.3
7690,MADHAV,Madhav Marbles & Granites Ltd.,BSE,https://s3-symbol-logo.tradingview.com/madhav-marb-and-gran.svg,40.76
7691,RVTH,Revathi Equipment India Ltd.,BSE,https://s3-symbol-logo.tradingview.com/revathi-equipment-india-l.svg,705.0
7692,TRADWIN,Trade-Wings Ltd.,BSE,https://s3-symbol-logo.tradingview.com/trade-wings-ltd.svg,331.4
7693,SAB,SAB Industries Ltd.,BSE,https://s3-symbol-logo.tradingview.com/steel-strips-wheels-ltd.svg,111.15
7694,NATHIND,Nath Industries Ltd.,BSE,https://s3-symbol-logo.tradingview.com/nath-industries-limited.svg,63.75
7695,VIKALPS,Vikalp Securities Ltd.,BSE,https://s3-symbol-logo.tradingview.com/vikalp-securities-ltd.svg,36.35
7696,MACIND,Machhar Industries Limited,BSE,https://s3-symbol-logo.tradingview.com/machhar-industries-limited.svg,230.25
7697,SANDESH,Sandesh Limited,BSE,https://s3-symbol-logo.tradingview.com/sandesh-ltd.svg,1091.0
7698,TAIIND,TAI Industries Ltd,BSE,https://s3-symbol-logo.tradingview.com/tai-industries-ltd.svg,28.85
7699,SREEL,Sreeleathers Ltd.,BSE,https://s3-symbol-logo.tradingview.com/sreeleathers-ltd.svg,218.65
7700,VJTFEDU,VJTF Eduservices Ltd.,BSE,https://s3-symbol-logo.tradingview.com/vjtf-eduservices-ltd.svg,91.8
7710,SHPLPUNE,Sayaji Hotels (Pune) Limited,BSE,https://s3-symbol-logo.tradingview.com/sayaji-hotels-ltd.svg,832.0
7711,EVERFIN,Everlon Financials Limited,BSE,https://s3-symbol-logo.tradingview.com/everlon-financials-limited.svg,115.95
7712,THACKER,Thacker and Company Limited,BSE,https://s3-symbol-logo.tradingview.com/thacker-and-coltd.svg,1450.0
7713,LOVABLE,Lovable Lingerie Limited,BSE,https://s3-symbol-logo.tradingview.com/lovable-lingerie.svg,81.07
7714,NAM,Nam Securities Ltd.,BSE,https://s3-symbol-logo.tradingview.com/nam-securities-ltd.svg,89.98
7716,KRIFILIND,Krishna Filament Industries Ltd.,BSE,https://s3-symbol-logo.tradingview.com/krishna-filament-industries-li.svg,6.35
7717,OSWALOR,Oswal Overseas Ltd.,BSE,https://s3-symbol-logo.tradingview.com/oswal-overseas-ltd.svg,134.75
7718,INDGELA,India Gelatine & Chemicals Ltd.,BSE,https://s3-symbol-logo.tradingview.com/india-gelatine-and-chemicals-ltd.svg,337.2
7719,MUNCAPM,Munoth Capital Market Limited,BSE,https://s3-symbol-logo.tradingview.com/munoth-capital-market-ltd.svg,149.5
7720,NIFTYBETF,Bajaj Finserv Nifty 50 ETF Units Exchange traded fund,BSE,https://s3-symbol-logo.tradingview.com/bajaj-finserv.svg,267.68
7722,INCAP,INCAP Limited,BSE,https://s3-symbol-logo.tradingview.com/incap-ltd.svg,80.31
7723,ROSELABS,Roselabs Finance Ltd.,BSE,https://s3-symbol-logo.tradingview.com/roselabs-finance-ltd.svg,21.9
7724,SAPPL,Shree Ajit Pulp And Paper Ltd,BSE,https://s3-symbol-logo.tradingview.com/shree-ajit-pulp-and-paper-ltd.svg,227.95
7725,MCLTD,Munoth Communication Ltd.,BSE,https://s3-symbol-logo.tradingview.com/munoth-communication-limited.svg,8.88
7726,CEETAIN,Ceeta Industries Limited,BSE,https://s3-symbol-logo.tradingview.com/ceeta-industries-ltd.svg,37.3
7727,NARPROP,Narendra Properties Limited,BSE,https://s3-symbol-logo.tradingview.com/narendra-properties-ltd.svg,37.17
7728,LERTHAI,Lerthai Finance Limited,BSE,https://s3-symbol-logo.tradingview.com/lerthai-finance-limited.svg,533.9
7729,BANKPSU,Mirae Asset Nifty PSU Bank ETF Exchange Traded Fund Units,BSE,https://s3-symbol-logo.tradingview.com/mirae-asset-sec.svg,83.96
7730,NAGREEKCAP,Nagreeka Capital & Infrastructure Limited,BSE,https://s3-symbol-logo.tradingview.com/nagreeka-exports-ltd.svg,29.32
7731,LAKSHMIMIL,Lakshmi Mills Co. Ltd.,BSE,https://s3-symbol-logo.tradingview.com/lakshmi-mills-company-ltd.svg,8049.95
7732,KABRAEXTRU,Kabra ExtrusionTechnik Ltd.,BSE,https://s3-symbol-logo.tradingview.com/kabra-extrusiontechnik.svg,222.1
7733,LICNFNHGP,LIC MF Exchange Traded Fund - Nifty 100,BSE,https://s3-symbol-logo.tradingview.com/lic-mf-exhge-traded.svg,287.1
7734,MANUFGBEES,Nippon India Nifty India Manufacturing ETF Exchange Traded Fund Units,BSE,https://s3-symbol-logo.tradingview.com/nippon-life-india-asset.svg,151.39
7735,SUNDRMBRAK,Sundaram Brake Linings Limited,BSE,https://s3-symbol-logo.tradingview.com/sundaram-brake-linings-ltd.svg,687.95
7736,RUBYMILLS,Ruby Mills Limited,BSE,https://s3-symbol-logo.tradingview.com/ruby-mills-ltd.svg,221.6
7737,NEAGI,Neelamalai Agro Industries Limited,BSE,https://s3-symbol-logo.tradingview.com/neelamalai-agro-industries-ltd.svg,3540.0
7738,MAHSCOOTER,Maharashtra Scooters Ltd,BSE,https://s3-symbol-logo.tradingview.com/maharashtra-scoot.svg,14185.7
7739,DYNAMIND,Dynamic Industries Ltd,BSE,https://s3-symbol-logo.tradingview.com/dynamic-industries-ltd.svg,123.35
7740,NILKAMAL,Nilkamal Limited,BSE,https://s3-symbol-logo.tradingview.com/nilkamal.svg,1397.05
7741,YASHINNO,Yash Innoventures Limited,BSE,https://s3-symbol-logo.tradingview.com/yash-innoventures-limited.svg,41.99
7742,VISVEN,Vishvprabha Ventures Ltd.,BSE,https://s3-symbol-logo.tradingview.com/vishvprabha-ventures-limited.svg,52.01
7743,ZBINTXPP,Binayak Tex Processors Ltd,BSE,https://s3-symbol-logo.tradingview.com/binayak-tex-processors-ltd.svg,2545.2
7744,VAMSHIRU,Vamshi Rubber Limited,BSE,https://s3-symbol-logo.tradingview.com/vamshi-rubber-ltd.svg,48.0
7745,TEAMGTY,Team India Guaranty Ltd,BSE,https://s3-symbol-logo.tradingview.com/times-guaranty-ltd.svg,283.05
7746,INANISEC,Inani Securities Limited,BSE,https://s3-symbol-logo.tradingview.com/inani-securities-ltd.svg,23.93
7747,TAPARIA,Taparia Tools Ltd.,BSE,https://s3-symbol-logo.tradingview.com/taparia-tools-ltd.svg,12.74
7748,ENTRINT,Enterprise International Ltd.,BSE,https://s3-symbol-logo.tradingview.com/enterprise-international-ltd.svg,27.85
7749,PRUDMOULI,Prudential Sugar Corp. Ltd.,BSE,https://s3-symbol-logo.tradingview.com/prudential-sugar-l.svg,22.54
7750,ORBTEXP,Orbit Exports Ltd,BSE,https://s3-symbol-logo.tradingview.com/orbit-exports-ltd.svg,192.9
7776,AXISCETF,Axis NIFTY India Consumption ETF,BSE,https://s3-symbol-logo.tradingview.com/axis-bank.svg,124.35
7777,LAHL,Ladam Affordable Housing Ltd.,BSE,https://s3-symbol-logo.tradingview.com/ladam-affortable-housing-limit.svg,6.7
7778,PRIYALT,Priya Limited,BSE,https://s3-symbol-logo.tradingview.com/priya-ltd.svg,23.54
7779,IVZINGOLD,Invesco India Gold Exchange Traded Fund,BSE,https://s3-symbol-logo.tradingview.com/invesco.svg,11850.05
7780,CLFL,Classic Leasing & Finance Ltd.,BSE,https://s3-symbol-logo.tradingview.com/classic-leasing-and-finance-ltd.svg,42.0
7781,WESTLEIRES,West Leisure Resorts Ltd.,BSE,https://s3-symbol-logo.tradingview.com/west-leisure-resorts-ltd.svg,124.45
7782,IVP,IVP Ltd,BSE,https://s3-symbol-logo.tradingview.com/ivp-ltd.svg,151.0
7783,HDFCLIQUID,HDFC Nifty 1D Rate Liquid ETF - Growth,BSE,https://s3-symbol-logo.tradingview.com/hdfc-bank.svg,1041.25
7784,BOMOXY_B1,Bombay Oxygen Investments Limited,BSE,https://s3-symbol-logo.tradingview.com/bombay-oxygen-investments-limi.svg,23200.0
7785,SRD,Shankar Lal Rampal Dye-Chem Ltd.,BSE,https://s3-symbol-logo.tradingview.com/shankar-lal-rampal-dye-chem-li.svg,68.12
7786,UTCRFS2RGR,UTI Credit Risk Fund(Segregated-06032020) Units Regular Growth,BSE,https://s3-symbol-logo.tradingview.com/uti-asset-management.svg,6.92
7787,CURAA,Cura Technologies Limited,BSE,https://s3-symbol-logo.tradingview.com/cura-technologies-ltd.svg,131.8
7788,MILESTONE,Milestone Global Ltd.,BSE,https://s3-symbol-logo.tradingview.com/milestone-global-ltd.svg,27.4
7789,IITL,Industrial Investment Trust Limited,BSE,https://s3-symbol-logo.tradingview.com/indinvtr-gds.svg,169.2
7790,RADIXIND,Radix Industries (India) Ltd.,BSE,https://s3-symbol-logo.tradingview.com/radix-industries-india-limit.svg,179.25
7791,VICTMILL,Victoria Mills Limited,BSE,https://s3-symbol-logo.tradingview.com/victoria-mills-ltd.svg,6399.0
7792,CINDHO,Cindrella Hotels Ltd,BSE,https://s3-symbol-logo.tradingview.com/cindrella-hotels-ltd.svg,63.1
7793,SARTHAKGL,Sarthak Global Ltd.,BSE,https://s3-symbol-logo.tradingview.com/sarthak-global-ltd.svg,39.14
7794,SUBSM,Subhash Silk Mills Ltd.,BSE,https://s3-symbol-logo.tradingview.com/ubs-group.svg,69.95
7795,COVIDH,Covidh Technologies Ltd.,BSE,https://s3-symbol-logo.tradingview.com/covidh.svg,15.4
7796,VGIL,Veer Global Infraconstruction Ltd.,BSE,https://s3-symbol-logo.tradingview.com/veer-global-infraconstruction.svg,129.4
7797,INTEGHIT,Integrated Hitech Limited,BSE,https://s3-symbol-logo.tradingview.com/integrated-hitech-ltd.svg,3.1
7798,GLFL,Gujarat Lease Financing Limited,BSE,https://s3-symbol-logo.tradingview.com/gujarat-lease-financing-ltd.svg,8.39
7799,KAPILCO,Kapil Cotex Ltd.,BSE,https://s3-symbol-logo.tradingview.com/kapil-cotex-ltd.svg,193.95
7800,HARDCAS,Hardcastle & Waud Manufacturing Co. Ltd.,BSE,https://s3-symbol-logo.tradingview.com/hardcastle-and-waud-mfgcoltd.svg,727.95
7811,LIQUIDSBI,SBI NIFTY 1D Rate ETF Exchange Traded Fund Units,BSE,https://s3-symbol-logo.tradingview.com/sbi-mutual-fund.svg,999.99
7812,RASRESOR,Ras Resorts & Apart Hotels Ltd.,BSE,https://s3-symbol-logo.tradingview.com/ras-resorts-and-apart-hotels-ltd.svg,40.67
7813,SBFL,Shree Bhavya Fabrics Limited,BSE,https://s3-symbol-logo.tradingview.com/shree-bhavya-fabrics-limited.svg,25.0
7814,VALIANTLAB,Valiant Laboratories Ltd.,BSE,https://s3-symbol-logo.tradingview.com/valiant-laboratories-ltd.svg,70.52
7815,NEXT30ADD,DSP BSE Sensex Next 30 ETF Exchange Traded Fund Units,BSE,https://s3-symbol-logo.tradingview.com/dsp-blackrock-mutu.svg,39.87
7816,EQUAL50,Mirae Asset Nifty50 Equal Weight ETF Exchange Traded Fund Units,BSE,https://s3-symbol-logo.tradingview.com/mirae-asset-sec.svg,329.37
7817,JAINMARMO,Jain Marmo Industries Ltd,BSE,https://s3-symbol-logo.tradingview.com/jain-marmo-industries-ltd.svg,18.8
7818,CCHHL,Country Club Hospitality & Holidays Limited,BSE,https://s3-symbol-logo.tradingview.com/country-club-hospitality-and-h.svg,15.22
7872,SHREESHAY,Shreeshay Engineers Ltd.,BSE,https://s3-symbol-logo.tradingview.com/shreeshay-engineers-limited.svg,26.18
7819,PASUSPG,Pasupati Spinning and Weaving Mills Limited,BSE,https://s3-symbol-logo.tradingview.com/pasupati-spgand-wvgmills-ltd.svg,36.85
7820,JAIHINDS,Jaihind Synthetics Ltd,BSE,https://s3-symbol-logo.tradingview.com/jaihind-synthetics-ltd.svg,48.0
7821,MOQUALITY,Motilal Oswal S&P BSE Quality ETF Exchange Traded Fund Units,BSE,https://s3-symbol-logo.tradingview.com/motilal.svg,202.21
7822,NGLFINE,NGL Fine-Chem Ltd.,BSE,https://s3-symbol-logo.tradingview.com/ngl-fine-chem-ltd.svg,1306.7
7823,ADVPETR_B,Advance Petrochemicals Ltd.,BSE,https://s3-symbol-logo.tradingview.com/advance-petrochemicals-ltd.svg,190.0
7824,SIMPLXREA,Simplex Realty Limited,BSE,https://s3-symbol-logo.tradingview.com/simplex-realty-ltd.svg,169.0
7825,CORALFINAC,Coral India Finance & Housing Ltd.,BSE,https://s3-symbol-logo.tradingview.com/coral-india-finance.svg,40.06
7826,ABHIINFRA,Abhishek Infraventures Ltd.,BSE,https://s3-symbol-logo.tradingview.com/abhishek-infraventures-limited.svg,6.73
7827,3PLAND,3P Land Holdings Limited,BSE,https://s3-symbol-logo.tradingview.com/3p-land-ltd.svg,38.05
7828,UVS,UVS Hospitality and Services Ltd,BSE,https://s3-symbol-logo.tradingview.com/thirdwave-financial-intermedia.svg,129.0
7829,BBETF0432,BHARAT Bond ETF - April 2032 Units Exchange Traded Fund,BSE,https://s3-symbol-logo.tradingview.com/edelweiss-fin-serv.svg,1308.19
7830,DIGIDRIVE,Digidrive Distributors Limited,BSE,https://s3-symbol-logo.tradingview.com/digidrive-distributors-l.svg,26.66
7831,CASHIETF,ICICI Prudential BSE Liquid Rate ETF Exchange Traded Fund Units,BSE,https://s3-symbol-logo.tradingview.com/icici-prudential-bank.svg,1042.12
7832,SWRNASE,Swarna Securities Limited,BSE,https://s3-symbol-logo.tradingview.com/swarna-securities-ltd.svg,78.0
7833,HALEOSLABS,Haleos Labs Ltd.,BSE,https://s3-symbol-logo.tradingview.com/sms-lifesciences-india-ltd.svg,1275.0
7834,10ARD,Nippon India Credit Risk Fund-Segregated Portfolio 2 Units Direct Dividend Plan,BSE,https://s3-symbol-logo.tradingview.com/nippon-life-india-asset.svg,119.85
7835,SHRIKRISH,Shri Krishna Devcon Limited,BSE,https://s3-symbol-logo.tradingview.com/shri-krishna-devcon-ltd.svg,36.79
7836,TULSYAN,Tulsyan Nec Limited,BSE,https://s3-symbol-logo.tradingview.com/tulsyan-nec-ltd.svg,33.02
7837,BALGOPAL,Balgopal Commercial Ltd.,BSE,https://s3-symbol-logo.tradingview.com/balgopal-commercial-limited.svg,175.75
7838,GOLDENCREST,Golden Crest Education & Services Ltd.,BSE,https://s3-symbol-logo.tradingview.com/golden-crest-education-and-servi.svg,306.85
7839,IDFSENSEXE,IDFC Sensex ETF,BSE,https://s3-symbol-logo.tradingview.com/idfc-mutual-fund.svg,916.67
7840,SENINFO,Senthil Infotek Ltd,BSE,https://s3-symbol-logo.tradingview.com/senthil-infotek-ltd.svg,52.25
7841,ELDEHSG,Eldeco Housing & Industries Ltd.,BSE,https://s3-symbol-logo.tradingview.com/eldeco-hsg-and-ind-ltd.svg,905.0
7842,SASTASUNDR,Sastasundar Ventures Limited,BSE,https://s3-symbol-logo.tradingview.com/sastasundar-ventures-limited.svg,302.0
7843,HARISH,Harish Textile Engineers Ltd,BSE,https://s3-symbol-logo.tradingview.com/harish-textile-engineers-limit.svg,66.49
7844,PHOSPHATE,Phosphate Co. Ltd.,BSE,https://s3-symbol-logo.tradingview.com/the-phosphate-company-limited.svg,155.0
7845,SEMAC,Semac Construction Limited,BSE,https://s3-symbol-logo.tradingview.com/semac-consultants-ltd.svg,300.0
7846,SW1,SW Investments Ltd.,BSE,https://s3-symbol-logo.tradingview.com/sw-investments-ltd.svg,101.3
7847,SIPL,Shelter Infra Projects Limited,BSE,https://s3-symbol-logo.tradingview.com/shelter-infra-projects-ltd.svg,15.0
7849,ELNET,Elnet Technologies Limited,BSE,https://s3-symbol-logo.tradingview.com/elnet-technologies-ltd.svg,354.85
7850,11QPR,Nippon India Equity Hybrid Fund- Segregated Portfolio 2 Units 2020-QUARTERLY DIVIDEND REINVESTMENT,BSE,https://s3-symbol-logo.tradingview.com/nippon-life-india-asset.svg,46.4
7,MEESHO,Meesho Limited,NSE,"https://t2.gstatic.com/faviconV2?client=SOCIAL&type=FAVICON&fallback_opts=TYPE,SIZE,URL&url=http://community.meesho.com&size=128",183.1
15,GROWW,Billionbrains Garage Ventures Limited,NSE,"https://t2.gstatic.com/faviconV2?client=SOCIAL&type=FAVICON&fallback_opts=TYPE,SIZE,URL&url=http://moneycontrol.com&size=128",161.6
54,LENSKART,Lenskart Solutions Limited,NSE,"https://t2.gstatic.com/faviconV2?client=SOCIAL&type=FAVICON&fallback_opts=TYPE,SIZE,URL&url=http://lenskart.com&size=128",479.7
67,MEESHO,Meesho Limited,BSE,"https://t2.gstatic.com/faviconV2?client=SOCIAL&type=FAVICON&fallback_opts=TYPE,SIZE,URL&url=http://community.meesho.com&size=128",186.4
118,GROWW,Billionbrains Garage Ventures Limited,BSE,"https://t2.gstatic.com/faviconV2?client=SOCIAL&type=FAVICON&fallback_opts=TYPE,SIZE,URL&url=http://moneycontrol.com&size=128",162.25
189,AEQUS,Aequs Ltd.,NSE,"https://t2.gstatic.com/faviconV2?client=SOCIAL&type=FAVICON&fallback_opts=TYPE,SIZE,URL&url=http://aequs.com&size=128",142.6
316,WEBELSOLAR,Websol Energy System Limited,NSE,"https://t2.gstatic.com/faviconV2?client=SOCIAL&type=FAVICON&fallback_opts=TYPE,SIZE,URL&url=http://webelsolar.com&size=128",85.58
320,PARKHOSPS,Park Medi World Limited,NSE,"https://t2.gstatic.com/faviconV2?client=SOCIAL&type=FAVICON&fallback_opts=TYPE,SIZE,URL&url=http://zhihu.com&size=128",148.83
325,UNISON,Unison Metals Ltd,BSE,"https://t2.gstatic.com/faviconV2?client=SOCIAL&type=FAVICON&fallback_opts=TYPE,SIZE,URL&url=http://forum.gamer.com.tw&size=128",1.6
399,KSR,KSR Footwear Ltd,NSE,"https://t2.gstatic.com/faviconV2?client=SOCIAL&type=FAVICON&fallback_opts=TYPE,SIZE,URL&url=http://ksrce.ac.in&size=128",17.06
402,ICICIAMC,ICICI Prudential Asset Management Company Ltd.,NSE,"https://t2.gstatic.com/faviconV2?client=SOCIAL&type=FAVICON&fallback_opts=TYPE,SIZE,URL&url=http://icici.bank.in&size=128",2610.9
404,SIKKO,Sikko Industries Ltd.,NSE,"https://t2.gstatic.com/faviconV2?client=SOCIAL&type=FAVICON&fallback_opts=TYPE,SIZE,URL&url=http://sikkoindia.com&size=128",5.7
436,TMCV,Tata Motors Limited,BSE,"https://t2.gstatic.com/faviconV2?client=SOCIAL&type=FAVICON&fallback_opts=TYPE,SIZE,URL&url=http://tatamotors.com&size=128",422.5
444,MIT,Maple Infrastructure Trust,BSE,"https://t2.gstatic.com/faviconV2?client=SOCIAL&type=FAVICON&fallback_opts=TYPE,SIZE,URL&url=http://zhihu.com&size=128",145.6
473,LENSKART,Lenskart Solutions Limited,BSE,"https://t2.gstatic.com/faviconV2?client=SOCIAL&type=FAVICON&fallback_opts=TYPE,SIZE,URL&url=http://lenskart.com&size=128",479.0
565,KSHINTL,KSH International Ltd.,BSE,"https://t2.gstatic.com/faviconV2?client=SOCIAL&type=FAVICON&fallback_opts=TYPE,SIZE,URL&url=http://stackoverflow.com&size=128",352.2
577,ADANIENPP.E1,Adani Enterprises Limited,NSE,"https://t2.gstatic.com/faviconV2?client=SOCIAL&type=FAVICON&fallback_opts=TYPE,SIZE,URL&url=http://adani.com&size=128",1341.6
627,EMMVEE,Emmvee Photovoltaic Power Limited,NSE,"https://t2.gstatic.com/faviconV2?client=SOCIAL&type=FAVICON&fallback_opts=TYPE,SIZE,URL&url=http://emmvee.com&size=128",184.88
633,HRS,HRS Aluglaze Ltd.,BSE,"https://t2.gstatic.com/faviconV2?client=SOCIAL&type=FAVICON&fallback_opts=TYPE,SIZE,URL&url=http://zhidao.baidu.com&size=128",153.14
716,STANBIK,Stanbik Agro Limited,BSE,"https://t2.gstatic.com/faviconV2?client=SOCIAL&type=FAVICON&fallback_opts=TYPE,SIZE,URL&url=http://microsoft.com&size=128",33.0
718,LOGICIEL,Logiciel Solutions Ltd.,BSE,"https://t2.gstatic.com/faviconV2?client=SOCIAL&type=FAVICON&fallback_opts=TYPE,SIZE,URL&url=http://testbook.com&size=128",79.0
723,WAKEFIT,Wakefit Innovations Limited,NSE,"https://t2.gstatic.com/faviconV2?client=SOCIAL&type=FAVICON&fallback_opts=TYPE,SIZE,URL&url=http://desidime.com&size=128",187.87
724,GROWWMETAL,GROWWAMC - GROWWMETAL,NSE,"https://t2.gstatic.com/faviconV2?client=SOCIAL&type=FAVICON&fallback_opts=TYPE,SIZE,URL&url=http://store.steampowered.com&size=128",10.24
731,AEQUS,Aequs Ltd.,BSE,"https://t2.gstatic.com/faviconV2?client=SOCIAL&type=FAVICON&fallback_opts=TYPE,SIZE,URL&url=http://aequs.com&size=128",142.8
732,KSR,KSR Footwear Ltd,BSE,"https://t2.gstatic.com/faviconV2?client=SOCIAL&type=FAVICON&fallback_opts=TYPE,SIZE,URL&url=http://ksrce.ac.in&size=128",17.01
756,ADVENTHTL,Advent Hotels International Limited,NSE,"https://t2.gstatic.com/faviconV2?client=SOCIAL&type=FAVICON&fallback_opts=TYPE,SIZE,URL&url=http://christianity.com&size=128",249.46
780,BECTORFOOD,Mrs. Bector's Food Specialities Ltd.,NSE,"https://t2.gstatic.com/faviconV2?client=SOCIAL&type=FAVICON&fallback_opts=TYPE,SIZE,URL&url=http://zhidao.baidu.com&size=128",238.5
886,NEPHROPLUS,Nephrocare Health Services Limited,NSE,"https://t2.gstatic.com/faviconV2?client=SOCIAL&type=FAVICON&fallback_opts=TYPE,SIZE,URL&url=http://nephrocare.com&size=128",463.45
987,PARKHOSPS,Park Medi World Limited,BSE,"https://t2.gstatic.com/faviconV2?client=SOCIAL&type=FAVICON&fallback_opts=TYPE,SIZE,URL&url=http://zhihu.com&size=128",149.25
1003,KMEW,Knowledge Marine & Engineering Works Limited,NSE,"https://t2.gstatic.com/faviconV2?client=SOCIAL&type=FAVICON&fallback_opts=TYPE,SIZE,URL&url=http://openknowledgemaps.org&size=128",1711.3
1108,SUDEEPPHRM,Sudeep Pharma Limited,NSE,"https://t2.gstatic.com/faviconV2?client=SOCIAL&type=FAVICON&fallback_opts=TYPE,SIZE,URL&url=http://rewards.bing.com&size=128",647.0
1134,GROWWCAPM,Groww Nifty Capital Markets ETF Units Exchange Traded Fund,NSE,"https://t2.gstatic.com/faviconV2?client=SOCIAL&type=FAVICON&fallback_opts=TYPE,SIZE,URL&url=http://groww.in&size=128",9.95
1182,WORKMATES,Workmates Core2Cloud Solution Limited,BSE,"https://t2.gstatic.com/faviconV2?client=SOCIAL&type=FAVICON&fallback_opts=TYPE,SIZE,URL&url=http://google.co.in&size=128",400.0
1198,METHODHUB,MethodHub Software Limited,BSE,"https://t2.gstatic.com/faviconV2?client=SOCIAL&type=FAVICON&fallback_opts=TYPE,SIZE,URL&url=http://method-hub.com&size=128",154.0
1200,ICICIAMC,ICICI Prudential Asset Management Company Ltd.,BSE,"https://t2.gstatic.com/faviconV2?client=SOCIAL&type=FAVICON&fallback_opts=TYPE,SIZE,URL&url=http://icici.bank.in&size=128",2607.5
1289,TRADEUNO,Game Changers Texfab Limited,BSE,"https://t2.gstatic.com/faviconV2?client=SOCIAL&type=FAVICON&fallback_opts=TYPE,SIZE,URL&url=http://gamesgames.com&size=128",159.05
1381,PINELABS,Pine Labs Limited,BSE,"https://t2.gstatic.com/faviconV2?client=SOCIAL&type=FAVICON&fallback_opts=TYPE,SIZE,URL&url=http://zhihu.com&size=128",235.5
1407,NEOCHEM,Neochem Bio Solutions Ltd.,NSE,"https://t2.gstatic.com/faviconV2?client=SOCIAL&type=FAVICON&fallback_opts=TYPE,SIZE,URL&url=http://brainrot.jp&size=128",105.0
1491,ORKLAINDIA,Orkla India Ltd.,NSE,"https://t2.gstatic.com/faviconV2?client=SOCIAL&type=FAVICON&fallback_opts=TYPE,SIZE,URL&url=http://cn.weforum.org&size=128",613.25
149,SPACEINCUBA,Space Incubatrics Technologies Ltd.,BSE,"https://t2.gstatic.com/faviconV2?client=SOCIAL&type=FAVICON&fallback_opts=TYPE,SIZE,URL&url=http://sciencenews.org&size=128",0.4
241,TENNIND,Tenneco Clean Air India Limited,NSE,"https://t2.gstatic.com/faviconV2?client=SOCIAL&type=FAVICON&fallback_opts=TYPE,SIZE,URL&url=http://tenneco.com&size=128",499.15
562,BEML,BEML Limited,NSE,"https://t2.gstatic.com/faviconV2?client=SOCIAL&type=FAVICON&fallback_opts=TYPE,SIZE,URL&url=http://bemlindia.in&size=128",1858.0
818,PWL,PhysicsWallah Ltd.,BSE,"https://t2.gstatic.com/faviconV2?client=SOCIAL&type=FAVICON&fallback_opts=TYPE,SIZE,URL&url=http://pw.live&size=128",134.0
1533,UNISEM,Unisem Agritech Limited,BSE,"https://t2.gstatic.com/faviconV2?client=SOCIAL&type=FAVICON&fallback_opts=TYPE,SIZE,URL&url=http://support.microsoft.com&size=128",65.9
1576,CSSL,Clear Secured Services Ltd.,NSE,"https://t2.gstatic.com/faviconV2?client=SOCIAL&type=FAVICON&fallback_opts=TYPE,SIZE,URL&url=http://support.google.com&size=128",122.0
1670,EMMVEE,Emmvee Photovoltaic Power Limited,BSE,"https://t2.gstatic.com/faviconV2?client=SOCIAL&type=FAVICON&fallback_opts=TYPE,SIZE,URL&url=http://emmvee.com&size=128",185.25
1742,WEBELSOLAR,Websol Energy System Limited,BSE,"https://t2.gstatic.com/faviconV2?client=SOCIAL&type=FAVICON&fallback_opts=TYPE,SIZE,URL&url=http://webelsolar.com&size=128",85.7
1877,WAKEFIT,Wakefit Innovations Limited,BSE,"https://t2.gstatic.com/faviconV2?client=SOCIAL&type=FAVICON&fallback_opts=TYPE,SIZE,URL&url=http://hikvision.com&size=128",188.5
1965,NEPHROPLUS,Nephrocare Health Services Limited,BSE,"https://t2.gstatic.com/faviconV2?client=SOCIAL&type=FAVICON&fallback_opts=TYPE,SIZE,URL&url=http://nephrocare.com&size=128",464.3
1968,PRODOCS,Prodocs Solutions Limited,BSE,"https://t2.gstatic.com/faviconV2?client=SOCIAL&type=FAVICON&fallback_opts=TYPE,SIZE,URL&url=http://web.whatsapp.com&size=128",202.4
2070,CAMS,Computer Age Management Services Ltd,BSE,"https://t2.gstatic.com/faviconV2?client=SOCIAL&type=FAVICON&fallback_opts=TYPE,SIZE,URL&url=http://support.google.com&size=128",761.7
2117,STUDDS,Studds Accessories Limited,NSE,"https://t2.gstatic.com/faviconV2?client=SOCIAL&type=FAVICON&fallback_opts=TYPE,SIZE,URL&url=http://studds.com&size=128",544.6
2204,ENCOMPAS,Encompass Design India Limited,NSE,"https://t2.gstatic.com/faviconV2?client=SOCIAL&type=FAVICON&fallback_opts=TYPE,SIZE,URL&url=http://forum.wordreference.com&size=128",200.95
2247,SPEB,SPEB Adhesives Ltd.,NSE,"https://t2.gstatic.com/faviconV2?client=SOCIAL&type=FAVICON&fallback_opts=TYPE,SIZE,URL&url=http://google.com&size=128",55.05
2455,GOLDSHARE,UTI Gold ETF,BSE,"https://t2.gstatic.com/faviconV2?client=SOCIAL&type=FAVICON&fallback_opts=TYPE,SIZE,URL&url=http://chatgpt.com&size=128",114.89
7873,BANKBETA,UTI Nifty Bank ETF,NSE,BA,60.95
2545,KMEW,Knowledge Marine & Engineering Works Limited,BSE,"https://t2.gstatic.com/faviconV2?client=SOCIAL&type=FAVICON&fallback_opts=TYPE,SIZE,URL&url=http://openknowledgemaps.org&size=128",1710.05
2597,NEUEON,NEUEON CORPORATION LTD,BSE,"https://t2.gstatic.com/faviconV2?client=SOCIAL&type=FAVICON&fallback_opts=TYPE,SIZE,URL&url=http://neueon.com&size=128",5.76
2729,ADVENTHTL,Advent Hotels International Limited,BSE,"https://t2.gstatic.com/faviconV2?client=SOCIAL&type=FAVICON&fallback_opts=TYPE,SIZE,URL&url=http://christianity.com&size=128",249.0
2744,CORONA,Corona Remedies Limited,BSE,"https://t2.gstatic.com/faviconV2?client=SOCIAL&type=FAVICON&fallback_opts=TYPE,SIZE,URL&url=http://forum.corona-renderer.com&size=128",1346.3
2786,SILVERBND,Bandhan Silver ETF Units,NSE,"https://t2.gstatic.com/faviconV2?client=SOCIAL&type=FAVICON&fallback_opts=TYPE,SIZE,URL&url=http://bandhanbank.com&size=128",212.99
3200,TOP20,Mirae Asset Nifty Top 20 Equal Weight ETF Exchange Traded Fund Units,NSE,"https://t2.gstatic.com/faviconV2?client=SOCIAL&type=FAVICON&fallback_opts=TYPE,SIZE,URL&url=http://miraeassetmf.co.in&size=128",9.73
3229,LAWSIKHO,ADDICTIVE LEARNING TECH L,NSE,"https://t2.gstatic.com/faviconV2?client=SOCIAL&type=FAVICON&fallback_opts=TYPE,SIZE,URL&url=http://who.int&size=128",110.05
3265,AONETMMQ50,Angel One Nifty Total Market Momentum Quality 50 ETF Units Exchange Traded Fund,NSE,"https://t2.gstatic.com/faviconV2?client=SOCIAL&type=FAVICON&fallback_opts=TYPE,SIZE,URL&url=http://angelforum.at&size=128",9.84
3348,SHIPWAVES,Shipwaves Online Limited,BSE,"https://t2.gstatic.com/faviconV2?client=SOCIAL&type=FAVICON&fallback_opts=TYPE,SIZE,URL&url=http://shipwaves.com&size=128",9.3
3604,ATLPP.E1,Allcargo Terminals Limited,NSE,"https://t2.gstatic.com/faviconV2?client=SOCIAL&type=FAVICON&fallback_opts=TYPE,SIZE,URL&url=http://allcargologistics.com&size=128",11.05
3656,ORKLAINDIA,Orkla India Ltd.,BSE,"https://t2.gstatic.com/faviconV2?client=SOCIAL&type=FAVICON&fallback_opts=TYPE,SIZE,URL&url=http://cn.weforum.org&size=128",613.0
7878,AHIMSA,Ahimsa Industries Ltd.,NSE,https://s3-symbol-logo.tradingview.com/ahimsa-industries.svg,23.75
7879,SNXT50BETA,UTI BSE Sensex Next 50 ETF,NSE,SN,93.17
7880,SICL,Suvidha Infraestate Corporation Limited,BSE,https://s3-symbol-logo.tradingview.com/suvidha-infraestate-corporatio.svg,7.77
7881,SENSEXBETA,UTI BSE Sensex ETF,NSE,SE,940.88
7882,ITBETA,UTI Nifty IT ETF Units Exchange Traded Fund,NSE,IT,404.67
7883,UWCSL,Ultra Wiring Connectivity System Ltd.,NSE,https://s3-symbol-logo.tradingview.com/ultra-wiring-conne.svg,108.3
7884,SAMTELIN,Samtel India Ltd,BSE,SA,2.97
7885,SHYAMACOMP,Shyama Computronics & Services Ltd,BSE,https://s3-symbol-logo.tradingview.com/shyama-infosys-ltd.svg,4.9
7886,ROLCOEN,Rolcon Engineering Co. Ltd.,BSE,https://s3-symbol-logo.tradingview.com/rolcon-engineering-coltd.svg,615.0
7887,GILT5BETA,UTI Nifty 5 Yr Benchmark G-Sec ETF Exchange Traded Fund Units,NSE,GI,63.71
